Date,close
2003-09-29,49.0857
2003-09-30,49.3404
2003-10-01,49.3164
2003-10-02,49.2395
2003-10-03,48.884
2003-10-06,48.9561
2003-10-07,48.7879
2003-10-08,48.908
2003-10-09,48.7351
2003-10-10,49.0041
2003-10-13,48.7879
2003-10-14,48.6918
2003-10-15,48.5717
2003-10-16,48.442
2003-10-17,48.6726
2003-10-20,48.6438
2003-10-21,48.7399
2003-10-22,48.9561
2003-10-23,48.8359
2003-10-24,49.0761
2003-10-27,48.9801
2003-10-28,49.1723
2003-10-29,48.9561
2003-10-30,48.9561
2003-10-31,48.8792
2003-11-03,48.7919
2003-11-04,48.8883
2003-11-05,48.8883
2003-11-06,48.6232
2003-11-07,48.6472
2003-11-10,48.7389
2003-11-11,48.6521
2003-11-12,48.7437
2003-11-13,49.1005
2003-11-14,49.1391
2003-11-17,49.3463
2003-11-18,49.3223
2003-11-19,49.0908
2003-11-20,49.2596
2003-11-21,49.3126
2003-11-24,49.1052
2003-11-25,49.2982
2003-11-26,49.1197
2003-11-28,49.0426
2003-12-01,48.9083
2003-12-02,48.8937
2003-12-03,48.9421
2003-12-04,49.0146
2003-12-05,49.2611
2003-12-08,49.2611
2003-12-09,48.9856
2003-12-10,49.1789
2003-12-11,49.353
2003-12-12,49.382
2003-12-15,49.353
2003-12-16,49.382
2003-12-17,49.5029
2003-12-18,49.5753
2003-12-19,49.5995
2003-12-22,49.5753
2003-12-23,49.382
2003-12-24,49.4207
2003-12-26,49.6672
2003-12-29,49.5463
2003-12-30,49.4545
2003-12-31,49.5229
2004-01-02,49.2417
2004-01-05,49.2998
2004-01-06,49.5229
2004-01-07,49.6343
2004-01-08,49.6198
2004-01-09,50.0319
2004-01-12,49.8913
2004-01-13,50.0077
2004-01-14,50.0028
2004-01-15,50.0658
2004-01-16,50.0271
2004-01-20,49.9834
2004-01-21,50.0173
2004-01-22,50.1046
2004-01-23,49.9834
2004-01-26,49.7895
2004-01-27,49.8622
2004-01-28,49.7604
2004-01-29,49.6441
2004-01-30,49.741
2004-02-02,49.7546
2004-02-03,49.8908
2004-02-04,49.8956
2004-02-05,49.7546
2004-02-06,49.9588
2004-02-09,49.9928
2004-02-10,49.8859
2004-02-11,50.0803
2004-02-12,50.0852
2004-02-13,50.3088
2004-02-17,50.1873
2004-02-18,50.1484
2004-02-19,50.2019
2004-02-20,50.0463
2004-02-23,50.1824
2004-02-24,50.1387
2004-02-25,50.2553
2004-02-26,50.1727
2004-02-27,50.3088
2004-03-01,50.3312
2004-03-02,50.1558
2004-03-03,50.1022
2004-03-04,50.224
2004-03-05,50.5943
2004-03-08,50.7649
2004-03-09,50.838
2004-03-10,50.7795
2004-03-11,50.8916
2004-03-12,50.7357
2004-03-15,50.7454
2004-03-16,50.8672
2004-03-17,50.8429
2004-03-18,50.7942
2004-03-19,50.7405
2004-03-22,50.8721
2004-03-23,50.877
2004-03-24,50.9062
2004-03-25,50.877
2004-03-26,50.7016
2004-03-29,50.609
2004-03-30,50.4092
2004-03-31,50.6528
2004-04-01,50.6772
2004-04-02,50.2132
2004-04-05,49.9054
2004-04-06,50.0471
2004-04-07,49.9249
2004-04-08,49.9543
2004-04-12,49.9396
2004-04-13,49.8517
2004-04-14,49.7052
2004-04-15,49.6318
2004-04-16,49.7686
2004-04-19,49.7052
2004-04-20,49.5439
2004-04-21,49.4267
2004-04-22,49.6074
2004-04-23,49.5097
2004-04-26,49.4951
2004-04-27,49.6172
2004-04-28,49.3876
2004-04-29,49.2459
2004-04-30,49.2313
2004-05-03,49.1578
2004-05-04,49.246
2004-05-05,49.1823
2004-05-06,49.0305
2004-05-07,48.6141
2004-05-10,48.5407
2004-05-11,48.6631
2004-05-12,48.5945
2004-05-13,48.5847
2004-05-14,48.5945
2004-05-17,48.8394
2004-05-18,48.8639
2004-05-19,48.7807
2004-05-20,48.9129
2004-05-21,48.8345
2004-05-24,48.8737
2004-05-25,48.859
2004-05-26,48.9815
2004-05-27,49.2166
2004-05-28,49.0451
2004-06-01,48.9896
2004-06-02,49.0093
2004-06-03,48.9896
2004-06-04,48.8864
2004-06-07,48.9356
2004-06-08,48.8177
2004-06-09,48.8324
2004-06-10,48.7833
2004-06-14,48.6456
2004-06-15,49.0584
2004-06-16,48.9601
2004-06-17,49.0142
2004-06-18,49.0879
2004-06-21,49.1518
2004-06-22,49.1321
2004-06-23,49.0928
2004-06-24,49.2795
2004-06-25,49.2648
2004-06-28,49.1026
2004-06-29,49.0142
2004-06-30,49.4024
2004-07-01,49.465
2004-07-02,49.7805
2004-07-06,49.746
2004-07-07,49.7164
2004-07-08,49.7706
2004-07-09,49.6227
2004-07-12,49.7706
2004-07-13,49.7164
2004-07-14,49.746
2004-07-15,49.6523
2004-07-16,49.9825
2004-07-19,49.9086
2004-07-20,49.7756
2004-07-21,49.6572
2004-07-22,49.7657
2004-07-23,49.879
2004-07-26,49.6474
2004-07-27,49.534
2004-07-28,49.6079
2004-07-29,49.4946
2004-07-30,49.8593
2004-08-02,49.8455
2004-08-03,49.9147
2004-08-04,50.0235
2004-08-05,50.0581
2004-08-06,50.3796
2004-08-09,50.4141
2004-08-10,50.2807
2004-08-11,50.3152
2004-08-12,50.4191
2004-08-13,50.518
2004-08-16,50.4587
2004-08-17,50.607
2004-08-18,50.4438
2004-08-19,50.612
2004-08-20,50.4636
2004-08-23,50.4784
2004-08-24,50.4834
2004-08-25,50.4883
2004-08-26,50.5823
2004-08-27,50.6169
2004-08-30,50.6663
2004-08-31,50.6663
2004-09-01,50.8489
2004-09-02,50.6455
2004-09-03,50.6207
2004-09-07,50.6158
2004-09-08,50.7695
2004-09-09,50.7199
2004-09-10,50.829
2004-09-13,50.8786
2004-09-14,50.9332
2004-09-15,50.9034
2004-09-16,51.0572
2004-09-17,50.8439
2004-09-20,51.0622
2004-09-21,51.0473
2004-09-22,51.216
2004-09-23,51.0622
2004-09-24,51.0771
2004-09-27,51.0622
2004-09-28,51.1465
2004-09-29,50.8538
2004-09-30,50.9282
2004-10-01,50.8372
2004-10-04,50.8521
2004-10-05,50.8471
2004-10-06,50.7526
2004-10-07,50.7526
2004-10-08,51.0014
2004-10-11,51.0512
2004-10-12,51.0014
2004-10-13,51.0761
2004-10-14,51.3198
2004-10-15,51.2253
2004-10-18,51.1805
2004-10-19,51.2054
2004-10-20,51.3845
2004-10-21,51.2552
2004-10-22,51.3796
2004-10-25,51.4393
2004-10-26,51.29
2004-10-27,51.1755
2004-10-28,51.2353
2004-10-29,51.3696
2004-11-01,51.2594
2004-11-02,51.2145
2004-11-03,51.3242
2004-11-04,51.2793
2004-11-05,51.1496
2004-11-08,50.965
2004-11-09,51.0847
2004-11-10,51.0249
2004-11-11,51.0747
2004-11-12,51.1346
2004-11-15,51.1596
2004-11-16,51.1096
2004-11-17,51.2394
2004-11-18,51.2594
2004-11-19,51.1546
2004-11-22,51.2344
2004-11-23,51.2044
2004-11-24,51.2543
2004-11-26,51.1047
2004-11-29,50.965
2004-11-30,50.9899
2004-12-01,50.7988
2004-12-02,50.8938
2004-12-03,51.1891
2004-12-06,51.2442
2004-12-07,51.3142
2004-12-08,51.4893
2004-12-09,51.4193
2004-12-10,51.3542
2004-12-13,51.4293
2004-12-14,51.4793
2004-12-15,51.5944
2004-12-16,51.3943
2004-12-17,51.2692
2004-12-20,51.3192
2004-12-21,51.3192
2004-12-22,51.4293
2004-12-23,51.4543
2004-12-27,51.2591
2004-12-28,51.2341
2004-12-29,51.2241
2004-12-30,51.3292
2004-12-31,51.3965
2005-01-03,51.3965
2005-01-04,51.3463
2005-01-05,51.3262
2005-01-06,51.3613
2005-01-07,51.3463
2005-01-10,51.3212
2005-01-11,51.3915
2005-01-12,51.4668
2005-01-13,51.5922
2005-01-14,51.4066
2005-01-18,51.542
2005-01-19,51.6173
2005-01-20,51.6876
2005-01-21,51.7127
2005-01-24,51.7227
2005-01-25,51.6324
2005-01-26,51.6073
2005-01-27,51.537
2005-01-28,51.7127
2005-01-31,51.6474
2005-02-01,51.7023
2005-02-02,51.7426
2005-02-03,51.6772
2005-02-04,51.8936
2005-02-07,51.9037
2005-02-08,51.9339
2005-02-09,52.0748
2005-02-10,51.808
2005-02-11,51.8785
2005-02-14,51.8886
2005-02-15,51.7879
2005-02-16,51.7275
2005-02-17,51.7023
2005-02-18,51.7174
2005-02-22,51.5714
2005-02-23,51.5966
2005-02-24,51.5462
2005-02-25,51.5916
2005-02-28,51.4556
2005-03-01,51.4188
2005-03-02,51.3531
2005-03-03,51.3936
2005-03-04,51.5399
2005-03-07,51.5551
2005-03-08,51.444
2005-03-09,51.131
2005-03-10,51.0704
2005-03-11,51.1108
2005-03-14,51.0906
2005-03-15,51.1007
2005-03-16,51.136
2005-03-17,51.126
2005-03-18,51.0906
2005-03-21,51.0906
2005-03-22,50.813
2005-03-23,50.8786
2005-03-24,50.9089
2005-03-28,50.8079
2005-03-29,50.7776
2005-03-30,50.929
2005-03-31,50.9543
2005-04-01,51.2547
2005-04-04,51.1939
2005-04-05,51.0926
2005-04-06,51.2243
2005-04-07,51.1635
2005-04-08,51.1635
2005-04-11,51.2598
2005-04-12,51.4016
2005-04-13,51.4725
2005-04-14,51.5181
2005-04-15,51.7005
2005-04-18,51.6397
2005-04-19,51.7056
2005-04-20,51.741
2005-04-21,51.6144
2005-04-22,51.7208
2005-04-25,51.7005
2005-04-26,51.5739
2005-04-27,51.7866
2005-04-28,51.9183
2005-04-29,51.8322
2005-05-02,51.8342
2005-05-03,51.7986
2005-05-04,51.8546
2005-05-05,51.8902
2005-05-06,51.697
2005-05-09,51.6563
2005-05-10,51.7123
2005-05-11,51.7986
2005-05-12,51.9206
2005-05-13,51.9715
2005-05-16,51.8952
2005-05-17,51.9562
2005-05-18,52.0934
2005-05-19,51.9663
2005-05-20,51.9053
2005-05-23,52.0782
2005-05-24,52.1697
2005-05-25,52.1595
2005-05-26,52.1544
2005-05-27,52.1188
2005-05-31,52.2612
2005-06-01,52.6477
2005-06-02,52.612
2005-06-03,52.4794
2005-06-06,52.4896
2005-06-07,52.6273
2005-06-08,52.5304
2005-06-09,52.5253
2005-06-10,52.3213
2005-06-13,52.2754
2005-06-14,52.2091
2005-06-15,52.1785
2005-06-16,52.3366
2005-06-17,52.3366
2005-06-20,52.2193
2005-06-21,52.4335
2005-06-22,52.6579
2005-06-23,52.6069
2005-06-24,52.6885
2005-06-27,52.7293
2005-06-28,52.5763
2005-06-29,52.5508
2005-06-30,52.7191
2005-07-01,52.5313
2005-07-05,52.3369
2005-07-06,52.4187
2005-07-07,52.4853
2005-07-08,52.3983
2005-07-11,52.4034
2005-07-12,52.3778
2005-07-13,52.3062
2005-07-14,52.3062
2005-07-15,52.3318
2005-07-18,52.2397
2005-07-19,52.2653
2005-07-20,52.3522
2005-07-21,52.0811
2005-07-22,52.1578
2005-07-25,52.1578
2005-07-26,52.2141
2005-07-27,52.1834
2005-07-28,52.3369
2005-07-29,52.1732
2005-08-01,52.1429
2005-08-02,52.03
2005-08-03,52.1994
2005-08-04,52.148
2005-08-05,51.8914
2005-08-08,51.8812
2005-08-09,51.9736
2005-08-10,51.9787
2005-08-11,52.1173
2005-08-12,52.2661
2005-08-15,52.2199
2005-08-16,52.3431
2005-08-17,52.2353
2005-08-18,52.379
2005-08-19,52.3277
2005-08-22,52.3739
2005-08-23,52.4098
2005-08-24,52.4765
2005-08-25,52.4765
2005-08-26,52.4355
2005-08-29,52.456
2005-08-30,52.5843
2005-08-31,52.7896
2005-09-01,52.8617
2005-09-02,52.836
2005-09-06,52.7329
2005-09-07,52.6454
2005-09-08,52.6403
2005-09-09,52.6248
2005-09-12,52.5528
2005-09-13,52.6815
2005-09-14,52.6248
2005-09-15,52.4961
2005-09-16,52.3776
2005-09-19,52.424
2005-09-20,52.388
2005-09-21,52.5064
2005-09-22,52.5528
2005-09-23,52.4601
2005-09-26,52.3313
2005-09-27,52.2953
2005-09-28,52.4394
2005-09-29,52.321
2005-09-30,52.2953
2005-10-03,52.1181
2005-10-04,52.1904
2005-10-05,52.273
2005-10-06,52.2369
2005-10-07,52.1852
2005-10-10,52.2523
2005-10-11,52.0974
2005-10-12,52.0767
2005-10-13,51.9424
2005-10-14,51.9269
2005-10-17,52.0095
2005-10-18,51.9889
2005-10-19,52.0819
2005-10-20,52.0922
2005-10-21,52.2162
2005-10-24,52.1077
2005-10-25,51.9527
2005-10-26,51.746
2005-10-27,51.8649
2005-10-28,51.7822
2005-10-31,51.777
2005-11-01,51.7947
2005-11-02,51.748
2005-11-03,51.5717
2005-11-04,51.6235
2005-11-07,51.6287
2005-11-08,51.805
2005-11-09,51.6702
2005-11-10,51.8517
2005-11-11,51.9036
2005-11-14,51.7272
2005-11-15,51.7998
2005-11-16,51.9191
2005-11-17,51.9347
2005-11-18,51.9139
2005-11-21,52.0798
2005-11-22,52.2147
2005-11-23,52.1784
2005-11-25,52.2251
2005-11-28,52.1525
2005-11-29,52.0798
2005-11-30,51.971
2005-12-01,51.8975
2005-12-02,51.8975
2005-12-05,51.9236
2005-12-06,52.0121
2005-12-07,51.9444
2005-12-08,52.2099
2005-12-09,52.0329
2005-12-12,51.9236
2005-12-13,52.1214
2005-12-14,52.2619
2005-12-15,52.2099
2005-12-16,52.2047
2005-12-19,52.2463
2005-12-20,52.2619
2005-12-21,52.2619
2005-12-22,52.3765
2005-12-23,52.5118
2005-12-27,52.6471
2005-12-28,52.4611
2005-12-29,52.4977
2005-12-30,52.5604
2006-01-03,52.5866
2006-01-04,52.7119
2006-01-05,52.7119
2006-01-06,52.5917
2006-01-09,52.6492
2006-01-10,52.5447
2006-01-11,52.5082
2006-01-12,52.644
2006-01-13,52.7903
2006-01-17,52.8165
2006-01-18,52.8792
2006-01-19,52.8008
2006-01-20,52.8269
2006-01-23,52.8269
2006-01-24,52.7381
2006-01-25,52.6074
2006-01-26,52.4455
2006-01-27,52.5134
2006-01-30,52.5186
2006-01-31,52.529
2006-02-01,52.3827
2006-02-02,52.4194
2006-02-03,52.5663
2006-02-06,52.5558
2006-02-07,52.5191
2006-02-08,52.4929
2006-02-09,52.5243
2006-02-10,52.4142
2006-02-13,52.4509
2006-02-14,52.367
2006-02-15,52.4247
2006-02-16,52.3722
2006-02-17,52.5873
2006-02-21,52.3932
2006-02-22,52.603
2006-02-23,52.5715
2006-02-24,52.6135
2006-02-27,52.5034
2006-02-28,52.6135
2006-03-01,52.615
2006-03-02,52.4834
2006-03-03,52.3782
2006-03-06,52.0886
2006-03-07,52.2203
2006-03-08,52.2466
2006-03-09,52.1782
2006-03-10,52.1992
2006-03-13,52.2939
2006-03-14,52.4677
2006-03-15,52.3255
2006-03-16,52.5466
2006-03-17,52.4309
2006-03-20,52.4097
2006-03-21,52.2729
2006-03-22,52.3677
2006-03-23,52.3255
2006-03-24,52.415
2006-03-27,52.4571
2006-03-28,52.3255
2006-03-29,52.2203
2006-03-30,51.9834
2006-03-31,52.1571
2006-04-03,52.1058
2006-04-04,52.1745
2006-04-05,52.2116
2006-04-06,52.1692
2006-04-07,51.9949
2006-04-10,51.9473
2006-04-11,52.0529
2006-04-12,52.0054
2006-04-13,51.8997
2006-04-17,51.9843
2006-04-18,51.9473
2006-04-19,51.9949
2006-04-20,51.9156
2006-04-21,51.9103
2006-04-24,52.1058
2006-04-25,51.9314
2006-04-26,51.8416
2006-04-27,51.9631
2006-04-28,52.0794
2006-05-01,51.8752
2006-05-02,51.9282
2006-05-03,51.8911
2006-05-04,51.8646
2006-05-05,51.9601
2006-05-08,51.9972
2006-05-09,51.9707
2006-05-10,51.9123
2006-05-11,51.8805
2006-05-12,51.7691
2006-05-15,51.8009
2006-05-16,52.0555
2006-05-17,51.907
2006-05-18,52.1245
2006-05-19,52.1139
2006-05-22,52.1245
2006-05-23,51.9813
2006-05-24,51.9919
2006-05-25,51.9866
2006-05-26,52.2093
2006-05-30,52.0927
2006-05-31,51.976
2006-06-01,51.935
2006-06-02,52.3344
2006-06-05,52.164
2006-06-06,52.3024
2006-06-07,52.1373
2006-06-08,52.3131
2006-06-09,52.3876
2006-06-12,52.2279
2006-06-13,52.377
2006-06-14,52.1799
2006-06-15,52.0947
2006-06-16,52.0628
2006-06-19,51.9243
2006-06-20,51.9563
2006-06-21,51.9722
2006-06-22,51.7486
2006-06-23,51.7752
2006-06-26,51.6261
2006-06-27,51.7699
2006-06-28,51.7166
2006-06-29,51.8977
2006-06-30,51.8924
2006-07-03,51.9715
2006-07-05,51.8164
2006-07-06,51.8645
2006-07-07,52.057
2006-07-10,52.1052
2006-07-11,52.1907
2006-07-12,52.2228
2006-07-13,52.2656
2006-07-14,52.3351
2006-07-17,52.2228
2006-07-18,52.1854
2006-07-19,52.3885
2006-07-20,52.442
2006-07-21,52.4099
2006-07-24,52.4901
2006-07-25,52.4473
2006-07-26,52.4794
2006-07-27,52.565
2006-07-28,52.6773
2006-07-31,52.6131
2006-08-01,52.7414
2006-08-02,52.7629
2006-08-03,52.7736
2006-08-04,52.9401
2006-08-07,52.9455
2006-08-08,52.9455
2006-08-09,52.9884
2006-08-10,52.9616
2006-08-11,52.8703
2006-08-14,52.8112
2006-08-15,52.9401
2006-08-16,53.1173
2006-08-17,53.1227
2006-08-18,53.1602
2006-08-21,53.2891
2006-08-22,53.2998
2006-08-23,53.2783
2006-08-24,53.273
2006-08-25,53.3267
2006-08-28,53.2783
2006-08-29,53.2998
2006-08-30,53.3803
2006-08-31,53.4502
2006-09-01,53.4572
2006-09-05,53.3925
2006-09-06,53.4033
2006-09-07,53.3871
2006-09-08,53.4572
2006-09-11,53.4195
2006-09-12,53.5489
2006-09-13,53.5919
2006-09-14,53.5165
2006-09-15,53.5003
2006-09-18,53.4895
2006-09-19,53.6135
2006-09-20,53.6728
2006-09-21,53.9046
2006-09-22,53.937
2006-09-25,54.0447
2006-09-26,54.0393
2006-09-27,54.0178
2006-09-28,54.0339
2006-09-29,53.9908
2006-10-02,54.0417
2006-10-03,54.0309
2006-10-04,54.242
2006-10-05,54.0742
2006-10-06,53.8739
2006-10-09,53.9876
2006-10-10,53.7765
2006-10-11,53.717
2006-10-12,53.7711
2006-10-13,53.6357
2006-10-16,53.7224
2006-10-17,53.8036
2006-10-18,53.8685
2006-10-19,53.8414
2006-10-20,53.8251
2006-10-23,53.6682
2006-10-24,53.7278
2006-10-25,53.8577
2006-10-26,54.0417
2006-10-27,54.15
2006-10-30,54.1608
2006-10-31,54.361
2006-11-01,54.4546
2006-11-02,54.3948
2006-11-03,54.1121
2006-11-06,54.1121
2006-11-07,54.248
2006-11-08,54.3948
2006-11-09,54.4111
2006-11-10,54.5306
2006-11-13,54.4654
2006-11-14,54.5415
2006-11-15,54.4383
2006-11-16,54.3894
2006-11-17,54.5306
2006-11-20,54.5687
2006-11-21,54.6394
2006-11-22,54.7155
2006-11-24,54.7318
2006-11-27,54.7046
2006-11-28,54.8514
2006-11-29,54.7698
2006-11-30,54.9383
2006-12-01,55.041
2006-12-04,55.0955
2006-12-05,55.0627
2006-12-06,55.0192
2006-12-07,54.97
2006-12-08,54.8554
2006-12-11,54.8445
2006-12-12,54.9973
2006-12-13,54.8281
2006-12-14,54.7517
2006-12-15,54.7408
2006-12-18,54.7735
2006-12-19,54.8117
2006-12-20,54.7899
2006-12-21,54.8991
2006-12-22,54.8499
2006-12-26,54.8336
2006-12-27,54.6851
2006-12-28,54.6139
2006-12-29,54.6084
2007-01-03,54.7234
2007-01-04,54.8385
2007-01-05,54.8001
2007-01-08,54.833
2007-01-09,54.833
2007-01-10,54.7728
2007-01-11,54.6687
2007-01-12,54.592
2007-01-16,54.6632
2007-01-17,54.6304
2007-01-18,54.7071
2007-01-19,54.6851
2007-01-22,54.7125
2007-01-23,54.6084
2007-01-24,54.592
2007-01-25,54.5208
2007-01-26,54.5153
2007-01-29,54.4441
2007-01-30,54.5263
2007-01-31,54.5701
2007-02-01,54.5992
2007-02-02,54.6762
2007-02-05,54.7642
2007-02-06,54.8687
2007-02-07,54.9347
2007-02-08,54.9677
2007-02-09,54.8412
2007-02-12,54.7862
2007-02-13,54.7808
2007-02-14,54.9897
2007-02-15,55.0667
2007-02-16,55.1052
2007-02-20,55.1327
2007-02-21,55.1271
2007-02-22,55.0171
2007-02-23,55.1491
2007-02-26,55.2701
2007-02-27,55.4956
2007-02-28,55.4571
2007-03-01,55.4483
2007-03-02,55.5642
2007-03-05,55.531
2007-03-06,55.4924
2007-03-07,55.5366
2007-03-08,55.4869
2007-03-09,55.3323
2007-03-12,55.5034
2007-03-13,55.647
2007-03-14,55.5808
2007-03-15,55.52
2007-03-16,55.5256
2007-03-19,55.4869
2007-03-20,55.5421
2007-03-21,55.6139
2007-03-22,55.509
2007-03-23,55.4317
2007-03-26,55.3985
2007-03-27,55.4096
2007-03-28,55.4372
2007-03-29,55.3489
2007-03-30,55.3489
2007-04-02,55.4204
2007-04-03,55.365
2007-04-04,55.4259
2007-04-05,55.376
2007-04-09,55.1654
2007-04-10,55.2486
2007-04-11,55.2153
2007-04-12,55.2818
2007-04-13,55.1931
2007-04-16,55.304
2007-04-17,55.4647
2007-04-18,55.5479
2007-04-19,55.5257
2007-04-20,55.498
2007-04-23,55.5533
2007-04-24,55.5811
2007-04-25,55.6033
2007-04-26,55.498
2007-04-27,55.4869
2007-04-30,55.6753
2007-05-01,55.643
2007-05-02,55.6597
2007-05-03,55.5986
2007-05-04,55.6708
2007-05-07,55.7265
2007-05-08,55.6653
2007-05-09,55.5986
2007-05-10,55.6931
2007-05-11,55.5818
2007-05-14,55.593
2007-05-15,55.5708
2007-05-16,55.5818
2007-05-17,55.4873
2007-05-18,55.3259
2007-05-21,55.4372
2007-05-22,55.3259
2007-05-23,55.2814
2007-05-24,55.3037
2007-05-25,55.2759
2007-05-29,55.2202
2007-05-30,55.287
2007-05-31,55.1646
2007-06-01,55.1076
2007-06-04,55.1747
2007-06-05,55.0182
2007-06-06,55.0406
2007-06-07,54.6606
2007-06-08,54.5936
2007-06-11,54.6327
2007-06-12,54.3087
2007-06-13,54.3925
2007-06-14,54.4986
2007-06-15,54.6942
2007-06-18,54.7332
2007-06-19,54.9064
2007-06-20,54.7389
2007-06-21,54.6718
2007-06-22,54.8003
2007-06-25,54.8506
2007-06-26,54.7836
2007-06-27,54.8897
2007-06-28,54.8506
2007-06-29,54.9567
2007-07-02,55.1032
2007-07-03,55.0415
2007-07-05,54.8115
2007-07-06,54.716
2007-07-09,54.8115
2007-07-10,55.0471
2007-07-11,54.9236
2007-07-12,54.8675
2007-07-13,54.9349
2007-07-16,55.0471
2007-07-17,54.9461
2007-07-18,55.0864
2007-07-19,55.0864
2007-07-20,55.2155
2007-07-23,55.1818
2007-07-24,55.294
2007-07-25,55.2603
2007-07-26,55.4567
2007-07-27,55.4006
2007-07-30,55.3726
2007-07-31,55.5465
2007-08-01,55.4174
2007-08-02,55.3893
2007-08-03,55.6316
2007-08-06,55.5415
2007-08-07,55.502
2007-08-08,55.4343
2007-08-09,55.502
2007-08-10,55.316
2007-08-13,55.4174
2007-08-14,55.5696
2007-08-15,55.6429
2007-08-16,55.6091
2007-08-17,55.7331
2007-08-20,55.6823
2007-08-21,55.9416
2007-08-22,55.8965
2007-08-23,55.9641
2007-08-24,55.8233
2007-08-27,55.9923
2007-08-28,56.2177
2007-08-29,56.105
2007-08-30,56.2234
2007-08-31,56.2572
2007-09-04,56.1944
2007-09-05,56.3755
2007-09-06,56.3642
2007-09-07,56.7151
2007-09-10,56.8509
2007-09-11,56.749
2007-09-12,56.6698
2007-09-13,56.5056
2007-09-14,56.5453
2007-09-17,56.568
2007-09-18,56.6868
2007-09-19,56.6755
2007-09-20,56.2736
2007-09-21,56.4377
2007-09-24,56.4434
2007-09-25,56.4887
2007-09-26,56.4321
2007-09-27,56.5283
2007-09-28,56.6132
2007-10-01,56.4223
2007-10-02,56.6383
2007-10-03,56.6667
2007-10-04,56.6439
2007-10-05,56.1949
2007-10-08,56.6383
2007-10-09,56.5189
2007-10-10,56.5928
2007-10-11,56.6325
2007-10-12,56.5245
2007-10-15,56.5416
2007-10-16,56.6325
2007-10-17,56.8258
2007-10-18,56.9906
2007-10-19,57.2521
2007-10-22,57.235
2007-10-23,57.2179
2007-10-24,57.468
2007-10-25,57.3203
2007-10-26,57.2691
2007-10-29,57.2691
2007-10-30,57.343
2007-10-31,57.1839
2007-11-01,57.3248
2007-11-02,57.3876
2007-11-05,57.3362
2007-11-06,57.2621
2007-11-07,57.2735
2007-11-08,57.3305
2007-11-09,57.5303
2007-11-12,57.4504
2007-11-13,57.4561
2007-11-14,57.4333
2007-11-15,57.6787
2007-11-16,57.6388
2007-11-19,57.7643
2007-11-20,57.6444
2007-11-21,58.0839
2007-11-23,57.7871
2007-11-26,58.3122
2007-11-27,58.0725
2007-11-28,57.9298
2007-11-29,58.0953
2007-11-30,58.2152
2007-12-03,58.5229
2007-12-04,58.2994
2007-12-05,58.1905
2007-12-06,58.1275
2007-12-07,57.7952
2007-12-10,57.6806
2007-12-11,57.9613
2007-12-12,57.904
2007-12-13,57.6806
2007-12-14,57.5201
2007-12-17,57.606
2007-12-18,57.9098
2007-12-19,58.0301
2007-12-20,57.9785
2007-12-21,57.7264
2007-12-24,57.7436
2007-12-26,57.566
2007-12-27,57.8818
2007-12-28,58.1925
2007-12-31,58.2098
2008-01-02,58.486
2008-01-03,58.6413
2008-01-04,58.7621
2008-01-07,58.8369
2008-01-08,58.9866
2008-01-09,58.8484
2008-01-10,58.7276
2008-01-11,58.9808
2008-01-14,59.0268
2008-01-15,59.2397
2008-01-16,59.0613
2008-01-17,59.4181
2008-01-18,59.4066
2008-01-22,59.4986
2008-01-23,59.3202
2008-01-24,59.1707
2008-01-25,59.2742
2008-01-28,59.3893
2008-01-29,59.2052
2008-01-30,59.2973
2008-01-31,59.5561
2008-02-01,59.4955
2008-02-04,59.4608
2008-02-05,59.6457
2008-02-06,59.5995
2008-02-07,59.0738
2008-02-08,59.3568
2008-02-11,59.484
2008-02-12,59.4608
2008-02-13,59.1084
2008-02-14,58.9236
2008-02-15,58.8947
2008-02-19,58.6116
2008-02-20,58.5192
2008-02-21,58.9987
2008-02-22,58.6868
2008-02-25,58.4788
2008-02-26,58.7618
2008-02-27,58.8831
2008-02-28,59.2355
2008-02-29,59.4608
2008-03-03,59.4509
2008-03-04,59.1959
2008-03-05,58.8189
2008-03-06,58.7319
2008-03-07,58.9117
2008-03-10,59.2248
2008-03-11,58.8653
2008-03-12,59.4684
2008-03-13,59.2132
2008-03-14,59.4626
2008-03-17,59.7177
2008-03-18,59.5785
2008-03-19,59.7583
2008-03-20,59.9671
2008-03-24,59.5263
2008-03-25,59.6366
2008-03-26,59.4626
2008-03-27,59.4858
2008-03-28,59.6307
2008-03-31,59.538
2008-04-01,59.1333
2008-04-02,59.1625
2008-04-03,59.3487
2008-04-04,59.6515
2008-04-07,59.6456
2008-04-08,59.6398
2008-04-09,59.9018
2008-04-10,59.7155
2008-04-11,59.8436
2008-04-14,59.7737
2008-04-15,59.4535
2008-04-16,59.2381
2008-04-17,59.2264
2008-04-18,59.3837
2008-04-21,59.3895
2008-04-22,59.4768
2008-04-23,59.4186
2008-04-24,59.1973
2008-04-25,59.1392
2008-04-28,59.2847
2008-04-29,59.372
2008-04-30,59.733
2008-05-01,59.6313
2008-05-02,59.5321
2008-05-05,59.5554
2008-05-06,59.3627
2008-05-07,59.5321
2008-05-08,59.6839
2008-05-09,59.7073
2008-05-12,59.6021
2008-05-13,59.2634
2008-05-14,59.351
2008-05-15,59.6664
2008-05-16,59.5204
2008-05-19,59.6197
2008-05-20,59.7482
2008-05-21,59.6664
2008-05-22,59.3101
2008-05-23,59.5379
2008-05-27,59.205
2008-05-28,58.9305
2008-05-29,58.767
2008-05-30,58.9773
2008-06-02,59.1965
2008-06-03,59.308
2008-06-04,59.0969
2008-06-05,58.8799
2008-06-06,59.2082
2008-06-09,58.9092
2008-06-10,58.5984
2008-06-11,58.6747
2008-06-12,58.3111
2008-06-13,58.1645
2008-06-16,58.229
2008-06-17,58.4284
2008-06-18,58.6747
2008-06-19,58.3756
2008-06-20,58.5515
2008-06-23,58.4753
2008-06-24,58.5926
2008-06-25,58.6219
2008-06-26,58.6981
2008-06-27,58.8389
2008-06-30,58.8681
2008-07-01,58.6645
2008-07-02,58.5939
2008-07-03,58.6115
2008-07-07,58.8176
2008-07-08,59.0471
2008-07-09,59.2766
2008-07-10,59.3296
2008-07-11,58.9941
2008-07-14,59.0824
2008-07-15,59.312
2008-07-16,58.8587
2008-07-17,58.5998
2008-07-18,58.2584
2008-07-21,58.5644
2008-07-22,58.3644
2008-07-23,58.435
2008-07-24,58.8411
2008-07-25,58.5409
2008-07-28,58.8058
2008-07-29,58.7351
2008-07-30,58.8
2008-07-31,59.1001
2008-08-01,59.0303
2008-08-04,58.8589
2008-08-05,58.7585
2008-08-06,58.6935
2008-08-07,59.0008
2008-08-08,58.9121
2008-08-11,58.7644
2008-08-12,59.0126
2008-08-13,58.9121
2008-08-14,59.054
2008-08-15,59.2253
2008-08-18,59.3258
2008-08-19,59.2785
2008-08-20,59.3731
2008-08-21,59.3849
2008-08-22,59.3199
2008-08-25,59.5031
2008-08-26,59.4322
2008-08-27,59.5031
2008-08-28,59.5563
2008-08-29,59.5385
2008-09-02,59.7367
2008-09-03,59.7249
2008-09-04,59.9444
2008-09-05,59.7664
2008-09-08,60.1401
2008-09-09,60.4071
2008-09-10,60.3656
2008-09-11,60.2884
2008-09-12,60.0452
2008-09-15,60.2825
2008-09-16,59.6714
2008-09-17,59.8198
2008-09-18,59.6536
2008-09-19,59.9206
2008-09-22,58.9833
2008-09-23,58.8943
2008-09-24,58.9655
2008-09-25,58.8587
2008-09-26,58.562
2008-09-29,58.2951
2008-09-30,58.4908
2008-10-01,58.0739
2008-10-02,58.3002
2008-10-03,58.741
2008-10-06,58.7589
2008-10-07,57.5438
2008-10-08,56.3883
2008-10-09,56.5193
2008-10-10,52.6537
2008-10-13,54.6907
2008-10-14,55.8403
2008-10-15,56.7337
2008-10-16,55.8403
2008-10-17,56.0428
2008-10-20,57.0434
2008-10-21,57.5438
2008-10-22,58.2109
2008-10-23,57.1864
2008-10-24,56.7039
2008-10-27,56.1381
2008-10-28,56.3347
2008-10-29,57.4068
2008-10-30,57.3353
2008-10-31,57.1566
2008-11-03,56.2474
2008-11-04,57.1506
2008-11-05,58.0179
2008-11-06,57.7786
2008-11-07,58.0717
2008-11-10,57.701
2008-11-11,58.1376
2008-11-12,57.6351
2008-11-13,57.8325
2008-11-14,58.0059
2008-11-17,58.1615
2008-11-18,58.0777
2008-11-19,58.2452
2008-11-20,58.2572
2008-11-21,57.7906
2008-11-24,57.7847
2008-11-25,59.2262
2008-11-26,58.9988
2008-11-28,58.8852
2008-12-01,59.7158
2008-12-02,59.7759
2008-12-03,59.7818
2008-12-04,59.98
2008-12-05,59.6498
2008-12-08,59.5717
2008-12-09,60.1302
2008-12-10,60.0221
2008-12-11,60.3344
2008-12-12,60.3524
2008-12-15,60.4965
2008-12-16,60.7368
2008-12-17,61.0611
2008-12-18,61.4455
2008-12-19,61.2473
2008-12-22,61.5776
2008-12-23,62.1782
2008-12-24,62.4725
2008-12-26,62.2623
2008-12-29,62.7421
2008-12-30,62.7662
2008-12-31,62.8084
2009-01-02,62.4166
2009-01-05,63.4111
2009-01-06,63.0555
2009-01-07,62.4769
2009-01-08,62.0007
2009-01-09,61.7897
2009-01-12,62.1152
2009-01-13,62.2177
2009-01-14,62.1333
2009-01-15,62.1272
2009-01-16,62.4467
2009-01-20,62.1212
2009-01-21,61.7957
2009-01-22,61.5305
2009-01-23,61.4341
2009-01-26,61.3738
2009-01-27,61.6873
2009-01-28,61.7234
2009-01-29,61.1749
2009-01-30,61.5606
2009-02-02,61.4554
2009-02-03,61.1832
2009-02-04,61.0985
2009-02-05,60.9049
2009-02-06,61.0682
2009-02-09,61.0743
2009-02-10,61.4493
2009-02-11,61.4372
2009-02-12,61.7639
2009-02-13,61.5764
2009-02-17,61.6248
2009-02-18,61.4977
2009-02-19,61.4009
2009-02-20,61.0863
2009-02-23,61.4009
2009-02-24,61.28
2009-02-25,61.2255
2009-02-26,60.9049
2009-02-27,60.9109
2009-03-02,61.1155
2009-03-03,61.0366
2009-03-04,60.7514
2009-03-05,60.9516
2009-03-06,61.1155
2009-03-09,60.6967
2009-03-10,60.8363
2009-03-11,60.9819
2009-03-12,61.0366
2009-03-13,61.0972
2009-03-16,60.9092
2009-03-17,60.727
2009-03-18,61.692
2009-03-19,61.8438
2009-03-20,61.4978
2009-03-23,61.4978
2009-03-24,61.079
2009-03-25,60.812
2009-03-26,60.9334
2009-03-27,60.9819
2009-03-30,61.2672
2009-03-31,61.5828
2009-04-01,61.5529
2009-04-02,61.358
2009-04-03,61.1571
2009-04-06,61.1449
2009-04-07,61.0475
2009-04-08,61.2485
2009-04-09,61.1571
2009-04-13,61.6017
2009-04-14,61.5895
2009-04-15,61.76
2009-04-16,61.6504
2009-04-17,61.3093
2009-04-20,61.6626
2009-04-21,61.4677
2009-04-22,61.6321
2009-04-23,61.7112
2009-04-24,61.7783
2009-04-27,61.8757
2009-04-28,61.8575
2009-04-29,61.6017
2009-04-30,61.9001
2009-05-01,61.6612
2009-05-04,61.7101
2009-05-05,61.8384
2009-05-06,61.9789
2009-05-07,61.704
2009-05-08,61.8201
2009-05-11,61.8628
2009-05-12,62.205
2009-05-13,62.2599
2009-05-14,62.2966
2009-05-15,62.4371
2009-05-18,62.2538
2009-05-19,62.3088
2009-05-20,62.4982
2009-05-21,62.3027
2009-05-22,62.1378
2009-05-26,61.9972
2009-05-27,61.6551
2009-05-28,61.6795
2009-05-29,62.3394
2009-06-01,61.566
2009-06-02,61.9889
2009-06-03,62.1604
2009-06-04,61.6457
2009-06-05,61.327
2009-06-08,61.1615
2009-06-09,61.4373
2009-06-10,61.2657
2009-06-11,61.4802
2009-06-12,61.7804
2009-06-15,62.0134
2009-06-16,62.0992
2009-06-17,62.2218
2009-06-18,61.8173
2009-06-19,62.044
2009-06-22,62.1359
2009-06-23,62.3381
2009-06-24,62.1727
2009-06-25,62.4607
2009-06-26,62.6446
2009-06-29,62.5894
2009-06-30,62.6017
2009-07-01,62.5783
2009-07-02,62.7259
2009-07-06,62.6767
2009-07-07,62.8797
2009-07-08,63.224
2009-07-09,63.0456
2009-07-10,63.2608
2009-07-13,63.2301
2009-07-14,63.0395
2009-07-15,62.6275
2009-07-16,62.8242
2009-07-17,62.8242
2009-07-20,62.8981
2009-07-21,63.3346
2009-07-22,63.1194
2009-07-23,62.9596
2009-07-24,62.9596
2009-07-27,62.769
2009-07-28,62.8858
2009-07-29,62.9965
2009-07-30,63.0764
2009-07-31,63.3961
2009-08-03,63.2629
2009-08-04,63.0716
2009-08-05,63.0161
2009-08-06,63.0469
2009-08-07,62.6707
2009-08-10,63.158
2009-08-11,63.3801
2009-08-12,63.3492
2009-08-13,63.5096
2009-08-14,63.6207
2009-08-17,63.886
2009-08-18,63.6762
2009-08-19,63.8058
2009-08-20,63.9106
2009-08-21,63.5405
2009-08-24,63.7996
2009-08-25,63.9045
2009-08-26,63.997
2009-08-27,63.9476
2009-08-28,63.9045
2009-08-31,64.1697
2009-09-01,64.0595
2009-09-02,64.3999
2009-09-03,64.2824
2009-09-04,64.1585
2009-09-08,64.0657
2009-09-09,64.1895
2009-09-10,64.5176
2009-09-11,64.5113
2009-09-14,64.4185
2009-09-15,64.3195
2009-09-16,64.369
2009-09-17,64.6723
2009-09-18,64.5113
2009-09-21,64.4619
2009-09-22,64.4185
2009-09-23,64.5794
2009-09-24,64.6599
2009-09-25,64.8517
2009-09-28,64.8455
2009-09-29,64.8146
2009-09-30,64.9322
2009-10-01,65.0824
2009-10-02,64.9582
2009-10-05,65.0017
2009-10-06,64.9086
2009-10-07,65.1694
2009-10-08,65.1259
2009-10-09,64.6727
2009-10-12,64.8217
2009-10-13,64.9831
2009-10-14,64.8279
2009-10-15,64.7285
2009-10-16,64.7223
2009-10-19,64.8527
2009-10-20,65.0079
2009-10-21,64.9645
2009-10-22,64.8651
2009-10-23,64.7844
2009-10-26,64.6106
2009-10-27,64.8651
2009-10-28,64.9582
2009-10-29,64.8279
2009-10-30,65.0762
2009-11-02,64.9728
2009-11-03,64.8857
2009-11-04,64.7798
2009-11-05,64.9479
2009-11-06,65.004
2009-11-09,65.0912
2009-11-10,65.1098
2009-11-11,65.1348
2009-11-12,65.2656
2009-11-13,65.3341
2009-11-16,65.4898
2009-11-17,65.5458
2009-11-18,65.4088
2009-11-19,65.4773
2009-11-20,65.5022
2009-11-23,65.4898
2009-11-24,65.6829
2009-11-25,65.7451
2009-11-27,65.8012
2009-11-30,65.9133
2009-12-01,65.7527
2009-12-02,65.6277
2009-12-03,65.6339
2009-12-04,65.5027
2009-12-07,65.5652
2009-12-08,65.6527
2009-12-09,65.584
2009-12-10,65.534
2009-12-11,65.3778
2009-12-14,65.4152
2009-12-15,65.234
2009-12-16,65.3528
2009-12-17,65.459
2009-12-18,65.459
2009-12-21,65.184
2009-12-22,64.9966
2009-12-23,65.0216
2009-12-24,64.9091
2009-12-28,64.5154
2009-12-29,64.5918
2009-12-30,64.7548
2009-12-31,64.6734
2010-01-04,64.7485
2010-01-05,65.0431
2010-01-06,65.0055
2010-01-07,64.9303
2010-01-08,64.9679
2010-01-11,64.9177
2010-01-12,65.3314
2010-01-13,65.0556
2010-01-14,65.2249
2010-01-15,65.3502
2010-01-19,65.2437
2010-01-20,65.4129
2010-01-21,65.4317
2010-01-22,65.4693
2010-01-25,65.463
2010-01-26,65.5445
2010-01-27,65.4943
2010-01-28,65.438
2010-01-29,65.5884
2010-02-01,65.4985
2010-02-02,65.5739
2010-02-03,65.4545
2010-02-04,65.6116
2010-02-05,65.6368
2010-02-08,65.7625
2010-02-09,65.6431
2010-02-10,65.4921
2010-02-11,65.3853
2010-02-12,65.3978
2010-02-16,65.5614
2010-02-17,65.3601
2010-02-18,65.335
2010-02-19,65.3853
2010-02-22,65.2721
2010-02-23,65.5048
2010-02-24,65.5739
2010-02-25,65.7059
2010-02-26,65.7185
2010-03-01,65.815
2010-03-02,65.8402
2010-03-03,65.8402
2010-03-04,65.96
2010-03-05,65.834
2010-03-08,65.8781
2010-03-09,65.9537
2010-03-10,65.9096
2010-03-11,65.9096
2010-03-12,65.9159
2010-03-15,65.9979
2010-03-16,66.1177
2010-03-17,66.1682
2010-03-18,66.1114
2010-03-19,66.0609
2010-03-22,66.1114
2010-03-23,66.124
2010-03-24,65.7898
2010-03-25,65.6195
2010-03-26,65.7267
2010-03-29,65.651
2010-03-30,65.6763
2010-03-31,65.7141
2010-04-01,65.6895
2010-04-05,65.2846
2010-04-06,65.3668
2010-04-07,65.6452
2010-04-08,65.5818
2010-04-09,65.6515
2010-04-12,65.8033
2010-04-13,65.9108
2010-04-14,65.8349
2010-04-15,65.9551
2010-04-16,66.0563
2010-04-19,65.9361
2010-04-20,66.0437
2010-04-21,66.1575
2010-04-22,66.0247
2010-04-23,65.9424
2010-04-26,65.9361
2010-04-27,66.1449
2010-04-28,66.0437
2010-04-29,66.069
2010-04-30,66.3537
2010-05-03,66.228
2010-05-04,66.4945
2010-05-05,66.4437
2010-05-06,66.539
2010-05-07,66.2471
2010-05-10,66.2407
2010-05-11,66.4881
2010-05-12,66.4183
2010-05-13,66.5136
2010-05-14,66.7546
2010-05-17,66.7039
2010-05-18,66.9323
2010-05-19,66.964
2010-05-20,66.9069
2010-05-21,67.1925
2010-05-24,67.1544
2010-05-25,67.2369
2010-05-26,67.1607
2010-05-27,67.0021
2010-05-28,67.0719
2010-06-01,67.1826
2010-06-02,67.1126
2010-06-03,67.0808
2010-06-04,67.2526
2010-06-07,67.4499
2010-06-08,67.3736
2010-06-09,67.4117
2010-06-10,67.2081
2010-06-11,67.2463
2010-06-14,67.3417
2010-06-15,67.3417
2010-06-16,67.4436
2010-06-17,67.6026
2010-06-18,67.4945
2010-06-21,67.6409
2010-06-22,67.7109
2010-06-23,67.8827
2010-06-24,67.8254
2010-06-25,67.9209
2010-06-28,68.0482
2010-06-29,68.2518
2010-06-30,68.2583
2010-07-01,68.2225
2010-07-02,68.1267
2010-07-06,68.3374
2010-07-07,68.248
2010-07-08,68.2353
2010-07-09,68.1331
2010-07-12,68.2097
2010-07-13,68.0374
2010-07-14,68.2672
2010-07-15,68.3629
2010-07-16,68.5736
2010-07-19,68.5097
2010-07-20,68.4586
2010-07-21,68.7587
2010-07-22,68.6948
2010-07-23,68.5736
2010-07-26,68.5608
2010-07-27,68.5352
2010-07-28,68.6629
2010-07-29,68.7267
2010-07-30,68.8416
2010-08-02,68.7482
2010-08-03,68.793
2010-08-04,68.6714
2010-08-05,68.7546
2010-08-06,68.889
2010-08-09,68.889
2010-08-10,69.0042
2010-08-11,69.0682
2010-08-12,68.9594
2010-08-13,69.1194
2010-08-16,69.3498
2010-08-17,69.2666
2010-08-18,69.1898
2010-08-19,69.4138
2010-08-20,69.3178
2010-08-23,69.3882
2010-08-24,69.6635
2010-08-25,69.5035
2010-08-26,69.593
2010-08-27,69.209
2010-08-30,69.6762
2010-08-31,69.7274
2010-09-01,69.5786
2010-09-02,69.4887
2010-09-03,69.3283
2010-09-07,69.5272
2010-09-08,69.4759
2010-09-09,69.1422
2010-09-10,68.9945
2010-09-13,69.1485
2010-09-14,69.3989
2010-09-15,69.2705
2010-09-16,69.155
2010-09-17,69.2448
2010-09-20,69.2705
2010-09-21,69.5657
2010-09-22,69.585
2010-09-23,69.662
2010-09-24,69.4052
2010-09-27,69.6427
2010-09-28,69.8096
2010-09-29,69.7583
2010-09-30,69.7327
2010-10-01,69.6522
2010-10-04,69.768
2010-10-05,69.768
2010-10-06,69.8388
2010-10-07,69.8709
2010-10-08,70.0125
2010-10-11,69.9738
2010-10-12,69.9031
2010-10-13,69.8967
2010-10-14,69.6393
2010-10-15,69.4977
2010-10-18,69.7423
2010-10-19,69.8001
2010-10-20,69.8838
2010-10-21,69.7744
2010-10-22,69.8065
2010-10-25,69.813
2010-10-26,69.6522
2010-10-27,69.5171
2010-10-28,69.6908
2010-10-29,69.8388
2010-11-01,69.8104
2010-11-02,69.9329
2010-11-03,69.9201
2010-11-04,70.2554
2010-11-05,70.062
2010-11-08,70.0297
2010-11-09,69.6879
2010-11-10,69.6298
2010-11-11,69.6233
2010-11-12,69.3459
2010-11-15,68.9654
2010-11-16,69.1331
2010-11-17,69.1525
2010-11-18,69.1331
2010-11-19,69.2105
2010-11-22,69.3782
2010-11-23,69.4492
2010-11-24,69.1137
2010-11-26,69.2557
2010-11-29,69.3008
2010-11-30,69.2557
2010-12-01,68.8945
2010-12-02,68.7584
2010-12-03,68.8945
2010-12-06,69.1474
2010-12-07,68.6092
2010-12-08,68.2786
2010-12-09,68.4018
2010-12-10,68.2721
2010-12-13,68.3175
2010-12-14,67.935
2010-12-15,67.8182
2010-12-16,67.9479
2010-12-17,68.3175
2010-12-20,68.3629
2010-12-21,68.4926
2010-12-22,68.4147
2010-12-23,68.2851
2010-12-27,68.4796
2010-12-28,68.0789
2010-12-29,68.5603
2010-12-30,68.5082
2010-12-31,68.7879
2011-01-03,68.7098
2011-01-04,68.7293
2011-01-05,68.3977
2011-01-06,68.4106
2011-01-07,68.6318
2011-01-10,68.8139
2011-01-11,68.6773
2011-01-12,68.6708
2011-01-13,68.918
2011-01-14,68.7749
2011-01-18,68.7293
2011-01-19,68.7423
2011-01-20,68.4822
2011-01-21,68.6968
2011-01-24,68.6578
2011-01-25,68.8725
2011-01-26,68.6448
2011-01-27,68.7619
2011-01-28,68.8595
2011-01-31,68.7293
2011-02-01,68.5832
2011-02-02,68.5049
2011-02-03,68.2505
2011-02-04,68.0221
2011-02-07,68.0482
2011-02-08,67.8525
2011-02-09,67.9765
2011-02-10,67.7807
2011-02-11,68.0482
2011-02-14,68.0808
2011-02-15,68.1657
2011-02-16,68.1657
2011-02-17,68.3288
2011-02-18,68.3027
2011-02-22,68.5506
2011-02-23,68.6028
2011-02-24,68.6158
2011-02-25,68.7985
2011-02-28,68.9291
2011-03-01,68.8734
2011-03-02,68.7622
2011-03-03,68.5201
2011-03-04,68.7033
2011-03-07,68.736
2011-03-08,68.6837
2011-03-09,68.8472
2011-03-10,69.0892
2011-03-11,69.1023
2011-03-14,69.1416
2011-03-15,69.1678
2011-03-16,69.364
2011-03-17,69.3183
2011-03-18,69.2921
2011-03-21,69.1285
2011-03-22,69.1351
2011-03-23,69.1023
2011-03-24,68.9127
2011-03-25,68.8538
2011-03-28,68.8211
2011-03-29,68.736
2011-03-30,68.8538
2011-03-31,68.7753
2011-04-01,68.8691
2011-04-04,68.9806
2011-04-05,68.8363
2011-04-06,68.6329
2011-04-07,68.7379
2011-04-08,68.6066
2011-04-11,68.6723
2011-04-12,68.9347
2011-04-13,69.0069
2011-04-14,68.9413
2011-04-15,69.1906
2011-04-18,69.3087
2011-04-19,69.4465
2011-04-20,69.3481
2011-04-21,69.394
2011-04-25,69.4334
2011-04-26,69.6893
2011-04-27,69.6302
2011-04-28,69.7943
2011-04-29,69.8533
2011-05-02,69.8902
2011-05-03,69.9099
2011-05-04,70.0416
2011-05-05,70.1995
2011-05-06,70.1929
2011-05-09,70.2719
2011-05-10,70.1468
2011-05-11,70.2719
2011-05-12,70.1665
2011-05-13,70.2784
2011-05-16,70.4298
2011-05-17,70.5088
2011-05-18,70.3969
2011-05-19,70.3443
2011-05-20,70.4101
2011-05-23,70.4693
2011-05-24,70.4956
2011-05-25,70.4825
2011-05-26,70.6338
2011-05-27,70.6996
2011-05-31,70.7194
2011-06-01,71.0249
2011-06-02,70.7412
2011-06-03,70.8336
2011-06-06,70.8468
2011-06-07,70.9919
2011-06-08,71.0513
2011-06-09,70.9458
2011-06-10,70.9392
2011-06-13,70.8468
2011-06-14,70.6553
2011-06-15,70.8336
2011-06-16,70.8797
2011-06-17,70.9458
2011-06-20,70.8534
2011-06-21,70.9194
2011-06-22,70.8732
2011-06-23,71.1042
2011-06-24,71.0382
2011-06-27,70.9128
2011-06-28,70.629
2011-06-29,70.4177
2011-06-30,70.4045
2011-07-01,70.4271
2011-07-05,70.6984
2011-07-06,70.7382
2011-07-07,70.5395
2011-07-08,70.9036
2011-07-11,71.0956
2011-07-12,71.1551
2011-07-13,71.2941
2011-07-14,71.1154
2011-07-15,71.2147
2011-07-18,71.1088
2011-07-19,71.261
2011-07-20,71.1485
2011-07-21,71.036
2011-07-22,71.1882
2011-07-25,70.983
2011-07-26,71.1485
2011-07-27,71.0294
2011-07-28,71.1684
2011-07-29,71.592
2011-08-01,71.7646
2011-08-02,72.0699
2011-08-03,72.1429
2011-08-04,72.5279
2011-08-05,72.0499
2011-08-08,72.0832
2011-08-09,72.5079
2011-08-10,73.0987
2011-08-11,72.1894
2011-08-12,72.5079
2011-08-15,72.6208
2011-08-16,72.7735
2011-08-17,72.8929
2011-08-18,72.9991
2011-08-19,73.0324
2011-08-22,72.9394
2011-08-23,72.7669
2011-08-24,72.3553
2011-08-25,72.5013
2011-08-26,72.6009
2011-08-29,72.5213
2011-08-30,72.7469
2011-08-31,72.6805
2011-09-01,72.9147
2011-09-02,73.1342
2011-09-06,73.3271
2011-09-07,73.1542
2011-09-08,73.1741
2011-09-09,73.2739
2011-09-12,73.1275
2011-09-13,73.1542
2011-09-14,73.1675
2011-09-15,72.9546
2011-09-16,73.061
2011-09-19,73.2207
2011-09-20,73.367
2011-09-21,73.4867
2011-09-22,73.6996
2011-09-23,73.3204
2011-09-26,73.1542
2011-09-27,73.0544
2011-09-28,72.9945
2011-09-29,72.9679
2011-09-30,73.2407
2011-10-03,73.5399
2011-10-04,73.3133
2011-10-05,73.0666
2011-10-06,72.9467
2011-10-07,72.8
2011-10-10,72.6534
2011-10-11,72.8267
2011-10-12,72.6868
2011-10-13,72.7268
2011-10-14,72.6068
2011-10-17,72.8934
2011-10-18,72.8134
2011-10-19,72.92
2011-10-20,72.88
2011-10-21,72.92
2011-10-24,72.8067
2011-10-25,73.18
2011-10-26,72.98
2011-10-27,72.7001
2011-10-28,72.9867
2011-10-31,73.3333
2011-11-01,73.6854
2011-11-02,73.6854
2011-11-03,73.525
2011-11-04,73.505
2011-11-07,73.5651
2011-11-08,73.4649
2011-11-09,73.5919
2011-11-10,73.4515
2011-11-11,73.3647
2011-11-14,73.4248
2011-11-15,73.3313
2011-11-16,73.3045
2011-11-17,73.2644
2011-11-18,73.2511
2011-11-21,73.2377
2011-11-22,73.2912
2011-11-23,73.358
2011-11-25,73.2577
2011-11-28,73.2511
2011-11-29,73.2778
2011-11-30,73.0907
2011-12-01,73.1162
2011-12-02,73.3043
2011-12-05,73.3849
2011-12-06,73.3178
2011-12-07,73.4521
2011-12-08,73.526
2011-12-09,73.4857
2011-12-12,73.5059
2011-12-13,73.6536
2011-12-14,73.835
2011-12-15,73.6805
2011-12-16,73.9291
2011-12-19,74.0029
2011-12-20,73.9022
2011-12-21,73.7141
2011-12-22,73.8283
2011-12-23,73.741
2011-12-27,73.8741
2011-12-28,74.0017
2011-12-29,74.1764
2011-12-30,74.0823
2012-01-03,73.9345
2012-01-04,73.8337
2012-01-05,73.9345
2012-01-06,73.995
2012-01-09,73.9345
2012-01-10,73.9144
2012-01-11,74.1764
2012-01-12,74.1159
2012-01-13,74.2839
2012-01-17,74.3041
2012-01-18,74.21
2012-01-19,74.0891
2012-01-20,73.9009
2012-01-23,73.8404
2012-01-24,73.9009
2012-01-25,74.0084
2012-01-26,74.1562
2012-01-27,74.2772
2012-01-30,74.4922
2012-01-31,74.6199
2012-02-01,74.4885
2012-02-02,74.5088
2012-02-03,74.4751
2012-02-06,74.5289
2012-02-07,74.4548
2012-02-08,74.3942
2012-02-09,74.273
2012-02-10,74.374
2012-02-13,74.401
2012-02-14,74.4616
2012-02-15,74.4346
2012-02-16,74.4211
2012-02-17,74.3269
2012-02-21,74.2123
2012-02-22,74.4211
2012-02-23,74.4817
2012-02-24,74.502
2012-02-27,74.7378
2012-02-28,74.6838
2012-02-29,74.6098
2012-03-01,74.4592
2012-03-02,74.6212
2012-03-05,74.5132
2012-03-06,74.6618
2012-03-07,74.5943
2012-03-08,74.4254
2012-03-09,74.4119
2012-03-12,74.4795
2012-03-13,74.2296
2012-03-14,73.8244
2012-03-15,73.7906
2012-03-16,73.7974
2012-03-19,73.561
2012-03-20,73.6691
2012-03-21,73.8447
2012-03-22,73.9122
2012-03-23,74.081
2012-03-26,74.027
2012-03-27,74.108
2012-03-28,74.0945
2012-03-29,74.2971
2012-03-30,74.1823
2012-04-02,74.1911
2012-04-03,73.873
2012-04-04,74.0287
2012-04-05,74.1978
2012-04-09,74.5227
2012-04-10,74.5295
2012-04-11,74.5363
2012-04-12,74.4619
2012-04-13,74.6919
2012-04-16,74.7055
2012-04-17,74.719
2012-04-18,74.8137
2012-04-19,74.7596
2012-04-20,74.7731
2012-04-23,74.8476
2012-04-24,74.7393
2012-04-25,74.7731
2012-04-26,74.8882
2012-04-27,74.8815
2012-04-30,74.8543
2012-05-01,74.8272
2012-05-02,74.9018
2012-05-03,74.9832
2012-05-04,75.0578
2012-05-07,75.0849
2012-05-08,75.1392
2012-05-09,75.1596
2012-05-10,75.0849
2012-05-11,75.1392
2012-05-14,75.3088
2012-05-15,75.2681
2012-05-16,75.2545
2012-05-17,75.302
2012-05-18,75.2816
2012-05-21,75.2681
2012-05-22,75.0849
2012-05-23,75.1731
2012-05-24,75.1121
2012-05-25,75.2274
2012-05-29,75.1867
2012-05-30,75.4376
2012-05-31,75.6614
2012-06-01,75.8504
2012-06-04,75.6736
2012-06-05,75.5174
2012-06-06,75.293
2012-06-07,75.4086
2012-06-08,75.3746
2012-06-11,75.4426
2012-06-12,75.3814
2012-06-13,75.5785
2012-06-14,75.5241
2012-06-15,75.7009
2012-06-18,75.6805
2012-06-19,75.5921
2012-06-20,75.4766
2012-06-21,75.5785
2012-06-22,75.4697
2012-06-25,75.7077
2012-06-26,75.6261
2012-06-27,75.6601
2012-06-28,75.7484
2012-06-29,75.6465
2012-07-02,75.7915
2012-07-03,75.737
2012-07-05,75.9346
2012-07-06,75.9891
2012-07-09,76.1389
2012-07-10,76.1729
2012-07-11,76.1661
2012-07-12,76.3023
2012-07-13,76.3296
2012-07-16,76.3908
2012-07-17,76.3636
2012-07-18,76.5134
2012-07-19,76.4522
2012-07-20,76.5611
2012-07-23,76.6292
2012-07-24,76.7245
2012-07-25,76.7518
2012-07-26,76.7041
2012-07-27,76.4726
2012-07-30,76.602
2012-07-31,76.6768
2012-08-01,76.5881
2012-08-02,76.6019
2012-08-03,76.4176
2012-08-06,76.5336
2012-08-07,76.3289
2012-08-08,76.2334
2012-08-09,76.2129
2012-08-10,76.3357
2012-08-13,76.3289
2012-08-14,76.1515
2012-08-15,75.9058
2012-08-16,75.8103
2012-08-17,75.899
2012-08-20,75.8717
2012-08-21,75.974
2012-08-22,76.3016
2012-08-23,76.3562
2012-08-24,76.3016
2012-08-27,76.4039
2012-08-28,76.4653
2012-08-29,76.3903
2012-08-30,76.438
2012-08-31,76.6769
2012-09-04,76.6625
2012-09-05,76.6625
2012-09-06,76.4848
2012-09-07,76.4985
2012-09-10,76.5121
2012-09-11,76.4232
2012-09-12,76.2797
2012-09-13,76.4574
2012-09-14,76.1429
2012-09-17,76.266
2012-09-18,76.3138
2012-09-19,76.4643
2012-09-20,76.4164
2012-09-21,76.5395
2012-09-24,76.6215
2012-09-25,76.7446
2012-09-26,76.8197
2012-09-27,76.7719
2012-09-28,76.8813
2012-10-01,76.8519
2012-10-02,76.9135
2012-10-03,76.8861
2012-10-04,76.7765
2012-10-05,76.619
2012-10-08,76.7354
2012-10-09,76.6532
2012-10-10,76.7765
2012-10-11,76.8724
2012-10-12,76.934
2012-10-15,76.9752
2012-10-16,76.8519
2012-10-17,76.6121
2012-10-18,76.5847
2012-10-19,76.6806
2012-10-22,76.5779
2012-10-23,76.7491
2012-10-24,76.6943
2012-10-25,76.5299
2012-10-26,76.7354
2012-10-31,76.845
2012-11-01,76.7441
2012-11-02,76.7921
2012-11-05,76.9225
2012-11-06,76.7029
2012-11-07,76.8814
2012-11-08,76.9775
2012-11-09,76.9363
2012-11-12,76.9157
2012-11-13,77.053
2012-11-14,77.0736
2012-11-15,76.9981
2012-11-16,77.0256
2012-11-19,77.0804
2012-11-20,76.9363
2012-11-21,76.8059
2012-11-23,76.8539
2012-11-26,76.8814
2012-11-27,76.9844
2012-11-28,76.9981
2012-11-29,77.0942
2012-11-30,77.053
2012-12-03,77.064
2012-12-04,77.1124
2012-12-05,77.1814
2012-12-06,77.1746
2012-12-07,77.1055
2012-12-10,77.1193
2012-12-11,77.0917
2012-12-12,76.8776
2012-12-13,76.7533
2012-12-14,76.8914
2012-12-17,76.705
2012-12-18,76.5255
2012-12-19,76.6567
2012-12-20,76.6635
2012-12-21,76.7326
2012-12-24,76.7395
2012-12-26,76.8433
2012-12-27,76.8848
2012-12-28,77.0024
2012-12-31,76.864
2013-01-02,76.7741
2013-01-03,76.5804
2013-01-04,76.6634
2013-01-07,76.6219
2013-01-08,76.6911
2013-01-09,76.6357
2013-01-10,76.6288
2013-01-11,76.7049
2013-01-14,76.7741
2013-01-15,76.7949
2013-01-16,76.8364
2013-01-17,76.6703
2013-01-18,76.7603
2013-01-22,76.7187
2013-01-23,76.8018
2013-01-24,76.6979
2013-01-25,76.5111
2013-01-28,76.4005
2013-01-29,76.352
2013-01-30,76.3174
2013-01-31,76.3866
2013-02-01,76.2209
2013-02-04,76.4358
2013-02-05,76.2764
2013-02-06,76.4081
2013-02-07,76.4358
2013-02-08,76.4566
2013-02-11,76.3804
2013-02-12,76.3665
2013-02-13,76.2902
2013-02-14,76.4288
2013-02-15,76.4358
2013-02-19,76.3457
2013-02-20,76.3942
2013-02-21,76.4358
2013-02-22,76.4774
2013-02-25,76.7686
2013-02-26,76.7478
2013-02-27,76.7686
2013-02-28,76.838
2013-03-01,76.8651
2013-03-04,76.8094
2013-03-05,76.7469
2013-03-06,76.6636
2013-03-07,76.5038
2013-03-08,76.2816
2013-03-11,76.3232
2013-03-12,76.4621
2013-03-13,76.3996
2013-03-14,76.483
2013-03-15,76.5525
2013-03-18,76.6219
2013-03-19,76.7331
2013-03-20,76.6497
2013-03-21,76.6636
2013-03-22,76.6914
2013-03-25,76.6636
2013-03-26,76.7539
2013-03-27,76.9137
2013-03-28,76.9137
2013-04-01,76.9833
2013-04-02,76.8997
2013-04-03,76.9833
2013-04-04,77.1991
2013-04-05,77.4219
2013-04-08,77.2897
2013-04-09,77.3175
2013-04-10,77.1573
2013-04-11,77.1713
2013-04-12,77.4219
2013-04-15,77.4567
2013-04-16,77.4567
2013-04-17,77.4567
2013-04-18,77.4428
2013-04-19,77.4497
2013-04-22,77.5472
2013-04-23,77.5125
2013-04-24,77.4985
2013-04-25,77.4636
2013-04-26,77.6238
2013-04-29,77.6726
2013-04-30,77.6586
2013-05-01,77.6949
2013-05-02,77.7019
2013-05-03,77.4159
2013-05-06,77.2904
2013-05-07,77.2485
2013-05-08,77.3182
2013-05-09,77.2136
2013-05-10,77.0602
2013-05-13,76.9904
2013-05-14,76.8091
2013-05-15,76.9207
2013-05-16,77.1299
2013-05-17,76.9416
2013-05-20,76.8649
2013-05-21,76.9276
2013-05-22,76.6696
2013-05-23,76.6416
2013-05-24,76.6416
2013-05-28,76.1673
2013-05-29,76.272
2013-05-30,76.2511
2013-05-31,76.1046
2013-06-03,76.143
2013-06-04,75.9754
2013-06-05,75.9334
2013-06-06,76.129
2013-06-07,75.8914
2013-06-10,75.7377
2013-06-11,75.7447
2013-06-12,75.6189
2013-06-13,75.9893
2013-06-14,76.0102
2013-06-17,75.9543
2013-06-18,75.9264
2013-06-19,75.4163
2013-06-20,74.9132
2013-06-21,74.494
2013-06-24,74.1935
2013-06-25,74.2773
2013-06-26,74.5918
2013-06-27,74.9062
2013-06-28,74.9132
2013-07-01,75.0168
2013-07-02,75.0168
2013-07-03,74.9118
2013-07-05,74.0928
2013-07-08,74.4778
2013-07-09,74.5548
2013-07-10,74.3588
2013-07-11,74.8558
2013-07-12,74.7718
2013-07-15,74.9328
2013-07-16,75.0518
2013-07-17,75.2129
2013-07-18,75.0728
2013-07-19,75.2689
2013-07-22,75.3668
2013-07-23,75.3248
2013-07-24,75.0798
2013-07-25,75.1078
2013-07-26,75.0868
2013-07-29,75.0868
2013-07-30,75.0588
2013-07-31,75.1149
2013-08-01,74.6905
2013-08-02,74.943
2013-08-05,74.978
2013-08-06,74.9009
2013-08-07,74.9991
2013-08-08,75.1043
2013-08-09,75.1534
2013-08-12,75.1043
2013-08-13,74.8027
2013-08-14,74.7045
2013-08-15,74.438
2013-08-16,74.2276
2013-08-19,73.9961
2013-08-20,74.2136
2013-08-21,73.94
2013-08-22,74.0312
2013-08-23,74.2767
2013-08-26,74.4099
2013-08-27,74.6063
2013-08-28,74.466
2013-08-29,74.6133
2013-08-30,74.4941
2013-09-03,74.31
2013-09-04,74.2046
2013-09-05,73.7057
2013-09-06,73.9797
2013-09-09,74.1273
2013-09-10,73.9938
2013-09-11,74.2467
2013-09-12,74.1624
2013-09-13,74.2678
2013-09-16,74.4224
2013-09-17,74.4927
2013-09-18,75.1181
2013-09-19,75.0267
2013-09-20,75.0267
2013-09-23,75.083
2013-09-24,75.2587
2013-09-25,75.364
2013-09-26,75.35
2013-09-27,75.3921
2013-09-30,75.3289
2013-10-01,75.2733
2013-10-02,75.3718
2013-10-03,75.4282
2013-10-04,75.3648
2013-10-07,75.3507
2013-10-08,75.3155
2013-10-09,75.2592
2013-10-10,75.3437
2013-10-11,75.3718
2013-10-14,75.2311
2013-10-15,75.1958
2013-10-16,75.5196
2013-10-17,75.7308
2013-10-18,75.8576
2013-10-21,75.7871
2013-10-22,76.0547
2013-10-23,76.0335
2013-10-24,76.0054
2013-10-25,76.0335
2013-10-28,75.9983
2013-10-29,76.0899
2013-10-30,75.9491
2013-10-31,75.9561
2013-11-01,75.7728
2013-11-04,75.8503
2013-11-05,75.6247
2013-11-06,75.7446
2013-11-07,75.801
2013-11-08,75.3285
2013-11-11,75.2862
2013-11-12,75.258
2013-11-13,75.4554
2013-11-14,75.6881
2013-11-15,75.7093
2013-11-18,75.8574
2013-11-19,75.6529
2013-11-20,75.4413
2013-11-21,75.5189
2013-11-22,75.6247
2013-11-25,75.6811
2013-11-26,75.7023
2013-11-27,75.7375
2013-11-29,75.7658
2013-12-02,75.4781
2013-12-03,75.5701
2013-12-04,75.3722
2013-12-05,75.2097
2013-12-06,75.3368
2013-12-09,75.4287
2013-12-10,75.5488
2013-12-11,75.4287
2013-12-12,75.3157
2013-12-13,75.351
2013-12-16,75.4075
2013-12-17,75.5347
2013-12-18,75.4994
2013-12-19,75.3722
2013-12-20,75.4994
2013-12-23,75.464
2013-12-24,75.358
2013-12-26,75.3156
2013-12-27,75.3439
2013-12-30,75.4147
2013-12-31,75.3439
2014-01-02,75.3935
2014-01-03,75.4218
2014-01-06,75.5209
2014-01-07,75.5563
2014-01-08,75.3297
2014-01-09,75.4359
2014-01-10,75.8182
2014-01-13,75.889
2014-01-14,75.7758
2014-01-15,75.712
2014-01-16,75.889
2014-01-17,75.9244
2014-01-21,75.9598
2014-01-22,75.797
2014-01-23,75.9951
2014-01-24,76.158
2014-01-27,75.9951
2014-01-28,76.1226
2014-01-29,76.3491
2014-01-30,76.3633
2014-01-31,76.5048
2014-02-03,76.7645
2014-02-04,76.5801
2014-02-05,76.3886
2014-02-06,76.3531
2014-02-07,76.4736
2014-02-10,76.5517
2014-02-11,76.4027
2014-02-12,76.2751
2014-02-13,76.4382
2014-02-14,76.4382
2014-02-18,76.4879
2014-02-19,76.4311
2014-02-20,76.3886
2014-02-21,76.4595
2014-02-24,76.3886
2014-02-25,76.5943
2014-02-26,76.7574
2014-02-27,76.8354
2014-02-28,76.7928
2014-03-03,76.9918
2014-03-04,76.7076
2014-03-05,76.7502
2014-03-06,76.5797
2014-03-07,76.3665
2014-03-10,76.3665
2014-03-11,76.3594
2014-03-12,76.5299
2014-03-13,76.7289
2014-03-14,76.6934
2014-03-17,76.6507
2014-03-18,76.7431
2014-03-19,76.402
2014-03-20,76.3452
2014-03-21,76.4517
2014-03-24,76.5655
2014-03-25,76.4872
2014-03-26,76.7289
2014-03-27,76.7857
2014-03-28,76.672
2014-03-31,76.6791
2014-04-01,76.5617
2014-04-02,76.4335
2014-04-03,76.4905
2014-04-04,76.7325
2014-04-07,76.8464
2014-04-08,76.939
2014-04-09,76.9461
2014-04-10,77.1241
2014-04-11,77.1953
2014-04-14,77.2238
2014-04-15,77.2309
2014-04-16,77.2736
2014-04-17,77.0244
2014-04-21,77.0174
2014-04-22,77.0031
2014-04-23,77.0814
2014-04-24,77.1526
2014-04-25,77.1668
2014-04-28,77.117
2014-04-29,77.1526
2014-04-30,77.3092
2014-05-01,77.4219
2014-05-02,77.5146
2014-05-05,77.4861
2014-05-06,77.5432
2014-05-07,77.5432
2014-05-08,77.5931
2014-05-09,77.5217
2014-05-12,77.4576
2014-05-13,77.5859
2014-05-14,77.807
2014-05-15,77.9711
2014-05-16,77.8855
2014-05-19,77.857
2014-05-20,77.8927
2014-05-21,77.8641
2014-05-22,77.8285
2014-05-23,77.9069
2014-05-27,77.9782
2014-05-28,78.1922
2014-05-29,78.1494
2014-05-30,78.2207
2014-06-02,77.9827
2014-06-03,77.7755
2014-06-04,77.747
2014-06-05,77.847
2014-06-06,77.8041
2014-06-09,77.7327
2014-06-10,77.6183
2014-06-11,77.6754
2014-06-12,77.8256
2014-06-13,77.8041
2014-06-16,77.7612
2014-06-17,77.6183
2014-06-18,77.8256
2014-06-19,77.7112
2014-06-20,77.847
2014-06-23,77.7755
2014-06-24,77.9113
2014-06-25,78.0185
2014-06-26,78.1686
2014-06-27,78.1686
2014-06-30,78.1757
2014-07-01,78.0798
2014-07-02,77.8078
2014-07-03,77.7576
2014-07-07,77.7791
2014-07-08,77.9366
2014-07-09,78.001
2014-07-10,78.0368
2014-07-11,78.1442
2014-07-14,78.0798
2014-07-15,77.9796
2014-07-16,78.044
2014-07-17,78.273
2014-07-18,78.1872
2014-07-21,78.2158
2014-07-22,78.3446
2014-07-23,78.3589
2014-07-24,78.1155
2014-07-25,78.2659
2014-07-28,78.2802
2014-07-29,78.3589
2014-07-30,78.0798
2014-07-31,77.9796
2014-08-01,78.2736
2014-08-04,78.2592
2014-08-05,78.2592
2014-08-06,78.2664
2014-08-07,78.4171
2014-08-08,78.4457
2014-08-11,78.4529
2014-08-12,78.4171
2014-08-13,78.5748
2014-08-14,78.6178
2014-08-15,78.8115
2014-08-18,78.6465
2014-08-19,78.539
2014-08-20,78.4529
2014-08-21,78.5891
2014-08-22,78.5748
2014-08-25,78.6394
2014-08-26,78.6465
2014-08-27,78.747
2014-08-28,78.9047
2014-08-29,78.876
2014-09-02,78.6353
2014-09-03,78.7216
2014-09-04,78.621
2014-09-05,78.5779
2014-09-08,78.4989
2014-09-09,78.3911
2014-09-10,78.2833
2014-09-11,78.2043
2014-09-12,78.0462
2014-09-15,78.0319
2014-09-16,78.0319
2014-09-17,77.9456
2014-09-18,77.9528
2014-09-19,78.0821
2014-09-22,78.1899
2014-09-23,78.2618
2014-09-24,78.2115
2014-09-25,78.3624
2014-09-26,78.3551
2014-09-29,78.4414
2014-09-30,78.3911
2014-10-01,78.8294
2014-10-02,78.6998
2014-10-03,78.6639
2014-10-06,78.7358
2014-10-07,79.0381
2014-10-08,79.2612
2014-10-09,79.1029
2014-10-10,79.1604
2014-10-13,79.3908
2014-10-14,79.5707
2014-10-15,79.7146
2014-10-16,79.6499
2014-10-17,79.5419
2014-10-20,79.6355
2014-10-21,79.5635
2014-10-22,79.5203
2014-10-23,79.3332
2014-10-24,79.362
2014-10-27,79.3908
2014-10-28,79.2683
2014-10-29,79.0957
2014-10-30,79.2253
2014-10-31,79.2253
2014-11-03,79.0753
2014-11-04,79.0825
2014-11-05,79.1113
2014-11-06,78.9743
2014-11-07,79.2411
2014-11-10,79.0536
2014-11-11,79.0897
2014-11-12,79.0969
2014-11-13,79.1329
2014-11-14,79.2051
2014-11-17,79.1113
2014-11-18,79.1834
2014-11-19,78.996
2014-11-20,79.1401
2014-11-21,79.2339
2014-11-24,79.2627
2014-11-25,79.4357
2014-11-26,79.5006
2014-11-28,79.7458
2014-12-01,79.5665
2014-12-02,79.4075
2014-12-03,79.3352
2014-12-04,79.5737
2014-12-05,79.234
2014-12-08,79.4292
2014-12-09,79.5521
2014-12-10,79.6894
2014-12-11,79.6605
2014-12-12,79.9134
2014-12-15,79.6966
2014-12-16,79.8918
2014-12-17,79.7905
2014-12-18,79.5809
2014-12-19,79.7111
2014-12-22,79.834
2014-12-23,79.4653
2014-12-24,79.5516
2014-12-26,79.5878
2014-12-29,79.7547
2014-12-30,79.8417
2014-12-31,79.8635
2015-01-02,80.0883
2015-01-05,80.2624
2015-01-06,80.4654
2015-01-07,80.4509
2015-01-08,80.3276
2015-01-09,80.5234
2015-01-12,80.5887
2015-01-13,80.6105
2015-01-14,80.8063
2015-01-15,81.1762
2015-01-16,80.8643
2015-01-20,81.0021
2015-01-21,80.857
2015-01-22,80.8136
2015-01-23,81.0166
2015-01-26,80.9803
2015-01-27,80.9368
2015-01-28,81.2777
2015-01-29,81.2124
2015-01-30,81.5025
2015-02-02,81.4996
2015-02-03,81.1872
2015-02-04,81.3108
2015-02-05,81.1437
2015-02-06,80.6715
2015-02-09,80.657
2015-02-10,80.5698
2015-02-11,80.5335
2015-02-12,80.5481
2015-02-13,80.4536
2015-02-17,80.1267
2015-02-18,80.3519
2015-02-19,80.2866
2015-02-20,80.3011
2015-02-23,80.4464
2015-02-24,80.8023
2015-02-25,80.8604
2015-02-26,80.5698
2015-02-27,80.7732
2015-03-02,80.3629
2015-03-03,80.261
2015-03-04,80.3046
2015-03-05,80.341
2015-03-06,79.8172
2015-03-09,80.0209
2015-03-10,80.2101
2015-03-11,80.3701
2015-03-12,80.4356
2015-03-13,80.2828
2015-03-16,80.4574
2015-03-17,80.4429
2015-03-18,81.0322
2015-03-19,80.7485
2015-03-20,80.9959
2015-03-23,81.0105
2015-03-24,81.2287
2015-03-25,81.0759
2015-03-26,80.7848
2015-03-27,80.9013
2015-03-30,80.9377
2015-03-31,81.0759
2015-04-01,81.3391
2015-04-02,81.2297
2015-04-06,81.2808
2015-04-07,81.2953
2015-04-08,81.3026
2015-04-09,81.0984
2015-04-10,81.0984
2015-04-13,81.186
2015-04-14,81.2735
2015-04-15,81.3828
2015-04-16,81.3391
2015-04-17,81.4047
2015-04-20,81.3464
2015-04-21,81.2589
2015-04-22,81.0183
2015-04-23,81.1423
2015-04-24,81.2808
2015-04-27,81.31
2015-04-28,80.9965
2015-04-29,80.8142
2015-04-30,80.8142
2015-05-01,80.5849
2015-05-04,80.4315
2015-05-05,80.3585
2015-05-06,80.0882
2015-05-07,80.2854
2015-05-08,80.5484
2015-05-11,80.0371
2015-05-12,80.0298
2015-05-13,80.0225
2015-05-14,80.1467
2015-05-15,80.4826
2015-05-18,80.1759
2015-05-19,79.8983
2015-05-20,80.0225
2015-05-21,80.2708
2015-05-22,80.1832
2015-05-26,80.3804
2015-05-27,80.4607
2015-05-28,80.4315
2015-05-29,80.4607
2015-06-01,80.2383
2015-06-02,79.9236
2015-06-03,79.609
2015-06-04,79.7773
2015-06-05,79.4261
2015-06-08,79.5432
2015-06-09,79.3163
2015-06-10,79.1188
2015-06-11,79.5432
2015-06-12,79.448
2015-06-15,79.5432
2015-06-16,79.6749
2015-06-17,79.6822
2015-06-18,79.6602
2015-06-19,79.909
2015-06-22,79.5139
2015-06-23,79.331
2015-06-24,79.4553
2015-06-25,79.3676
2015-06-26,79.1773
2015-06-29,79.6456
2015-06-30,79.5944
2015-07-01,79.3935
2015-07-02,79.5035
2015-07-06,79.7894
2015-07-07,79.8994
2015-07-08,80.09
2015-07-09,79.7967
2015-07-10,79.4595
2015-07-13,79.3421
2015-07-14,79.4742
2015-07-15,79.6868
2015-07-16,79.7527
2015-07-17,79.7601
2015-07-20,79.6208
2015-07-21,79.7527
2015-07-22,79.7894
2015-07-23,80.0167
2015-07-24,80.0021
2015-07-27,80.1047
2015-07-28,80.024
2015-07-29,79.958
2015-07-30,79.9654
2015-07-31,80.2806
2015-08-03,80.3637
2015-08-04,80.1286
2015-08-05,79.9817
2015-08-06,80.0772
2015-08-07,80.2167
2015-08-10,80.1139
2015-08-11,80.3783
2015-08-12,80.3269
2015-08-13,80.158
2015-08-14,80.1212
2015-08-17,80.2608
2015-08-18,80.1139
2015-08-19,80.3637
2015-08-20,80.4885
2015-08-21,80.6281
2015-08-24,80.5987
2015-08-25,80.4077
2015-08-26,80.0331
2015-08-27,80.1432
2015-08-28,80.0698
2015-08-31,80.011
2015-09-01,80.248
2015-09-02,80.145
2015-09-03,80.2628
2015-09-04,80.4321
2015-09-08,80.2407
2015-09-09,80.2701
2015-09-10,80.1818
2015-09-11,80.2775
2015-09-14,80.2996
2015-09-15,79.9389
2015-09-16,79.8726
2015-09-17,80.3732
2015-09-18,80.4394
2015-09-21,80.2259
2015-09-22,80.4173
2015-09-23,80.3511
2015-09-24,80.4542
2015-09-25,80.3143
2015-09-28,80.5057
2015-09-29,80.6308
2015-09-30,80.6603
2015-10-01,80.7229
2015-10-02,80.9664
2015-10-05,80.6639
2015-10-06,80.863
2015-10-07,80.8041
2015-10-08,80.6934
2015-10-09,80.6271
2015-10-12,80.8335
2015-10-13,80.8409
2015-10-14,81.1433
2015-10-15,81.0327
2015-10-16,80.9515
2015-10-19,81.0327
2015-10-20,80.8704
2015-10-21,81.0621
2015-10-22,81.0769
2015-10-23,80.9368
2015-10-26,80.9737
2015-10-27,81.0917
2015-10-28,80.8483
2015-10-29,80.5017
2015-10-30,80.7156
2015-11-02,80.5567
2015-11-03,80.4089
2015-11-04,80.4089
2015-11-05,80.372
2015-11-06,79.9877
2015-11-09,79.9361
2015-11-10,80.0838
2015-11-11,79.9803
2015-11-12,80.0542
2015-11-13,80.2095
2015-11-16,80.2759
2015-11-17,80.3351
2015-11-18,80.2759
2015-11-19,80.3129
2015-11-20,80.2611
2015-11-23,80.2833
2015-11-24,80.3572
2015-11-25,80.3942
2015-11-27,80.372
2015-11-30,80.4015
2015-12-01,80.6833
2015-12-02,80.5869
2015-12-03,79.9937
2015-12-04,80.2532
2015-12-07,80.3719
2015-12-08,80.4015
2015-12-09,80.4015
2015-12-10,80.3867
2015-12-11,80.5869
2015-12-14,80.2088
2015-12-15,80.2161
2015-12-16,80.0753
2015-12-17,80.1865
2015-12-18,80.357
2015-12-21,80.2829
2015-12-22,80.2236
2015-12-23,80.2088
2015-12-24,80.2474
2015-12-28,80.2474
2015-12-29,80.0468
2015-12-30,80.0319
2015-12-31,80.2474
2016-01-04,80.2177
2016-01-05,80.2548
2016-01-06,80.5595
2016-01-07,80.552
2016-01-08,80.7303
2016-01-11,80.5
2016-01-12,80.6783
2016-01-13,80.864
2016-01-14,80.8343
2016-01-15,80.931
2016-01-19,80.8492
2016-01-20,80.9161
2016-01-21,80.8046
2016-01-22,80.864
2016-01-25,80.8195
2016-01-26,80.9235
2016-01-27,80.9383
2016-01-28,81.0052
2016-01-29,81.243
2016-02-01,81.1447
2016-02-02,81.3904
2016-02-03,81.3829
2016-02-04,81.4648
2016-02-05,81.3904
2016-02-08,81.703
2016-02-09,81.6956
2016-02-10,81.8967
2016-02-11,81.9488
2016-02-12,81.7254
2016-02-16,81.5244
2016-02-17,81.4797
2016-02-18,81.7254
2016-02-19,81.7403
2016-02-22,81.7626
2016-02-23,81.7775
2016-02-24,81.8073
2016-02-25,82.0158
2016-02-26,81.8669
2016-02-29,81.9636
2016-03-01,81.7182
2016-03-02,81.6286
2016-03-03,81.7257
2016-03-04,81.5989
2016-03-07,81.5765
2016-03-08,81.7779
2016-03-09,81.7406
2016-03-10,81.7779
2016-03-11,81.6286
2016-03-14,81.6735
2016-03-15,81.5989
2016-03-16,81.9495
2016-03-17,82.1211
2016-03-18,82.1882
2016-03-21,82.0092
2016-03-22,81.957
2016-03-23,82.136
2016-03-24,82.1434
2016-03-28,82.2032
2016-03-29,82.4493
2016-03-30,82.4195
2016-03-31,82.6806
2016-04-01,82.6073
2016-04-04,82.6895
2016-04-05,82.8016
2016-04-06,82.7868
2016-04-07,82.9661
2016-04-08,82.8839
2016-04-11,82.9437
2016-04-12,82.8092
2016-04-13,82.8465
2016-04-14,82.7045
2016-04-15,82.9362
2016-04-18,82.9287
2016-04-19,82.9213
2016-04-20,82.7194
2016-04-21,82.6073
2016-04-22,82.6148
2016-04-25,82.5251
2016-04-26,82.4877
2016-04-27,82.7344
2016-04-28,82.8988
2016-04-29,82.8913
2016-05-02,82.8352
2016-05-03,82.985
2016-05-04,83.0224
2016-05-05,83.2321
2016-05-06,83.1048
2016-05-09,83.1572
2016-05-10,83.1947
2016-05-11,83.1947
2016-05-12,83.1198
2016-05-13,83.277
2016-05-16,83.1347
2016-05-17,83.0224
2016-05-18,82.678
2016-05-19,82.7304
2016-05-20,82.7828
2016-05-23,82.7678
2016-05-24,82.7228
2016-05-25,82.7378
2016-05-26,82.8651
2016-05-27,82.8502
2016-05-31,82.9026
2016-06-01,82.856
2016-06-02,83.0662
2016-06-03,83.5164
2016-06-06,83.4038
2016-06-07,83.4788
2016-06-08,83.5089
2016-06-09,83.5689
2016-06-10,83.6815
2016-06-13,83.749
2016-06-14,83.7115
2016-06-15,83.8916
2016-06-16,83.9441
2016-06-17,83.8841
2016-06-20,83.6514
2016-06-21,83.5914
2016-06-22,83.644
2016-06-23,83.5014
2016-06-24,83.9516
2016-06-27,84.2893
2016-06-28,84.3943
2016-06-29,84.3343
2016-06-30,84.5069
2016-07-01,84.6888
2016-07-05,84.9144
2016-07-06,85.0722
2016-07-07,85.0121
2016-07-08,85.1399
2016-07-11,84.9144
2016-07-12,84.6587
2016-07-13,84.779
2016-07-14,84.7039
2016-07-15,84.3956
2016-07-18,84.4107
2016-07-19,84.5836
2016-07-20,84.5084
2016-07-21,84.5836
2016-07-22,84.5986
2016-07-25,84.5009
2016-07-26,84.5009
2016-07-27,84.749
2016-07-28,84.7414
2016-07-29,84.967
2016-08-01,84.7689
2016-08-02,84.5203
2016-08-03,84.6107
2016-08-04,84.7689
2016-08-05,84.4827
2016-08-08,84.5354
2016-08-09,84.7538
2016-08-10,84.8517
2016-08-11,84.6258
2016-08-12,84.8292
2016-08-15,84.6785
2016-08-16,84.6258
2016-08-17,84.7839
2016-08-18,84.9045
2016-08-19,84.7162
2016-08-22,84.8442
2016-08-23,84.8668
2016-08-24,84.8367
2016-08-25,84.7463
2016-08-26,84.6107
2016-08-29,84.8442
2016-08-30,84.799
2016-08-31,84.7839
2016-09-01,84.8579
2016-09-02,84.7447
2016-09-06,84.9258
2016-09-07,84.9711
2016-09-08,84.6768
2016-09-09,84.3071
2016-09-12,84.375
2016-09-13,84.1411
2016-09-14,84.2467
2016-09-15,84.2995
2016-09-16,84.3599
2016-09-19,84.292
2016-09-20,84.3222
2016-09-21,84.5334
2016-09-22,84.707
2016-09-23,84.6844
2016-09-26,84.79
2016-09-27,84.8957
2016-09-28,84.9183
2016-09-29,84.9183
2016-09-30,84.8278
2016-10-03,84.7318
2016-10-04,84.4445
2016-10-05,84.3311
2016-10-06,84.3311
2016-10-07,84.3462
2016-10-10,84.3084
2016-10-11,84.1799
2016-10-12,84.2101
2016-10-13,84.3311
2016-10-14,84.1874
2016-10-17,84.3311
2016-10-18,84.4671
2016-10-19,84.5125
2016-10-20,84.4823
2016-10-21,84.5352
2016-10-24,84.4067
2016-10-25,84.4067
2016-10-26,84.2404
2016-10-27,84.0287
2016-10-28,84.0287
2016-10-31,84.1345
2016-11-01,84.0891
2016-11-02,84.1875
2016-11-03,84.0739
2016-11-04,84.2482
2016-11-07,84.1497
2016-11-08,84.0134
2016-11-09,83.2333
2016-11-10,82.8925
2016-11-11,82.741
2016-11-14,82.4077
2016-11-15,82.4684
2016-11-16,82.6501
2016-11-17,82.3396
2016-11-18,82.0745
2016-11-21,82.1427
2016-11-22,82.2184
2016-11-23,81.9306
2016-11-25,81.9231
2016-11-28,82.2109
2016-11-29,82.3017
2016-11-30,81.9761
2016-12-01,81.706
2016-12-02,81.964
2016-12-05,82.0322
2016-12-06,82.0171
2016-12-07,82.2295
2016-12-08,82.0778
2016-12-09,81.8274
2016-12-12,81.7515
2016-12-13,81.8577
2016-12-14,81.4101
2016-12-15,81.3114
2016-12-16,81.3645
2016-12-19,81.577
2016-12-20,81.5011
2016-12-21,81.6756
2016-12-22,81.6748
2016-12-23,81.6977
2016-12-27,81.6368
2016-12-28,81.7661
2016-12-29,82.0171
2016-12-30,82.1844
2017-01-03,82.268
2017-01-04,82.2909
2017-01-05,82.6331
2017-01-06,82.3593
2017-01-09,82.4962
2017-01-10,82.4734
2017-01-11,82.5723
2017-01-12,82.6027
2017-01-13,82.4582
2017-01-17,82.7396
2017-01-18,82.3821
2017-01-19,82.1692
2017-01-20,82.1996
2017-01-23,82.4278
2017-01-24,82.2985
2017-01-25,82.0779
2017-01-26,82.1312
2017-01-27,82.1996
2017-01-30,82.1616
2017-01-31,82.3593
2017-02-01,82.2435
2017-02-02,82.2892
2017-02-03,82.3121
2017-02-06,82.5483
2017-02-07,82.6321
2017-02-08,82.8684
2017-02-09,82.6703
2017-02-10,82.655
2017-02-13,82.5331
2017-02-14,82.3502
2017-02-15,82.2207
2017-02-16,82.3959
2017-02-17,82.5788
2017-02-21,82.5712
2017-02-22,82.6245
2017-02-23,82.7617
2017-02-24,83.0666
2017-02-27,82.9141
2017-02-28,82.8912
2017-03-01,82.5018
2017-03-02,82.3491
2017-03-03,82.4102
2017-03-06,82.372
2017-03-07,82.2651
2017-03-08,82.0665
2017-03-09,81.8146
2017-03-10,81.9367
2017-03-13,81.7993
2017-03-14,81.8298
2017-03-15,82.3033
2017-03-16,82.2116
2017-03-17,82.3873
2017-03-20,82.5095
2017-03-21,82.6775
2017-03-22,82.792
2017-03-23,82.8149
2017-03-24,82.7462
2017-03-27,82.9447
2017-03-28,82.7538
2017-03-29,82.9371
2017-03-30,82.7844
2017-03-31,82.8455
2017-04-03,83.1531
2017-04-04,83.0765
2017-04-05,83.1684
2017-04-06,83.1607
2017-04-07,82.9771
2017-04-10,83.0842
2017-04-11,83.3214
2017-04-12,83.505
2017-04-13,83.6121
2017-04-17,83.5662
2017-04-18,83.903
2017-04-19,83.7729
2017-04-20,83.6428
2017-04-21,83.6657
2017-04-24,83.5433
2017-04-25,83.2678
2017-04-26,83.3749
2017-04-27,83.4515
2017-04-28,83.5969
2017-05-01,83.3814
2017-05-02,83.4964
2017-05-03,83.4121
2017-05-04,83.343
2017-05-05,83.3583
2017-05-08,83.1973
2017-05-09,83.205
2017-05-10,83.228
2017-05-11,83.2203
2017-05-12,83.5271
2017-05-15,83.4964
2017-05-16,83.6038
2017-05-17,84.0332
2017-05-18,83.9872
2017-05-19,83.9872
2017-05-22,83.9335
2017-05-23,83.7725
2017-05-24,83.9182
2017-05-25,83.9565
2017-05-26,83.9259
2017-05-30,84.0869
2017-05-31,84.1713
2017-06-01,84.1328
2017-06-02,84.4094
2017-06-05,84.2788
2017-06-06,84.4479
2017-06-07,84.348
2017-06-08,84.2635
2017-06-09,84.1943
2017-06-12,84.1943
2017-06-13,84.2174
2017-06-14,84.4863
2017-06-15,84.4326
2017-06-16,84.4863
2017-06-19,84.371
2017-06-20,84.5017
2017-06-21,84.5171
2017-06-22,84.5555
2017-06-23,84.5708
2017-06-26,84.6477
2017-06-27,84.3941
2017-06-28,84.4248
2017-06-29,84.2635
2017-06-30,84.1559
2017-07-03,84.0057
2017-07-05,84.0519
2017-07-06,83.8902
2017-07-07,83.8594
2017-07-10,83.8979
2017-07-11,83.9749
2017-07-12,84.229
2017-07-13,84.1366
2017-07-14,84.2214
2017-07-17,84.2598
2017-07-18,84.4524
2017-07-19,84.4755
2017-07-20,84.4986
2017-07-21,84.6449
2017-07-24,84.5678
2017-07-25,84.2676
2017-07-26,84.4292
2017-07-27,84.3061
2017-07-28,84.4755
2017-07-31,84.437
2017-08-01,84.6685
2017-08-02,84.6067
2017-08-03,84.7765
2017-08-04,84.6376
2017-08-07,84.6298
2017-08-08,84.5527
2017-08-09,84.6298
2017-08-10,84.7148
2017-08-11,84.7842
2017-08-14,84.7456
2017-08-15,84.6222
2017-08-16,84.7765
2017-08-17,84.8999
2017-08-18,84.8459
2017-08-21,84.9077
2017-08-22,84.8305
2017-08-23,85.0234
2017-08-24,84.9154
2017-08-25,84.9772
2017-08-28,85.008
2017-08-29,85.1314
2017-08-30,85.116
2017-08-31,85.2318
2017-09-01,85.0385
2017-09-05,85.3864
2017-09-06,85.2936
2017-09-07,85.5024
2017-09-08,85.4019
2017-09-11,85.1699
2017-09-12,85.0462
2017-09-13,84.9611
2017-09-14,85.0075
2017-09-15,84.9921
2017-09-18,84.9534
2017-09-19,84.907
2017-09-20,84.8374
2017-09-21,84.8219
2017-09-22,84.8838
2017-09-25,85.0849
2017-09-26,85.0539
2017-09-27,84.8064
2017-09-28,84.8142
2017-09-29,84.7446
2017-10-02,84.7965
2017-10-03,84.8663
2017-10-04,84.843
2017-10-05,84.8043
2017-10-06,84.6803
2017-10-09,84.7965
2017-10-10,84.8043
2017-10-11,84.8198
2017-10-12,84.9205
2017-10-13,85.1297
2017-10-16,85.0445
2017-10-17,85.0135
2017-10-18,84.8818
2017-10-19,84.9438
2017-10-20,84.6958
2017-10-23,84.7887
2017-10-24,84.6106
2017-10-25,84.5563
2017-10-26,84.4633
2017-10-27,84.6493
2017-10-30,84.8818
2017-10-31,84.8275
2017-11-01,84.8648
2017-11-02,84.9114
2017-11-03,84.9891
2017-11-06,85.0667
2017-11-07,85.09
2017-11-08,85.0356
2017-11-09,84.9735
2017-11-10,84.6319
2017-11-13,84.6319
2017-11-14,84.7172
2017-11-15,84.8804
2017-11-16,84.7872
2017-11-17,84.8804
2017-11-20,84.8338
2017-11-21,84.9192
2017-11-22,85.0667
2017-11-24,85.0511
2017-11-27,85.0511
2017-11-28,85.0511
2017-11-29,84.8415
2017-11-30,84.7017
2017-12-01,84.9438
2017-12-04,84.9359
2017-12-05,85.0216
2017-12-06,85.1072
2017-12-07,84.9982
2017-12-08,84.9671
2017-12-11,84.9359
2017-12-12,84.897
2017-12-13,85.1383
2017-12-14,85.1616
2017-12-15,85.1849
2017-12-18,85.076
2017-12-19,84.827
2017-12-20,84.6325
2017-12-21,84.7072
2017-12-22,84.7461
2017-12-26,84.8162
2017-12-27,85.0808
2017-12-28,85.0185
2017-12-29,85.1042
2018-01-02,84.9796
2018-01-03,84.9874
2018-01-04,84.933
2018-01-05,84.8784
2018-01-08,84.8551
2018-01-09,84.6216
2018-01-10,84.6216
2018-01-11,84.6605
2018-01-12,84.6449
2018-01-16,84.6683
2018-01-17,84.5749
2018-01-18,84.3881
2018-01-19,84.209
2018-01-22,84.1778
2018-01-23,84.3803
2018-01-24,84.2946
2018-01-25,84.5126
2018-01-26,84.3569
2018-01-29,84.209
2018-01-30,84.0767
2018-01-31,84.1467
2018-02-01,83.883
2018-02-02,83.6334
2018-02-05,83.9689
2018-02-06,83.727
2018-02-07,83.5398
2018-02-08,83.3993
2018-02-09,83.2901
2018-02-12,83.3136
2018-02-13,83.3369
2018-02-14,83.0561
2018-02-15,83.1575
2018-02-16,83.3213
2018-02-20,83.2355
2018-02-21,82.9703
2018-02-22,82.978
2018-02-23,83.1887
2018-02-26,83.2511
2018-02-27,83.0717
2018-02-28,83.2979
2018-03-01,83.3722
2018-03-02,83.2393
2018-03-05,83.1924
2018-03-06,83.208
2018-03-07,83.1924
2018-03-08,83.3253
2018-03-09,83.1689
2018-03-12,83.2158
2018-03-13,83.3253
2018-03-14,83.4661
2018-03-15,83.4738
2018-03-16,83.4269
2018-03-19,83.3409
2018-03-20,83.208
2018-03-21,83.2002
2018-03-22,83.3566
2018-03-23,83.3566
2018-03-26,83.3253
2018-03-27,83.5677
2018-03-28,83.6146
2018-03-29,83.857
2018-04-02,83.7731
2018-04-03,83.6791
2018-04-04,83.7104
2018-04-05,83.5929
2018-04-06,83.781
2018-04-09,83.8515
2018-04-10,83.7888
2018-04-11,83.8593
2018-04-12,83.6712
2018-04-13,83.6948
2018-04-16,83.7104
2018-04-17,83.7339
2018-04-18,83.4989
2018-04-19,83.2951
2018-04-20,83.0679
2018-04-23,83.0286
2018-04-24,82.9189
2018-04-25,82.8093
2018-04-26,82.9503
2018-04-27,83.0522
2018-04-30,83.0679
2018-05-01,82.9972
2018-05-02,82.9972
2018-05-03,83.0914
2018-05-04,83.1464
2018-05-07,83.1071
2018-05-08,83.0129
2018-05-09,82.9186
2018-05-10,83.1071
2018-05-11,83.1464
2018-05-14,83.0678
2018-05-15,82.6987
2018-05-16,82.6044
2018-05-17,82.4944
2018-05-18,82.7065
2018-05-21,82.7143
2018-05-22,82.7143
2018-05-23,82.9422
2018-05-24,83.1699
2018-05-25,83.3506
2018-05-29,83.9004
2018-05-30,83.6884
2018-05-31,83.6176
2018-06-01,83.5145
2018-06-04,83.3177
2018-06-05,83.3806
2018-06-06,83.1917
2018-06-07,83.3728
2018-06-08,83.2547
2018-06-11,83.1681
2018-06-12,83.1917
2018-06-13,83.113
2018-06-14,83.3256
2018-06-15,83.3571
2018-06-18,83.3728
2018-06-19,83.4594
2018-06-20,83.3019
2018-06-21,83.3256
2018-06-22,83.4043
2018-06-25,83.3571
2018-06-26,83.4909
2018-06-27,83.6405
2018-06-28,83.6326
2018-06-29,83.7035
2018-07-02,83.6237
2018-07-03,83.7973
2018-07-05,83.8763
2018-07-06,83.963
2018-07-09,83.8841
2018-07-10,83.821
2018-07-11,83.8526
2018-07-12,83.9551
2018-07-13,84.0341
2018-07-16,83.9394
2018-07-17,83.9078
2018-07-18,83.8841
2018-07-19,84.0104
2018-07-20,83.8447
2018-07-23,83.5528
2018-07-24,83.6711
2018-07-25,83.679
2018-07-26,83.6317
2018-07-27,83.6948
2018-07-30,83.608
2018-07-31,83.679
2018-08-01,83.5928
2018-08-02,83.6244
2018-08-03,83.8063
2018-08-06,83.8617
2018-08-07,83.7114
2018-08-08,83.7114
2018-08-09,83.83
2018-08-10,84.012
2018-08-13,84.0594
2018-08-14,83.9803
2018-08-15,84.0989
2018-08-16,84.1464
2018-08-17,84.1938
2018-08-20,84.3599
2018-08-21,84.2887
2018-08-22,84.3599
2018-08-23,84.3125
2018-08-24,84.4073
2018-08-27,84.2966
2018-08-28,84.1385
2018-08-29,84.1227
2018-08-30,84.1622
2018-08-31,84.1543
2018-09-04,84.0607
2018-09-05,84.0211
2018-09-06,84.1638
2018-09-07,83.8626
2018-09-10,83.9419
2018-09-11,83.7992
2018-09-12,83.8547
2018-09-13,83.9102
2018-09-14,83.7517
2018-09-17,83.7517
2018-09-18,83.5694
2018-09-19,83.4109
2018-09-20,83.5218
2018-09-21,83.5852
2018-09-24,83.506
2018-09-25,83.4663
2018-09-26,83.6645
2018-09-27,83.7199
2018-09-28,83.6328
2018-10-01,83.6105
2018-10-02,83.7059
2018-10-03,83.3086
2018-10-04,83.0703
2018-10-05,82.8876
2018-10-08,82.8558
2018-10-09,82.9749
2018-10-10,82.9511
2018-10-11,83.1974
2018-10-12,83.2212
2018-10-15,83.1656
2018-10-16,83.2133
2018-10-17,83.0464
2018-10-18,82.9908
2018-10-19,82.9194
2018-10-22,82.9034
2018-10-23,83.0067
2018-10-24,83.2212
2018-10-25,83.1498
2018-10-26,83.3404
2018-10-29,83.253
2018-10-30,83.1338
2018-10-31,83.0941
2018-11-01,83.3041
2018-11-02,83.0566
2018-11-05,83.1125
2018-11-06,83.1205
2018-11-07,83.1923
2018-11-08,83.0406
2018-11-09,83.1444
2018-11-12,83.2802
2018-11-13,83.3121
2018-11-14,83.3201
2018-11-15,83.4239
2018-11-16,83.5596
2018-11-19,83.5516
2018-11-20,83.5197
2018-11-21,83.5756
2018-11-23,83.5516
2018-11-26,83.5356
2018-11-27,83.5596
2018-11-28,83.7192
2018-11-29,83.7592
2018-11-30,83.7352
2018-12-03,83.8721
2018-12-04,84.0962
2018-12-06,84.3042
2018-12-07,84.4163
2018-12-10,84.4723
2018-12-11,84.4963
2018-12-12,84.4323
2018-12-13,84.4563
2018-12-14,84.4803
2018-12-17,84.6243
2018-12-18,84.873
2018-12-19,84.9531
2018-12-20,84.873
2018-12-21,84.8328
2018-12-24,84.889
2018-12-26,84.7286
2018-12-27,84.865
2018-12-28,85.1777
2018-12-31,85.3942
2019-01-02,85.4583
2019-01-03,85.8112
2019-01-04,85.5546
2019-01-07,85.4102
2019-01-08,85.3461
2019-01-09,85.4182
2019-01-10,85.322
2019-01-11,85.4423
2019-01-14,85.322
2019-01-15,85.338
2019-01-16,85.4102
2019-01-17,85.3461
2019-01-18,85.2819
2019-01-22,85.3541
2019-01-23,85.4423
2019-01-24,85.5867
2019-01-25,85.5466
2019-01-28,85.4985
2019-01-29,85.723
2019-01-30,85.9154
2019-01-31,86.172
2019-02-01,85.9935
2019-02-04,85.9212
2019-02-05,86.1061
2019-02-06,86.0579
2019-02-07,86.0981
2019-02-08,86.291
2019-02-11,86.2026
2019-02-12,86.2186
2019-02-13,86.0659
2019-02-14,86.1945
2019-02-15,86.2589
2019-02-19,86.3071
2019-02-20,86.3152
2019-02-21,86.1222
2019-02-22,86.3392
2019-02-25,86.3152
2019-02-26,86.4116
2019-02-27,86.2267
2019-02-28,86.074
2019-03-01,85.9345
2019-03-04,86.0393
2019-03-05,86.0957
2019-03-06,86.2247
2019-03-07,86.4665
2019-03-08,86.5793
2019-03-11,86.5873
2019-03-12,86.7485
2019-03-13,86.7082
2019-03-14,86.5793
2019-03-15,86.7968
2019-03-18,86.7807
2019-03-19,86.7324
2019-03-20,87.087
2019-03-21,87.1031
2019-03-22,87.5383
2019-03-25,87.6995
2019-03-26,87.7156
2019-03-27,87.9009
2019-03-28,87.909
2019-03-29,87.9009
2019-04-01,87.4986
2019-04-02,87.5956
2019-04-03,87.434
2019-04-04,87.4986
2019-04-05,87.5633
2019-04-08,87.5229
2019-04-09,87.5713
2019-04-10,87.741
2019-04-11,87.636
2019-04-12,87.4663
2019-04-15,87.4502
2019-04-16,87.2967
2019-04-17,87.2886
2019-04-18,87.4017
2019-04-22,87.2967
2019-04-23,87.4502
2019-04-24,87.6521
2019-04-25,87.6441
2019-04-26,87.8218
2019-04-29,87.6683
2019-04-30,87.7248
2019-05-01,87.7815
2019-05-02,87.5872
2019-05-03,87.733
2019-05-06,87.8463
2019-05-07,87.9516
2019-05-08,87.9354
2019-05-09,87.9839
2019-05-10,88.0002
2019-05-13,88.1459
2019-05-14,88.2188
2019-05-15,88.3727
2019-05-16,88.2674
2019-05-17,88.2917
2019-05-20,88.1702
2019-05-21,88.1621
2019-05-22,88.3079
2019-05-23,88.567
2019-05-24,88.5994
2019-05-28,88.729
2019-05-29,88.7533
2019-05-30,88.9881
2019-05-31,89.4012
2019-06-03,89.6122
2019-06-04,89.531
2019-06-05,89.4823
2019-06-06,89.4661
2019-06-07,89.7177
2019-06-10,89.4823
2019-06-11,89.4661
2019-06-12,89.5797
2019-06-13,89.7745
2019-06-14,89.7502
2019-06-17,89.7258
2019-06-18,89.9693
2019-06-19,90.2778
2019-06-20,90.432
2019-06-21,90.1966
2019-06-24,90.3589
2019-06-25,90.3751
2019-06-26,90.1722
2019-06-27,90.4239
2019-06-28,90.3833
2019-07-01,90.45
2019-07-02,90.6127
2019-07-03,90.7592
2019-07-05,90.3768
2019-07-08,90.3279
2019-07-09,90.3036
2019-07-10,90.3686
2019-07-11,90.0351
2019-07-12,90.1327
2019-07-15,90.2629
2019-07-16,90.1653
2019-07-17,90.4012
2019-07-18,90.5476
2019-07-19,90.4418
2019-07-22,90.5558
2019-07-23,90.4662
2019-07-24,90.5964
2019-07-25,90.4582
2019-07-26,90.4744
2019-07-29,90.5151
2019-07-30,90.507
2019-07-31,90.5476
2019-08-01,91.2571
2019-08-02,91.2897
2019-08-05,91.6893
2019-08-06,91.9339
2019-08-07,91.885
2019-08-08,91.9747
2019-08-09,91.8523
2019-08-12,92.1867
2019-08-13,92.0562
2019-08-14,92.3416
2019-08-15,92.7657
2019-08-16,92.6923
2019-08-19,92.4476
2019-08-20,92.7004
2019-08-21,92.6515
2019-08-22,92.4069
2019-08-23,92.782
2019-08-26,92.7412
2019-08-27,93.0348
2019-08-28,93.0429
2019-08-29,92.9858
2019-08-30,93.0674
2019-09-03,93.0453
2019-09-04,93.2087
2019-09-05,92.8083
2019-09-06,92.9063
2019-09-09,92.514
2019-09-10,92.0154
2019-09-11,92.0318
2019-09-12,91.8847
2019-09-13,91.3371
2019-09-16,91.5822
2019-09-17,91.7212
2019-09-18,91.8275
2019-09-19,91.9583
2019-09-20,92.2934
2019-09-23,92.3342
2019-09-24,92.5876
2019-09-25,92.2034
2019-09-26,92.3587
2019-09-27,92.4731
2019-09-30,92.4977
2019-10-01,92.6656
2019-10-02,92.7311
2019-10-03,93.0916
2019-10-04,93.2391
2019-10-07,92.9851
2019-10-08,93.0179
2019-10-09,92.9687
2019-10-10,92.6492
2019-10-11,92.3461
2019-10-14,92.5018
2019-10-15,92.1987
2019-10-16,92.3625
2019-10-17,92.3379
2019-10-18,92.4035
2019-10-21,92.1495
2019-10-22,92.2888
2019-10-23,92.3625
2019-10-24,92.3871
2019-10-25,92.256
2019-10-28,92.0594
2019-10-29,92.0676
2019-10-30,92.3298
2019-10-31,92.6902
2019-11-01,92.7156
2019-11-04,92.4858
2019-11-05,92.1409
2019-11-06,92.2805
2019-11-07,91.8454
2019-11-08,91.7961
2019-11-11,91.8125
2019-11-12,91.911
2019-11-13,92.0752
2019-11-14,92.338
2019-11-15,92.2887
2019-11-18,92.4611
2019-11-19,92.5268
2019-11-20,92.7485
2019-11-21,92.6171
2019-11-22,92.6664
2019-11-25,92.7567
2019-11-26,92.8881
2019-11-27,92.7731
2019-11-29,92.6582
2019-12-02,92.5561
2019-12-03,92.9757
2019-12-04,92.8194
2019-12-05,92.7125
2019-12-06,92.5808
2019-12-09,92.6302
2019-12-10,92.5973
2019-12-11,92.8441
2019-12-12,92.4492
2019-12-13,92.8194
2019-12-16,92.6302
2019-12-17,92.6384
2019-12-18,92.4574
2019-12-19,92.5572
2019-12-20,92.5736
2019-12-23,92.5077
2019-12-24,92.6231
2019-12-26,92.7055
2019-12-27,92.8291
2019-12-30,92.8291
2019-12-31,92.6148
2020-01-02,92.8703
2020-01-03,93.1423
2020-01-06,93.0681
2020-01-07,92.9693
2020-01-08,92.8621
2020-01-09,92.961
2020-01-10,93.1176
2020-01-13,93.0599
2020-01-14,93.1423
2020-01-15,93.2824
2020-01-16,93.2824
2020-01-17,93.1753
2020-01-21,93.439
2020-01-22,93.4885
2020-01-23,93.6121
2020-01-24,93.7852
2020-01-27,94.0736
2020-01-28,93.9912
2020-01-29,94.2056
2020-01-30,94.2138
2020-01-31,94.494
2020-02-03,94.4635
2020-02-04,94.1496
2020-02-05,94.0092
2020-02-06,94.067
2020-02-07,94.3395
2020-02-10,94.4469
2020-02-11,94.3313
2020-02-12,94.2322
2020-02-13,94.2983
2020-02-14,94.3973
2020-02-18,94.5212
2020-02-19,94.4965
2020-02-20,94.7112
2020-02-21,94.9012
2020-02-24,95.2068
2020-02-25,95.372
2020-02-26,95.2729
2020-02-27,95.2894
2020-02-28,95.9914
2020-03-02,95.9575
2020-03-03,96.6113
2020-03-04,96.5369
2020-03-05,96.8348
2020-03-06,97.5466
2020-03-09,97.4225
2020-03-10,96.3216
2020-03-11,94.9478
2020-03-12,91.1489
2020-03-13,92.5807
2020-03-16,94.1284
2020-03-17,91.6951
2020-03-18,88.2025
2020-03-19,90.1722
2020-03-20,91.0661
2020-03-23,93.2263
2020-03-24,93.996
2020-03-25,94.956
2020-03-26,95.2457
2020-03-27,95.6513
2020-03-30,95.7423
2020-03-31,95.4857
2020-04-01,95.1614
2020-04-02,95.3024
2020-04-03,95.3688
2020-04-06,95.8333
2020-04-07,95.966
2020-04-08,96.0572
2020-04-09,97.2516
2020-04-13,96.7954
2020-04-14,96.8452
2020-04-15,97.2433
2020-04-16,97.3677
2020-04-17,97.2516
2020-04-20,97.1106
2020-04-21,97.1604
2020-04-22,97.1604
2020-04-23,97.3926
2020-04-24,97.3429
2020-04-27,96.895
2020-04-28,97.2765
2020-04-29,97.3429
2020-04-30,97.1272
2020-05-01,97.1322
2020-05-04,97.2153
2020-05-05,97.1405
2020-05-06,96.7499
2020-05-07,97.049
2020-05-08,96.7914
2020-05-11,96.5005
2020-05-12,96.7499
2020-05-13,96.9078
2020-05-14,97.207
2020-05-15,97.2651
2020-05-18,97.1238
2020-05-19,97.2319
2020-05-20,97.4813
2020-05-21,97.556
2020-05-22,97.6059
2020-05-26,97.448
2020-05-27,97.5893
2020-05-28,97.5228
2020-05-29,97.7804
2020-06-01,97.7255
2020-06-02,97.8087
2020-06-03,97.5673
2020-06-04,97.2759
2020-06-05,97.3342
2020-06-08,97.4424
2020-06-09,97.5673
2020-06-10,97.9669
2020-06-11,97.8004
2020-06-12,97.9003
2020-06-15,98.2251
2020-06-16,98.0336
2020-06-17,97.9503
2020-06-18,98.0502
2020-06-19,98.0835
2020-06-22,98.0585
2020-06-23,98.0419
2020-06-24,98.0253
2020-06-25,98.1418
2020-06-26,98.2584
2020-06-29,98.3417
2020-06-30,98.4249
2020-07-01,98.4775
2020-07-02,98.5942
2020-07-06,98.5859
2020-07-07,98.7361
2020-07-08,98.7027
2020-07-09,98.9613
2020-07-10,98.8445
2020-07-13,98.8362
2020-07-14,98.9947
2020-07-15,99.003
2020-07-16,99.0697
2020-07-17,99.1698
2020-07-20,99.2783
2020-07-21,99.3367
2020-07-22,99.4201
2020-07-23,99.5369
2020-07-24,99.5035
2020-07-27,99.4368
2020-07-28,99.5035
2020-07-29,99.6203
2020-07-30,99.6954
2020-07-31,99.7371
2020-08-03,99.7764
2020-08-04,99.9686
2020-08-05,99.7764
2020-08-06,99.9185
2020-08-07,99.8015
2020-08-10,99.7095
2020-08-11,99.4337
2020-08-12,99.2332
2020-08-13,98.8655
2020-08-14,98.7736
2020-08-17,98.9073
2020-08-18,99.0494
2020-08-19,98.899
2020-08-20,99.0744
2020-08-21,99.1747
2020-08-24,99.133
2020-08-25,98.924
2020-08-26,98.9073
2020-08-27,98.5647
2020-08-28,98.6984
2020-08-31,98.9157
2020-09-01,99.1207
2020-09-02,99.3216
2020-09-03,99.3467
2020-09-04,98.8529
2020-09-08,98.9617
2020-09-09,98.9533
2020-09-10,98.9617
2020-09-11,99.0789
2020-09-14,99.0872
2020-09-15,99.0956
2020-09-16,99.0454
2020-09-17,99.0705
2020-09-18,98.9533
2020-09-21,98.9701
2020-09-22,99.0454
2020-09-23,98.8362
2020-09-24,98.8445
2020-09-25,98.878
2020-09-28,98.9617
2020-09-29,98.9784
2020-09-30,98.8194
2020-10-01,98.9552
2020-10-02,98.8546
2020-10-05,98.536
2020-10-06,98.6198
2020-10-07,98.5528
2020-10-08,98.6785
2020-10-09,98.7037
2020-10-12,98.8966
2020-10-13,98.9217
2020-10-14,98.9804
2020-10-15,98.8966
2020-10-16,98.8462
2020-10-19,98.7289
2020-10-20,98.645
2020-10-21,98.5276
2020-10-22,98.3515
2020-10-23,98.4941
2020-10-26,98.6282
2020-10-27,98.8546
2020-10-28,98.7121
2020-10-29,98.536
2020-10-30,98.2677
2020-11-02,98.4457
2020-11-03,98.4037
2020-11-04,99.0589
2020-11-05,99.1512
2020-11-06,98.9328
2020-11-09,98.471
2020-11-10,98.3113
2020-11-11,98.3701
2020-11-12,98.7817
2020-11-13,98.7985
2020-11-16,98.79
2020-11-17,98.9917
2020-11-18,99.0589
2020-11-19,99.2436
2020-11-20,99.3444
2020-11-23,99.3192
2020-11-24,99.1848
2020-11-25,99.1512
2020-11-27,99.3192
2020-11-30,99.4535
2020-12-01,99.1389
2020-12-02,99.0295
2020-12-03,99.1978
2020-12-04,98.9286
2020-12-07,99.08
2020-12-08,99.0884
2020-12-09,98.9454
2020-12-10,99.1894
2020-12-11,99.2988
2020-12-14,99.2399
2020-12-15,99.2988
2020-12-16,99.2567
2020-12-17,99.2525
2020-12-18,99.2019
2020-12-21,99.2019
2020-12-22,99.3451
2020-12-23,99.2777
2020-12-24,99.3704
2020-12-28,99.3872
2020-12-29,99.404
2020-12-30,99.463
2020-12-31,99.5388
2021-01-04,99.4125
2021-01-05,99.3114
2021-01-06,98.823
2021-01-07,98.7219
2021-01-08,98.604
2021-01-11,98.4439
2021-01-12,98.5282
2021-01-13,98.8398
2021-01-14,98.6461
2021-01-15,98.7471
2021-01-19,98.8819
2021-01-20,98.8903
2021-01-21,98.7471
2021-01-22,98.7471
2021-01-25,98.9998
2021-01-26,98.9661
2021-01-27,98.9745
2021-01-28,98.9072
2021-01-29,98.7977
2021-02-01,98.8922
2021-02-02,98.7403
2021-02-03,98.6222
2021-02-04,98.58
2021-02-05,98.4535
2021-02-08,98.5547
2021-02-09,98.5969
2021-02-10,98.6897
2021-02-11,98.5716
2021-02-12,98.3438
2021-02-16,97.8799
2021-02-17,98.0739
2021-02-18,98.0233
2021-02-19,97.7196
2021-02-22,97.4159
2021-02-23,97.4412
2021-02-24,97.4075
2021-02-25,96.5133
2021-02-26,97.2978
2021-03-01,97.2471
2021-03-02,97.264
2021-03-03,96.9091
2021-03-04,96.6303
2021-03-05,96.5627
2021-03-08,96.1825
2021-03-09,96.5458
2021-03-10,96.7063
2021-03-11,96.6979
2021-03-12,96.1486
2021-03-15,96.25
2021-03-16,96.2162
2021-03-17,96.2078
2021-03-18,95.836
2021-03-19,95.9121
2021-03-22,96.0979
2021-03-23,96.343
2021-03-24,96.4613
2021-03-25,96.4106
2021-03-26,96.25
2021-03-29,96.0895
2021-03-30,96.1656
2021-03-31,96.1825
2021-04-01,96.5057
2021-04-05,96.3111
2021-04-06,96.6496
2021-04-07,96.4972
2021-04-08,96.7342
2021-04-09,96.6242
2021-04-12,96.5988
2021-04-13,96.8781
2021-04-14,96.8019
2021-04-15,97.1827
2021-04-16,96.9288
2021-04-19,96.8527
2021-04-20,97.005
2021-04-21,97.0981
2021-04-22,97.1235
2021-04-23,97.1065
2021-04-26,97.0219
2021-04-27,96.785
2021-04-28,96.8358
2021-04-29,96.785
2021-04-30,96.8865
2021-05-03,96.9484
2021-05-04,97.0671
2021-05-05,97.1434
2021-05-06,97.1603
2021-05-07,97.1348
2021-05-10,96.9823
2021-05-11,96.7704
2021-05-12,96.4314
2021-05-13,96.6517
2021-05-14,96.8721
2021-05-17,96.7874
2021-05-18,96.6687
2021-05-19,96.5331
2021-05-20,96.8636
2021-05-21,96.906
2021-05-24,96.9992
2021-05-25,97.2366
2021-05-26,97.2026
2021-05-27,97.084
2021-05-28,97.084
2021-06-01,97.039
2021-06-02,97.1663
2021-06-03,96.9372
2021-06-04,97.3361
2021-06-07,97.2682
2021-06-08,97.4464
2021-06-09,97.6416
2021-06-10,97.8453
2021-06-11,97.8029
2021-06-14,97.5568
2021-06-15,97.5992
2021-06-16,97.2852
2021-06-17,97.5907
2021-06-18,97.8539
2021-06-21,97.5992
2021-06-22,97.701
2021-06-23,97.6501
2021-06-24,97.6841
2021-06-25,97.4889
2021-06-28,97.7689
2021-06-29,97.8199
2021-06-30,97.8878
2021-07-01,97.8334
2021-07-02,98.0459
2021-07-06,98.3603
2021-07-07,98.5303
2021-07-08,98.6408
2021-07-09,98.3178
2021-07-12,98.2583
2021-07-13,98.0459
2021-07-14,98.3773
2021-07-15,98.5898
2021-07-16,98.5048
2021-07-19,99.0233
2021-07-20,98.9298
2021-07-21,98.6068
2021-07-22,98.8363
2021-07-23,98.7683
2021-07-26,98.6833
2021-07-27,98.9128
2021-07-28,99.0063
2021-07-29,98.8448
2021-07-30,98.9808
2021-08-02,99.191
2021-08-03,99.2251
2021-08-04,99.2165
2021-08-05,98.9952
2021-08-06,98.5527
2021-08-09,98.3739
2021-08-10,98.2462
2021-08-11,98.3399
2021-08-12,98.3483
2021-08-13,98.7059
2021-08-16,98.7569
2021-08-17,98.6803
2021-08-18,98.6888
2021-08-19,98.859
2021-08-20,98.8676
2021-08-23,98.8676
2021-08-24,98.7229
2021-08-25,98.5356
2021-08-26,98.5441
2021-08-27,98.8165
2021-08-30,98.9271
2021-08-31,98.7824
2021-09-01,98.814
2021-09-02,98.9163
2021-09-03,98.7458
2021-09-07,98.4816
2021-09-08,98.6435
2021-09-09,98.9589
2021-09-10,98.7628
2021-09-13,98.8907
2021-09-14,99.1123
2021-09-15,99.0185
2021-09-16,98.8481
2021-09-17,98.7628
2021-09-20,98.9504
2021-09-21,98.993
2021-09-22,99.0271
2021-09-23,98.5412
2021-09-24,98.3708
2021-09-27,98.2344
2021-09-28,97.8252
2021-09-29,97.8934
2021-09-30,97.8764
2021-10-01,98.1752
2021-10-04,98.1069
2021-10-05,97.8764
2021-10-06,97.9191
2021-10-07,97.6459
2021-10-08,97.4325
2021-10-11,97.2788
2021-10-12,97.6374
2021-10-13,97.8593
2021-10-14,98.0471
2021-10-15,97.8081
2021-10-18,97.7398
2021-10-19,97.4581
2021-10-20,97.3898
2021-10-21,97.1849
2021-10-22,97.3727
2021-10-25,97.4666
2021-10-26,97.6459
2021-10-27,97.9703
2021-10-28,97.8935
2021-10-29,97.8678
2021-11-01,97.808
2021-11-02,98.0047
2021-11-03,97.808
2021-11-04,98.1329
2021-11-05,98.5177
2021-11-08,98.3381
2021-11-09,98.6117
2021-11-10,97.9448
2021-11-11,97.7652
2021-11-12,97.7481
2021-11-15,97.389
2021-11-16,97.3548
2021-11-17,97.5857
2021-11-18,97.6712
2021-11-19,97.8593
2021-11-22,97.389
2021-11-23,97.0042
2021-11-24,97.2266
2021-11-26,97.9192
2021-11-29,97.9705
2021-11-30,98.1329
2021-12-01,98.1518
2021-12-02,98.1346
2021-12-03,98.5285
2021-12-06,98.186
2021-12-07,98.0319
2021-12-08,97.775
2021-12-09,97.7835
2021-12-10,97.8093
2021-12-13,98.1518
2021-12-14,97.9634
2021-12-15,97.8863
2021-12-16,98.0209
2021-12-17,98.1409
2021-12-20,97.9952
2021-12-21,97.918
2021-12-22,98.0037
2021-12-23,97.8837
2021-12-27,97.9352
2021-12-28,97.8923
2021-12-29,97.6009
2021-12-30,97.8152
2021-12-31,97.7809
2022-01-03,97.1123
2022-01-04,97.1038
2022-01-05,96.8038
2022-01-06,96.701
2022-01-07,96.4181
2022-01-10,96.3324
2022-01-11,96.5123
2022-01-12,96.5123
2022-01-13,96.6838
2022-01-14,96.1438
2022-01-18,95.5609
2022-01-19,95.7666
2022-01-20,95.8181
2022-01-21,96.1952
2022-01-24,96.0838
2022-01-25,95.9895
2022-01-26,95.4495
2022-01-27,95.7666
2022-01-28,95.8352
2022-01-31,95.8266
2022-02-01,95.7932
2022-02-02,95.8962
2022-02-03,95.5099
2022-02-04,94.909
2022-02-07,94.9949
2022-02-08,94.703
2022-02-09,94.7631
2022-02-10,93.8876
2022-02-11,94.5056
2022-02-14,93.9563
2022-02-15,93.8018
2022-02-16,93.9134
2022-02-17,94.1108
2022-02-18,94.3082
2022-02-22,94.2052
2022-02-23,93.7846
2022-02-24,93.9563
2022-02-25,94.0507
2022-02-28,94.7288
2022-03-01,95.2626
2022-03-02,94.1193
2022-03-03,94.4374
2022-03-04,94.8157
2022-03-07,94.2655
2022-03-08,93.9302
2022-03-09,93.7325
2022-03-10,93.2082
2022-03-11,93.191
2022-03-14,92.2884
2022-03-15,92.4947
2022-03-16,92.5634
2022-03-17,92.7182
2022-03-18,92.9245
2022-03-21,92.0133
2022-03-22,91.764
2022-03-23,92.1422
2022-03-24,91.9359
2022-03-25,91.2052
2022-03-28,91.4287
2022-03-29,91.8585
2022-03-30,92.1079
2022-03-31,92.0649
2022-04-01,91.9013
2022-04-04,91.9787
2022-04-05,91.049
2022-04-06,90.8166
2022-04-07,90.6185
2022-04-08,90.1623
2022-04-11,89.7749
2022-04-12,90.0589
2022-04-13,90.2397
2022-04-14,89.508
2022-04-18,89.2324
2022-04-19,88.6901
2022-04-20,89.1981
2022-04-21,88.7073
2022-04-22,88.6212
2022-04-25,89.2153
2022-04-26,89.4907
2022-04-27,89.1292
2022-04-28,89.0947
2022-04-29,88.561
2022-05-02,88.0789
2022-05-03,88.2772
2022-05-04,88.8464
2022-05-05,87.9668
2022-05-06,87.5959
2022-05-09,88.0272
2022-05-10,88.2945
2022-05-11,88.6222
2022-05-12,88.7861
2022-05-13,88.4066
2022-05-16,88.6049
2022-05-17,88.122
2022-05-18,88.4756
2022-05-19,88.6999
2022-05-20,88.9672
2022-05-23,88.6739
2022-05-24,89.3553
2022-05-25,89.7261
2022-05-26,89.6571
2022-05-27,89.8037
2022-05-31,89.2345
2022-06-01,88.8682
2022-06-02,88.9805
2022-06-03,88.8336
2022-06-06,88.2894
2022-06-07,88.6263
2022-06-08,88.2634
2022-06-09,88.1684
2022-06-10,87.4859
2022-06-13,86.0517
2022-06-14,85.5419
2022-06-15,86.4923
2022-06-16,86.6996
2022-06-17,86.691
2022-06-21,86.3454
2022-06-22,87.0798
2022-06-23,87.4426
2022-06-24,87.3044
2022-06-27,86.9156
2022-06-28,86.9502
2022-06-29,87.4513
2022-06-30,87.8487
2022-07-01,88.581
2022-07-05,88.7454
2022-07-06,88.1482
2022-07-07,87.9491
2022-07-08,87.6202
2022-07-11,88.027
2022-07-12,88.1482
2022-07-13,88.4685
2022-07-14,88.1569
2022-07-15,88.5031
2022-07-18,88.2175
2022-07-19,88.0963
2022-07-20,88.0357
2022-07-21,88.7714
2022-07-22,89.4638
2022-07-25,89.135
2022-07-26,89.1176
2022-07-27,89.4292
2022-07-28,90.0697
2022-07-29,90.0784
2022-08-01,90.3906
2022-08-02,89.4627
2022-08-03,89.8616
2022-08-04,90.0784
2022-08-05,89.0724
2022-08-08,89.48
2022-08-09,89.2805
2022-08-10,89.506
2022-08-11,89.0291
2022-08-12,89.428
2022-08-15,89.5407
2022-08-16,89.4106
2022-08-17,88.8816
2022-08-18,89.0724
2022-08-19,88.448
2022-08-22,88.0664
2022-08-23,88.0318
2022-08-24,87.7976
2022-08-25,88.2833
2022-08-26,88.1185
2022-08-29,87.6935
2022-08-30,87.8062
2022-08-31,87.338
2022-09-01,86.9591
2022-09-02,87.2111
2022-09-06,86.3943
2022-09-07,86.9939
2022-09-08,86.7158
2022-09-09,86.7071
2022-09-12,86.5767
2022-09-13,86.0901
2022-09-14,86.2031
2022-09-15,85.9424
2022-09-16,85.8815
2022-09-19,85.7512
2022-09-20,85.3689
2022-09-21,85.6382
2022-09-22,84.7258
2022-09-23,84.4651
2022-09-26,83.3789
2022-09-27,83.0226
2022-09-28,84.3608
2022-09-29,83.9176
2022-09-30,83.7178
2022-10-03,84.3979
2022-10-04,84.6244
2022-10-05,84.1802
2022-10-06,83.8493
2022-10-07,83.4051
2022-10-10,83.0307
2022-10-11,83.0829
2022-10-12,83.1526
2022-10-13,82.8913
2022-10-14,82.4385
2022-10-17,82.6127
2022-10-18,82.752
2022-10-19,82.0378
2022-10-20,81.5414
2022-10-21,81.6634
2022-10-24,81.5501
2022-10-25,82.3514
2022-10-26,82.7171
2022-10-27,83.1351
2022-10-28,82.9262
2022-10-31,82.6475
2022-11-01,82.8011
2022-11-02,82.6614
2022-11-03,82.3559
2022-11-04,82.3472
2022-11-07,82.0854
2022-11-08,82.4345
2022-11-09,82.5305
2022-11-10,84.3025
2022-11-11,84.2413
2022-11-14,84.0056
2022-11-15,84.6254
2022-11-16,85.1491
2022-11-17,84.7912
2022-11-18,84.669
2022-11-21,84.6167
2022-11-22,85.0531
2022-11-23,85.5594
2022-11-25,85.5769
2022-11-28,85.4372
2022-11-29,85.1317
2022-11-30,85.7951
2022-12-01,86.509
2022-12-02,86.8677
2022-12-05,86.1852
2022-12-06,86.439
2022-12-07,87.2089
2022-12-08,86.9464
2022-12-09,86.4302
2022-12-12,86.4477
2022-12-13,87.0252
2022-12-14,87.2176
2022-12-15,87.3456
2022-12-16,87.1176
2022-12-19,86.5828
2022-12-20,85.9953
2022-12-21,86.232
2022-12-22,86.2057
2022-12-23,85.9076
2022-12-27,85.285
2022-12-28,85.1359
2022-12-29,85.4516
2022-12-30,85.0482
2023-01-03,85.548
2023-01-04,86.0215
2023-01-05,85.9514
2023-01-06,86.8897
2023-01-09,87.1089
2023-01-10,86.7757
2023-01-11,87.3106
2023-01-12,87.9419
2023-01-13,87.6174
2023-01-17,87.4597
2023-01-18,88.3277
2023-01-19,88.1261
2023-01-20,87.7665
2023-01-23,87.5473
2023-01-24,87.9331
2023-01-25,88.0384
2023-01-26,87.8893
2023-01-27,87.7578
2023-01-30,87.521
2023-01-31,87.8805
2023-02-01,88.5002
2023-02-02,88.5969
2023-02-03,87.7443
2023-02-06,87.2608
2023-02-07,87.1114
2023-02-08,87.2345
2023-02-09,86.8916
2023-02-10,86.5137
2023-02-13,86.7774
2023-02-14,86.4697
2023-02-15,86.3027
2023-02-16,85.9423
2023-02-17,86.1445
2023-02-21,85.3358
2023-02-22,85.5643
2023-02-23,85.8719
2023-02-24,85.3797
2023-02-27,85.5467
2023-02-28,85.5379
2023-03-01,85.048
2023-03-02,84.8718
2023-03-03,85.5415
2023-03-06,85.33
2023-03-07,85.2154
2023-03-08,85.1273
2023-03-09,85.4357
2023-03-10,86.4314
2023-03-13,87.1187
2023-03-14,86.6077
2023-03-15,87.4712
2023-03-16,87.1275
2023-03-17,87.6738
2023-03-20,87.3213
2023-03-21,87.057
2023-03-22,87.8941
2023-03-23,88.1056
2023-03-24,88.2554
2023-03-27,87.3037
2023-03-28,87.1716
2023-03-29,87.2773
2023-03-30,87.3742
2023-03-31,87.7972
2023-04-03,88.1788
2023-04-04,88.5056
2023-04-05,88.806
2023-04-06,88.7265
2023-04-10,88.117
2023-04-11,88.17
2023-04-12,88.276
2023-04-13,88.2406
2023-04-14,87.8078
2023-04-17,87.3661
2023-04-18,87.4898
2023-04-19,87.3573
2023-04-20,87.7548
2023-04-21,87.6046
2023-04-24,87.9491
2023-04-25,88.4968
2023-04-26,88.17
2023-04-27,87.8519
2023-04-28,88.3025
2023-05-01,87.3983
2023-05-02,88.2485
2023-05-03,88.6381
2023-05-04,88.5319
2023-05-05,88.2485
2023-05-08,87.7614
2023-05-09,87.6817
2023-05-10,88.2485
2023-05-11,88.5141
2023-05-12,88.0182
2023-05-15,87.7968
2023-05-16,87.5931
2023-05-17,87.4603
2023-05-18,87.0529
2023-05-19,86.8581
2023-05-22,86.7784
2023-05-23,86.8758
2023-05-24,86.6544
2023-05-25,86.3356
2023-05-26,86.4064
2023-05-30,86.9821
2023-05-31,87.292
2023-06-01,87.5566
2023-06-02,87.0949
2023-06-05,87.086
2023-06-06,87.1926
2023-06-07,86.7309
2023-06-08,87.1926
2023-06-09,86.9884
2023-06-12,87.1393
2023-06-13,86.7309
2023-06-14,86.8108
2023-06-15,87.4146
2023-06-16,87.1393
2023-06-20,87.2991
2023-06-21,87.4412
2023-06-22,86.9884
2023-06-23,87.2458
2023-06-26,87.3524
2023-06-27,87.1837
2023-06-28,87.4412
2023-06-29,86.7664
2023-06-30,86.9706
2023-07-03,86.8682
2023-07-05,86.4765
2023-07-06,85.9157
2023-07-07,85.9335
2023-07-10,86.1739
2023-07-11,86.3608
2023-07-12,87.0641
2023-07-13,87.6071
2023-07-14,87.1887
2023-07-17,87.2867
2023-07-18,87.3579
2023-07-19,87.6249
2023-07-20,87.1709
2023-07-21,87.2332
2023-07-24,87.073
2023-07-25,86.9751
2023-07-26,87.2599
2023-07-27,86.5121
2023-07-28,86.8504
2023-07-31,86.9572
2023-08-01,86.3815
2023-08-02,86.1762
2023-08-03,85.596
2023-08-04,86.3012
2023-08-07,86.319
2023-08-08,86.5243
2023-08-09,86.5868
2023-08-10,86.0244
2023-08-11,85.7566
2023-08-14,85.6941
2023-08-15,85.4621
2023-08-16,85.2568
2023-08-17,85.1675
2023-08-18,85.355
2023-08-21,84.9265
2023-08-22,85.0158
2023-08-23,85.8281
2023-08-24,85.6317
2023-08-25,85.5781
2023-08-28,85.7656
2023-08-29,86.319
2023-08-30,86.2833
2023-08-31,86.4083
2023-09-01,85.9607
2023-09-05,85.4953
2023-09-06,85.4148
2023-09-07,85.6833
2023-09-08,85.7281
2023-09-11,85.6296
2023-09-12,85.6564
2023-09-13,85.7818
2023-09-14,85.6654
2023-09-15,85.4685
2023-09-18,85.5938
2023-09-19,85.3431
2023-09-20,85.2984
2023-09-21,84.7166
2023-09-22,85.0746
2023-09-25,84.4034
2023-09-26,84.296
2023-09-27,84.0006
2023-09-28,84.2512
2023-09-29,84.1706
2023-10-02,83.5846
2023-10-03,82.9294
2023-10-04,83.5128
2023-10-05,83.5666
2023-10-06,83.2435
2023-10-09,84.1051
2023-10-10,84.0243
2023-10-11,84.4103
2023-10-12,83.6833
2023-10-13,84.0423
2023-10-16,83.5756
2023-10-17,82.9743
2023-10-18,82.5883
2023-10-19,82.2742
2023-10-20,82.5704
2023-10-23,82.8935
2023-10-24,83.1897
2023-10-25,82.5704
2023-10-26,83.1269
2023-10-27,83.0999
2023-10-30,82.9025
2023-10-31,82.8486
2023-11-01,83.7641
2023-11-02,84.2682
2023-11-03,84.7814
2023-11-06,84.3583
2023-11-07,84.8084
2023-11-08,85.0964
2023-11-09,84.3853
2023-11-10,84.5833
2023-11-13,84.5743
2023-11-14,85.6366
2023-11-15,85.1054
2023-11-16,85.5736
2023-11-17,85.7446
2023-11-20,85.8796
2023-11-21,85.9696
2023-11-22,86.0506
2023-11-24,85.6546
2023-11-27,86.1407
2023-11-28,86.5188
2023-11-29,86.9419
2023-11-30,86.6538
2023-12-01,87.4157
2023-12-04,87.0817
2023-12-05,87.6595
2023-12-06,87.8852
2023-12-07,87.9123
2023-12-08,87.4699
2023-12-11,87.4789
2023-12-12,87.7408
2023-12-13,88.8421
2023-12-14,89.5592
2023-12-15,89.3509
2023-12-18,89.1699
2023-12-19,89.2785
2023-12-20,89.6044
2023-12-21,89.5954
2023-12-22,89.4777
2023-12-26,89.6588
2023-12-27,90.2292
2023-12-28,90.03
2023-12-29,89.8579
2024-01-02,89.4324
2024-01-03,89.4777
2024-01-04,89.1155
2024-01-05,88.9073
2024-01-08,89.2423
2024-01-09,89.2242
2024-01-10,89.0522
2024-01-11,89.5592
2024-01-12,89.7221
2024-01-16,89.0522
2024-01-17,88.8077
2024-01-18,88.7262
2024-01-19,88.7443
2024-01-22,88.9073
2024-01-23,88.69
2024-01-24,88.4908
2024-01-25,88.8892
2024-01-26,88.7896
2024-01-29,89.1427
2024-01-30,89.3147
2024-01-31,89.7221
2024-02-01,90.2334
2024-02-02,89.4071
2024-02-05,88.6715
2024-02-06,89.1346
2024-02-07,88.953
2024-02-08,88.6806
2024-02-09,88.6533
2024-02-12,88.6715
2024-02-13,87.8543
2024-02-14,88.2447
2024-02-15,88.4536
2024-02-16,88.1721
2024-02-20,88.2538
2024-02-21,87.9905
2024-02-22,88.0631
2024-02-23,88.39
2024-02-26,88.1993
2024-02-27,88.0813
2024-02-28,88.2538
2024-02-29,88.3991
2024-03-01,88.8235
2024-03-04,88.6049
2024-03-05,89.0876
2024-03-06,89.2242
2024-03-07,89.4155
2024-03-08,89.4975
2024-03-11,89.3973
2024-03-12,89.1696
2024-03-13,89.0056
2024-03-14,88.441
2024-03-15,88.4319
2024-03-18,88.3408
2024-03-19,88.5594
2024-03-20,88.7415
2024-03-21,88.8053
2024-03-22,89.0876
2024-03-25,88.9237
2024-03-26,89.0148
2024-03-27,89.3062
2024-03-28,89.1969
2024-04-01,88.5484
2024-04-02,88.4844
2024-04-03,88.5392
2024-04-04,88.7493
2024-04-05,88.3109
2024-04-08,88.2287
2024-04-09,88.5301
2024-04-10,87.4705
2024-04-11,87.4888
2024-04-12,87.6532
2024-04-15,87.1234
2024-04-16,86.8768
2024-04-17,87.2787
2024-04-18,87.0321
2024-04-19,87.1234
2024-04-22,87.1782
2024-04-23,87.3609
2024-04-24,87.1325
2024-04-25,86.8859
2024-04-26,87.0777
2024-04-29,87.3426
2024-04-30,86.9864
2024-05-01,87.2933
2024-05-02,87.6873
2024-05-03,88.1363
2024-05-06,88.2005
2024-05-07,88.3837
2024-05-08,88.2005
2024-05-09,88.3654
2024-05-10,88.1821
2024-05-13,88.228
2024-05-14,88.4662
2024-05-15,89.0526
2024-05-16,88.9518
2024-05-17,88.6678
2024-05-20,88.5853
2024-05-21,88.7502
2024-05-22,88.6403
2024-05-23,88.3929
2024-05-24,88.4937
2024-05-28,88.0813
2024-05-29,87.7423
2024-05-30,88.1546
2024-05-31,88.4387
2024-06-03,88.9736
2024-06-04,89.2953
2024-06-05,89.5711
2024-06-06,89.5987
2024-06-07,88.8082
2024-06-10,88.7346
2024-06-11,89.038
2024-06-12,89.4608
2024-06-13,89.9112
2024-06-14,90.0031
2024-06-17,89.6814
2024-06-18,90.0031
2024-06-20,89.8468
2024-06-21,89.856
2024-06-24,89.9295
2024-06-25,89.9204
2024-06-26,89.5159
2024-06-27,89.663
2024-06-28,89.2218
2024-07-01,88.7433
2024-07-02,89.0383
2024-07-03,89.5178
2024-07-05,89.9696
2024-07-08,89.9972
2024-07-09,89.9142
2024-07-10,90.0064
2024-07-11,90.4674
2024-07-12,90.7164
2024-07-15,90.4029
2024-07-16,90.7717
2024-07-17,90.8362
2024-07-18,90.5873
2024-07-19,90.4029
2024-07-22,90.366
2024-07-23,90.3568
2024-07-24,90.0802
2024-07-25,90.3291
2024-07-26,90.6518
2024-07-29,90.7994
2024-07-30,90.8916
2024-07-31,91.3802
2024-08-01,91.7631
2024-08-02,92.7897
2024-08-05,92.7157
2024-08-06,92.1608
2024-08-07,91.8833
2024-08-08,91.7446
2024-08-09,92.0683
2024-08-12,92.2255
2024-08-13,92.5955
2024-08-14,92.7619
2024-08-15,92.3735
2024-08-16,92.5955
2024-08-19,92.6972
2024-08-20,92.9746
2024-08-21,93.1504
2024-08-22,92.7712
2024-08-23,93.1966
2024-08-26,93.1134
2024-08-27,93.1411
2024-08-28,93.0579
2024-08-29,92.9377
2024-08-30,92.7157
2024-09-03,93.1072
2024-09-04,93.5154
2024-09-05,93.7566
2024-09-06,93.8772
2024-09-09,94.0164
2024-09-10,94.304
2024-09-11,94.2762
2024-09-12,94.1926
2024-09-13,94.3875
2024-09-16,94.6101
2024-09-17,94.5173
2024-09-18,94.2205
2024-09-19,94.2298
2024-09-20,94.1462
2024-09-23,94.1091
2024-09-24,94.239
2024-09-25,93.8772
2024-09-26,93.8958
2024-09-27,94.1648
2024-09-30,93.9514
2024-10-01,94.1999
2024-10-02,94.0045
2024-10-03,93.6229
2024-10-04,93.0181
2024-10-07,92.7017
2024-10-08,92.8599
2024-10-09,92.6179
2024-10-10,92.5621
2024-10-11,92.59
2024-10-14,92.5063
2024-10-15,92.8785
2024-10-16,92.9995
2024-10-17,92.5435
2024-10-18,92.6087
2024-10-21,91.9666
2024-10-22,91.9852
2024-10-23,91.7526
2024-10-24,91.9293
2024-10-25,91.7432
2024-10-28,91.5944
2024-10-29,91.6967
2024-10-30,91.6037
2024-10-31,91.585
2024-11-01,91.221
2024-11-04,91.6037
2024-11-05,91.8184
2024-11-06,91.0996
2024-11-07,91.7904
2024-11-08,91.9491
2024-11-11,91.7437
2024-11-12,91.2116
2024-11-13,91.193
2024-11-14,91.1556
2024-11-15,91.165
2024-11-18,91.249
2024-11-19,91.3797
2024-11-20,91.2863
2024-11-21,91.2396
2024-11-22,91.305
2024-11-25,92.1265
2024-11-26,91.9865
2024-11-27,92.2384
2024-11-29,92.6025
2024-12-02,92.6138
2024-12-03,92.4359
2024-12-04,92.7355
2024-12-05,92.7542
2024-12-06,93.0164
2024-12-09,92.7449
2024-12-10,92.6325
2024-12-11,92.4171
2024-12-12,92.0426
2024-12-13,91.6961
2024-12-16,91.7804
2024-12-17,91.7804
2024-12-18,91.0814
2024-12-19,90.8465
2024-12-20,91.0908
2024-12-23,90.8089
2024-12-24,90.9123
2024-12-26,90.978
2024-12-27,90.7902
2024-12-30,91.1471
2024-12-31,91.0344
2025-01-02,91.0438
2025-01-03,90.9499
2025-01-06,90.8559
2025-01-07,90.5365
2025-01-08,90.6398
2025-01-10,90.1325
2025-01-13,90.048
2025-01-14,90.0761
2025-01-15,90.8559
2025-01-16,91.0532
2025-01-17,91.0532
2025-01-21,91.3538
2025-01-22,91.1378
2025-01-23,90.9874
2025-01-24,91.1378
2025-01-27,91.6451
2025-01-28,91.6169
2025-01-29,91.5605
2025-01-30,91.6921
2025-01-31,91.5042
2025-02-03,91.5909
2025-02-04,91.7605
2025-02-05,92.2507
2025-02-06,92.1564
2025-02-07,91.8642
2025-02-10,91.8925
2025-02-11,91.6851
2025-02-12,91.2044
2025-02-13,91.7511
2025-02-14,92.0904
2025-02-18,91.7228
2025-02-19,91.8548
2025-02-20,91.9962
2025-02-21,92.392
2025-02-24,92.5523
2025-02-25,93.1273
2025-02-26,93.2781
2025-02-27,93.1367
2025-02-28,93.5514
2025-03-03,93.7538
2025-03-04,93.5174
2025-03-05,93.1959
2025-03-06,93.1014
2025-03-07,92.9879
2025-03-10,93.4323
2025-03-11,93.1014
2025-03-12,92.8272
2025-03-13,93.1109
2025-03-14,92.9217
2025-03-17,93.0447
2025-03-18,93.1392
2025-03-19,93.4134
2025-03-20,93.4701
2025-03-21,93.3567
2025-03-24,92.9974
2025-03-25,93.0825
2025-03-26,92.8556
2025-03-27,92.8083
2025-03-28,93.3472
2025-03-31,93.5269
2025-04-01,93.8731
2025-04-02,93.7687
2025-04-03,94.262
2025-04-04,94.3474
2025-04-07,93.1522
2025-04-08,92.6684
2025-04-09,92.8771
2025-04-10,92.1466
2025-04-11,92.0518
2025-04-14,92.5925
2025-04-15,92.7822
2025-04-16,93.0763
2025-04-17,92.8391
2025-04-21,92.2794
2025-04-22,92.4502
2025-04-23,92.6778
2025-04-24,93.1901
2025-04-25,93.5316
2025-04-28,93.7877
2025-04-29,94.0154
2025-04-30,93.93
2025-05-01,93.674
2025-05-02,93.2172
2025-05-05,93.0554
2025-05-06,93.2838
2025-05-07,93.4266
2025-05-08,92.9412
2025-05-09,93.0364
2025-05-12,92.7223
2025-05-13,92.6272
2025-05-14,92.3607
2025-05-15,92.8841
2025-05-16,92.9412
2025-05-19,92.9127
2025-05-20,92.7509
2025-05-21,92.1418
2025-05-22,92.4083
2025-05-23,92.5415
2025-05-27,92.9603
2025-05-28,92.7889
2025-05-29,93.1315
2025-05-30,93.3599
2025-06-02,93.1146
2025-06-03,93.0477
2025-06-04,93.6015
2025-06-05,93.3628
2025-06-06,92.8854
2025-06-09,93.0
2025-06-10,93.2101
2025-06-11,93.5251
2025-06-12,93.8689
2025-06-13,93.5347
2025-06-16,93.3437
2025-06-17,93.6302
2025-06-18,93.697
2025-06-20,93.7829
2025-06-23,93.9739
2025-06-24,94.3558
2025-06-25,94.3463
2025-06-26,94.6041
2025-06-27,94.3367
2025-06-30,94.7187
2025-07-01,94.6315
2025-07-02,94.5165
2025-07-03,94.325
2025-07-07,93.9897
2025-07-08,93.9514
2025-07-09,94.3441
2025-07-10,94.3154
2025-07-11,93.9227
2025-07-14,93.9131
2025-07-15,93.6353
2025-07-16,93.7694
2025-07-17,93.8077
2025-07-18,93.9801
2025-07-21,94.2387
2025-07-22,94.4208
2025-07-23,94.21
2025-07-24,94.1526
2025-07-25,94.3058
2025-07-28,94.1813
2025-07-29,94.689
2025-07-30,94.4208
2025-07-31,94.4687
2025-08-01,95.2856
2025-08-04,95.3625
2025-08-05,95.3913
2025-08-06,95.3529
2025-08-07,95.276
2025-08-08,95.0934
2025-08-11,95.1607
2025-08-12,95.1607
2025-08-13,95.5067
2025-08-14,95.2375
2025-08-15,95.0934
2025-08-18,94.9877
2025-08-19,95.1703
2025-08-20,95.2279
2025-08-21,95.0069
2025-08-22,95.5355
2025-08-25,95.3913
2025-08-26,95.5067
2025-08-27,95.6028
2025-08-28,95.7181
2025-08-29,95.5932
2025-09-02,95.3396
2025-09-03,95.6867
2025-09-04,96.0724
2025-09-05,96.5256
2025-09-08,96.8535
2025-09-09,96.6606
2025-09-10,96.8535
2025-09-11,97.0367
2025-09-12,96.9499
2025-09-15,97.1139
2025-09-16,97.1524
2025-09-17,96.9789
2025-09-18,96.7089
2025-09-19,96.7089
2025-09-22,96.5931
2025-09-23,96.7474
2025-09-24,96.5642
2025-09-25,96.4292
2025-09-26,96.4967
2025-09-29,96.6799
2025-09-30,96.6703
2025-10-01,96.917
2025-10-02,97.0234
2025-10-03,96.917
2025-10-06,96.7041
2025-10-07,96.8686
2025-10-08,96.8783
2025-10-09,96.7622
2025-10-10,97.1588
2025-10-13,97.3426
2025-10-14,97.4974
2025-10-15,97.4587
2025-10-16,97.807
2025-10-17,97.6716
2025-10-20,97.836
2025-10-21,97.9328
2025-10-22,97.9231
2025-10-23,97.749
2025-10-24,97.8457
2025-10-27,97.9134
2025-10-28,97.9715
2025-10-29,97.5071
2025-10-30,97.3233
2025-10-31,97.2652
2025-11-03,97.1459
2025-11-04,97.1944
2025-11-05,96.9323
2025-11-06,97.2915
2025-11-07,97.2526
2025-11-10,97.2138
2025-11-11,97.505
2025-11-12,97.4661
2025-11-13,97.175
2025-11-14,97.0585
2025-11-17,97.0779
2025-11-18,97.1362
2025-11-19,97.1362
2025-11-20,97.2526
2025-11-21,97.4856
2025-11-24,97.6797
2025-11-25,97.835
2025-11-26,97.9903
2025-11-28,97.8544
2025-12-01,97.4318
2025-12-02,97.5584
2025-12-03,97.7434
2025-12-04,97.5097
2025-12-05,97.4026
2025-12-08,97.2468
2025-12-09,97.1591
2025-12-10,97.4707
2025-12-11,97.4902
2025-12-12,97.1884
2025-12-15,97.2857
2025-12-16,97.4707
2025-12-17,97.4415
2025-12-18,97.685
2025-12-19,97.5423
2025-12-22,97.5033
2025-12-23,97.5033
2025-12-24,97.7182
2025-12-26,97.7377
2025-12-29,97.855
2025-12-30,97.8159
2025-12-31,97.5814
2026-01-02,97.5521
2026-01-05,97.7377
2026-01-06,97.7182
2026-01-07,97.8159
2026-01-08,97.64
2026-01-09,97.855
2026-01-12,97.8061
2026-01-13,97.894
2026-01-14,98.0406
2026-01-15,97.9136
2026-01-16,97.7475
2026-01-20,97.3762
2026-01-21,97.6986
2026-01-22,97.7182
2026-01-23,97.8061
2026-01-26,97.9527
2026-01-27,97.8843
2026-01-28,97.8452
2026-01-29,97.8452
2026-01-30,97.8256
2026-02-02,97.7129
2026-02-03,97.7227
2026-02-04,97.6639
2026-02-05,98.0854
2026-02-06,98.1442
2026-02-09,98.1736
2026-02-10,98.4579
2026-02-11,98.2324
2026-02-12,98.6735
2026-02-13,98.9871
2026-02-17,98.9969
2026-02-18,98.8597
2026-02-19,98.8793
2026-02-20,98.8989
2026-02-23,99.095
2026-02-24,99.0852
2026-02-25,99.0362
2026-02-26,99.193
2026-02-27,99.389
2026-03-02,98.9918
2026-03-03,98.8836
2026-03-04,98.8443
2026-03-05,98.5592
2026-03-06,98.4412
2026-03-09,98.7558
2026-03-10,98.4314
2026-03-11,97.9889
2026-03-12,97.6251
2026-03-13,97.5464
2026-03-16,97.9299
2026-03-17,98.1266
2026-03-18,97.7136
2026-03-19,97.8217
2026-03-20,97.0057
2026-03-23,97.3695
2026-03-24,97.104
2026-03-25,97.4481
2026-03-26,96.8975
2026-03-27,96.8877
2026-03-30,97.3793
2026-03-31,97.6054
2026-04-01,97.6715
2026-04-02,97.8985
2026-04-06,97.7209
2026-04-07,97.8393
2026-04-08,98.0958
2026-04-09,98.155
2026-04-10,97.9872
2026-04-13,98.1846
2026-04-14,98.4411
2026-04-15,98.2832
2026-04-16,98.1451
2026-04-17,98.5101
2026-04-20,98.5003
2026-04-21,98.1352
2026-04-22,98.2733
2026-04-23,98.1155
2026-04-24,98.2536
2026-04-27,98.1056
2026-04-28,98.0662
2026-04-29,97.6321
2026-04-30,97.7702
2026-05-01,97.8989
2026-05-04,97.592
2026-05-05,97.7702
2026-05-06,98.1859
2026-05-07,97.9484
2026-05-08,98.176
2026-05-11,97.9187
2026-05-12,97.6316
2026-05-13,97.6712
2026-05-14,97.6415
2026-05-15,97.0278
2026-05-18,97.0179
2026-05-19,96.6417
2026-05-20,97.2258
2026-05-21,97.3445
2026-05-22,97.4436
2026-05-26,97.7207
2026-05-27,97.7999
2026-05-28,97.9979
2026-05-29,98.0573
2026-06-01,98.0086
2026-06-02,98.0384
2026-06-03,97.8298
2026-06-04,97.9887
2026-06-05,97.5021
2026-06-08,97.5021
2026-06-09,97.7007
2026-06-10,97.6411
2026-06-11,98.2072
2026-06-12,98.0881
2026-06-15,98.1774
2026-06-16,98.2966
2026-06-17,97.9391
2026-06-18,98.2271
2026-06-22,97.9589
2026-06-23,98.0384
2026-06-24,98.5151
2026-06-25,98.5747
2026-06-26,98.6641
2026-06-29,98.6939
2026-06-30,98.3066
2026-07-01,98.1581
2026-07-02,98.2677
2026-07-06,98.3175
2026-07-07,97.8691
2026-07-08,97.6997
2026-07-09,97.8392
2026-07-10,97.7395
2026-07-13,97.3708
2026-07-14,97.6598
2026-07-15,97.7993
2026-07-16,97.7894
2026-07-17,97.8591
2026-07-20,97.61
2026-07-21,97.4007
2026-07-22,97.2413
2026-07-23,97.0021
2026-07-24,97.1217
2026-07-27,97.3509
2026-07-28,97.5801
2026-07-29,97.2114
2026-07-30,97.2811
2026-07-31,97.032
2026-08-03,97.26
2026-08-04,97.66
2026-08-05,97.71
2026-08-06,97.43
2026-08-07,97.6
2026-08-10,97.24
2026-08-11,97.32
2026-08-12,97.43
2026-08-13,97.69
2026-08-14,97.48
2026-08-17,97.25
2026-08-18,97.35
2026-08-19,97.82
2026-08-20,97.49
2026-08-21,97.35
2026-08-24,97.55
2026-08-25,98.01
2026-08-26,97.86
2026-08-27,97.83
