Date,close
2007-09-17,6897.02
2007-09-18,7059.5679
2007-09-19,7401.7642
2007-09-20,7390.064
2007-09-21,7464.4131
2007-09-24,7650.811
2007-09-25,7629.061
2007-09-26,7755.8096
2007-09-27,7833.5591
2007-09-28,8042.1069
2007-10-01,7987.4072
2007-10-03,8097.8057
2007-10-04,8035.8066
2007-10-05,7845.1587
2007-10-08,7626.311
2007-10-09,7895.7583
2007-10-10,8030.5566
2007-10-11,8158.7051
2007-10-12,7933.9077
2007-10-15,8286.2031
2007-10-16,8452.1016
2007-10-17,8099.8057
2007-10-18,7608.6616
2007-10-19,7423.7134
2007-10-22,7567.9121
2007-10-23,8101.0059
2007-10-24,8228.5547
2007-10-25,8428.5527
2007-10-26,8749.7988
2007-10-29,9000.6455
2007-10-30,8934.0469
2007-10-31,9013.0459
2007-11-01,9198.4932
2007-11-02,9560.5889
2007-11-05,9397.4404
2007-11-06,9216.1924
2007-11-07,9090.0947
2007-11-08,8876.1465
2007-11-12,8758.0986
2007-11-13,9059.8945
2007-11-14,9612.9385
2007-11-15,9454.5898
2007-11-16,9474.04
2007-11-19,9396.1406
2007-11-20,9277.7422
2007-11-21,8829.6973
2007-11-22,8998.6953
2007-11-23,8977.7959
2007-11-26,9122.3438
2007-11-27,9070.6445
2007-11-28,8970.7451
2007-11-29,9124.2939
2007-11-30,9375.6406
2007-12-03,9397.4404
2007-12-04,9366.9912
2007-12-05,9581.1885
2007-12-06,9620.0391
2007-12-07,9795.9854
2007-12-10,9864.4854
2007-12-11,10090.583
2007-12-12,10056.583
2007-12-13,9920.335
2007-12-14,9803.0361
2007-12-17,9426.5908
2007-12-18,9279.0928
2007-12-19,9240.2422
2007-12-20,9245.3428
2007-12-24,9563.4385
2007-12-26,9755.0869
2007-12-27,9784.9365
2007-12-28,9828.2354
2007-12-31,9863.3359
2008-01-01,9905.1348
2008-01-02,10250.7305
2008-01-03,10100.583
2008-01-04,10233.0811
2008-01-07,10390.9785
2008-01-08,10355.4795
2008-01-09,10306.3301
2008-01-10,10266.7305
2008-01-11,10561.4268
2008-01-14,10698.2256
2008-01-15,10465.5781
2008-01-16,10346.8301
2008-01-17,10261.3809
2008-01-18,9739.7871
2008-01-21,9038.8447
2008-01-22,8682.3496
2008-01-23,9259.0928
2008-01-24,9133.7432
2008-01-25,9752.1367
2008-01-28,9901.7852
2008-01-29,9569.4883
2008-01-30,9404.041
2008-01-31,9226.1426
2008-02-01,9326.9414
2008-02-04,9561.3887
2008-02-05,9397.6904
2008-02-06,9185.5439
2008-02-07,8960.3457
2008-02-08,8816.8975
2008-02-11,8419.1523
2008-02-12,8512.251
2008-02-13,8748.6484
2008-02-14,9125.0938
2008-02-15,9379.9404
2008-02-18,9404.0908
2008-02-19,9423.3408
2008-02-20,9128.9932
2008-02-21,8946.0967
2008-02-22,8684.999
2008-02-25,8666.3994
2008-02-26,8742.1484
2008-02-27,8719.498
2008-02-28,8608.1504
2008-02-29,8688.249
2008-03-03,8047.3564
2008-03-04,7736.5103
2008-03-05,7588.2617
2008-03-07,7268.0654
2008-03-10,7272.4155
2008-03-11,7356.3145
2008-03-12,7341.4644
2008-03-13,6914.5693
2008-03-14,7105.9175
2008-03-17,6556.124
2008-03-18,6472.7246
2008-03-19,6456.4746
2008-03-24,6634.5229
2008-03-25,7147.0669
2008-03-26,7120.8169
2008-03-27,6969.2188
2008-03-28,7037.7681
2008-03-31,6654.9229
2008-04-01,6608.0234
2008-04-02,6772.6216
2008-04-03,6746.0215
2008-04-04,6545.0737
2008-04-07,6832.3203
2008-04-08,6862.6206
2008-04-09,7059.4678
2008-04-10,6872.77
2008-04-11,6838.3706
2008-04-15,6916.6694
2008-04-16,6951.8193
2008-04-17,7164.9663
2008-04-21,7425.3638
2008-04-22,7520.8125
2008-04-23,7377.9639
2008-04-24,7391.814
2008-04-25,7616.2114
2008-04-28,7589.9614
2008-04-29,7737.3604
2008-04-30,7628.9111
2008-05-02,7871.8086
2008-05-05,7851.4087
2008-05-06,7814.459
2008-05-07,7743.5103
2008-05-08,7518.7124
2008-05-09,7298.915
2008-05-12,7330.4648
2008-05-13,7340.8647
2008-05-14,7324.7651
2008-05-15,7508.0625
2008-05-16,7644.5112
2008-05-20,7459.1133
2008-05-21,7374.1641
2008-05-22,7147.2168
2008-05-23,7008.9683
2008-05-26,6767.3716
2008-05-27,6593.8735
2008-05-28,6780.8213
2008-05-29,6576.6733
2008-05-30,6584.2734
2008-06-02,6347.0762
2008-06-03,6301.127
2008-06-04,6113.5786
2008-06-05,6211.7275
2008-06-06,6139.9785
2008-06-09,5949.1309
2008-06-10,5814.2827
2008-06-11,5971.1807
2008-06-12,5999.2803
2008-06-13,5993.0801
2008-06-16,6127.6787
2008-06-17,6425.5752
2008-06-18,6200.4775
2008-06-19,5957.1807
2008-06-20,5758.5332
2008-06-23,5593.6851
2008-06-24,5489.7861
2008-06-25,5480.6367
2008-06-26,5512.0859
2008-06-27,5210.8394
2008-06-30,5026.9912
2008-07-01,4732.7949
2008-07-02,5025.6914
2008-07-03,4851.2939
2008-07-04,4990.8418
2008-07-07,5075.541
2008-07-08,5106.7402
2008-07-09,5341.3882
2008-07-10,5338.938
2008-07-11,5240.6392
2008-07-14,5207.6895
2008-07-15,4838.894
2008-07-16,4726.395
2008-07-17,5034.6914
2008-07-18,5389.0874
2008-07-21,5601.4351
2008-07-22,5793.6328
2008-07-23,6343.0762
2008-07-24,6213.5278
2008-07-25,5917.1812
2008-07-28,5919.0811
2008-07-29,5422.0869
2008-07-30,5719.3838
2008-07-31,5729.9834
2008-08-01,5961.8306
2008-08-04,5992.3301
2008-08-05,6371.626
2008-08-06,6328.1265
2008-08-07,6363.0762
2008-08-08,6447.4253
2008-08-11,6723.1221
2008-08-12,6490.7241
2008-08-13,6370.6758
2008-08-14,6029.9795
2008-08-18,6014.98
2008-08-19,5992.3301
2008-08-20,6026.23
2008-08-21,5711.4834
2008-08-22,5775.9829
2008-08-25,5860.7314
2008-08-26,5943.1313
2008-08-27,5823.4819
2008-08-28,5721.0835
2008-08-29,6101.979
2008-09-01,6128.7788
2008-09-02,6508.8242
2008-09-04,6494.5742
2008-09-05,6288.5269
2008-09-08,6538.7739
2008-09-09,6441.2754
2008-09-10,6427.4751
2008-09-11,6332.1763
2008-09-12,6194.0781
2008-09-15,5997.5801
2008-09-16,6132.8789
2008-09-17,5912.4312
2008-09-18,6077.1294
2008-09-19,6311.9766
2008-09-22,6303.8267
2008-09-23,6033.2798
2008-09-24,6109.5791
2008-09-25,6080.1294
2008-09-26,5828.5322
2008-09-29,5538.6855
2008-09-30,5803.4824
2008-10-01,5982.3306
2008-10-03,5793.2827
2008-10-06,5560.4854
2008-10-07,5457.4863
2008-10-08,5222.5396
2008-10-10,4937.9424
2008-10-13,5496.686
2008-10-14,5578.335
2008-10-15,5425.187
2008-10-16,5481.5864
2008-10-17,5183.4897
2008-10-20,5284.1387
2008-10-21,5414.437
2008-10-22,5095.6909
2008-10-23,4932.3428
2008-10-24,4309.9995
2008-10-27,4092.8523
2008-10-29,4280.4004
2008-10-31,4521.6475
2008-11-03,4875.6436
2008-11-04,5220.6396
2008-11-05,5121.2402
2008-11-06,4939.9424
2008-11-07,5043.4912
2008-11-10,5261.0889
2008-11-11,4945.6426
2008-11-12,4748.0947
2008-11-14,4719.3452
2008-11-17,4545.2471
2008-11-18,4346.6997
2008-11-19,4233.6509
2008-11-20,4086.8523
2008-11-21,4300.6504
2008-11-24,4164.7017
2008-11-25,4053.1528
2008-11-26,4267.8501
2008-11-28,4291.1001
2008-12-01,4124.252
2008-12-02,4099.252
2008-12-03,4220.3013
2008-12-04,4446.5981
2008-12-05,4356.9492
2008-12-08,4429.7988
2008-12-10,4550.6973
2008-12-11,4597.0967
2008-12-12,4655.2456
2008-12-15,4707.4453
2008-12-16,4820.5938
2008-12-17,4789.5942
2008-12-18,5122.8906
2008-12-19,5144.0903
2008-12-22,5036.4414
2008-12-23,4858.2935
2008-12-24,4930.1929
2008-12-26,4789.3945
2008-12-29,4953.8926
2008-12-30,5062.1416
2008-12-31,5001.4917
2009-01-02,5195.0396
2009-01-05,5359.3374
2009-01-06,5395.2373
2009-01-07,4984.4917
2009-01-09,4906.6431
2009-01-12,4697.9453
2009-01-13,4661.646
2009-01-14,4751.0449
2009-01-15,4484.5977
2009-01-16,4581.1968
2009-01-19,4542.1973
2009-01-20,4402.2988
2009-01-21,4252.2505
2009-01-22,4289.75
2009-01-23,4082.1025
2009-01-27,4199.501
2009-01-28,4340.0498
2009-01-29,4361.999
2009-01-30,4456.498
2009-02-02,4238.1006
2009-02-03,4253.7505
2009-02-04,4251.1509
2009-02-05,4235.3008
2009-02-06,4334.0996
2009-02-09,4459.4482
2009-02-10,4515.7476
2009-02-11,4504.2476
2009-02-12,4468.2983
2009-02-13,4565.7969
2009-02-16,4351.3994
2009-02-17,4164.2515
2009-02-18,4077.2527
2009-02-19,4059.1028
2009-02-20,3934.3542
2009-02-24,3878.5549
2009-02-25,3911.6545
2009-02-26,3834.8552
2009-02-27,3892.3547
2009-03-02,3718.3069
2009-03-03,3636.8079
2009-03-04,3586.8582
2009-03-05,3446.3101
2009-03-06,3455.3098
2009-03-09,3339.6611
2009-03-12,3442.51
2009-03-13,3632.7078
2009-03-16,3736.6064
2009-03-17,3644.6074
2009-03-18,3727.6067
2009-03-19,3763.4563
2009-03-20,3691.657
2009-03-23,3944.7041
2009-03-24,4008.0034
2009-03-25,4126.4023
2009-03-26,4285.1001
2009-03-27,4406.7485
2009-03-30,4035.6531
2009-03-31,4133.1523
2009-04-01,4211.4014
2009-04-02,4425.9985
2009-04-06,4487.0479
2009-04-08,4479.2979
2009-04-09,4584.7466
2009-04-13,4817.9438
2009-04-15,5049.3916
2009-04-16,4915.6929
2009-04-17,5056.8413
2009-04-20,5009.1421
2009-04-21,4853.8433
2009-04-22,4813.2437
2009-04-23,4968.3423
2009-04-24,5125.2905
2009-04-27,5182.6899
2009-04-28,4931.2427
2009-04-29,5130.8906
2009-05-04,5503.9858
2009-05-05,5596.1353
2009-05-06,5446.3867
2009-05-07,5577.2349
2009-05-08,5409.687
2009-05-11,5343.5381
2009-05-12,5585.4849
2009-05-13,5523.686
2009-05-14,5495.0361
2009-05-15,5694.9834
2009-05-18,6766.4712
2009-05-19,7268.1157
2009-05-20,7128.5171
2009-05-21,6904.9697
2009-05-22,7036.2183
2009-05-25,7049.668
2009-05-26,6851.0205
2009-05-27,7215.1162
2009-05-28,7338.5146
2009-05-29,7414.2642
2009-06-01,7375.9141
2009-06-02,7374.4639
2009-06-03,7262.2153
2009-06-04,7347.2646
2009-06-05,7348.3145
2009-06-08,6974.9688
2009-06-09,7185.6665
2009-06-10,7338.8647
2009-06-11,7251.5654
2009-06-12,7083.0176
2009-06-15,7081.1177
2009-06-16,7274.0654
2009-06-17,7081.6675
2009-06-18,7081.0674
2009-06-19,7223.4658
2009-06-22,7229.4658
2009-06-23,7091.2173
2009-06-24,7107.8174
2009-06-25,7122.917
2009-06-26,7398.3643
2009-06-29,7508.5127
2009-06-30,7338.7646
2009-07-01,7452.5137
2009-07-02,7397.8643
2009-07-03,7565.9619
2009-07-06,6946.3696
2009-07-07,6952.5195
2009-07-08,6661.6724
2009-07-09,6672.6724
2009-07-10,6520.5244
2009-07-13,6531.2241
2009-07-14,6756.3213
2009-07-15,6938.6196
2009-07-16,6912.3193
2009-07-17,7230.9658
2009-07-20,7530.1128
2009-07-21,7430.3135
2009-07-22,7329.4648
2009-07-23,7473.4131
2009-07-24,7385.4639
2009-07-27,7398.564
2009-07-28,7312.4648
2009-07-29,7224.1162
2009-07-30,7389.6143
2009-07-31,7544.4121
2009-08-03,7650.0112
2009-08-04,7617.7114
2009-08-05,7607.4116
2009-08-06,7471.7129
2009-08-07,7249.4155
2009-08-10,7159.917
2009-08-11,7218.166
2009-08-12,7171.9663
2009-08-13,7472.313
2009-08-14,7418.8638
2009-08-17,7104.7676
2009-08-18,7207.166
2009-08-19,7106.6177
2009-08-20,7261.1157
2009-08-21,7377.0142
2009-08-24,7507.3125
2009-08-25,7424.4136
2009-08-26,7418.2637
2009-08-27,7385.564
2009-08-28,7482.313
2009-08-31,7431.5635
2009-09-01,7377.1143
2009-09-02,7339.4644
2009-09-03,7350.9146
2009-09-04,7444.0635
2009-09-07,7650.561
2009-09-08,7717.8101
2009-09-09,7776.1099
2009-09-10,7828.209
2009-09-11,7914.8584
2009-09-14,7985.5073
2009-09-15,8210.6045
2009-09-16,8362.7021
2009-09-17,8433.252
2009-09-18,8379.1523
2009-09-22,8451.9014
2009-09-23,8423.6025
2009-09-24,8544.9004
2009-09-25,8456.1514
2009-09-29,8487.6016
2009-09-30,8812.2471
2009-10-01,8860.9473
2009-10-05,8661.5996
2009-10-06,8808.2979
2009-10-07,8749.8984
2009-10-08,8834.4971
2009-10-09,8696.6982
2009-10-12,8963.6953
2009-10-14,9149.8936
2009-10-15,9296.6416
2009-10-16,9526.5898
2009-10-20,9476.29
2009-10-21,9272.9424
2009-10-22,9089.9941
2009-10-23,9188.2939
2009-10-26,9033.7441
2009-10-27,8698.6982
2009-10-28,8609.0
2009-10-29,8417.752
2009-10-30,8438.502
2009-11-03,8255.3545
2009-11-04,8506.6514
2009-11-05,8537.1006
2009-11-06,8723.6484
2009-11-09,9137.3936
2009-11-10,9179.3936
2009-11-11,9337.4912
2009-11-12,9084.6943
2009-11-13,9155.5439
2009-11-16,9266.293
2009-11-17,9299.4912
2009-11-18,9223.7422
2009-11-19,9041.5449
2009-11-20,9218.9424
2009-11-23,9273.9922
2009-11-24,9247.543
2009-11-25,9303.042
2009-11-26,9067.5449
2009-11-27,8944.9463
2009-11-30,9046.8447
2009-12-01,9250.8428
2009-12-02,9327.1416
2009-12-03,9345.1416
2009-12-04,9244.9424
2009-12-07,9175.4932
2009-12-08,9289.9912
2009-12-09,9146.2432
2009-12-10,9205.543
2009-12-11,9097.0947
2009-12-14,8996.6455
2009-12-15,8734.3486
2009-12-16,8667.2998
2009-12-17,8697.0986
2009-12-18,8599.8506
2009-12-21,8609.4502
2009-12-22,8712.3984
2009-12-23,8918.9463
2009-12-24,8967.9951
2009-12-29,8991.7959
2009-12-30,8994.4951
2009-12-31,9029.3955
2010-01-04,9112.2441
2010-01-05,9192.0439
2010-01-06,9222.8926
2010-01-07,9192.8438
2010-01-08,9160.5938
2010-01-11,9173.4434
2010-01-12,8984.9951
2010-01-13,8925.9961
2010-01-14,8910.6963
2010-01-15,8910.9961
2010-01-18,9093.1445
2010-01-19,9135.7939
2010-01-20,9126.2432
2010-01-21,8919.1963
2010-01-22,8772.5488
2010-01-25,8696.498
2010-01-27,8329.7031
2010-01-28,8423.752
2010-01-29,8651.4492
2010-02-01,8649.1494
2010-02-02,8468.0518
2010-02-03,8631.749
2010-02-04,8471.001
2010-02-05,8223.1543
2010-02-08,8342.1035
2010-02-09,8392.3525
2010-02-10,8289.9033
2010-02-11,8381.3027
2010-02-15,8312.6035
2010-02-16,8397.7021
2010-02-17,8551.4004
2010-02-18,8573.8008
2010-02-19,8487.001
2010-02-22,8493.251
2010-02-23,8512.8516
2010-02-24,8504.4512
2010-02-25,8537.7002
2010-02-26,8722.6484
2010-03-02,8921.9961
2010-03-03,9039.3447
2010-03-04,9013.6953
2010-03-05,9038.3447
2010-03-08,9145.8438
2010-03-09,9138.0938
2010-03-10,9119.1436
2010-03-11,9186.7432
2010-03-12,9172.7939
2010-03-15,9085.3945
2010-03-16,9102.8447
2010-03-17,9188.2939
2010-03-18,9252.1924
2010-03-19,9270.6924
2010-03-22,9186.8438
2010-03-23,9222.793
2010-03-25,9318.1416
2010-03-26,9456.0898
2010-03-29,9517.4893
2010-03-30,9470.1895
2010-03-31,9459.4893
2010-04-01,9507.6396
2010-04-05,9698.4873
2010-04-06,9728.0869
2010-04-07,9680.9375
2010-04-08,9519.8896
2010-04-09,9656.3877
2010-04-12,9575.3389
2010-04-13,9482.8896
2010-04-15,9344.4912
2010-04-16,9353.6416
2010-04-19,9302.792
2010-04-20,9445.9902
2010-04-21,9555.1885
2010-04-22,9623.1377
2010-04-23,9813.1855
2010-04-26,9839.0361
2010-04-27,9756.3369
2010-04-28,9634.7881
2010-04-29,9803.6855
2010-04-30,9870.2354
2010-05-03,9775.3867
2010-05-04,9623.5879
2010-05-05,9581.7383
2010-05-06,9581.8887
2010-05-07,9275.9922
2010-05-10,9656.1377
2010-05-11,9625.9873
2010-05-12,9722.0869
2010-05-13,9773.2363
2010-05-14,9588.9385
2010-05-17,9526.3896
2010-05-18,9492.1396
2010-05-19,9108.2441
2010-05-20,9174.4932
2010-05-21,9135.5938
2010-05-24,9087.1445
2010-05-25,8851.6475
2010-05-26,9027.4951
2010-05-27,9258.3428
2010-05-28,9312.4912
2010-05-31,9363.5918
2010-06-01,9118.9434
2010-06-02,9192.3438
2010-06-03,9387.5908
2010-06-04,9455.8398
2010-06-07,9292.4912
2010-06-08,9185.1934
2010-06-09,9238.0928
2010-06-10,9346.3418
2010-06-11,9451.6406
2010-06-14,9533.9893
2010-06-15,9554.2891
2010-06-16,9588.7891
2010-06-17,9613.2891
2010-06-18,9576.1387
2010-06-21,9757.9365
2010-06-22,9675.3877
2010-06-23,9718.8369
2010-06-24,9673.4873
2010-06-25,9450.9902
2010-06-28,9542.0889
2010-06-29,9381.291
2010-06-30,9464.4893
2010-07-01,9349.292
2010-07-02,9357.042
2010-07-05,9385.2402
2010-07-06,9550.7891
2010-07-07,9449.1406
2010-07-08,9566.4883
2010-07-09,9713.5869
2010-07-12,9850.4854
2010-07-13,9931.4844
2010-07-14,9956.5342
2010-07-15,9931.9844
2010-07-16,10013.334
2010-07-19,10032.3838
2010-07-20,9975.8838
2010-07-21,9992.0342
2010-07-22,10060.1328
2010-07-23,10093.7832
2010-07-26,10023.8838
2010-07-27,10090.5332
2010-07-28,10068.0332
2010-07-29,10179.582
2010-07-30,10160.8818
2010-08-02,10411.3789
2010-08-03,10502.5283
2010-08-04,10489.1777
2010-08-05,10454.7793
2010-08-06,10383.5293
2010-08-09,10523.9775
2010-08-10,10519.8281
2010-08-11,10428.5293
2010-08-12,10583.5273
2010-08-13,10737.2246
2010-08-16,10680.4258
2010-08-17,10770.125
2010-08-18,10893.9229
2010-08-19,11110.3711
2010-08-20,11033.6221
2010-08-23,11095.3711
2010-08-24,11042.8721
2010-08-25,10937.7227
2010-08-26,10981.5723
2010-08-27,10727.3252
2010-08-30,10747.125
2010-08-31,10746.2246
2010-09-01,10879.624
2010-09-02,10980.4717
2010-09-03,10991.0723
2010-09-06,11218.6689
2010-09-07,11192.8203
2010-09-08,11189.9199
2010-09-09,11446.5674
2010-09-13,11872.7119
2010-09-14,11928.2109
2010-09-15,11987.46
2010-09-16,12031.9102
2010-09-17,12103.959
2010-09-20,12251.0576
2010-09-21,12244.8076
2010-09-22,12305.5576
2010-09-23,12146.1582
2010-09-24,12263.4072
2010-09-27,12253.0576
2010-09-28,12272.2578
2010-09-29,12237.4072
2010-09-30,12366.2061
2010-10-01,12556.6045
2010-10-04,12651.1523
2010-10-05,12596.3535
2010-10-06,12629.0537
2010-10-07,12536.4541
2010-10-08,12473.2559
2010-10-11,12512.8545
2010-10-12,12461.6553
2010-10-13,12744.8516
2010-10-14,12598.7031
2010-10-15,12346.3066
2010-10-18,12331.1562
2010-10-19,12245.5078
2010-10-20,12176.3584
2010-10-21,12435.6553
2010-10-22,12384.6562
2010-10-25,12424.5557
2010-10-26,12332.5068
2010-10-27,12182.5088
2010-10-28,12105.1592
2010-10-29,12330.6064
2010-11-01,12734.752
2010-11-02,12770.752
2010-11-03,12891.6504
2010-11-04,13182.7471
2010-11-08,13104.9473
2010-11-09,13121.1973
2010-11-10,13006.9482
2010-11-11,12823.4502
2010-11-12,12457.1553
2010-11-15,12762.002
2010-11-16,12524.3047
2010-11-18,12315.0068
2010-11-19,12062.8096
2010-11-22,12389.9561
2010-11-23,12206.3086
2010-11-24,11842.4121
2010-11-25,11652.2646
2010-11-26,11668.7139
2010-11-29,11828.2119
2010-11-30,11952.4609
2010-12-01,12310.6064
2010-12-02,12472.4551
2010-12-03,12349.0566
2010-12-06,12051.0605
2010-12-07,11695.1641
2010-12-08,11460.0674
2010-12-09,11115.9209
2010-12-10,11446.8672
2010-12-13,11517.9658
2010-12-14,11560.3652
2010-12-15,11196.1699
2010-12-16,11424.0176
2010-12-20,11266.9688
2010-12-21,11537.1162
2010-12-22,11467.5674
2010-12-23,11468.916
2010-12-24,11476.916
2010-12-27,11470.8164
2010-12-28,11427.167
2010-12-29,11612.7656
2010-12-30,11629.165
2010-12-31,11791.3135
2011-01-03,11855.6123
2011-01-04,11563.915
2011-01-05,11305.3184
2011-01-06,11186.6699
2011-01-07,11053.2207
2011-01-10,10700.5264
2011-01-11,10833.4238
2011-01-12,11128.0215
2011-01-13,10716.5254
2011-01-14,10432.7793
2011-01-17,10470.9775
2011-01-18,10618.377
2011-01-19,10615.0273
2011-01-20,10798.2236
2011-01-21,10889.2734
2011-01-24,11151.0205
2011-01-25,10872.8242
2011-01-27,10676.0264
2011-01-28,10578.127
2011-01-31,10641.7256
2011-02-01,10481.0781
2011-02-02,10470.0283
2011-02-03,10670.4756
2011-02-04,10433.7285
2011-02-07,10383.9287
2011-02-08,10147.6318
2011-02-09,10116.5332
2011-02-10,10073.9824
2011-02-11,10447.6289
2011-02-14,10802.4238
2011-02-15,10959.5732
2011-02-16,10960.5732
2011-02-17,11134.5703
2011-02-18,10949.5732
2011-02-21,11049.9707
2011-02-22,10836.6738
2011-02-23,10646.3262
2011-02-24,10210.6309
2011-02-25,10435.7285
2011-02-28,10435.2285
2011-03-01,10885.2734
2011-03-03,10914.373
2011-03-04,10963.2734
2011-03-07,10782.125
2011-03-08,10931.4229
2011-03-09,10974.6719
2011-03-10,10850.124
2011-03-11,10740.8252
2011-03-14,10893.123
2011-03-15,10725.6748
2011-03-16,10957.4727
2011-03-17,10851.8242
2011-03-18,10715.7754
2011-03-21,10723.4746
2011-03-22,10771.1748
2011-03-23,10957.9727
2011-03-24,11070.2207
2011-03-25,11387.167
2011-03-28,11523.2666
2011-03-29,11582.3652
2011-03-30,11765.0635
2011-03-31,11705.3145
2011-04-01,11590.8154
2011-04-04,11804.1631
2011-04-05,11798.7637
2011-04-06,11729.9131
2011-04-07,11754.2637
2011-04-08,11673.1143
2011-04-11,11597.665
2011-04-13,11839.3623
2011-04-15,11735.5137
2011-04-18,11539.6162
2011-04-19,11586.6152
2011-04-20,11794.4131
2011-04-21,11894.6113
2011-04-25,11878.8623
2011-04-26,11867.5625
2011-04-27,11779.7129
2011-04-28,11684.6641
2011-04-29,11483.6162
2011-05-02,11243.6689
2011-05-03,10898.1729
2011-05-04,10913.2227
2011-05-05,10729.9746
2011-05-06,11144.9697
2011-05-09,11076.3711
2011-05-10,11009.2725
2011-05-11,11058.9209
2011-05-12,10887.3232
2011-05-13,11020.8223
2011-05-16,10912.2227
2011-05-17,10668.7256
2011-05-18,10598.9268
2011-05-19,10558.2266
2011-05-20,10663.9756
2011-05-23,10368.1299
2011-05-24,10425.4287
2011-05-25,10355.6797
2011-05-26,10468.1777
2011-05-27,10722.5254
2011-05-30,10781.3252
2011-05-31,11020.7217
2011-06-01,11033.2725
2011-06-02,10839.124
2011-06-03,10781.875
2011-06-06,10854.5244
2011-06-07,10873.3242
2011-06-08,10791.3252
2011-06-09,10785.2754
2011-06-10,10714.125
2011-06-13,10717.375
2011-06-14,10803.8242
2011-06-15,10626.5273
2011-06-16,10572.0273
2011-06-17,10598.127
2011-06-20,10484.1777
2011-06-21,10459.0293
2011-06-22,10475.0781
2011-06-23,10526.3281
2011-06-24,10854.374
2011-06-27,11032.3721
2011-06-28,11053.9209
2011-06-29,11153.2197
2011-06-30,11244.5195
2011-07-01,11254.8691
2011-07-04,11379.668
2011-07-05,11405.9668
2011-07-06,11282.9189
2011-07-07,11425.9668
2011-07-08,11285.0195
2011-07-11,11135.3701
2011-07-12,11022.4219
2011-07-13,11142.1201
2011-07-14,11263.6689
2011-07-15,11234.4189
2011-07-18,11228.7188
2011-07-19,11313.7178
2011-07-20,11164.5703
2011-07-21,11049.6709
2011-07-22,11291.8193
2011-07-25,11391.667
2011-07-26,11114.4209
2011-07-27,11000.0225
2011-07-28,10828.374
2011-07-29,10893.5234
2011-08-01,10938.873
2011-08-02,10743.1748
2011-08-03,10639.4258
2011-08-04,10536.9277
2011-08-05,10354.3799
2011-08-08,10232.1807
2011-08-09,10196.4316
2011-08-10,10463.0781
2011-08-11,10338.6797
2011-08-12,10182.582
2011-08-16,10056.2832
2011-08-17,9953.085
2011-08-18,9601.3887
2011-08-19,9404.7402
2011-08-22,9407.2402
2011-08-23,9488.5898
2011-08-24,9331.7412
2011-08-25,9177.1436
2011-08-26,8974.4453
2011-08-29,9342.3418
2011-08-30,9533.29
2011-09-02,9581.2383
2011-09-05,9613.9385
2011-09-06,9657.4873
2011-09-07,9858.7861
2011-09-08,9919.9346
2011-09-09,9678.5879
2011-09-12,9395.1406
2011-09-13,9339.5918
2011-09-14,9472.3398
2011-09-15,9660.2373
2011-09-16,9720.1367
2011-09-19,9583.4385
2011-09-20,9812.5859
2011-09-21,9928.8848
2011-09-22,9520.4893
2011-09-23,9375.5908
2011-09-26,9384.3906
2011-09-27,9619.8389
2011-09-28,9512.04
2011-09-29,9653.2881
2011-09-30,9468.1895
2011-10-03,9185.7939
2011-10-04,8913.2461
2011-10-05,8701.1982
2011-10-07,9038.1445
2011-10-10,9168.7939
2011-10-11,9178.5439
2011-10-12,9482.1895
2011-10-13,9591.1387
2011-10-14,9660.2881
2011-10-17,9721.1865
2011-10-18,9583.7891
2011-10-19,9841.2354
2011-10-20,9746.2871
2011-10-21,9695.2373
2011-10-24,9647.7373
2011-10-25,9511.4893
2011-10-28,9916.9346
2011-10-31,9989.5342
2011-11-01,9822.1357
2011-11-02,9780.9365
2011-11-03,9782.3867
2011-11-04,9836.2354
2011-11-08,9852.4355
2011-11-09,9592.5391
2011-11-11,9292.4414
2011-11-14,9274.8926
2011-11-15,9085.5947
2011-11-16,9061.4443
2011-11-17,8930.7969
2011-11-18,8850.1475
2011-11-21,8554.0508
2011-11-22,8611.6006
2011-11-23,8399.2021
2011-11-24,8472.4014
2011-11-25,8488.501
2011-11-28,8793.0479
2011-11-29,8623.7998
2011-11-30,8564.0
2011-12-01,8895.1963
2011-12-02,9172.6436
2011-12-05,9173.6436
2011-12-07,9176.1436
2011-12-08,8915.5967
2011-12-09,8810.9971
2011-12-12,8543.3008
2011-12-13,8571.8506
2011-12-14,8532.9004
2011-12-15,8445.001
2011-12-16,8171.8047
2011-12-19,7920.6577
2011-12-20,7798.459
2011-12-21,8189.0547
2011-12-22,8384.5527
2011-12-23,8296.3535
2011-12-26,8374.4521
2011-12-27,8275.4043
2011-12-28,8111.3057
2011-12-29,8027.3066
2011-12-30,7968.5571
2012-01-02,7994.957
2012-01-03,8340.2031
2012-01-04,8408.3027
2012-01-05,8454.8018
2012-01-06,8488.1514
2012-01-09,8481.251
2012-01-10,8734.9482
2012-01-11,8839.5977
2012-01-12,8930.1465
2012-01-13,8974.9453
2012-01-16,8940.1465
2012-01-17,9056.5947
2012-01-18,9023.2959
2012-01-19,9199.2939
2012-01-20,9516.7393
2012-01-23,9520.1895
2012-01-24,9833.8857
2012-01-25,9856.4854
2012-01-27,9813.5361
2012-01-30,9536.9883
2012-01-31,9919.335
2012-02-01,9948.9844
2012-02-02,9991.9336
2012-02-03,10133.5322
2012-02-06,10269.1309
2012-02-07,10324.4795
2012-02-08,10319.9795
2012-02-09,10507.4775
2012-02-10,10442.5293
2012-02-13,10473.4775
2012-02-14,10556.5273
2012-02-15,10930.5732
2012-02-16,10921.7734
2012-02-17,11074.7715
2012-02-21,11170.2705
2012-02-22,10747.0254
2012-02-23,10713.2246
2012-02-24,10506.6777
2012-02-27,10103.833
2012-02-28,10483.8779
2012-02-29,10414.0791
2012-03-01,10288.7812
2012-03-02,10434.1787
2012-03-05,10178.7314
2012-03-06,10058.0332
2012-03-07,10132.7314
2012-03-09,10505.5283
2012-03-12,10625.5273
2012-03-13,10686.0762
2012-03-14,10889.5732
2012-03-15,10594.877
2012-03-16,10391.2285
2012-03-19,10188.7314
2012-03-20,10281.4805
2012-03-21,10524.3281
2012-03-22,10173.4316
2012-03-23,10294.4297
2012-03-26,10043.3828
2012-03-27,10148.7314
2012-03-28,9960.2842
2012-03-29,9927.5352
2012-03-30,10212.6309
2012-04-02,10305.2295
2012-04-03,10432.4785
2012-04-04,10339.9795
2012-04-09,10131.4814
2012-04-10,10195.9316
2012-04-11,10214.1309
2012-04-12,10400.5791
2012-04-13,10306.1299
2012-04-16,10432.5791
2012-04-17,10519.4277
2012-04-18,10512.3281
2012-04-19,10567.7773
2012-04-20,10456.3789
2012-04-23,10243.0312
2012-04-24,10215.0312
2012-04-25,10159.7314
2012-04-26,10127.8818
2012-04-27,10148.582
2012-04-30,10276.6807
2012-05-02,10306.4795
2012-05-03,10126.4316
2012-05-04,9802.2354
2012-05-07,9876.2344
2012-05-08,9588.6387
2012-05-09,9404.6904
2012-05-10,9410.791
2012-05-11,9397.9902
2012-05-14,9257.543
2012-05-15,9319.5918
2012-05-16,9164.1436
2012-05-17,9154.0938
2012-05-18,9310.1416
2012-05-21,9411.8906
2012-05-22,9268.6924
2012-05-23,9209.793
2012-05-24,9437.4902
2012-05-25,9456.1895
2012-05-28,9698.1875
2012-05-29,9707.9863
2012-05-30,9533.9395
2012-05-31,9440.8906
2012-06-01,9267.4922
2012-06-04,9362.1914
2012-06-05,9460.04
2012-06-06,9742.6865
2012-06-07,9950.7852
2012-06-08,9998.7334
2012-06-11,9969.084
2012-06-12,10139.082
2012-06-13,10128.0322
2012-06-14,9836.8359
2012-06-15,10064.6826
2012-06-18,9749.7871
2012-06-19,9786.3369
2012-06-20,9831.6855
2012-06-21,10033.5342
2012-06-22,10038.2334
2012-06-25,9925.6348
2012-06-26,9969.9834
2012-06-27,10017.6836
2012-06-28,10003.7334
2012-06-29,10340.5303
2012-07-02,10412.0791
2012-07-03,10481.1777
2012-07-04,10529.3281
2012-07-05,10641.7764
2012-07-06,10655.2256
2012-07-09,10587.9268
2012-07-10,10751.4248
2012-07-11,10713.1748
2012-07-12,10616.1768
2012-07-13,10594.3271
2012-07-16,10568.0771
2012-07-17,10557.9268
2012-07-18,10606.9766
2012-07-19,10621.9268
2012-07-20,10481.4775
2012-07-23,10274.4805
2012-07-24,10298.8799
2012-07-25,10267.7305
2012-07-26,10083.6826
2012-07-27,10140.4316
2012-07-30,10412.0293
2012-07-31,10383.9785
2012-08-01,10419.7793
2012-08-02,10379.4785
2012-08-03,10315.4795
2012-08-06,10462.2783
2012-08-07,10591.8271
2012-08-08,10529.1279
2012-08-09,10445.7793
2012-08-10,10358.8301
2012-08-13,10401.1787
2012-08-14,10519.0283
2012-08-16,10426.6289
2012-08-17,10417.7793
2012-08-21,10469.3779
2012-08-22,10472.0781
2012-08-23,10457.5791
2012-08-24,10332.7295
2012-08-27,10150.2822
2012-08-28,10059.2832
2012-08-29,10011.7842
2012-08-30,10085.083
2012-08-31,9990.3838
2012-09-03,9962.8838
2012-09-04,10020.5342
2012-09-05,9827.7861
2012-09-06,9893.0352
2012-09-07,10121.8828
2012-09-10,10069.7324
2012-09-11,10135.7822
2012-09-12,10183.332
2012-09-13,10207.6816
2012-09-14,10642.7764
2012-09-17,10981.5225
2012-09-18,11043.3721
2012-09-20,10920.6729
2012-09-21,11358.3682
2012-09-24,11423.3672
2012-09-25,11420.6172
2012-09-26,11427.1172
2012-09-27,11419.3174
2012-09-28,11456.667
2012-10-01,11420.3174
2012-10-03,11414.8174
2012-10-04,11635.915
2012-10-05,11511.2666
2012-10-08,11362.0684
2012-10-09,11445.9668
2012-10-10,11291.3691
2012-10-11,11431.167
2012-10-12,11388.3174
2012-10-15,11441.667
2012-10-16,11347.8682
2012-10-17,11358.1182
2012-10-18,11586.2148
2012-10-19,11491.0664
2012-10-22,11607.2656
2012-10-23,11578.0156
2012-10-25,11614.3652
2012-10-29,11472.0166
2012-10-30,11202.8701
2012-10-31,11268.6689
2012-11-01,11314.918
2012-11-02,11460.3174
2012-11-05,11475.0166
2012-11-06,11538.916
2012-11-07,11665.3643
2012-11-08,11613.415
2012-11-09,11475.4658
2012-11-12,11583.7148
2012-11-15,11521.2666
2012-11-16,11335.3682
2012-11-19,11306.8184
2012-11-20,11318.168
2012-11-21,11465.2168
2012-11-22,11508.2158
2012-11-23,11475.666
2012-11-26,11432.3174
2012-11-27,11657.2646
2012-11-29,11992.6602
2012-11-30,12158.7588
2012-12-03,12103.7598
2012-12-04,12197.0088
2012-12-05,12281.457
2012-12-06,12427.4053
2012-12-07,12363.5566
2012-12-10,12381.5068
2012-12-11,12344.4561
2012-12-12,12301.5576
2012-12-13,12269.0078
2012-12-14,12424.5557
2012-12-17,12427.3057
2012-12-18,12477.0049
2012-12-19,12510.1045
2012-12-20,12486.3545
2012-12-21,12314.9062
2012-12-24,12317.5566
2012-12-26,12479.3047
2012-12-27,12459.5557
2012-12-28,12458.0059
2012-12-31,12474.1055
2013-01-01,12654.0029
2013-01-02,12786.7012
2013-01-03,12778.002
2013-01-04,12787.2012
2013-01-07,12708.5527
2013-01-08,12725.3525
2013-01-09,12717.8525
2013-01-10,12802.1016
2013-01-11,12617.7031
2013-01-14,12758.6016
2013-01-15,12855.251
2013-01-16,12638.3535
2013-01-17,12649.4521
2013-01-18,12679.8525
2013-01-21,12651.2021
2013-01-22,12574.2031
2013-01-23,12635.0537
2013-01-24,12561.2539
2013-01-25,12693.1025
2013-01-28,12781.2012
2013-01-29,12722.6523
2013-01-30,12767.3516
2013-01-31,12708.4521
2013-02-01,12606.1035
2013-02-04,12548.2041
2013-02-05,12467.6055
2013-02-06,12417.5557
2013-02-07,12349.1562
2013-02-08,12280.0078
2013-02-11,12332.8564
2013-02-12,12405.1055
2013-02-13,12384.9561
2013-02-14,12311.1562
2013-02-15,12336.4062
2013-02-18,12347.0566
2013-02-19,12413.5059
2013-02-20,12363.5566
2013-02-21,12055.3604
2013-02-22,12068.8096
2013-02-25,12037.1602
2013-02-26,11844.7119
2013-02-27,11930.3613
2013-02-28,11487.2158
2013-03-01,11539.916
2013-03-04,11575.4648
2013-03-05,11791.9131
2013-03-06,11876.0625
2013-03-07,11970.1113
2013-03-08,12197.1084
2013-03-11,12165.2588
2013-03-12,12054.3604
2013-03-13,11777.3633
2013-03-14,12020.6104
2013-03-15,11816.4121
2013-03-18,11735.3633
2013-03-19,11507.916
2013-03-20,11254.7188
2013-03-21,11238.2188
2013-03-22,11203.9199
2013-03-25,11125.5215
2013-03-26,11163.3203
2013-03-28,11361.7178
2013-04-01,11425.417
2013-04-02,11523.2666
2013-04-03,11343.9678
2013-04-04,11126.1211
2013-04-05,11098.8213
2013-04-08,11012.5225
2013-04-09,10929.0234
2013-04-10,11122.1211
2013-04-11,11306.3682
2013-04-12,11409.9668
2013-04-15,11526.1162
2013-04-16,11871.4619
2013-04-17,11980.9102
2013-04-18,12288.1074
2013-04-22,12576.0537
2013-04-23,12543.2549
2013-04-25,12726.7021
2013-04-26,12533.0049
2013-04-29,12609.0039
2013-04-30,12561.4033
2013-05-02,12709.8027
2013-05-03,12393.4551
2013-05-06,12396.2559
2013-05-07,12631.3535
2013-05-08,12642.9033
2013-05-09,12596.1533
2013-05-10,12752.1514
2013-05-13,12568.7031
2013-05-14,12583.4531
2013-05-15,13077.748
2013-05-16,13239.2959
2013-05-17,13316.9453
2013-05-20,13181.3467
2013-05-21,13066.3477
2013-05-22,13008.0986
2013-05-23,12636.3535
2013-05-24,12769.2012
2013-05-27,12961.3994
2013-05-28,12949.8496
2013-05-29,12853.0508
2013-05-30,12805.752
2013-05-31,12475.5059
2013-06-03,12401.9551
2013-06-04,12274.957
2013-06-05,12289.207
2013-06-06,12398.2559
2013-06-07,12231.3574
2013-06-10,12086.9092
2013-06-11,11820.3623
2013-06-12,11814.7119
2013-06-13,11686.6143
2013-06-14,11922.7109
2013-06-17,11970.9111
2013-06-18,11820.8125
2013-06-19,11852.5127
2013-06-20,11375.2686
2013-06-21,11340.0186
2013-06-24,11178.1699
2013-06-25,11180.9199
2013-06-26,11066.4209
2013-06-27,11235.6191
2013-06-28,11617.1152
2013-07-01,11714.7646
2013-07-02,11614.1152
2013-07-03,11357.668
2013-07-04,11381.0684
2013-07-05,11434.167
2013-07-08,11283.1689
2013-07-09,11442.3174
2013-07-10,11364.3184
2013-07-11,11655.1641
2013-07-12,11722.6631
2013-07-15,11790.1133
2013-07-16,11226.0195
2013-07-17,10971.4717
2013-07-18,11187.5703
2013-07-19,10973.7725
2013-07-22,11086.8213
2013-07-23,11239.5693
2013-07-24,10720.0254
2013-07-25,10613.877
2013-07-26,10465.1279
2013-07-29,10330.8799
2013-07-30,10209.4307
2013-07-31,10015.6338
2013-08-01,10142.832
2013-08-02,9997.6836
2013-08-05,10094.7832
2013-08-06,9702.9873
2013-08-07,9757.1367
2013-08-08,9816.2861
2013-08-12,9711.2871
2013-08-13,9985.5342
2013-08-14,10026.2842
2013-08-16,9450.7402
2013-08-19,9144.8936
2013-08-20,9218.8428
2013-08-21,9264.293
2013-08-22,9268.793
2013-08-23,9469.9893
2013-08-26,9373.4404
2013-08-27,8870.3965
2013-08-28,8760.748
2013-08-29,8904.4961
2013-08-30,9049.0947
2013-09-02,9139.3936
2013-09-03,8664.0996
2013-09-04,8845.6475
2013-09-05,9682.2881
2013-09-06,9961.2842
2013-09-10,10188.1318
2013-09-11,10368.9795
2013-09-12,10158.4316
2013-09-13,10180.332
2013-09-16,10368.2803
2013-09-17,10279.4805
2013-09-18,10447.7285
2013-09-19,11148.5205
2013-09-20,10686.6758
2013-09-23,10211.5811
2013-09-24,10175.7822
2013-09-25,10081.583
2013-09-26,10098.1328
2013-09-27,9899.6348
2013-09-30,9617.6885
2013-10-01,9883.1846
2013-10-03,10222.8311
2013-10-04,10197.0322
2013-10-07,10081.9824
2013-10-08,10141.332
2013-10-09,10334.8301
2013-10-10,10288.8311
2013-10-11,10622.0273
2013-10-14,10665.126
2013-10-15,10389.1289
2013-10-17,10336.4297
2013-10-18,10744.7754
2013-10-21,10797.4238
2013-10-22,10808.9736
2013-10-23,10880.5244
2013-10-24,10902.3232
2013-10-25,10896.373
2013-10-28,10773.0752
2013-10-29,11241.5195
2013-10-30,11249.2188
2013-10-31,11473.0166
2013-11-01,11628.5156
2013-11-05,11498.7666
2013-11-06,11292.4189
2013-11-07,11054.7715
2013-11-08,10913.0234
2013-11-11,10758.3252
2013-11-12,10582.9268
2013-11-13,10523.2275
2013-11-14,10811.0742
2013-11-18,11142.1699
2013-11-19,11187.7197
2013-11-20,10967.0225
2013-11-21,10706.7764
2013-11-22,10677.2256
2013-11-25,11083.2715
2013-11-26,10909.2227
2013-11-27,10899.1729
2013-11-28,10906.623
2013-11-29,11153.8203
2013-12-02,11284.2188
2013-12-03,11211.1699
2013-12-04,11156.6201
2013-12-05,11664.9639
2013-12-06,11720.0645
2013-12-09,12065.7598
2013-12-10,11843.3125
2013-12-11,11784.2129
2013-12-12,11635.3652
2013-12-13,11366.7686
2013-12-16,11372.8184
2013-12-17,11208.5205
2013-12-18,11357.7686
2013-12-19,11087.3213
2013-12-20,11292.2188
2013-12-23,11378.3682
2013-12-24,11330.5186
2013-12-26,11385.6172
2013-12-27,11459.5674
2013-12-30,11375.8682
2013-12-31,11385.1172
2014-01-01,11385.4668
2014-01-02,11183.0703
2014-01-03,11181.5205
2014-01-06,11048.9209
2014-01-07,11036.6221
2014-01-08,11053.5713
2014-01-09,10970.3223
2014-01-10,10805.1738
2014-01-13,11021.4717
2014-01-14,10948.7734
2014-01-15,11125.2715
2014-01-16,11092.4209
2014-01-17,10911.2227
2014-01-20,11007.3721
2014-01-21,11171.3701
2014-01-22,11207.2197
2014-01-23,11198.8701
2014-01-24,10982.2725
2014-01-27,10540.2783
2014-01-28,10507.4775
2014-01-29,10437.6289
2014-01-30,10153.0322
2014-01-31,10237.6309
2014-02-03,10101.9824
2014-02-04,10191.082
2014-02-05,10231.5312
2014-02-06,10205.082
2014-02-07,10263.0811
2014-02-10,10213.7812
2014-02-11,10245.3311
2014-02-12,10348.6797
2014-02-13,10135.582
2014-02-14,10203.6318
2014-02-17,10326.4297
2014-02-18,10575.0771
2014-02-19,10609.4766
2014-02-20,10428.1787
2014-02-21,10554.2266
2014-02-24,10683.376
2014-02-25,10666.626
2014-02-26,10730.2754
2014-02-28,10764.5752
2014-03-03,10651.8262
2014-03-04,10928.9229
2014-03-05,11098.6709
2014-03-06,11278.2188
2014-03-07,11884.6123
2014-03-10,12107.959
2014-03-11,12043.0107
2014-03-12,12023.96
2014-03-13,12141.3086
2014-03-14,12055.71
2014-03-18,12114.709
2014-03-19,12186.4082
2014-03-20,12017.1104
2014-03-21,12092.209
2014-03-24,12408.0059
2014-03-25,12449.8555
2014-03-26,12518.2041
2014-03-27,12604.8037
2014-03-28,12754.5518
2014-03-31,12741.9014
2014-04-01,12588.3535
2014-04-02,12715.1523
2014-04-03,12563.7031
2014-04-04,12551.5547
2014-04-07,12506.3047
2014-04-09,12937.25
2014-04-10,12949.25
2014-04-11,12840.0508
2014-04-15,12579.7539
2014-04-16,12563.0039
2014-04-17,12787.1016
2014-04-21,12958.3496
2014-04-22,12986.9482
2014-04-23,13121.9473
2014-04-25,13034.3486
2014-04-28,13081.3975
2014-04-29,12910.3994
2014-04-30,12855.7002
2014-05-02,12841.8506
2014-05-05,12880.501
2014-05-06,12965.8994
2014-05-07,12938.0498
2014-05-08,13037.249
2014-05-09,13750.3398
2014-05-12,14084.8857
2014-05-13,14165.3848
2014-05-14,14206.9346
2014-05-15,14236.3848
2014-05-16,14852.8271
2014-05-19,15221.9736
2014-05-20,15111.0244
2014-05-21,14951.9258
2014-05-22,15055.375
2014-05-23,15285.3223
2014-05-26,15175.7236
2014-05-27,15083.8242
2014-05-28,15173.1729
2014-05-29,15030.125
2014-05-30,14793.2285
2014-06-02,15287.0723
2014-06-03,15257.3223
2014-06-04,15333.2227
2014-06-05,15281.9727
2014-06-06,15542.9697
2014-06-09,15567.2197
2014-06-10,15427.6201
2014-06-11,15450.3701
2014-06-12,15464.6699
2014-06-13,15106.7246
2014-06-16,15029.8252
2014-06-17,15373.0215
2014-06-18,15220.2236
2014-06-19,15067.2256
2014-06-20,14997.4766
2014-06-23,15076.1748
2014-06-24,15309.3223
2014-06-25,15237.6729
2014-06-26,15049.8252
2014-06-27,14992.1758
2014-06-30,15241.7236
2014-07-01,15321.1719
2014-07-02,15490.1699
2014-07-03,15451.4707
2014-07-04,15555.9697
2014-07-07,15367.4209
2014-07-08,14997.3262
2014-07-09,14930.9258
2014-07-10,14821.5283
2014-07-11,14447.0322
2014-07-14,14489.582
2014-07-15,14891.7275
2014-07-16,15265.2725
2014-07-17,15268.8721
2014-07-18,15389.1709
2014-07-21,15385.7715
2014-07-22,15427.1699
2014-07-23,15462.8203
2014-07-24,15534.1689
2014-07-25,15322.0723
2014-07-28,15211.9736
2014-07-30,15452.2207
2014-07-31,15267.4219
2014-08-01,15127.624
2014-08-04,15242.1729
2014-08-05,15293.0723
2014-08-06,15008.4756
2014-08-07,14986.6758
2014-08-08,14765.5781
2014-08-11,14846.627
2014-08-12,15056.5254
2014-08-13,14910.7275
2014-08-14,15089.4746
2014-08-18,15439.5703
2014-08-19,15524.4697
2014-08-20,15481.5205
2014-08-21,15662.0186
2014-08-22,15818.9668
2014-08-25,15668.8184
2014-08-26,15623.918
2014-08-27,15717.4678
2014-08-28,15740.2178
2014-09-01,16012.6133
2014-09-02,16130.3623
2014-09-03,16109.8125
2014-09-04,16033.3633
2014-09-05,15982.3145
2014-09-08,16206.5117
2014-09-09,16156.5625
2014-09-10,16151.5625
2014-09-11,16203.9619
2014-09-12,16253.9619
2014-09-15,16167.3623
2014-09-16,15843.915
2014-09-17,15838.415
2014-09-18,16156.6621
2014-09-19,16151.9629
2014-09-22,16194.3613
2014-09-23,15902.665
2014-09-24,15740.1172
2014-09-25,15298.8721
2014-09-26,15607.0684
2014-09-29,15473.3701
2014-09-30,15392.0713
2014-10-01,15316.0225
2014-10-07,15180.0732
2014-10-08,15343.8213
2014-10-09,15741.0176
2014-10-10,15453.6201
2014-10-13,15677.3174
2014-10-14,15751.3672
2014-10-16,15541.4189
2014-10-17,15929.6143
2014-10-20,16216.4111
2014-10-21,16427.0586
2014-10-22,16444.5078
2014-10-27,16556.4062
2014-10-28,16666.8066
2014-10-29,16633.8574
2014-10-30,16759.8555
2014-10-31,17044.8535
2014-11-03,17133.9004
2014-11-05,17352.748
2014-11-07,17346.8496
2014-11-10,17262.1992
2014-11-11,17389.998
2014-11-12,17586.8457
2014-11-13,17452.7969
2014-11-14,17576.5957
2014-11-17,17640.1953
2014-11-18,17702.3457
2014-11-19,17585.4453
2014-11-20,17644.8457
2014-11-21,18056.0918
2014-11-24,18281.7363
2014-11-25,18036.8418
2014-11-26,17975.7402
2014-11-27,18022.291
2014-11-28,18512.9355
2014-12-01,18525.0859
2014-12-02,18555.6348
2014-12-03,18645.6328
2014-12-04,18782.6309
2014-12-05,18756.5312
2014-12-08,18509.8359
2014-12-09,18290.4375
2014-12-10,18462.7344
2014-12-11,18404.7852
2014-12-12,18299.5371
2014-12-15,18372.4375
2014-12-16,17830.3438
2014-12-17,17865.543
2014-12-18,18326.3867
2014-12-19,18478.6855
2014-12-22,18747.1309
2014-12-23,18603.5332
2014-12-24,18535.1348
2014-12-26,18556.9844
2014-12-29,18528.1348
2014-12-30,18647.334
2014-12-31,18736.4316
2015-01-01,18750.2305
2015-01-02,19057.5801
2015-01-05,19017.1797
2015-01-06,18430.5352
2015-01-07,18304.0371
2015-01-08,18701.1836
2015-01-09,18637.0332
2015-01-12,18795.6309
2015-01-13,18706.9824
2015-01-14,18603.584
2015-01-15,19235.4277
2015-01-16,19222.9277
2015-01-19,19405.8262
2015-01-20,19766.8203
2015-01-21,19843.0195
2015-01-22,19917.418
2015-01-23,20072.4668
2015-01-27,20555.0117
2015-01-28,20491.5117
2015-01-29,20528.3613
2015-01-30,19843.5195
2015-02-02,19865.6699
2015-02-03,19382.7246
2015-02-04,19173.7773
2015-02-05,19051.6797
2015-02-06,18786.4805
2015-02-09,18403.6348
2015-02-10,18752.2812
2015-02-11,18940.5801
2015-02-12,19128.377
2015-02-13,19369.4746
2015-02-16,19189.7266
2015-02-18,19296.2754
2015-02-19,19188.0781
2015-02-20,19073.3281
2015-02-23,18913.1797
2015-02-24,18883.582
2015-02-25,18732.834
2015-02-26,18537.8848
2015-02-27,19074.3281
2015-03-02,20007.8672
2015-03-03,19960.9668
2015-03-04,19643.6719
2015-03-05,19747.7695
2015-03-09,19145.3281
2015-03-10,19054.1797
2015-03-11,19043.7793
2015-03-12,19141.627
2015-03-13,18779.582
2015-03-16,18837.1309
2015-03-17,19058.0293
2015-03-18,19147.0273
2015-03-19,18810.9316
2015-03-20,18606.1328
2015-03-23,18448.7852
2015-03-24,18331.2363
2015-03-25,18309.8867
2015-03-26,17831.4434
2015-03-27,18044.5918
2015-03-30,18361.5879
2015-03-31,18206.4395
2015-04-01,18617.6328
2015-04-06,18605.2324
2015-04-07,18469.0859
2015-04-08,18416.3848
2015-04-09,18875.6309
2015-04-10,18800.6309
2015-04-13,18798.0312
2015-04-15,18716.084
2015-04-16,18636.834
2015-04-17,18345.3379
2015-04-20,18112.5391
2015-04-21,18105.5391
2015-04-22,18243.4863
2015-04-23,18245.3867
2015-04-24,18001.6914
2015-04-27,17767.3926
2015-04-28,18246.0371
2015-04-29,18302.4375
2015-04-30,18337.8867
2015-05-04,18501.0859
2015-05-05,18471.2344
2015-05-06,17799.3438
2015-05-07,17376.6992
2015-05-08,17796.3926
2015-05-11,18199.5391
2015-05-12,17628.4453
2015-05-13,18097.2383
2015-05-14,18115.9883
2015-05-15,18182.9395
2015-05-18,18422.7344
2015-05-19,18380.1875
2015-05-20,18554.9355
2015-05-21,18512.9355
2015-05-22,18433.0859
2015-05-25,18324.6367
2015-05-26,18329.0879
2015-05-27,18538.6348
2015-05-28,18448.9844
2015-05-29,18721.1328
2015-06-01,18616.7832
2015-06-02,17977.0918
2015-06-03,17721.1953
2015-06-04,17718.9941
2015-06-05,17549.0469
2015-06-08,17432.3965
2015-06-09,17489.6973
2015-06-10,17707.0449
2015-06-11,17304.1992
2015-06-12,17523.3477
2015-06-15,17458.4961
2015-06-16,17602.2441
2015-06-17,17583.8457
2015-06-18,17733.3438
2015-06-19,17880.6426
2015-06-22,18334.2871
2015-06-23,18391.1367
2015-06-24,18365.3379
2015-06-25,18492.6855
2015-06-26,18371.2871
2015-06-29,18241.0371
2015-06-30,18295.8867
2015-07-01,18581.3828
2015-07-02,18585.334
2015-07-03,18729.4336
2015-07-06,18824.9316
2015-07-07,18798.2812
2015-07-08,18462.9355
2015-07-09,18508.4844
2015-07-10,18719.584
2015-07-13,18893.332
2015-07-14,18779.9805
2015-07-15,18816.0312
2015-07-16,19167.8281
2015-07-17,19094.4766
2015-07-20,19032.4785
2015-07-21,18723.1836
2015-07-22,18996.7793
2015-07-23,18864.7812
2015-07-24,18635.6328
2015-07-27,18212.8398
2015-07-28,18282.5879
2015-07-29,18323.1875
2015-07-30,18440.1855
2015-07-31,18729.6328
2015-08-03,18914.4785
2015-08-04,18972.3789
2015-08-05,18928.3301
2015-08-06,19029.1289
2015-08-07,18893.332
2015-08-10,18874.7812
2015-08-11,18616.6836
2015-08-12,18059.541
2015-08-13,18175.1895
2015-08-14,18723.3828
2015-08-17,18821.832
2015-08-18,18780.6309
2015-08-19,18703.0332
2015-08-20,18282.8867
2015-08-21,18056.9902
2015-08-24,16811.6055
2015-08-25,17192.5508
2015-08-26,16917.4531
2015-08-27,17214.2012
2015-08-28,17211.75
2015-08-31,17146.3516
2015-09-01,16530.1094
2015-09-02,16252.5117
2015-09-03,16555.207
2015-09-04,16128.9121
2015-09-07,15789.916
2015-09-08,16350.7598
2015-09-09,16631.3066
2015-09-10,16597.457
2015-09-11,16612.4062
2015-09-14,16911.6035
2015-09-15,16739.3555
2015-09-16,16964.6523
2015-09-18,17408.9473
2015-09-21,17542.6973
2015-09-22,17030.9531
2015-09-23,17255.0996
2015-09-24,17196.4512
2015-09-28,17100.1016
2015-09-29,17280.998
2015-09-30,17216.1016
2015-10-01,17150.0
2015-10-05,17673.8457
2015-10-06,17605.1445
2015-10-07,17616.5957
2015-10-08,17474.0977
2015-10-09,17590.0449
2015-10-12,17582.9453
2015-10-13,17554.6465
2015-10-14,17543.0469
2015-10-15,17685.8945
2015-10-16,17912.6406
2015-10-19,17854.8438
2015-10-20,17830.043
2015-10-21,17710.3457
2015-10-23,17933.8418
2015-10-26,17814.8438
2015-10-27,17806.0938
2015-10-28,17372.9492
2015-10-29,17212.0
2015-10-30,17354.2988
2015-11-02,17340.3984
2015-11-03,17325.3984
2015-11-04,17220.8516
2015-11-05,16994.9023
2015-11-06,17086.3008
2015-11-09,17002.8027
2015-11-10,16835.8047
2015-11-13,16932.6523
2015-11-16,17184.7012
2015-11-17,17140.25
2015-11-18,16811.9043
2015-11-19,17071.7012
2015-11-20,17055.4023
2015-11-23,17060.0508
2015-11-24,16988.4531
2015-11-26,17036.3535
2015-11-27,17370.748
2015-11-30,17430.1973
2015-12-01,17398.3477
2015-12-02,17218.3008
2015-12-03,17109.9004
2015-12-04,16897.1035
2015-12-07,16946.8027
2015-12-08,16800.9551
2015-12-09,16660.5566
2015-12-10,16710.8574
2015-12-11,16342.3096
2015-12-14,16350.46
2015-12-15,16398.459
2015-12-16,16579.207
2015-12-17,16741.3047
2015-12-18,16594.1074
2015-12-21,16824.9551
2015-12-22,16749.0039
2015-12-23,16882.3047
2015-12-24,16810.8047
2015-12-28,16978.9531
2015-12-29,16991.252
2015-12-30,16917.7031
2015-12-31,16922.002
2016-01-01,17039.0527
2016-01-04,16598.957
2016-01-05,16542.3086
2016-01-06,16432.959
2016-01-07,16073.6631
2016-01-08,16142.4629
2016-01-11,16016.0635
2016-01-12,15734.6172
2016-01-13,15871.665
2016-01-14,15609.6182
2016-01-15,15206.123
2016-01-18,15020.625
2016-01-19,15269.4727
2016-01-20,14935.3262
2016-01-21,15101.0244
2016-01-22,15497.3701
2016-01-25,15560.9697
2016-01-27,15534.4189
2016-01-28,15381.2715
2016-01-29,15522.2197
2016-02-01,15314.2725
2016-02-02,15067.8252
2016-02-03,14833.877
2016-02-04,14868.9775
2016-02-05,15161.874
2016-02-08,15046.625
2016-02-09,14874.9268
2016-02-10,14588.2803
2016-02-11,14028.3867
2016-02-12,13971.3379
2016-02-15,14444.832
2016-02-16,14166.2852
2016-02-17,14119.6855
2016-02-18,14297.9844
2016-02-19,14344.0332
2016-02-22,14384.6328
2016-02-23,14008.1865
2016-02-24,13793.8896
2016-02-25,13555.543
2016-02-26,13791.29
2016-02-29,13946.2383
2016-03-01,14412.7324
2016-03-02,15092.2744
2016-03-03,15177.5732
2016-03-04,15339.0215
2016-03-08,15146.3242
2016-03-09,15278.8721
2016-03-10,15180.4736
2016-03-11,15168.0234
2016-03-14,15277.6221
2016-03-15,15326.6221
2016-03-16,15461.5205
2016-03-17,15443.8203
2016-03-18,15654.668
2016-03-21,15925.9141
2016-03-22,15935.8145
2016-03-23,15887.5654
2016-03-28,15604.7188
2016-03-29,15666.0684
2016-03-30,16134.6621
2016-03-31,16141.4629
2016-04-01,16174.7119
2016-04-04,16190.4111
2016-04-05,15694.8174
2016-04-06,15636.7686
2016-04-07,15530.5693
2016-04-08,15568.1689
2016-04-11,15818.3164
2016-04-12,15880.0156
2016-04-13,16278.3604
2016-04-18,16222.5117
2016-04-20,16349.5098
2016-04-21,16636.957
2016-04-22,16703.207
2016-04-25,16678.457
2016-04-26,17002.3535
2016-04-27,16872.7539
2016-04-28,16716.707
2016-04-29,16794.8047
2016-05-02,16542.8086
2016-05-03,16388.5078
2016-05-04,16274.0605
2016-05-05,16280.8105
2016-05-06,16296.4102
2016-05-09,16685.9062
2016-05-10,16784.7539
2016-05-11,16754.2539
2016-05-12,16923.502
2016-05-13,16716.707
2016-05-16,16737.3555
2016-05-17,16762.5547
2016-05-18,16728.7539
2016-05-19,16565.0566
2016-05-20,16481.2578
2016-05-23,16407.3594
2016-05-24,16456.459
2016-05-25,16997.252
2016-05-26,17359.0996
2016-05-27,17511.5977
2016-05-30,17520.4473
2016-05-31,17620.6953
2016-06-01,17423.2461
2016-06-02,17567.5957
2016-06-03,17680.5957
2016-06-06,17671.1953
2016-06-07,17947.9414
2016-06-08,17946.5918
2016-06-09,17887.4922
2016-06-10,17828.3926
2016-06-13,17593.7441
2016-06-14,17672.1953
2016-06-15,17917.6914
2016-06-16,17671.0957
2016-06-17,17695.8457
2016-06-20,17718.3945
2016-06-21,17618.8945
2016-06-22,17625.8457
2016-06-23,17892.2422
2016-06-24,17425.8477
2016-06-27,17514.7461
2016-06-28,17561.3457
2016-06-29,17689.6953
2016-06-30,17935.1914
2016-07-01,17985.4414
2016-07-04,18097.4395
2016-07-05,18004.041
2016-07-07,18084.6895
2016-07-08,18016.041
2016-07-11,18390.7363
2016-07-12,18667.3828
2016-07-13,18618.7324
2016-07-14,18863.5312
2016-07-15,18953.4297
2016-07-18,18923.1797
2016-07-19,18904.9297
2016-07-20,18967.9785
2016-07-21,18674.084
2016-07-22,18690.1836
2016-07-25,18989.3789
2016-07-26,18860.6309
2016-07-27,19021.7285
2016-07-28,19076.3281
2016-07-29,18952.9297
2016-08-01,18740.3809
2016-08-02,18708.0332
2016-08-03,18601.7832
2016-08-04,18571.4824
2016-08-05,18925.7285
2016-08-08,18939.2285
2016-08-09,18933.0801
2016-08-10,18647.584
2016-08-11,18640.1836
2016-08-12,18963.4785
2016-08-16,19001.9297
2016-08-17,19041.0293
2016-08-18,19352.5762
2016-08-19,19414.4727
2016-08-22,19330.0254
2016-08-23,19341.4258
2016-08-24,19355.375
2016-08-25,19304.0254
2016-08-26,19195.5273
2016-08-29,19216.7773
2016-08-30,19531.3242
2016-08-31,19787.3691
2016-09-01,19788.6191
2016-09-02,19882.9688
2016-09-06,20425.9609
2016-09-07,20406.6641
2016-09-08,20417.0117
2016-09-09,20245.0664
2016-09-12,19790.3691
2016-09-14,19908.9199
2016-09-15,19837.3203
2016-09-16,19855.2188
2016-09-19,19906.6191
2016-09-20,19852.0703
2016-09-21,19828.2188
2016-09-22,20109.3652
2016-09-23,19901.5703
2016-09-26,19591.5215
2016-09-27,19518.4727
2016-09-28,19653.3223
2016-09-29,19183.4277
2016-09-30,19285.4746
2016-10-03,19588.8223
2016-10-04,19672.4707
2016-10-05,19536.623
2016-10-06,19394.8262
2016-10-07,19399.875
2016-10-10,19378.3262
2016-10-13,18954.0293
2016-10-14,19019.9297
2016-10-17,19070.1797
2016-10-18,19494.8242
2016-10-19,19411.873
2016-10-20,19658.4707
2016-10-21,19710.6719
2016-10-24,19807.6699
2016-10-25,19834.6699
2016-10-26,19483.373
2016-10-27,19514.373
2016-10-28,19555.7227
2016-11-01,19458.373
2016-11-02,19227.6777
2016-11-03,19178.4766
2016-11-04,19057.8789
2016-11-07,19355.7754
2016-11-08,19500.5742
2016-11-09,19518.0234
2016-11-10,20200.0156
2016-11-11,19738.5723
2016-11-15,19289.5254
2016-11-16,19107.877
2016-11-17,19087.627
2016-11-18,18958.8301
2016-11-21,18446.1855
2016-11-22,18548.4355
2016-11-23,18540.6855
2016-11-24,18255.8867
2016-11-25,18507.0859
2016-11-28,18301.2363
2016-11-29,18223.5391
2016-11-30,18627.584
2016-12-01,18428.2344
2016-12-02,18247.4375
2016-12-05,18408.6855
2016-12-06,18420.6855
2016-12-07,18233.9375
2016-12-08,18515.2344
2016-12-09,18695.584
2016-12-12,18392.7363
2016-12-13,18465.8359
2016-12-14,18341.2871
2016-12-15,18400.9355
2016-12-16,18312.5879
2016-12-19,18256.8379
2016-12-20,18069.1895
2016-12-21,18084.2891
2016-12-22,17891.2422
2016-12-23,17883.793
2016-12-26,17655.3457
2016-12-27,17879.3438
2016-12-28,17876.4922
2016-12-29,18032.9414
2016-12-30,18176.9883
2017-01-02,17969.3906
2017-01-03,18035.3906
2017-01-04,17890.793
2017-01-05,18115.7383
2017-01-06,18263.7871
2017-01-09,18286.4375
2017-01-10,18409.3848
2017-01-11,18829.7812
2017-01-12,18873.7305
2017-01-13,18911.8789
2017-01-16,19096.2266
2017-01-17,19066.8301
2017-01-18,19164.2773
2017-01-19,19124.0273
2017-01-20,18820.582
2017-01-23,18842.4805
2017-01-24,19023.2793
2017-01-25,19472.9727
2017-01-27,19708.0723
2017-01-30,19585.0215
2017-01-31,19514.9238
2017-02-01,20020.3672
2017-02-02,20070.0684
2017-02-03,20196.5664
2017-02-06,20371.3633
2017-02-07,20327.0137
2017-02-08,20245.166
2017-02-09,20150.916
2017-02-10,20213.666
2017-02-13,20251.5645
2017-02-14,20257.8633
2017-02-15,20163.4648
2017-02-16,20243.4648
2017-02-17,20551.1113
2017-02-20,20676.8594
2017-02-21,20860.707
2017-02-22,20868.207
2017-02-23,20876.4082
2017-02-27,20612.8105
2017-02-28,20607.0098
2017-03-01,20783.5078
2017-03-02,20559.8125
2017-03-03,20495.3613
2017-03-06,20663.4102
2017-03-07,20627.2598
2017-03-08,20676.3105
2017-03-09,20721.1094
2017-03-10,20727.3105
2017-03-14,21102.4531
2017-03-15,21157.6543
2017-03-16,21249.6543
2017-03-17,21174.8047
2017-03-20,21110.0039
2017-03-21,21018.7559
2017-03-22,20781.1074
2017-03-23,20895.2578
2017-03-24,21122.3047
2017-03-27,21056.6562
2017-03-28,21225.1543
2017-03-29,21390.9023
2017-03-30,21620.4473
2017-03-31,21443.9004
2017-04-03,21547.5
2017-04-05,21652.4473
2017-04-06,21622.6973
2017-04-07,21430.9004
2017-04-10,21519.9004
2017-04-11,21735.8984
2017-04-12,21666.5488
2017-04-13,21686.3477
2017-04-17,21647.3477
2017-04-18,21671.5977
2017-04-19,21556.0996
2017-04-20,21491.1504
2017-04-21,21551.1992
2017-04-24,21857.1465
2017-04-25,22054.4434
2017-04-26,22242.5918
2017-04-27,22326.041
2017-04-28,22357.9902
2017-05-02,22341.0898
2017-05-03,22307.041
2017-05-04,22719.8359
2017-05-05,22604.6855
2017-05-08,22767.0859
2017-05-09,22707.0371
2017-05-10,22830.084
2017-05-11,22818.1836
2017-05-12,22671.4355
2017-05-15,22821.2344
2017-05-16,22928.334
2017-05-17,22935.6836
2017-05-18,22698.3359
2017-05-19,22769.5352
2017-05-22,22652.5859
2017-05-23,22582.5391
2017-05-24,22536.0391
2017-05-25,23190.5312
2017-05-26,23361.9277
2017-05-29,23182.4805
2017-05-30,23306.9785
2017-05-31,23424.5293
2017-06-01,23309.8789
2017-06-02,23375.6289
2017-06-05,23459.377
2017-06-06,23416.0293
2017-06-07,23567.377
2017-06-08,23535.8262
2017-06-09,23690.625
2017-06-12,23470.1758
2017-06-13,23477.5762
2017-06-14,23498.4258
2017-06-15,23391.4785
2017-06-16,23502.4766
2017-06-19,23741.875
2017-06-20,23697.6738
2017-06-21,23708.4746
2017-06-22,23735.8242
2017-06-23,23542.4766
2017-06-27,23215.9805
2017-06-28,23235.5801
2017-06-29,23227.0312
2017-06-30,23210.9297
2017-07-03,23272.5312
2017-07-04,23213.9297
2017-07-05,23352.3281
2017-07-06,23466.377
2017-07-07,23448.877
2017-07-10,23674.7754
2017-07-11,23584.3262
2017-07-12,23695.1738
2017-07-13,23888.373
2017-07-14,23937.4219
2017-07-17,24014.7715
2017-07-18,24021.7715
2017-07-19,24152.3691
2017-07-20,24213.0684
2017-07-21,24256.7695
2017-07-24,24420.5664
2017-07-25,24520.4141
2017-07-26,24670.4121
2017-07-27,24922.1113
2017-07-28,24811.0117
2017-07-31,25103.3594
2017-08-01,25122.5078
2017-08-02,25054.9082
2017-08-03,24674.7637
2017-08-04,24827.1602
2017-08-07,24906.0605
2017-08-08,24599.2148
2017-08-09,24374.3164
2017-08-10,24217.0684
2017-08-11,23985.4707
2017-08-14,24115.4688
2017-08-16,24437.416
2017-08-17,24236.9688
2017-08-18,24074.1699
2017-08-21,23936.2227
2017-08-22,23974.1699
2017-08-23,24316.5176
2017-08-24,24273.918
2017-08-28,24376.8164
2017-08-29,24128.668
2017-08-30,24308.416
2017-08-31,24318.1172
2017-09-01,24433.7168
2017-09-04,24236.5684
2017-09-05,24328.0176
2017-09-06,24278.8691
2017-09-07,24304.6172
2017-09-08,24370.5176
2017-09-11,24671.9629
2017-09-12,24784.4121
2017-09-13,24831.5117
2017-09-14,24911.9609
2017-09-15,24844.0117
2017-09-18,25046.6094
2017-09-19,25041.2598
2017-09-20,24964.7598
2017-09-21,24798.9609
2017-09-22,24368.5664
2017-09-25,24164.7695
2017-09-26,24198.8691
2017-09-27,23812.6719
2017-09-28,24007.8711
2017-09-29,24052.7207
2017-10-03,24103.1211
2017-10-04,24113.0215
2017-10-05,24057.7715
2017-10-06,24189.7188
2017-10-09,24251.6191
2017-10-10,24347.166
2017-10-11,24107.1699
2017-10-12,24360.9668
2017-10-13,24688.8633
2017-10-16,24702.7637
2017-10-17,24645.3125
2017-10-18,24313.4668
2017-10-19,24009.4707
2017-10-23,24088.6211
2017-10-24,24221.8691
2017-10-25,25035.6094
2017-10-26,25021.9082
2017-10-27,24839.2617
2017-10-30,24988.2598
2017-10-31,25019.0586
2017-11-01,25490.1523
2017-11-02,25427.0059
2017-11-03,25650.4004
2017-11-06,25570.8535
2017-11-07,25300.5059
2017-11-08,25184.0566
2017-11-09,25291.0547
2017-11-10,25498.6523
2017-11-13,25358.0059
2017-11-14,25284.3066
2017-11-15,25218.6074
2017-11-16,25446.3047
2017-11-17,25728.1016
2017-11-20,25768.3008
2017-11-21,25757.2012
2017-11-22,25766.3516
2017-11-23,25735.9512
2017-11-24,25779.3516
2017-11-27,25891.6484
2017-11-28,25846.0996
2017-11-29,25795.3984
2017-11-30,25332.1055
2017-12-01,25191.6562
2017-12-04,25074.8086
2017-12-05,25124.5566
2017-12-06,24851.5117
2017-12-07,25056.959
2017-12-08,25320.8555
2017-12-11,25404.5547
2017-12-12,25125.1562
2017-12-13,25000.0586
2017-12-14,25167.9062
2017-12-15,25440.0059
2017-12-18,25594.2539
2017-12-19,25715.9004
2017-12-20,25591.4023
2017-12-21,25554.0039
2017-12-22,25648.252
2017-12-26,25674.9512
2017-12-27,25495.7539
2017-12-28,25489.7031
2017-12-29,25539.1523
2018-01-01,25317.8047
2018-01-02,25337.9551
2018-01-03,25318.3047
2018-01-04,25462.3027
2018-01-05,25601.5527
2018-01-08,25675.8008
2018-01-09,25703.502
2018-01-10,25617.0039
2018-01-11,25660.6016
2018-01-12,25748.752
2018-01-15,26068.8965
2018-01-16,25974.5977
2018-01-17,26288.7949
2018-01-18,26537.0918
2018-01-19,26909.1875
2018-01-22,27040.8848
2018-01-23,27390.2812
2018-01-24,27398.2324
2018-01-25,27445.332
2018-01-29,27498.1289
2018-01-30,27268.7344
2018-01-31,27379.1309
2018-02-01,27220.3828
2018-02-02,26450.8438
2018-02-05,26098.4473
2018-02-06,25811.0
2018-02-07,25669.7012
2018-02-08,25920.3496
2018-02-09,25463.3535
2018-02-12,25701.3008
2018-02-14,25340.9551
2018-02-15,25424.0547
2018-02-16,25163.6074
2018-02-19,25058.2598
2018-02-20,24874.1113
2018-02-21,24936.4102
2018-02-22,24954.9082
2018-02-23,25302.2051
2018-02-26,25687.6016
2018-02-27,25383.3047
2018-02-28,25107.1094
2018-03-01,24902.2617
2018-03-05,24818.4102
2018-03-06,24448.166
2018-03-07,24133.8184
2018-03-08,24477.3652
2018-03-09,24296.166
2018-03-12,24663.9121
2018-03-13,24738.3633
2018-03-14,24851.3613
2018-03-15,24791.5605
2018-03-16,24489.2656
2018-03-19,24244.8184
2018-03-20,24167.918
2018-03-21,24255.3184
2018-03-22,24141.2188
2018-03-23,23670.125
2018-03-26,24244.0684
2018-03-27,24433.8672
2018-03-28,24263.0684
2018-04-02,24328.2168
2018-04-03,24510.3145
2018-04-04,24129.2188
2018-04-05,24759.5137
2018-04-06,24872.8613
2018-04-09,25093.5098
2018-04-10,25226.5078
2018-04-11,25097.959
2018-04-12,25194.8066
2018-04-13,25200.3066
2018-04-16,25320.5547
2018-04-17,25334.1543
2018-04-18,25102.0098
2018-04-19,25125.8574
2018-04-20,24943.5605
2018-04-23,24960.3594
2018-04-24,25041.8086
2018-04-25,24814.1113
2018-04-26,25010.6094
2018-04-27,25394.3047
2018-04-30,25531.3027
2018-05-02,25568.0039
2018-05-03,25604.9531
2018-05-04,25645.1016
2018-05-07,25851.75
2018-05-08,26090.1973
2018-05-09,26154.1445
2018-05-10,26130.6953
2018-05-11,26412.8438
2018-05-14,26474.8418
2018-05-15,26473.6914
2018-05-16,26181.8457
2018-05-17,26073.498
2018-05-18,25875.2988
2018-05-21,25750.502
2018-05-22,25777.4004
2018-05-23,25684.6504
2018-05-24,26016.498
2018-05-25,26273.2461
2018-05-28,26613.9414
2018-05-29,26254.4961
2018-05-30,26327.4941
2018-05-31,26955.8867
2018-06-01,26692.4902
2018-06-04,26257.2461
2018-06-05,26250.6953
2018-06-06,26367.293
2018-06-07,26517.4922
2018-06-08,26451.043
2018-06-11,26453.2441
2018-06-12,26606.791
2018-06-13,26642.4902
2018-06-14,26561.9414
2018-06-15,26417.0938
2018-06-18,26408.9941
2018-06-19,26265.4453
2018-06-20,26557.3906
2018-06-21,26496.6406
2018-06-22,26766.5391
2018-06-25,26609.3906
2018-06-26,26601.3906
2018-06-27,26423.0938
2018-06-28,26324.293
2018-06-29,26363.8926
2018-07-02,26229.9961
2018-07-03,26203.7949
2018-07-04,26433.6426
2018-07-05,26502.9922
2018-07-06,26493.541
2018-07-09,26752.9902
2018-07-10,26894.2383
2018-07-11,26815.8867
2018-07-12,27026.2363
2018-07-13,26935.6367
2018-07-16,26679.4902
2018-07-17,27007.7852
2018-07-18,26880.5879
2018-07-19,26789.3398
2018-07-20,26872.8867
2018-07-23,27007.8359
2018-07-24,26974.0859
2018-07-25,27030.9863
2018-07-26,27406.082
2018-07-27,27634.0801
2018-07-30,27842.2754
2018-07-31,27763.8281
2018-08-01,27596.2793
2018-08-02,27355.6309
2018-08-03,27695.1777
2018-08-06,27898.1758
2018-08-07,27875.5762
2018-08-08,28062.123
2018-08-09,28319.6699
2018-08-10,28123.9238
2018-08-13,27794.0781
2018-08-14,28021.373
2018-08-16,27826.2266
2018-08-17,28128.2246
2018-08-20,28273.9219
2018-08-21,28257.5723
2018-08-23,28027.5742
2018-08-24,27834.375
2018-08-27,28263.8711
2018-08-28,28269.3223
2018-08-29,28223.7715
2018-08-30,28102.9238
2018-08-31,28061.4238
2018-09-03,27819.1758
2018-09-04,27430.4316
2018-09-05,27375.7324
2018-09-06,27468.3809
2018-09-07,27481.1289
2018-09-10,27201.4336
2018-09-11,26807.1875
2018-09-12,26818.8867
2018-09-14,27163.5332
2018-09-17,26819.9883
2018-09-18,26441.1426
2018-09-19,26277.0449
2018-09-21,25596.6035
2018-09-24,24970.0586
2018-09-25,25330.0547
2018-09-26,25376.0059
2018-09-27,25041.8594
2018-09-28,25119.5586
2018-10-01,25366.7051
2018-10-03,25069.6094
2018-10-04,24819.0117
2018-10-05,24443.166
2018-10-08,24618.0625
2018-10-09,24527.3652
2018-10-10,25321.4043
2018-10-11,24783.6621
2018-10-12,25395.5547
2018-10-15,25387.7559
2018-10-16,25589.3535
2018-10-17,25188.3066
2018-10-19,25085.5098
2018-10-22,25078.3086
2018-10-23,24972.1582
2018-10-24,25063.9082
2018-10-25,24817.1602
2018-10-26,24420.7676
2018-10-29,24959.4082
2018-10-30,24807.4609
2018-10-31,25152.957
2018-11-01,25323.3555
2018-11-02,25701.3516
2018-11-05,25731.9004
2018-11-06,25597.7031
2018-11-07,25769.4004
2018-11-09,25770.7012
2018-11-12,25539.4531
2018-11-13,25768.3008
2018-11-14,25929.8496
2018-11-15,26154.4453
2018-11-16,26245.2461
2018-11-19,26300.3926
2018-11-20,26113.0469
2018-11-21,26261.7461
2018-11-22,25999.1465
2018-11-26,26365.293
2018-11-27,26442.793
2018-11-28,26457.6426
2018-11-29,26939.2871
2018-11-30,26862.6367
2018-12-03,26857.2383
2018-12-04,26693.4902
2018-12-05,26519.291
2018-12-06,26197.9961
2018-12-07,26593.9922
2018-12-10,26102.3477
2018-12-11,26163.0957
2018-12-12,26643.5391
2018-12-13,26816.0371
2018-12-14,26825.6875
2018-12-17,27015.4863
2018-12-18,27174.3828
2018-12-19,27298.084
2018-12-20,27274.7832
2018-12-21,26869.3379
2018-12-24,26714.4395
2018-12-26,26986.4863
2018-12-27,26878.2383
2018-12-28,27124.9355
2018-12-31,27159.8828
2019-01-01,27392.082
2019-01-02,27174.3828
2019-01-03,26959.5371
2019-01-04,27194.6836
2019-01-07,27304.2344
2019-01-08,27509.1797
2019-01-09,27720.0781
2019-01-10,27528.2305
2019-01-11,27453.582
2019-01-14,27247.9336
2019-01-15,27400.4316
2019-01-16,27483.3789
2019-01-17,27528.4297
2019-01-18,27456.3809
2019-01-21,27533.2793
2019-01-22,27481.9297
2019-01-23,27250.4336
2019-01-24,27266.084
2019-01-25,27114.9863
2019-01-28,26652.7402
2019-01-29,26573.0918
2019-01-30,26825.1875
2019-01-31,27295.1328
2019-02-01,27085.6348
2019-02-04,27186.2832
2019-02-05,27271.3828
2019-02-06,27402.0312
2019-02-07,27386.832
2019-02-08,27294.084
2019-02-11,27227.4844
2019-02-12,27010.4355
2019-02-14,26970.2852
2019-02-15,26793.9395
2019-02-18,26653.9395
2019-02-19,26684.5391
2019-02-20,26955.1875
2019-02-21,27052.0859
2019-02-22,26867.2383
2019-02-25,27158.9336
2019-02-26,26952.6367
2019-02-27,26798.9902
2019-02-28,26789.5898
2019-03-01,27043.5859
2019-03-05,27553.7305
2019-03-06,27625.3301
2019-03-07,27764.2773
2019-03-08,27761.4785
2019-03-11,27966.3262
2019-03-12,28443.3691
2019-03-13,28883.9648
2019-03-14,28922.7637
2019-03-15,29381.1074
2019-03-18,29595.7559
2019-03-19,29767.5039
2019-03-20,29831.8516
2019-03-22,29582.1562
2019-03-25,29280.8594
2019-03-26,29881.8027
2019-03-27,30019.4512
2019-03-28,30420.1973
2019-04-01,30326.1484
2019-04-02,30353.8965
2019-04-03,30092.9512
2019-04-04,29904.5527
2019-04-05,30084.3008
2019-04-08,29844.9531
2019-04-09,30113.5
2019-04-10,29803.1543
2019-04-11,29785.7539
2019-04-12,29938.2031
2019-04-15,30103.9004
2019-04-16,30530.9941
2019-04-18,30223.0488
2019-04-22,29687.6035
2019-04-23,29479.3574
2019-04-24,29860.4531
2019-04-25,29561.0059
2019-04-26,30013.1504
2019-04-30,29764.4551
2019-05-02,29708.2539
2019-05-03,29953.8027
2019-05-06,29618.1055
2019-05-07,29287.8594
2019-05-08,28994.0625
2019-05-09,28884.2637
2019-05-10,29040.1621
2019-05-13,28659.6152
2019-05-14,28828.8633
2019-05-15,28616.1172
2019-05-16,28854.9648
2019-05-17,29449.8086
2019-05-20,30759.3418
2019-05-21,30308.0488
2019-05-22,30526.4453
2019-05-23,30408.7461
2019-05-24,31212.1875
2019-05-27,31647.2832
2019-05-28,31597.5332
2019-05-29,31295.1875
2019-05-30,31536.7324
2019-05-31,31375.0352
2019-06-03,31653.2832
2019-06-04,31588.6836
2019-06-06,30857.041
2019-06-07,31066.1895
2019-06-10,31033.6387
2019-06-11,31265.0859
2019-06-12,30965.3398
2019-06-13,30975.7402
2019-06-14,30613.9941
2019-06-17,30272.8984
2019-06-18,30350.6465
2019-06-19,30361.7461
2019-06-20,30780.7422
2019-06-21,30627.9941
2019-06-24,30601.6953
2019-06-25,30846.6914
2019-06-26,31161.9883
2019-06-27,31269.1367
2019-06-28,31104.8379
2019-07-01,31371.834
2019-07-02,31282.9375
2019-07-03,31381.9355
2019-07-04,31471.4844
2019-07-05,31475.4355
2019-07-08,30603.4941
2019-07-09,30568.7949
2019-07-10,30521.7441
2019-07-11,30716.1934
2019-07-12,30601.0938
2019-07-15,30445.5957
2019-07-16,30570.4453
2019-07-17,30735.1426
2019-07-18,30430.2461
2019-07-19,29770.0039
2019-07-22,29284.6094
2019-07-23,29127.7617
2019-07-24,28951.9141
2019-07-25,29042.7129
2019-07-26,29324.959
2019-07-29,29295.5605
2019-07-30,28791.2656
2019-07-31,28875.6641
2019-08-01,28366.9199
2019-08-02,28204.6211
2019-08-05,27647.7285
2019-08-06,28021.7734
2019-08-07,27701.7285
2019-08-08,28110.123
2019-08-09,28431.5703
2019-08-13,27728.7773
2019-08-14,28018.873
2019-08-16,28216.6719
2019-08-19,28185.7715
2019-08-20,27982.123
2019-08-21,27718.7285
2019-08-22,27033.8848
2019-08-23,26958.3379
2019-08-26,27951.0254
2019-08-27,28125.8242
2019-08-28,27803.9785
2019-08-29,27304.8828
2019-08-30,27427.5312
2019-09-03,26823.8379
2019-09-04,27123.5352
2019-09-05,26919.3867
2019-09-06,27247.584
2019-09-09,27504.3301
2019-09-11,27775.877
2019-09-12,27818.1758
2019-09-13,28098.4238
2019-09-16,27854.6758
2019-09-17,27131.4355
2019-09-18,27172.334
2019-09-19,26757.3398
2019-09-20,28981.2148
2019-09-23,30565.8438
2019-09-24,30182.748
2019-09-25,29585.707
2019-09-26,30002.25
2019-09-27,29876.3027
2019-09-30,29102.8125
2019-10-01,28725.166
2019-10-03,28413.7695
2019-10-04,27731.5273
2019-10-07,27767.2285
2019-10-09,28785.5156
2019-10-10,28013.123
2019-10-11,28042.1738
2019-10-14,28181.6211
2019-10-15,28554.7676
2019-10-16,28538.4688
2019-10-17,28989.1113
2019-10-18,29119.9121
2019-10-22,29410.8086
2019-10-23,29459.2578
2019-10-24,29107.6113
2019-10-25,29395.6074
2019-10-29,29872.7031
2019-10-30,29987.1523
2019-10-31,30065.9004
2019-11-01,30330.1992
2019-11-04,30332.7461
2019-11-05,30219.498
2019-11-06,30609.2441
2019-11-07,30632.7949
2019-11-08,30749.043
2019-11-11,31115.1895
2019-11-13,30541.1953
2019-11-14,30749.5918
2019-11-15,31008.0391
2019-11-18,30991.7402
2019-11-19,31235.8867
2019-11-20,31353.4844
2019-11-21,31349.584
2019-11-22,31111.2383
2019-11-25,31555.5332
2019-11-26,31717.9805
2019-11-27,31875.5781
2019-11-28,32122.5762
2019-11-29,31945.7285
2019-12-02,31871.0781
2019-12-03,31612.9824
2019-12-04,31978.9297
2019-12-05,31712.5801
2019-12-06,31341.1855
2019-12-09,31316.2871
2019-12-10,31159.9883
2019-12-11,31256.3867
2019-12-12,31665.082
2019-12-13,32013.877
2019-12-16,31973.8281
2019-12-17,32139.877
2019-12-18,32243.875
2019-12-19,32241.0742
2019-12-20,32384.5723
2019-12-23,32339.0742
2019-12-24,32280.375
2019-12-26,31997.3281
2019-12-27,32411.9727
2019-12-30,32354.5234
2019-12-31,32161.2773
2020-01-01,32102.5273
2020-01-02,32443.4727
2020-01-03,32068.877
2020-01-06,31236.7871
2020-01-07,31399.0352
2020-01-08,31373.2852
2020-01-09,32092.0273
2020-01-10,32097.0273
2020-01-13,32177.2773
2020-01-14,32071.2773
2020-01-15,31824.5312
2020-01-16,31853.5293
2020-01-17,31590.2832
2020-01-20,31080.2891
2020-01-21,30947.1914
2020-01-22,30701.0918
2020-01-23,31003.6895
2020-01-24,31241.3867
2020-01-27,30837.041
2020-01-28,30761.043
2020-01-29,30876.6406
2020-01-30,30647.0449
2020-01-31,30833.2422
2020-02-03,30022.9004
2020-02-04,30686.3418
2020-02-05,31001.5898
2020-02-06,31303.6875
2020-02-07,31201.5859
2020-02-10,31057.7891
2020-02-11,31300.2363
2020-02-12,31492.5352
2020-02-13,31229.8867
2020-02-14,30834.4434
2020-02-17,30680.3418
2020-02-18,30562.1445
2020-02-19,30837.8398
2020-02-20,30942.4902
2020-02-24,30454.7461
2020-02-25,30432.3457
2020-02-26,30306.498
2020-02-27,30186.6484
2020-02-28,29146.8125
2020-03-02,28868.0645
2020-03-03,29176.7109
2020-03-04,28653.3652
2020-03-05,28815.0156
2020-03-06,27801.127
2020-03-09,26462.293
2020-03-11,26487.4922
2020-03-12,23970.8711
2020-03-13,25166.1562
2020-03-16,23100.8828
2020-03-17,22154.8926
2020-03-18,20579.9609
2020-03-19,20083.2656
2020-03-20,20317.3633
2020-03-23,16917.4531
2020-03-24,17107.1016
2020-03-25,18480.8359
2020-03-26,19613.6719
2020-03-27,19968.7676
2020-03-30,18782.1816
2020-03-31,19143.7773
2020-04-01,18208.1387
2020-04-03,17249.0996
2020-04-07,19062.2793
2020-04-08,18946.2285
2020-04-09,19913.3672
2020-04-13,19487.7734
2020-04-15,19056.8301
2020-04-16,19399.7754
2020-04-17,20681.209
2020-04-20,20522.4121
2020-04-21,19409.123
2020-04-22,19701.6211
2020-04-23,20267.7129
2020-04-24,19586.4219
2020-04-27,20080.916
2020-04-28,20670.8594
2020-04-29,21089.9531
2020-04-30,21534.25
2020-05-04,19743.5215
2020-05-05,19271.5254
2020-05-06,19694.3223
2020-05-07,19491.5742
2020-05-08,19352.6758
2020-05-11,18950.2793
2020-05-12,18862.6309
2020-05-13,19634.7207
2020-05-14,19068.2793
2020-05-15,18833.7305
2020-05-18,17572.9941
2020-05-19,17486.0469
2020-05-20,17839.9922
2020-05-21,17734.8926
2020-05-22,17278.6992
2020-05-26,17440.1465
2020-05-27,18710.334
2020-05-28,19169.5781
2020-05-29,19297.0254
2020-06-01,19959.668
2020-06-02,20529.9609
2020-06-03,20940.4551
2020-06-04,20390.2129
2020-06-05,21034.2559
2020-06-08,21187.1035
2020-06-09,20724.6602
2020-06-10,21099.8535
2020-06-11,20524.9121
2020-06-12,20654.3105
2020-06-15,19912.668
2020-06-16,20296.4629
2020-06-17,20201.5156
2020-06-18,20956.0566
2020-06-19,21337.8516
2020-06-22,21708.0977
2020-06-23,22264.6426
2020-06-24,21426.5508
2020-06-25,21505.9004
2020-06-26,21591.8008
2020-06-29,21358.752
2020-06-30,21369.9023
2020-07-01,21977.3438
2020-07-02,21952.9434
2020-07-03,21852.1465
2020-07-06,22198.6914
2020-07-07,22627.7363
2020-07-08,22584.3887
2020-07-09,22906.9336
2020-07-10,22398.1895
2020-07-13,22088.9941
2020-07-14,21391.9512
2020-07-15,21340.502
2020-07-16,21596.8984
2020-07-17,21966.5449
2020-07-20,22321.5898
2020-07-21,22781.7344
2020-07-22,22882.334
2020-07-23,23083.6328
2020-07-24,22661.7871
2020-07-27,21848.4961
2020-07-28,22104.9414
2020-07-29,22076.3438
2020-07-30,21646.5977
2020-07-31,21639.7988
2020-08-03,21071.8555
2020-08-04,21490.25
2020-08-05,21509.6992
2020-08-06,21642.3477
2020-08-07,21753.748
2020-08-10,21899.9961
2020-08-11,22226.9414
2020-08-12,22263.7422
2020-08-13,22196.0918
2020-08-14,21679.1484
2020-08-17,21700.5977
2020-08-18,22170.3418
2020-08-19,22285.6406
2020-08-20,21999.1934
2020-08-21,22299.3398
2020-08-24,22832.7344
2020-08-25,23091.8828
2020-08-26,23413.9277
2020-08-27,23600.0762
2020-08-28,24523.5156
2020-08-31,23754.0742
2020-09-01,23811.7227
2020-09-02,23874.2734
2020-09-03,23530.5762
2020-09-04,23011.2324
2020-09-07,22944.7832
2020-09-08,22744.1367
2020-09-09,22266.7402
2020-09-10,22465.9375
2020-09-11,22479.6875
2020-09-14,22100.9922
2020-09-15,22465.3887
2020-09-16,22573.2891
2020-09-17,22320.0898
2020-09-18,22030.7949
2020-09-21,21366.5527
2020-09-22,21138.8535
2020-09-23,21178.2539
2020-09-24,20456.6113
2020-09-25,20982.1055
2020-09-28,21665.248
2020-09-29,21411.0527
2020-09-30,21451.5508
2020-10-01,22245.7422
2020-10-05,22370.6895
2020-10-06,22853.4336
2020-10-07,22964.5332
2020-10-08,23191.0801
2020-10-09,23846.5234
2020-10-12,23712.5254
2020-10-13,23491.9258
2020-10-14,23874.373
2020-10-15,23072.1328
2020-10-16,23532.9766
2020-10-19,24266.4688
2020-10-20,24311.5176
2020-10-21,24634.7637
2020-10-22,24483.8652
2020-10-23,24478.0156
2020-10-26,24075.1699
2020-10-27,24769.2129
2020-10-28,24232.2188
2020-10-29,24091.7207
2020-10-30,23900.623
2020-11-02,24892.2109
2020-11-03,25682.502
2020-11-04,25771.3008
2020-11-05,26312.793
2020-11-06,26798.6387
2020-11-09,27533.7793
2020-11-10,28605.668
2020-11-11,28844.6641
2020-11-12,28278.4727
2020-11-13,28465.3691
2020-11-17,29180.9609
2020-11-18,29749.5039
2020-11-19,28902.7148
2020-11-20,29235.6602
2020-11-23,29023.8613
2020-11-24,29736.9043
2020-11-25,29196.0605
2020-11-26,29549.4062
2020-11-27,29608.707
2020-12-01,29817.5039
2020-12-02,29462.8086
2020-12-03,29448.4082
2020-12-04,30052.0508
2020-12-07,30211.1992
2020-12-08,30261.5488
2020-12-09,30709.043
2020-12-10,30509.9941
2020-12-11,30604.4941
2020-12-14,30745.543
2020-12-15,30690.6934
2020-12-16,30698.043
2020-12-17,30846.6914
2020-12-18,30714.293
2020-12-21,29456.1074
2020-12-22,29625.6055
2020-12-23,29882.9531
2020-12-24,30401.8457
2020-12-28,30880.5898
2020-12-29,31322.1367
2020-12-30,31302.6875
2020-12-31,31263.6875
2021-01-01,31225.4863
2021-01-04,31212.0859
2021-01-05,31721.8809
2021-01-06,31797.5312
2021-01-07,31955.6289
2021-01-08,32083.8262
2021-01-11,31998.5293
2021-01-12,32338.625
2021-01-13,32574.2715
2021-01-14,32519.3711
2021-01-15,32246.4258
2021-01-18,31811.3809
2021-01-19,32424.4727
2021-01-20,32543.3203
2021-01-21,32186.5254
2021-01-22,31166.8887
2021-01-25,31198.0371
2021-01-27,30284.1992
2021-01-28,30357.9473
2021-01-29,30565.1445
2021-02-01,33088.668
2021-02-02,34267.5
2021-02-03,34758.0469
2021-02-04,35344.3906
2021-02-05,35654.0859
2021-02-08,35983.2305
2021-02-09,36056.082
2021-02-10,35782.6875
2021-02-11,35751.6875
2021-02-12,36108.4805
2021-02-15,37305.8164
2021-02-16,37097.9688
2021-02-17,36910.5195
2021-02-18,36586.5742
2021-02-19,35841.1836
2021-02-22,35256.7891
2021-02-23,35116.543
2021-02-24,36451.8789
2021-02-25,36548.5742
2021-02-26,34803.1953
2021-03-01,35295.5898
2021-03-02,35419.2891
2021-03-03,36367.6289
2021-03-04,35802.082
2021-03-05,35227.7383
2021-03-08,35275.3398
2021-03-09,35865.2305
2021-03-10,35937.8828
2021-03-12,35496.2344
2021-03-15,35182.1406
2021-03-16,34804.1953
2021-03-17,34228.8516
2021-03-18,33856.4062
2021-03-19,34161.2031
2021-03-22,33603.0586
2021-03-23,34184.0
2021-03-24,33292.8633
2021-03-25,33006.0664
2021-03-26,33317.8125
2021-03-30,33874.707
2021-03-31,33303.5117
2021-04-01,33857.6055
2021-04-05,32678.4707
2021-04-06,32500.9727
2021-04-07,32990.8164
2021-04-08,32782.4688
2021-04-09,32447.6738
2021-04-12,30791.6426
2021-04-13,31771.2305
2021-04-15,32112.4766
2021-04-16,31977.0781
2021-04-19,31208.0371
2021-04-20,31112.3379
2021-04-22,31782.2305
2021-04-23,31721.9316
2021-04-26,32274.7754
2021-04-27,32734.9688
2021-04-28,33722.4102
2021-04-29,33714.1094
2021-04-30,32781.418
2021-05-03,32465.373
2021-05-04,32269.9746
2021-05-05,32783.3164
2021-05-06,32827.418
2021-05-07,32904.1172
2021-05-10,33142.0117
2021-05-11,32871.8164
2021-05-12,32451.9238
2021-05-14,32169.1777
2021-05-17,33458.8594
2021-05-18,33922.0039
2021-05-19,33684.8086
2021-05-20,33334.1641
2021-05-21,34606.4961
2021-05-24,34943.1953
2021-05-25,34661.5977
2021-05-26,34683.7969
2021-05-27,35094.6445
2021-05-28,35141.0391
2021-05-31,35526.2344
2021-06-01,35336.7891
2021-06-02,35373.3398
2021-06-03,35648.5859
2021-06-04,35291.2383
2021-06-07,35443.2383
2021-06-08,35084.8945
2021-06-09,34800.0938
2021-06-10,35130.7891
2021-06-11,35046.9922
2021-06-14,34950.1953
2021-06-15,35247.3398
2021-06-16,35003.0938
2021-06-17,34604.9961
2021-06-18,34557.5977
2021-06-21,34870.8945
2021-06-22,34744.5977
2021-06-23,34573.5977
2021-06-24,34826.5938
2021-06-25,35364.2383
2021-06-28,35359.0391
2021-06-29,35009.8945
2021-06-30,34771.7969
2021-07-01,34683.5977
2021-07-02,34809.4922
2021-07-05,35211.5898
2021-07-06,35578.7344
2021-07-07,35770.8867
2021-07-08,35273.6914
2021-07-09,35071.543
2021-07-12,35198.4883
2021-07-13,35672.9844
2021-07-14,35667.8359
2021-07-15,35907.2305
2021-07-16,35751.3867
2021-07-19,35078.793
2021-07-20,34415.0508
2021-07-22,34676.8984
2021-07-23,35033.9922
2021-07-26,34949.293
2021-07-27,34797.043
2021-07-28,34532.4961
2021-07-29,34691.0977
2021-07-30,34583.9492
2021-08-02,34709.5977
2021-08-03,35207.0391
2021-08-04,36027.6328
2021-08-05,35834.332
2021-08-06,35808.832
2021-08-09,36028.5312
2021-08-10,36033.6836
2021-08-11,35805.9805
2021-08-12,35936.6328
2021-08-13,36168.9297
2021-08-16,36094.082
2021-08-17,35867.0312
2021-08-18,35554.0859
2021-08-20,35033.4453
2021-08-23,35123.9883
2021-08-24,35711.6875
2021-08-25,35585.8359
2021-08-26,35617.1367
2021-08-27,35627.3867
2021-08-30,36347.2266
2021-08-31,36424.1797
2021-09-01,36573.875
2021-09-02,36830.8711
2021-09-03,36760.7227
2021-09-06,36591.9258
2021-09-07,36468.375
2021-09-08,36767.7734
2021-09-09,36682.7734
2021-09-13,36471.375
2021-09-14,36612.625
2021-09-15,36851.8203
2021-09-16,37668.1641
2021-09-17,37811.5078
2021-09-20,37145.2656
2021-09-21,37235.418
2021-09-22,36944.2188
2021-09-23,37771.2617
2021-09-24,37829.8594
2021-09-27,38170.8047
2021-09-28,37944.5586
2021-09-29,37742.5625
2021-09-30,37424.668
2021-10-01,37225.4648
2021-10-04,37579.2109
2021-10-05,37740.5625
2021-10-06,37521.1133
2021-10-07,37752.7617
2021-10-08,37774.8125
2021-10-11,38293.3555
2021-10-12,38521.0508
2021-10-13,38635.3008
2021-10-14,39340.4414
2021-10-18,39684.3398
2021-10-19,39540.0391
2021-10-20,39517.7383
2021-10-21,40029.7344
2021-10-22,40323.1797
2021-10-25,41191.918
2021-10-26,41237.8203
2021-10-27,40873.875
2021-10-28,39508.4883
2021-10-29,39115.1484
2021-11-01,39763.2891
2021-11-02,39937.9844
2021-11-03,39401.5938
2021-11-04,39573.2383
2021-11-08,39437.793
2021-11-09,39368.3438
2021-11-10,39022.7969
2021-11-11,38559.75
2021-11-12,38732.9023
2021-11-15,38701.9023
2021-11-16,38306.6562
2021-11-17,38041.1094
2021-11-18,37975.8086
2021-11-22,37128.3711
2021-11-23,37272.3672
2021-11-24,37441.5156
2021-11-25,37364.3164
2021-11-26,36025.082
2021-11-29,35976.0312
2021-11-30,35694.8867
2021-12-01,36364.4766
2021-12-02,36507.8242
2021-12-03,36196.7266
2021-12-06,35735.4844
2021-12-07,36617.9727
2021-12-08,37284.2656
2021-12-09,37082.0195
2021-12-10,37105.2188
2021-12-13,36924.8203
2021-12-14,36893.5195
2021-12-15,36789.125
2021-12-16,36548.2227
2021-12-17,35618.2344
2021-12-20,34439.4531
2021-12-21,34607.4492
2021-12-22,35029.0938
2021-12-23,35190.7383
2021-12-24,34856.6445
2021-12-27,35057.4922
2021-12-28,35183.3906
2021-12-29,35044.9922
2021-12-30,35063.1953
2021-12-31,35481.2852
2022-01-03,36421.4766
2022-01-04,36839.7188
2022-01-05,37695.4609
2022-01-06,37489.8125
2022-01-07,37739.1641
2022-01-10,38347.4531
2022-01-11,38441.7539
2022-01-12,38727.1016
2022-01-13,38469.5039
2022-01-14,38369.9531
2022-01-17,38215.7031
2022-01-18,38209.8555
2022-01-19,38040.9102
2022-01-20,37850.4102
2022-01-21,37573.8633
2022-01-24,36947.1211
2022-01-25,37706.3125
2022-01-27,37981.6602
2022-01-28,37688.9609
2022-01-31,37974.9102
2022-02-01,38505.0508
2022-02-02,39330.043
2022-02-03,39009.5469
2022-02-04,38788.9023
2022-02-07,37995.0078
2022-02-08,38028.0078
2022-02-09,38609.8008
2022-02-10,39010.4961
2022-02-11,38516.8008
2022-02-14,36908.1211
2022-02-15,38169.6562
2022-02-16,37953.3594
2022-02-17,37531.2109
2022-02-18,37598.7109
2022-02-21,37685.1641
2022-02-22,37371.2148
2022-02-23,37391.6172
2022-02-24,35227.6914
2022-02-25,36430.3281
2022-02-28,36204.8789
2022-03-02,35372.3906
2022-03-03,34943.8945
2022-03-04,34407.4023
2022-03-07,32870.8672
2022-03-08,33157.7148
2022-03-09,33815.0547
2022-03-10,34475.1992
2022-03-11,34545.8477
2022-03-14,35311.7383
2022-03-15,35022.2422
2022-03-16,35747.8359
2022-03-17,36428.1289
2022-03-21,36018.082
2022-03-22,36348.1289
2022-03-23,36146.9297
2022-03-24,35526.6875
2022-03-25,35409.6914
2022-03-28,35710.0859
2022-03-29,35846.9805
2022-03-30,36333.8789
2022-03-31,36373.1797
2022-04-01,37148.0664
2022-04-04,38634.75
2022-04-05,38067.457
2022-04-06,37632.3633
2022-04-07,37556.9141
2022-04-08,37751.6133
2022-04-11,37613.3633
2022-04-12,37746.9609
2022-04-13,37462.9648
2022-04-18,36728.5742
2022-04-19,36341.1797
2022-04-20,36314.4766
2022-04-21,36815.6719
2022-04-22,36044.332
2022-04-25,36081.9336
2022-04-26,36404.3789
2022-04-27,36028.4336
2022-04-28,36421.7773
2022-04-29,36087.7305
2022-05-02,36163.3281
2022-05-04,35264.1406
2022-05-05,35232.4414
2022-05-06,34590.7969
2022-05-09,34275.0
2022-05-10,34482.2461
2022-05-11,34692.7461
2022-05-12,33531.7578
2022-05-13,33120.9648
2022-05-16,33597.2109
2022-05-17,34301.5
2022-05-18,34163.3008
2022-05-19,33315.2617
2022-05-20,34276.0
2022-05-23,34247.2031
2022-05-24,34289.75
2022-05-25,34339.1016
2022-05-26,35094.4922
2022-05-27,35612.8867
2022-05-30,35826.5312
2022-05-31,35486.9844
2022-06-01,35620.3867
2022-06-02,35613.2344
2022-06-03,35274.6406
2022-06-06,35309.7891
2022-06-07,34995.5938
2022-06-08,34945.7422
2022-06-09,35085.043
2022-06-10,34483.3984
2022-06-13,33405.4648
2022-06-14,33310.9648
2022-06-15,33338.6133
2022-06-16,32616.7207
2022-06-17,32742.6699
2022-06-20,32684.4199
2022-06-21,33191.3633
2022-06-22,32844.918
2022-06-23,33134.6133
2022-06-24,33627.0586
2022-06-27,33810.8555
2022-06-28,33642.0586
2022-06-29,33269.5117
2022-06-30,33424.7148
2022-07-01,33539.0586
2022-07-04,33940.5039
2022-07-05,33815.5039
2022-07-06,34323.8516
2022-07-07,34919.8945
2022-07-08,35123.6406
2022-07-11,35469.2344
2022-07-12,35131.8398
2022-07-13,34827.3945
2022-07-14,34650.7969
2022-07-15,34682.2461
2022-07-18,35358.2891
2022-07-19,35719.9375
2022-07-20,35971.6836
2022-07-21,36200.5781
2022-07-22,36738.5234
2022-07-25,36725.9727
2022-07-26,36408.0781
2022-07-27,36783.3242
2022-07-28,37377.7148
2022-07-29,37490.9609
2022-08-01,37902.7578
2022-08-02,38023.5586
2022-08-03,37988.8086
2022-08-04,37755.1133
2022-08-05,37920.1602
2022-08-08,38236.9531
2022-08-10,38287.4062
2022-08-11,38879.3984
2022-08-12,39041.8477
2022-08-16,39239.1914
2022-08-17,39461.2422
2022-08-18,39655.6875
2022-08-19,38985.4961
2022-08-22,38297.3047
2022-08-23,38697.1992
2022-08-24,39038.0469
2022-08-25,38950.2969
2022-08-26,38986.6953
2022-08-29,38276.2539
2022-08-30,39536.2891
2022-09-01,39300.793
2022-09-02,39420.543
2022-09-05,39805.2891
2022-09-06,39666.0391
2022-09-07,39455.4414
2022-09-08,40208.4805
2022-09-09,40415.2305
2022-09-12,40573.5273
2022-09-13,40872.625
2022-09-14,41404.918
2022-09-15,41208.7188
2022-09-16,40776.3281
2022-09-19,40903.9219
2022-09-20,41467.8203
2022-09-21,41202.9688
2022-09-22,40630.1289
2022-09-23,39545.7891
2022-09-26,38615.8008
2022-09-27,38358.7031
2022-09-28,37759.4141
2022-09-29,37647.3125
2022-09-30,38631.5
2022-10-03,38029.207
2022-10-04,39109.5977
2022-10-06,39282.3945
2022-10-07,39177.5938
2022-10-10,39092.6484
2022-10-11,38712.0
2022-10-12,39118.0977
2022-10-13,38623.5508
2022-10-14,39305.1445
2022-10-17,39919.9844
2022-10-18,40318.2812
2022-10-19,40372.7305
2022-10-20,40099.0859
2022-10-21,40783.5781
2022-10-24,41304.418
2022-10-25,41122.2734
2022-10-27,41298.8203
2022-10-28,40990.375
2022-10-31,41307.418
2022-11-01,41289.0703
2022-11-02,41146.1719
2022-11-03,41297.8711
2022-11-04,41257.9688
2022-11-07,41686.2148
2022-11-09,41782.7148
2022-11-10,41603.2656
2022-11-11,42136.5625
2022-11-14,42076.2617
2022-11-15,42372.207
2022-11-16,42534.8047
2022-11-17,42457.5586
2022-11-18,42436.957
2022-11-21,42346.0586
2022-11-22,42456.5586
2022-11-23,42728.6055
2022-11-24,43074.8984
2022-11-25,42983.4492
2022-11-28,43019.9492
2022-11-29,43052.9492
2022-11-30,43230.4961
2022-12-01,43260.1445
2022-12-02,43103.25
2022-12-05,43332.4453
2022-12-06,43138.0508
2022-12-07,43098.1992
2022-12-08,43596.3438
2022-12-09,43632.9414
2022-12-12,43708.2422
2022-12-13,43946.0391
2022-12-14,44048.5898
2022-12-15,43497.6953
2022-12-16,43218.9961
2022-12-19,43413.2461
2022-12-20,43358.9961
2022-12-21,42617.4531
2022-12-22,42408.3086
2022-12-23,41667.5664
2022-12-26,42629.6523
2022-12-27,42859.0
2022-12-28,42827.2031
2022-12-29,43251.8477
2022-12-30,42985.9492
2023-01-02,43203.1016
2023-01-03,43425.25
2023-01-04,42958.8008
2023-01-05,42608.6992
2023-01-06,42188.8008
2023-01-09,42582.75
2023-01-10,42014.75
2023-01-11,42232.6992
2023-01-12,42082.25
2023-01-13,42371.25
2023-01-16,42167.5508
2023-01-17,42235.0508
2023-01-18,42458.0
2023-01-19,42328.8516
2023-01-20,42506.8008
2023-01-23,42821.25
2023-01-24,42733.4492
2023-01-25,41647.6484
2023-01-27,40345.3008
2023-01-30,40387.4492
2023-01-31,40655.0508
2023-02-01,40513.0
2023-02-02,40669.3008
2023-02-03,41499.6992
2023-02-06,41374.6484
2023-02-07,41490.9492
2023-02-08,41537.6484
2023-02-09,41554.3008
2023-02-10,41559.3984
2023-02-13,41282.1992
2023-02-14,41648.3516
2023-02-15,41731.0508
2023-02-16,41631.3516
2023-02-17,41131.75
2023-02-20,40701.6992
2023-02-21,40673.6016
2023-02-22,39995.8984
2023-02-23,40001.5508
2023-02-24,39909.3984
2023-02-27,40307.1016
2023-02-28,40269.0508
2023-03-01,40698.1484
2023-03-02,40389.8008
2023-03-03,41251.3516
2023-03-06,41350.3984
2023-03-08,41577.1016
2023-03-09,41256.75
2023-03-10,40485.4492
2023-03-13,39564.6992
2023-03-14,39411.3984
2023-03-15,39051.5
2023-03-16,39132.6016
2023-03-17,39598.1016
2023-03-20,39361.9492
2023-03-21,39894.6992
2023-03-22,39999.0508
2023-03-23,39616.8984
2023-03-24,39395.3516
2023-03-27,39431.3008
2023-03-28,39567.8984
2023-03-29,39910.1484
2023-03-31,40608.6484
2023-04-03,40813.0508
2023-04-05,40999.1484
2023-04-06,41041.0
2023-04-10,40834.6484
2023-04-11,41366.5
2023-04-12,41557.9492
2023-04-13,42132.5508
2023-04-17,42262.5508
2023-04-18,42265.1992
2023-04-19,42154.0
2023-04-20,42269.5
2023-04-21,42118.0
2023-04-24,42635.75
2023-04-25,42678.5
2023-04-26,42829.8984
2023-04-27,43000.8516
2023-04-28,43233.8984
2023-05-02,43352.1016
2023-05-03,43312.6992
2023-05-04,43685.4492
2023-05-05,42661.1992
2023-05-08,43284.0
2023-05-09,43198.1484
2023-05-10,43331.0508
2023-05-11,43475.3008
2023-05-12,43793.5508
2023-05-15,44072.1016
2023-05-16,43903.6992
2023-05-17,43698.6992
2023-05-18,43752.3008
2023-05-19,43969.3984
2023-05-22,43885.1016
2023-05-23,43954.4492
2023-05-24,43677.8516
2023-05-25,43681.3984
2023-05-26,44018.0
2023-05-29,44311.8984
2023-05-30,44436.3516
2023-05-31,44128.1484
2023-06-01,43790.1992
2023-06-02,43937.8516
2023-06-05,44101.6484
2023-06-06,44164.5508
2023-06-07,44275.3008
2023-06-08,43995.25
2023-06-09,43989.0
2023-06-12,43944.1992
2023-06-13,44079.8516
2023-06-14,43988.0
2023-06-15,43443.6016
2023-06-16,43938.1484
2023-06-19,43633.75
2023-06-20,43766.5
2023-06-21,43859.1992
2023-06-22,43724.8516
2023-06-23,43622.8984
2023-06-26,43641.0508
2023-06-27,44121.5
2023-06-28,44327.8008
2023-06-30,44747.3516
2023-07-03,45158.1016
2023-07-04,45301.4492
2023-07-05,45151.8008
2023-07-06,45339.8984
2023-07-07,44925.0
2023-07-10,44860.8516
2023-07-11,44745.0508
2023-07-12,44639.4492
2023-07-13,44665.0508
2023-07-14,44819.3008
2023-07-17,45449.75
2023-07-18,45410.8516
2023-07-19,45669.3008
2023-07-20,46186.8984
2023-07-21,46075.1992
2023-07-24,45923.0508
2023-07-25,45845.0
2023-07-26,46062.3516
2023-07-27,45679.3008
2023-07-28,45468.1016
2023-07-31,45651.1016
2023-08-01,45592.5
2023-08-02,44995.6992
2023-08-03,44513.4492
2023-08-04,44879.5
2023-08-07,44837.5
2023-08-08,44964.4492
2023-08-09,44880.6992
2023-08-10,44541.8008
2023-08-11,44199.1016
2023-08-14,44090.9492
2023-08-16,43946.3984
2023-08-17,43891.3516
2023-08-18,43851.0508
2023-08-21,44002.0
2023-08-22,43993.25
2023-08-23,44479.0508
2023-08-24,44496.1992
2023-08-25,44231.4492
2023-08-28,44494.6484
2023-08-29,44495.25
2023-08-30,44232.6016
2023-08-31,43989.1484
2023-09-01,44436.1016
2023-09-04,44578.3008
2023-09-05,44532.1484
2023-09-06,44409.1016
2023-09-07,44878.3516
2023-09-08,45156.3984
2023-09-11,45570.6992
2023-09-12,45511.3516
2023-09-13,45909.4492
2023-09-14,46000.8516
2023-09-15,46231.5
2023-09-18,45979.8516
2023-09-20,45384.6016
2023-09-21,44623.8516
2023-09-22,44612.0508
2023-09-25,44766.1016
2023-09-26,44624.1992
2023-09-27,44588.3008
2023-09-28,44300.9492
2023-09-29,44584.5508
2023-10-03,44399.0508
2023-10-04,43964.0508
2023-10-05,44213.3516
2023-10-06,44360.6016
2023-10-09,43886.5
2023-10-10,44360.1484
2023-10-11,44516.8984
2023-10-12,44599.1992
2023-10-13,44287.9492
2023-10-16,44225.8984
2023-10-17,44409.5
2023-10-18,43888.6992
2023-10-19,43754.5
2023-10-20,43723.0508
2023-10-23,43151.1992
2023-10-25,42832.0
2023-10-26,42280.1484
2023-10-27,42782.0
2023-10-30,43039.1484
2023-10-31,42845.9492
2023-11-01,42700.9492
2023-11-02,43017.1992
2023-11-03,43318.25
2023-11-06,43619.3984
2023-11-07,43737.8984
2023-11-08,43658.6484
2023-11-09,43683.6016
2023-11-10,43820.1016
2023-11-13,43891.25
2023-11-15,44201.6992
2023-11-16,44161.5508
2023-11-17,43583.9492
2023-11-20,43584.9492
2023-11-21,43689.1484
2023-11-22,43449.6016
2023-11-23,43577.5
2023-11-24,43769.1016
2023-11-28,43880.9492
2023-11-29,44566.4492
2023-11-30,44481.75
2023-12-01,44814.1992
2023-12-04,46431.3984
2023-12-05,47012.25
2023-12-06,46834.5508
2023-12-07,46841.3984
2023-12-08,47262.0
2023-12-11,47314.25
2023-12-12,47097.5508
2023-12-13,47092.25
2023-12-14,47732.3008
2023-12-15,48143.5508
2023-12-18,47867.6992
2023-12-19,47870.8984
2023-12-20,47445.3008
2023-12-21,47840.1484
2023-12-22,47491.8516
2023-12-26,47724.8516
2023-12-27,48282.1992
2023-12-28,48508.5508
2023-12-29,48292.25
2024-01-01,48234.3008
2024-01-02,47761.6484
2024-01-03,47704.9492
2024-01-04,48195.8516
2024-01-05,48159.0
2024-01-08,47450.25
2024-01-09,47242.6484
2024-01-10,47360.8516
2024-01-11,47438.3516
2024-01-12,47709.8008
2024-01-15,48158.3008
2024-01-16,48125.1016
2024-01-17,46064.4492
2024-01-18,45713.5508
2024-01-19,45701.1484
2024-01-23,45015.0508
2024-01-24,45082.3984
2024-01-25,44866.1484
2024-01-29,45442.3516
2024-01-30,45367.75
2024-01-31,45996.8008
2024-02-01,46188.6484
2024-02-02,45970.9492
2024-02-05,45825.5508
2024-02-06,45690.8008
2024-02-07,45818.5
2024-02-08,45012.0
2024-02-09,45634.5508
2024-02-12,44882.25
2024-02-13,45502.3984
2024-02-14,45908.3008
2024-02-15,46218.8984
2024-02-16,46384.8516
2024-02-19,46535.5
2024-02-20,47094.1992
2024-02-21,47019.6992
2024-02-22,46919.8008
2024-02-23,46811.75
2024-02-26,46576.5
2024-02-27,46588.0508
2024-02-28,45963.1484
2024-02-29,46120.8984
2024-03-01,47286.8984
2024-03-04,47456.1016
2024-03-05,47581.0
2024-03-06,47965.3984
2024-03-07,47835.8008
2024-03-11,47327.8516
2024-03-12,47282.3984
2024-03-13,46981.3008
2024-03-14,46789.9492
2024-03-15,46594.1016
2024-03-18,46575.8984
2024-03-19,46384.8008
2024-03-20,46310.8984
2024-03-21,46684.8984
2024-03-22,46863.75
2024-03-26,46600.1992
2024-03-27,46785.9492
2024-03-28,47124.6016
2024-04-01,47578.25
2024-04-02,47545.4492
2024-04-03,47624.25
2024-04-04,48060.8008
2024-04-05,48493.0508
2024-04-08,48581.6992
2024-04-09,48730.5508
2024-04-10,48986.6016
2024-04-12,48564.5508
2024-04-15,47773.25
2024-04-16,47484.8008
2024-04-18,47069.4492
2024-04-19,47574.1484
2024-04-22,47924.8984
2024-04-23,47970.4492
2024-04-24,48189.0
2024-04-25,48494.9492
2024-04-26,48201.0508
2024-04-29,49424.0508
2024-04-30,49396.75
2024-05-02,49231.0508
2024-05-03,48923.5508
2024-05-06,48895.3008
2024-05-07,48285.3516
2024-05-08,48021.1016
2024-05-09,47487.8984
2024-05-10,47421.1016
2024-05-13,47754.1016
2024-05-14,47859.4492
2024-05-15,47687.4492
2024-05-16,47977.0508
2024-05-17,48115.6484
2024-05-21,48048.1992
2024-05-22,47781.9492
2024-05-23,48768.6016
2024-05-24,48971.6484
2024-05-27,49281.8008
2024-05-28,49142.1484
2024-05-29,48501.3516
2024-05-30,48682.3516
2024-05-31,48983.9492
2024-06-03,50979.9492
2024-06-04,46928.6016
2024-06-05,49054.6016
2024-06-06,49291.8984
2024-06-07,49803.1992
2024-06-10,49780.8984
2024-06-11,49705.75
2024-06-12,49895.1016
2024-06-13,49846.6992
2024-06-14,50002.0
2024-06-18,50440.8984
2024-06-19,51398.0508
2024-06-20,51783.25
2024-06-21,51661.4492
2024-06-24,51703.9492
2024-06-25,52606.0
2024-06-26,52870.5
2024-06-27,52811.3008
2024-06-28,52342.25
2024-07-01,52574.75
2024-07-02,52168.1016
2024-07-03,53089.25
2024-07-04,53103.6992
2024-07-05,52660.3516
2024-07-08,52425.8008
2024-07-09,52568.8008
2024-07-10,52189.3008
2024-07-11,52270.6484
2024-07-12,52278.8984
2024-07-15,52455.8984
2024-07-16,52396.8008
2024-07-18,52620.6992
2024-07-19,52265.6016
2024-07-22,52280.3984
2024-07-23,51778.3008
2024-07-24,51317.0
2024-07-25,50888.75
2024-07-26,51295.9492
2024-07-29,51406.25
2024-07-30,51499.3008
2024-07-31,51553.3984
2024-08-01,51564.0
2024-08-02,51350.1484
2024-08-05,50092.1016
2024-08-06,49748.3008
2024-08-07,50119.0
2024-08-08,50156.6992
2024-08-09,50484.5
2024-08-12,50577.9492
2024-08-13,49831.8516
2024-08-14,49727.3008
2024-08-16,50516.8984
2024-08-19,50368.3516
2024-08-20,50803.1484
2024-08-21,50685.5508
2024-08-22,50985.6992
2024-08-23,50933.4492
2024-08-26,51148.1016
2024-08-27,51278.75
2024-08-28,51143.8516
2024-08-29,51152.75
2024-08-30,51351.0
2024-09-02,51439.5508
2024-09-03,51689.1016
2024-09-04,51400.25
2024-09-05,51473.0508
2024-09-06,50576.8516
2024-09-09,51117.8008
2024-09-10,51272.3008
2024-09-11,51010.0
2024-09-12,51772.3984
2024-09-13,51938.0508
2024-09-16,52153.1484
2024-09-17,52188.6484
2024-09-18,52750.3984
2024-09-19,53037.6016
2024-09-20,53793.1992
2024-09-23,54105.8008
2024-09-24,53968.6016
2024-09-25,54101.6484
2024-09-26,54375.3516
2024-09-27,53834.3008
2024-09-30,52978.1016
2024-10-01,52922.6016
2024-10-03,51845.1992
2024-10-04,51462.0508
2024-10-07,50478.8984
2024-10-08,51021.0
2024-10-09,51007.0
2024-10-10,51530.8984
2024-10-11,51172.3008
2024-10-14,51816.8984
2024-10-15,51906.0
2024-10-16,51801.0508
2024-10-17,51288.8008
2024-10-18,52094.1992
2024-10-21,51962.6992
2024-10-22,51257.1484
2024-10-23,51239.0
2024-10-24,51531.1484
2024-10-25,50787.4492
2024-10-28,51259.3008
2024-10-29,52320.6992
2024-10-30,51807.5
2024-10-31,51475.3516
2024-11-01,51673.8984
2024-11-04,51215.25
2024-11-05,52207.25
2024-11-06,52317.3984
2024-11-07,51916.5
2024-11-08,51561.1992
2024-11-11,51876.75
2024-11-12,51157.8008
2024-11-13,50088.3516
2024-11-14,50179.5508
2024-11-18,50363.8008
2024-11-19,50626.5
2024-11-21,50372.8984
2024-11-22,51135.3984
2024-11-25,52207.5
2024-11-26,52191.5
2024-11-27,52301.8008
2024-11-28,51906.8516
2024-11-29,52055.6016
2024-12-02,52109.0
2024-12-03,52695.75
2024-12-04,53266.8984
2024-12-05,53603.5508
2024-12-06,53509.5
2024-12-09,53407.75
2024-12-10,53577.6992
2024-12-11,53391.3516
2024-12-12,53216.4492
2024-12-13,53583.8008
2024-12-16,53581.3516
2024-12-17,52834.8008
2024-12-18,52139.5508
2024-12-19,51575.6992
2024-12-20,50759.1992
2024-12-23,51317.6016
2024-12-24,51233.0
2024-12-26,51170.6992
2024-12-27,51311.3008
2024-12-30,50952.75
2024-12-31,50860.1992
2025-01-01,51060.6016
2025-01-02,51605.5508
2025-01-03,50988.8008
2025-01-06,49922.0
2025-01-07,50202.1484
2025-01-08,49835.0508
2025-01-09,49503.5
2025-01-10,48734.1484
2025-01-13,48041.25
2025-01-14,48729.1484
2025-01-15,48751.6992
2025-01-16,49278.6992
2025-01-17,48540.6016
2025-01-20,49350.8008
2025-01-21,48570.8984
2025-01-22,48724.3984
2025-01-23,48589.0
2025-01-24,48367.8008
2025-01-27,48064.6484
2025-01-28,48866.8516
2025-01-29,49165.9492
2025-01-30,49311.9492
2025-01-31,49587.1992
2025-02-03,49210.5508
2025-02-04,50157.9492
2025-02-05,50343.0508
2025-02-06,50382.1016
2025-02-07,50158.8516
2025-02-10,49981.0
2025-02-11,49403.3984
2025-02-12,49479.4492
2025-02-13,49359.8516
2025-02-14,49099.4492
2025-02-17,49258.8984
2025-02-18,49087.3008
2025-02-19,49570.1016
2025-02-20,49334.5508
2025-02-21,48981.1992
2025-02-24,48651.9492
2025-02-25,48608.3516
2025-02-27,48743.8008
2025-02-28,48344.6992
2025-03-03,48114.3008
2025-03-04,48245.1992
2025-03-05,48489.9492
2025-03-06,48627.6992
2025-03-07,48497.5
2025-03-10,48216.8008
2025-03-11,47853.9492
2025-03-12,48056.6484
2025-03-13,48060.3984
2025-03-17,48354.1484
2025-03-18,49314.5
2025-03-19,49702.6016
2025-03-20,50062.8516
2025-03-21,50593.5508
2025-03-24,51704.9492
2025-03-25,51607.9492
2025-03-26,51209.0
2025-03-27,51575.8516
2025-03-28,51564.8516
2025-04-01,50827.5
2025-04-02,51348.0508
2025-04-03,51597.3516
2025-04-04,51502.6992
2025-04-07,49860.1016
2025-04-08,50511.0
2025-04-09,50240.1484
2025-04-11,51002.3516
2025-04-15,52379.5
2025-04-16,53117.75
2025-04-17,54290.1992
2025-04-21,55304.5
2025-04-22,55647.1992
2025-04-23,55370.0508
2025-04-24,55201.3984
2025-04-25,54664.0508
2025-04-28,55432.8008
2025-04-29,55391.25
2025-04-30,55087.1484
2025-05-02,55115.3516
2025-05-05,54919.5
2025-05-06,54271.3984
2025-05-07,54610.8984
2025-05-08,54365.6484
2025-05-09,53595.25
2025-05-12,55382.8516
2025-05-13,54940.8516
2025-05-14,54801.3008
2025-05-15,55355.6016
2025-05-16,55354.8984
2025-05-19,55420.6992
2025-05-20,54877.3516
2025-05-21,55075.1016
2025-05-22,54941.3008
2025-05-23,55398.25
2025-05-26,55572.0
2025-05-27,55352.8008
2025-05-28,55417.0
2025-05-29,55546.0508
2025-05-30,55749.6992
2025-06-02,55903.3984
2025-06-03,55599.9492
2025-06-04,55676.8516
2025-06-05,55760.8516
2025-06-06,56578.3984
2025-06-09,56839.6016
2025-06-10,56629.1016
2025-06-11,56459.75
2025-06-12,56082.5508
2025-06-13,55527.3516
2025-06-16,55944.8984
2025-06-17,55714.1484
2025-06-18,55828.75
2025-06-19,55577.4492
2025-06-20,56252.8516
2025-06-23,56059.3516
2025-06-24,56461.8984
2025-06-25,56621.1484
2025-06-26,57206.6992
2025-06-27,57443.8984
2025-06-30,57312.75
2025-07-01,57459.4492
2025-07-02,56999.1992
2025-07-03,56791.9492
2025-07-04,57031.8984
2025-07-07,56949.1992
2025-07-08,57256.3008
2025-07-09,57213.5508
2025-07-10,56956.0
2025-07-11,56754.6992
2025-07-14,56765.3516
2025-07-15,57006.6484
2025-07-16,57168.9492
2025-07-17,56828.8008
2025-07-18,56283.0
2025-07-21,56952.75
2025-07-22,56756.0
2025-07-23,57210.4492
2025-07-24,57066.0508
2025-07-25,56528.8984
2025-07-28,56084.8984
2025-07-29,56222.0
2025-07-30,56150.6992
2025-07-31,55961.9492
2025-08-01,55617.6016
2025-08-04,55619.3516
2025-08-05,55360.25
2025-08-06,55411.1484
2025-08-07,55521.1484
2025-08-08,55004.8984
2025-08-11,55510.75
2025-08-12,55043.6992
2025-08-13,55181.4492
2025-08-14,55341.8516
2025-08-18,55734.8984
2025-08-19,55865.1484
2025-08-20,55698.5
2025-08-21,55755.4492
2025-08-22,55149.3984
2025-08-25,55139.3008
2025-08-26,54450.4492
2025-08-28,53820.3516
2025-08-29,53655.6484
2025-09-01,54002.4492
2025-09-02,53661.0
2025-09-03,54067.5508
2025-09-04,54075.4492
2025-09-05,54114.5508
2025-09-08,54186.8984
2025-09-09,54216.1016
2025-09-10,54536.0
2025-09-11,54669.6016
2025-09-12,54809.3008
2025-09-15,54887.8516
2025-09-16,55147.6016
2025-09-17,55493.3008
2025-09-18,55727.4492
2025-09-19,55458.8516
2025-09-22,55284.75
2025-09-23,55509.75
2025-09-24,55121.5
2025-09-25,54976.1992
2025-09-26,54389.3516
2025-09-29,54461.0
2025-09-30,54635.8516
2025-10-01,55347.9492
2025-10-03,55589.25
2025-10-06,56104.8516
2025-10-07,56239.3516
2025-10-08,56018.25
2025-10-09,56192.0508
2025-10-10,56609.75
2025-10-13,56625.0
2025-10-14,56496.4492
2025-10-15,56799.8984
2025-10-16,57422.5508
2025-10-17,57713.3516
2025-10-20,58033.1992
2025-10-21,58007.1992
2025-10-23,58078.0508
2025-10-24,57699.6016
2025-10-27,58114.25
2025-10-28,58214.1016
2025-10-29,58385.25
2025-10-30,58031.1016
2025-10-31,57776.3516
2025-11-03,58101.4492
2025-11-04,57827.0508
2025-11-06,57554.25
2025-11-07,57876.8008
2025-11-10,57937.5508
2025-11-11,58138.1484
2025-11-12,58274.6484
2025-11-13,58381.9492
2025-11-14,58517.5508
2025-11-17,58962.6992
2025-11-18,58899.25
2025-11-19,59216.0508
2025-11-20,59347.6992
2025-11-21,58867.6992
2025-11-24,58835.3516
2025-11-25,58820.3008
2025-11-26,59528.0508
2025-11-27,59737.3008
2025-11-28,59752.6992
2025-12-01,59681.3516
2025-12-02,59273.8008
2025-12-03,59348.25
2025-12-04,59288.6992
2025-12-05,59777.1992
2025-12-08,59238.5508
2025-12-09,59222.3516
2025-12-10,58960.3984
2025-12-11,59209.8516
2025-12-12,59389.9492
2025-12-15,59461.8008
2025-12-16,59034.6016
2025-12-17,58926.75
2025-12-18,58912.8516
2025-12-19,59069.1992
2025-12-22,59304.0
2025-12-23,59299.5508
2025-12-24,59183.6016
2025-12-26,59011.3516
2025-12-29,58932.3516
2025-12-30,59171.25
2025-12-31,59581.8516
2026-01-01,59711.5508
2026-01-02,60150.9492
2026-01-05,60044.1992
2026-01-06,60118.3984
2026-01-07,59990.8516
2026-01-08,59686.5
2026-01-09,59251.5508
2026-01-12,59450.5
2026-01-13,59578.8008
2026-01-14,59580.1484
2026-01-16,60095.1484
2026-01-19,59891.3516
2026-01-20,59404.1992
2026-01-21,58800.3008
2026-01-22,59200.1016
2026-01-23,58473.1016
2026-01-27,59205.4492
2026-01-28,59598.8008
2026-01-29,59957.8516
2026-01-30,59610.4492
2026-02-02,58619.0
2026-02-03,60041.3008
2026-02-04,60238.1484
2026-02-05,60063.6484
2026-02-06,60120.5508
2026-02-09,60669.3516
2026-02-10,60626.3984
2026-02-11,60745.3516
2026-02-12,60739.75
2026-02-13,60186.6484
2026-02-16,60949.1016
2026-02-17,61174.0
2026-02-18,61550.8008
2026-02-19,60739.5508
2026-02-20,61172.0
2026-02-23,61264.25
2026-02-24,61047.3008
2026-02-25,61043.3516
2026-02-26,61187.6992
2026-02-27,60529.0
2026-03-02,59839.6484
2026-03-04,58755.25
2026-03-05,59055.8516
2026-03-06,57783.25
2026-03-09,56019.8008
2026-03-10,56950.8008
2026-03-11,55735.75
2026-03-12,55100.9492
2026-03-13,53757.8516
2026-03-16,54413.3984
2026-03-17,54876.0
2026-03-18,55326.0508
2026-03-19,53451.0
2026-03-20,53427.0508
2026-03-23,51437.75
2026-03-24,52605.6484
2026-03-25,53708.1016
2026-03-27,52274.6016
2026-03-30,50275.3516
2026-04-01,51448.6484
2026-04-02,51548.75
2026-04-06,52609.1016
2026-04-07,52716.25
2026-04-08,55703.8984
2026-04-09,54821.6992
2026-04-10,55912.75
2026-04-13,55605.0508
2026-04-15,56301.9492
2026-04-16,56086.3984
2026-04-17,56565.6992
2026-04-20,56582.3516
2026-04-21,57371.4492
2026-04-22,57124.4492
2026-04-23,56305.0
2026-04-24,56089.75
2026-04-27,56264.3008
2026-04-28,55400.3516
2026-04-29,55403.6016
2026-04-30,54863.3516
2026-05-04,54878.5
2026-05-05,54547.0508
2026-05-06,55981.0508
2026-05-07,56047.3984
2026-05-08,55310.5508
2026-05-11,54439.8984
2026-05-12,53555.1992
2026-05-13,53456.1484
2026-05-14,54128.9492
2026-05-15,53710.3516
2026-05-18,53537.0
2026-05-19,53409.1484
2026-05-20,53562.1992
2026-05-21,53439.3984
2026-05-22,54055.3516
2026-05-25,55293.6484
2026-05-26,55092.8984
2026-05-27,54853.8516
2026-05-29,54239.1992
2026-06-01,53643.1016
2026-06-02,53714.6484
2026-06-03,54185.9492
2026-06-04,54307.8516
2026-06-05,54496.25
2026-06-08,54063.75
2026-06-09,55194.5
2026-06-10,55100.3008
2026-06-11,55176.75
2026-06-12,56814.8008
2026-06-15,57198.8008
2026-06-16,57297.1484
2026-06-17,57585.0508
2026-06-18,57963.8008
2026-06-19,57685.75
2026-06-22,57935.6016
2026-06-23,57183.75
2026-06-24,58150.3516
2026-06-25,58177.0508
2026-06-29,57727.3516
2026-06-30,57542.8984
2026-07-01,58033.0508
2026-07-02,58031.6484
2026-07-03,57938.5
2026-07-06,58291.5
2026-07-07,58200.6992
2026-07-08,56742.6016
2026-07-09,57252.4492
2026-07-10,58045.8984
2026-07-13,58131.4492
2026-07-14,57462.3008
2026-07-15,57757.8516
2026-07-16,57582.25
2026-07-17,58521.3984
2026-07-20,57945.0
2026-07-21,57835.3516
2026-07-22,57126.8008
2026-07-23,56592.0
2026-07-24,56693.5
2026-07-27,57087.1992
2026-07-28,56755.6016
2026-07-29,57205.8984
2026-07-30,57147.5
2026-07-31,57264.8516
2026-08-03,58247.9492
2026-08-04,57907.1992
2026-08-05,57739.9492
2026-08-06,58063.6484
2026-08-07,57746.4492
2026-08-10,57686.9492
2026-08-11,57446.25
2026-08-12,57885.8516
2026-08-13,57635.25
2026-08-14,57491.1016
2026-08-17,57497.8008
2026-08-18,57262.3984
2026-08-19,57239.75
2026-08-20,57495.8984
2026-08-21,57761.9492
2026-08-24,57525.9492
2026-08-25,57514.1992
2026-08-26,57783.75
2026-08-27,57509.9492
