datetime,open,high,low,close,volume
2006-02-06,19.1851,19.1851,19.1851,19.1851,0
2006-02-07,18.6302,18.6302,18.6302,18.6302,0
2006-02-08,18.5509,18.5509,18.5509,18.5509,0
2006-02-09,18.7253,18.7253,18.7253,18.7253,0
2006-02-10,18.3844,18.3844,18.3844,18.3844,0
2006-02-13,18.099,18.099,18.099,18.099,0
2006-02-14,17.9484,17.9484,17.9484,17.9484,0
2006-02-15,17.6868,17.6868,17.6868,17.6868,0
2006-02-16,17.9008,17.9008,17.9008,17.9008,0
2006-02-17,18.1545,18.1545,18.1545,18.1545,0
2006-02-21,18.4557,18.4557,18.4557,18.4557,0
2006-02-22,18.1545,18.1545,18.1545,18.1545,0
2006-02-23,18.0911,18.0911,18.0911,18.0911,0
2006-02-24,18.5826,18.5826,18.5826,18.5826,0
2006-02-27,18.2179,18.2179,18.2179,18.2179,0
2006-02-28,18.4637,18.4637,18.4637,18.4637,0
2006-03-01,18.424,18.424,18.424,18.424,0
2006-03-02,18.757,18.757,18.757,18.757,0
2006-03-03,18.9314,18.9314,18.9314,18.9314,0
2006-03-06,18.6302,18.6302,18.6302,18.6302,0
2006-03-07,18.3051,18.3051,18.3051,18.3051,0
2006-03-08,18.0118,18.0118,18.0118,18.0118,0
2006-03-09,18.1941,18.1941,18.1941,18.1941,0
2006-03-10,18.1149,18.1149,18.1149,18.1149,0
2006-03-13,18.3527,18.3527,18.3527,18.3527,0
2006-03-14,18.6222,18.6222,18.6222,18.6222,0
2006-03-15,18.4161,18.4161,18.4161,18.4161,0
2006-03-16,18.5747,18.5747,18.5747,18.5747,0
2006-03-17,18.4875,18.4875,18.4875,18.4875,0
2006-03-20,18.1069,18.1069,18.1069,18.1069,0
2006-03-21,18.1703,18.1703,18.1703,18.1703,0
2006-03-22,18.1386,18.1386,18.1386,18.1386,0
2006-03-23,18.4478,18.4478,18.4478,18.4478,0
2006-03-24,18.4082,18.4082,18.4082,18.4082,0
2006-03-27,18.5192,18.5192,18.5192,18.5192,0
2006-03-28,18.757,18.757,18.757,18.757,0
2006-03-29,18.8838,18.8838,18.8838,18.8838,0
2006-03-30,19.1138,19.1138,19.1138,19.1138,0
2006-03-31,18.979,18.979,18.979,18.979,0
2006-04-03,19.0662,19.0662,19.0662,19.0662,0
2006-04-04,18.9631,18.9631,18.9631,18.9631,0
2006-04-05,19.082,19.082,19.082,19.082,0
2006-04-06,19.4229,19.4229,19.4229,19.4229,0
2006-04-07,19.3357,19.3357,19.3357,19.3357,0
2006-04-10,19.6925,19.6925,19.6925,19.6925,0
2006-04-11,19.7718,19.7718,19.7718,19.7718,0
2006-04-12,19.7321,19.7321,19.7321,19.7321,0
2006-04-13,19.859,19.859,19.859,19.859,0
2006-04-17,20.073,20.073,20.073,20.073,0
2006-04-18,20.3346,20.3346,20.3346,20.3346,0
2006-04-19,20.5328,20.5328,20.5328,20.5328,0
2006-04-20,20.295,20.295,20.295,20.295,0
2006-04-21,20.7231,20.7231,20.7231,20.7231,0
2006-04-24,20.3108,20.3108,20.3108,20.3108,0
2006-04-25,20.3743,20.3743,20.3743,20.3743,0
2006-04-26,20.295,20.295,20.295,20.295,0
2006-04-27,19.9779,19.9779,19.9779,19.9779,0
2006-04-28,20.3108,20.3108,20.3108,20.3108,0
2006-05-01,20.5328,20.5328,20.5328,20.5328,0
2006-05-02,20.7706,20.7706,20.7706,20.7706,0
2006-05-03,20.398,20.398,20.398,20.398,0
2006-05-04,20.1523,20.1523,20.1523,20.1523,0
2006-05-05,20.3743,20.3743,20.3743,20.3743,0
2006-05-08,20.3188,20.3188,20.3188,20.3188,0
2006-05-09,20.6359,20.6359,20.6359,20.6359,0
2006-05-10,21.1512,21.1512,21.1512,21.1512,0
2006-05-11,21.3573,21.3573,21.3573,21.3573,0
2006-05-12,21.2859,21.2859,21.2859,21.2859,0
2006-05-15,20.5645,20.5645,20.5645,20.5645,0
2006-05-16,20.6279,20.6279,20.6279,20.6279,0
2006-05-17,20.5962,20.5962,20.5962,20.5962,0
2006-05-18,20.6042,20.6042,20.6042,20.6042,0
2006-05-19,20.1523,20.1523,20.1523,20.1523,0
2006-05-22,20.3108,20.3108,20.3108,20.3108,0
2006-05-23,20.6279,20.6279,20.6279,20.6279,0
2006-05-24,20.1047,20.1047,20.1047,20.1047,0
2006-05-25,20.4535,20.4535,20.4535,20.4535,0
2006-05-26,20.6517,20.6517,20.6517,20.6517,0
2006-05-30,20.5407,20.5407,20.5407,20.5407,0
2006-05-31,20.2316,20.2316,20.2316,20.2316,0
2006-06-01,19.9858,19.9858,19.9858,19.9858,0
2006-06-02,20.3822,20.3822,20.3822,20.3822,0
2006-06-05,20.3267,20.3267,20.3267,20.3267,0
2006-06-06,20.1523,20.1523,20.1523,20.1523,0
2006-06-07,20.0175,20.0175,20.0175,20.0175,0
2006-06-08,19.8035,19.8035,19.8035,19.8035,0
2006-06-09,19.8352,19.8352,19.8352,19.8352,0
2006-06-12,19.5973,19.5973,19.5973,19.5973,0
2006-06-13,19.0662,19.0662,19.0662,19.0662,0
2006-06-14,19.0583,19.0583,19.0583,19.0583,0
2006-06-15,19.2644,19.2644,19.2644,19.2644,0
2006-06-16,19.304,19.304,19.304,19.304,0
2006-06-19,18.9473,18.9473,18.9473,18.9473,0
2006-06-20,19.1058,19.1058,19.1058,19.1058,0
2006-06-21,19.3833,19.3833,19.3833,19.3833,0
2006-06-22,19.3754,19.3754,19.3754,19.3754,0
2006-06-23,19.3357,19.3357,19.3357,19.3357,0
2006-06-26,19.5498,19.5498,19.5498,19.5498,0
2006-06-27,19.6211,19.6211,19.6211,19.6211,0
2006-06-28,19.5418,19.5418,19.5418,19.5418,0
2006-06-29,19.9699,19.9699,19.9699,19.9699,0
2006-06-30,20.0571,20.0571,20.0571,20.0571,0
2006-07-03,20.5883,20.5883,20.5883,20.5883,0
2006-07-05,20.4297,20.4297,20.4297,20.4297,0
2006-07-06,20.5645,20.5645,20.5645,20.5645,0
2006-07-07,20.4139,20.4139,20.4139,20.4139,0
2006-07-10,20.2712,20.2712,20.2712,20.2712,0
2006-07-11,20.7151,20.7151,20.7151,20.7151,0
2006-07-12,20.9213,20.9213,20.9213,20.9213,0
2006-07-13,20.9133,20.9133,20.9133,20.9133,0
2006-07-14,21.0085,21.0085,21.0085,21.0085,0
2006-07-17,20.5328,20.5328,20.5328,20.5328,0
2006-07-18,20.406,20.406,20.406,20.406,0
2006-07-19,20.4773,20.4773,20.4773,20.4773,0
2006-07-20,20.2633,20.2633,20.2633,20.2633,0
2006-07-21,20.2078,20.2078,20.2078,20.2078,0
2006-07-24,20.295,20.295,20.295,20.295,0
2006-07-25,20.1206,20.1206,20.1206,20.1206,0
2006-07-26,19.9858,19.9858,19.9858,19.9858,0
2006-07-27,20.3743,20.3743,20.3743,20.3743,0
2006-07-28,20.3029,20.3029,20.3029,20.3029,0
2006-07-31,20.5011,20.5011,20.5011,20.5011,0
2006-08-01,20.5962,20.5962,20.5962,20.5962,0
2006-08-02,20.8737,20.8737,20.8737,20.8737,0
2006-08-03,20.6755,20.6755,20.6755,20.6755,0
2006-08-04,20.6517,20.6517,20.6517,20.6517,0
2006-08-07,20.9768,20.9768,20.9768,20.9768,0
2006-08-08,20.6834,20.6834,20.6834,20.6834,0
2006-08-09,20.7151,20.7151,20.7151,20.7151,0
2006-08-10,20.4456,20.4456,20.4456,20.4456,0
2006-08-11,20.2474,20.2474,20.2474,20.2474,0
2006-08-14,20.0571,20.0571,20.0571,20.0571,0
2006-08-15,20.0889,20.0889,20.0889,20.0889,0
2006-08-16,19.8748,19.8748,19.8748,19.8748,0
2006-08-17,19.5656,19.5656,19.5656,19.5656,0
2006-08-18,19.6687,19.6687,19.6687,19.6687,0
2006-08-21,19.8272,19.8272,19.8272,19.8272,0
2006-08-22,19.7955,19.7955,19.7955,19.7955,0
2006-08-23,19.5894,19.5894,19.5894,19.5894,0
2006-08-24,19.8748,19.8748,19.8748,19.8748,0
2006-08-25,19.8669,19.8669,19.8669,19.8669,0
2006-08-28,19.5577,19.5577,19.5577,19.5577,0
2006-08-29,19.526,19.526,19.526,19.526,0
2006-08-30,19.8193,19.8193,19.8193,19.8193,0
2006-08-31,19.8193,19.8193,19.8193,19.8193,0
2006-09-01,19.7797,19.7797,19.7797,19.7797,0
2006-09-05,19.748,19.748,19.748,19.748,0
2006-09-06,19.6449,19.6449,19.6449,19.6449,0
2006-09-07,19.5815,19.5815,19.5815,19.5815,0
2006-09-08,19.4229,19.4229,19.4229,19.4229,0
2006-09-11,18.9711,18.9711,18.9711,18.9711,0
2006-09-12,18.6698,18.6698,18.6698,18.6698,0
2006-09-13,18.6222,18.6222,18.6222,18.6222,0
2006-09-14,18.5112,18.5112,18.5112,18.5112,0
2006-09-15,18.4557,18.4557,18.4557,18.4557,0
2006-09-18,18.6777,18.6777,18.6777,18.6777,0
2006-09-19,18.4003,18.4003,18.4003,18.4003,0
2006-09-20,18.2893,18.2893,18.2893,18.2893,0
2006-09-21,18.6064,18.6064,18.6064,18.6064,0
2006-09-22,18.3923,18.3923,18.3923,18.3923,0
2006-09-25,18.432,18.432,18.432,18.432,0
2006-09-26,18.5112,18.5112,18.5112,18.5112,0
2006-09-27,18.7887,18.7887,18.7887,18.7887,0
2006-09-28,18.9393,18.9393,18.9393,18.9393,0
2006-09-29,18.9869,18.9869,18.9869,18.9869,0
2006-10-02,18.7808,18.7808,18.7808,18.7808,0
2006-10-03,18.4716,18.4716,18.4716,18.4716,0
2006-10-04,18.6064,18.6064,18.6064,18.6064,0
2006-10-05,18.7094,18.7094,18.7094,18.7094,0
2006-10-06,18.7808,18.7808,18.7808,18.7808,0
2006-10-09,19.304,19.304,19.304,19.304,0
2006-10-10,18.7887,18.7887,18.7887,18.7887,0
2006-10-11,18.535,18.535,18.535,18.535,0
2006-10-12,18.7411,18.7411,18.7411,18.7411,0
2006-10-13,19.1455,19.1455,19.1455,19.1455,0
2006-10-16,19.3119,19.3119,19.3119,19.3119,0
2006-10-17,19.3278,19.3278,19.3278,19.3278,0
2006-10-18,19.0186,19.0186,19.0186,19.0186,0
2006-10-19,19.3357,19.3357,19.3357,19.3357,0
2006-10-20,19.0662,19.0662,19.0662,19.0662,0
2006-10-23,19.1058,19.1058,19.1058,19.1058,0
2006-10-24,19.2406,19.2406,19.2406,19.2406,0
2006-10-25,19.5815,19.5815,19.5815,19.5815,0
2006-10-26,19.4467,19.4467,19.4467,19.4467,0
2006-10-27,19.5022,19.5022,19.5022,19.5022,0
2006-10-30,19.2961,19.2961,19.2961,19.2961,0
2006-10-31,19.1772,19.1772,19.1772,19.1772,0
2006-11-01,19.4229,19.4229,19.4229,19.4229,0
2006-11-02,19.2802,19.2802,19.2802,19.2802,0
2006-11-03,19.5181,19.5181,19.5181,19.5181,0
2006-11-06,19.859,19.859,19.859,19.859,0
2006-11-07,19.8114,19.8114,19.8114,19.8114,0
2006-11-08,19.7876,19.7876,19.7876,19.7876,0
2006-11-09,20.0492,20.0492,20.0492,20.0492,0
2006-11-10,19.629,19.629,19.629,19.629,0
2006-11-13,19.4864,19.4864,19.4864,19.4864,0
2006-11-14,19.5418,19.5418,19.5418,19.5418,0
2006-11-15,19.6925,19.6925,19.6925,19.6925,0
2006-11-16,19.201,19.201,19.201,19.201,0
2006-11-17,19.4388,19.4388,19.4388,19.4388,0
2006-11-20,19.3674,19.3674,19.3674,19.3674,0
2006-11-21,19.5498,19.5498,19.5498,19.5498,0
2006-11-22,19.6211,19.6211,19.6211,19.6211,0
2006-11-24,19.8907,19.8907,19.8907,19.8907,0
2006-11-27,19.9462,19.9462,19.9462,19.9462,0
2006-11-28,20.0017,20.0017,20.0017,20.0017,0
2006-11-29,20.2553,20.2553,20.2553,20.2553,0
2006-11-30,20.4377,20.4377,20.4377,20.4377,0
2006-12-01,20.4297,20.4297,20.4297,20.4297,0
2006-12-04,20.3346,20.3346,20.3346,20.3346,0
2006-12-05,20.398,20.398,20.398,20.398,0
2006-12-06,20.1285,20.1285,20.1285,20.1285,0
2006-12-07,20.0571,20.0571,20.0571,20.0571,0
2006-12-08,19.8986,19.8986,19.8986,19.8986,0
2006-12-11,19.9303,19.9303,19.9303,19.9303,0
2006-12-12,19.8986,19.8986,19.8986,19.8986,0
2006-12-13,19.9065,19.9065,19.9065,19.9065,0
2006-12-14,20.1364,20.1364,20.1364,20.1364,0
2006-12-15,20.2316,20.2316,20.2316,20.2316,0
2006-12-18,19.8742,19.8742,19.8742,19.8742,0
2006-12-19,20.1097,20.1097,20.1097,20.1097,0
2006-12-20,20.1503,20.1503,20.1503,20.1503,0
2006-12-21,19.9473,19.9473,19.9473,19.9473,0
2006-12-22,20.1016,20.1016,20.1016,20.1016,0
2006-12-26,19.793,19.793,19.793,19.793,0
2006-12-27,19.7361,19.7361,19.7361,19.7361,0
2006-12-28,19.8823,19.8823,19.8823,19.8823,0
2006-12-29,19.9635,19.9635,19.9635,19.9635,0
2007-01-03,19.33,19.33,19.33,19.33,0
2007-01-04,18.8265,18.8265,18.8265,18.8265,0
2007-01-05,18.7615,18.7615,18.7615,18.7615,0
2007-01-08,18.859,18.859,18.859,18.859,0
2007-01-09,18.6965,18.6965,18.6965,18.6965,0
2007-01-10,18.4204,18.4204,18.4204,18.4204,0
2007-01-11,18.396,18.396,18.396,18.396,0
2007-01-12,18.8265,18.8265,18.8265,18.8265,0
2007-01-16,18.396,18.396,18.396,18.396,0
2007-01-17,18.5585,18.5585,18.5585,18.5585,0
2007-01-18,18.3635,18.3635,18.3635,18.3635,0
2007-01-19,18.6397,18.6397,18.6397,18.6397,0
2007-01-22,18.6559,18.6559,18.6559,18.6559,0
2007-01-23,19.2488,19.2488,19.2488,19.2488,0
2007-01-24,19.0864,19.0864,19.0864,19.0864,0
2007-01-25,18.9158,18.9158,18.9158,18.9158,0
2007-01-26,19.1514,19.1514,19.1514,19.1514,0
2007-01-29,18.7615,18.7615,18.7615,18.7615,0
2007-01-30,19.2813,19.2813,19.2813,19.2813,0
2007-01-31,19.4843,19.4843,19.4843,19.4843,0
2007-02-01,19.4112,19.4112,19.4112,19.4112,0
2007-02-02,19.663,19.663,19.663,19.663,0
2007-02-05,19.5981,19.5981,19.5981,19.5981,0
2007-02-06,19.5006,19.5006,19.5006,19.5006,0
2007-02-07,19.2651,19.2651,19.2651,19.2651,0
2007-02-08,19.7118,19.7118,19.7118,19.7118,0
2007-02-09,19.8336,19.8336,19.8336,19.8336,0
2007-02-12,19.46,19.46,19.46,19.46,0
2007-02-13,19.8173,19.8173,19.8173,19.8173,0
2007-02-14,19.5493,19.5493,19.5493,19.5493,0
2007-02-15,19.5493,19.5493,19.5493,19.5493,0
2007-02-16,19.8904,19.8904,19.8904,19.8904,0
2007-02-20,19.6711,19.6711,19.6711,19.6711,0
2007-02-21,20.0935,20.0935,20.0935,20.0935,0
2007-02-22,20.3696,20.3696,20.3696,20.3696,0
2007-02-23,20.4996,20.4996,20.4996,20.4996,0
2007-02-26,20.5564,20.5564,20.5564,20.5564,0
2007-02-27,20.1666,20.1666,20.1666,20.1666,0
2007-02-28,20.4752,20.4752,20.4752,20.4752,0
2007-03-01,20.329,20.329,20.329,20.329,0
2007-03-02,20.1422,20.1422,20.1422,20.1422,0
2007-03-05,19.8417,19.8417,19.8417,19.8417,0
2007-03-06,20.0285,20.0285,20.0285,20.0285,0
2007-03-07,20.3047,20.3047,20.3047,20.3047,0
2007-03-08,20.3371,20.3371,20.3371,20.3371,0
2007-03-09,20.0691,20.0691,20.0691,20.0691,0
2007-03-12,19.8823,19.8823,19.8823,19.8823,0
2007-03-13,19.728,19.728,19.728,19.728,0
2007-03-14,19.7686,19.7686,19.7686,19.7686,0
2007-03-15,19.6468,19.6468,19.6468,19.6468,0
2007-03-16,19.6955,19.6955,19.6955,19.6955,0
2007-03-19,19.793,19.793,19.793,19.793,0
2007-03-20,19.8173,19.8173,19.8173,19.8173,0
2007-03-21,19.8498,19.8498,19.8498,19.8498,0
2007-03-22,20.1747,20.1747,20.1747,20.1747,0
2007-03-23,20.1828,20.1828,20.1828,20.1828,0
2007-03-26,20.2722,20.2722,20.2722,20.2722,0
2007-03-27,20.329,20.329,20.329,20.329,0
2007-03-28,20.5239,20.5239,20.5239,20.5239,0
2007-03-29,20.9219,20.9219,20.9219,20.9219,0
2007-03-30,20.6133,20.6133,20.6133,20.6133,0
2007-04-02,20.4102,20.4102,20.4102,20.4102,0
2007-04-03,20.329,20.329,20.329,20.329,0
2007-04-04,20.5564,20.5564,20.5564,20.5564,0
2007-04-05,20.597,20.597,20.597,20.597,0
2007-04-09,20.3859,20.3859,20.3859,20.3859,0
2007-04-10,20.6701,20.6701,20.6701,20.6701,0
2007-04-11,20.6377,20.6377,20.6377,20.6377,0
2007-04-12,20.7595,20.7595,20.7595,20.7595,0
2007-04-13,20.8732,20.8732,20.8732,20.8732,0
2007-04-16,20.7107,20.7107,20.7107,20.7107,0
2007-04-17,20.4996,20.4996,20.4996,20.4996,0
2007-04-18,20.5077,20.5077,20.5077,20.5077,0
2007-04-19,20.4509,20.4509,20.4509,20.4509,0
2007-04-20,20.7351,20.7351,20.7351,20.7351,0
2007-04-23,20.8732,20.8732,20.8732,20.8732,0
2007-04-24,20.5889,20.5889,20.5889,20.5889,0
2007-04-25,20.995,20.995,20.995,20.995,0
2007-04-26,20.8488,20.8488,20.8488,20.8488,0
2007-04-27,20.9544,20.9544,20.9544,20.9544,0
2007-04-30,20.7676,20.7676,20.7676,20.7676,0
2007-05-01,20.8082,20.8082,20.8082,20.8082,0
2007-05-02,20.6458,20.6458,20.6458,20.6458,0
2007-05-03,20.7432,20.7432,20.7432,20.7432,0
2007-05-04,20.7026,20.7026,20.7026,20.7026,0
2007-05-07,20.6052,20.6052,20.6052,20.6052,0
2007-05-08,20.4752,20.4752,20.4752,20.4752,0
2007-05-09,20.3696,20.3696,20.3696,20.3696,0
2007-05-10,20.2884,20.2884,20.2884,20.2884,0
2007-05-11,20.5889,20.5889,20.5889,20.5889,0
2007-05-14,20.5158,20.5158,20.5158,20.5158,0
2007-05-15,20.7189,20.7189,20.7189,20.7189,0
2007-05-16,20.5158,20.5158,20.5158,20.5158,0
2007-05-17,20.6864,20.6864,20.6864,20.6864,0
2007-05-18,20.6539,20.6539,20.6539,20.6539,0
2007-05-21,20.8569,20.8569,20.8569,20.8569,0
2007-05-22,20.5564,20.5564,20.5564,20.5564,0
2007-05-23,20.6539,20.6539,20.6539,20.6539,0
2007-05-24,20.5402,20.5402,20.5402,20.5402,0
2007-05-25,20.792,20.792,20.792,20.792,0
2007-05-29,20.3371,20.3371,20.3371,20.3371,0
2007-05-30,20.5321,20.5321,20.5321,20.5321,0
2007-05-31,20.7189,20.7189,20.7189,20.7189,0
2007-06-01,20.8732,20.8732,20.8732,20.8732,0
2007-06-04,21.06,21.06,21.06,21.06,0
2007-06-05,20.9788,20.9788,20.9788,20.9788,0
2007-06-06,20.9706,20.9706,20.9706,20.9706,0
2007-06-07,21.0762,21.0762,21.0762,21.0762,0
2007-06-08,20.7026,20.7026,20.7026,20.7026,0
2007-06-11,21.1006,21.1006,21.1006,21.1006,0
2007-06-12,21.0437,21.0437,21.0437,21.0437,0
2007-06-13,21.3118,21.3118,21.3118,21.3118,0
2007-06-14,21.5148,21.5148,21.5148,21.5148,0
2007-06-15,21.6448,21.6448,21.6448,21.6448,0
2007-06-18,21.6448,21.6448,21.6448,21.6448,0
2007-06-19,21.4336,21.4336,21.4336,21.4336,0
2007-06-20,21.458,21.458,21.458,21.458,0
2007-06-21,21.3605,21.3605,21.3605,21.3605,0
2007-06-22,21.3118,21.3118,21.3118,21.3118,0
2007-06-25,21.2305,21.2305,21.2305,21.2305,0
2007-06-26,20.9869,20.9869,20.9869,20.9869,0
2007-06-27,20.9544,20.9544,20.9544,20.9544,0
2007-06-28,20.8894,20.8894,20.8894,20.8894,0
2007-06-29,20.8732,20.8732,20.8732,20.8732,0
2007-07-02,21.0031,21.0031,21.0031,21.0031,0
2007-07-03,21.0275,21.0275,21.0275,21.0275,0
2007-07-05,21.2224,21.2224,21.2224,21.2224,0
2007-07-06,21.4011,21.4011,21.4011,21.4011,0
2007-07-09,21.3524,21.3524,21.3524,21.3524,0
2007-07-10,21.5067,21.5067,21.5067,21.5067,0
2007-07-11,21.5554,21.5554,21.5554,21.5554,0
2007-07-12,21.6123,21.6123,21.6123,21.6123,0
2007-07-13,21.6448,21.6448,21.6448,21.6448,0
2007-07-16,21.263,21.263,21.263,21.263,0
2007-07-17,21.1331,21.1331,21.1331,21.1331,0
2007-07-18,21.3767,21.3767,21.3767,21.3767,0
2007-07-19,21.4498,21.4498,21.4498,21.4498,0
2007-07-20,21.4417,21.4417,21.4417,21.4417,0
2007-07-23,21.3443,21.3443,21.3443,21.3443,0
2007-07-24,21.1818,21.1818,21.1818,21.1818,0
2007-07-25,21.3686,21.3686,21.3686,21.3686,0
2007-07-26,21.1412,21.1412,21.1412,21.1412,0
2007-07-27,21.3443,21.3443,21.3443,21.3443,0
2007-07-30,21.1006,21.1006,21.1006,21.1006,0
2007-07-31,21.2712,21.2712,21.2712,21.2712,0
2007-08-01,21.2387,21.2387,21.2387,21.2387,0
2007-08-02,21.2712,21.2712,21.2712,21.2712,0
2007-08-03,21.0356,21.0356,21.0356,21.0356,0
2007-08-06,20.7432,20.7432,20.7432,20.7432,0
2007-08-07,20.8569,20.8569,20.8569,20.8569,0
2007-08-08,20.8245,20.8245,20.8245,20.8245,0
2007-08-09,20.662,20.662,20.662,20.662,0
2007-08-10,20.7351,20.7351,20.7351,20.7351,0
2007-08-13,20.5889,20.5889,20.5889,20.5889,0
2007-08-14,20.6539,20.6539,20.6539,20.6539,0
2007-08-15,20.8082,20.8082,20.8082,20.8082,0
2007-08-16,20.4509,20.4509,20.4509,20.4509,0
2007-08-17,20.4346,20.4346,20.4346,20.4346,0
2007-08-20,20.4915,20.4915,20.4915,20.4915,0
2007-08-21,20.459,20.459,20.459,20.459,0
2007-08-22,20.5077,20.5077,20.5077,20.5077,0
2007-08-23,20.5727,20.5727,20.5727,20.5727,0
2007-08-24,20.8163,20.8163,20.8163,20.8163,0
2007-08-27,20.8407,20.8407,20.8407,20.8407,0
2007-08-28,20.6214,20.6214,20.6214,20.6214,0
2007-08-29,20.8163,20.8163,20.8163,20.8163,0
2007-08-30,20.8569,20.8569,20.8569,20.8569,0
2007-08-31,20.8651,20.8651,20.8651,20.8651,0
2007-09-04,21.1006,21.1006,21.1006,21.1006,0
2007-09-05,21.1412,21.1412,21.1412,21.1412,0
2007-09-06,21.06,21.06,21.06,21.06,0
2007-09-07,21.1981,21.1981,21.1981,21.1981,0
2007-09-10,21.3443,21.3443,21.3443,21.3443,0
2007-09-11,21.393,21.393,21.393,21.393,0
2007-09-12,21.6204,21.6204,21.6204,21.6204,0
2007-09-13,21.458,21.458,21.458,21.458,0
2007-09-14,21.4742,21.4742,21.4742,21.4742,0
2007-09-17,21.726,21.726,21.726,21.726,0
2007-09-18,21.8072,21.8072,21.8072,21.8072,0
2007-09-19,21.994,21.994,21.994,21.994,0
2007-09-20,22.3351,22.3351,22.3351,22.3351,0
2007-09-21,22.4894,22.4894,22.4894,22.4894,0
2007-09-24,22.4488,22.4488,22.4488,22.4488,0
2007-09-25,22.2864,22.2864,22.2864,22.2864,0
2007-09-26,22.3189,22.3189,22.3189,22.3189,0
2007-09-27,22.9037,22.9037,22.9037,22.9037,0
2007-09-28,22.8306,22.8306,22.8306,22.8306,0
2007-10-01,22.595,22.595,22.595,22.595,0
2007-10-02,22.1402,22.1402,22.1402,22.1402,0
2007-10-03,22.1646,22.1646,22.1646,22.1646,0
2007-10-04,22.4732,22.4732,22.4732,22.4732,0
2007-10-05,22.5382,22.5382,22.5382,22.5382,0
2007-10-08,22.0671,22.0671,22.0671,22.0671,0
2007-10-09,22.2214,22.2214,22.2214,22.2214,0
2007-10-10,22.4813,22.4813,22.4813,22.4813,0
2007-10-11,22.7331,22.7331,22.7331,22.7331,0
2007-10-12,22.8387,22.8387,22.8387,22.8387,0
2007-10-15,23.2285,23.2285,23.2285,23.2285,0
2007-10-16,23.2529,23.2529,23.2529,23.2529,0
2007-10-17,23.1311,23.1311,23.1311,23.1311,0
2007-10-18,23.5453,23.5453,23.5453,23.5453,0
2007-10-19,23.4803,23.4803,23.4803,23.4803,0
2007-10-22,23.4153,23.4153,23.4153,23.4153,0
2007-10-23,23.2529,23.2529,23.2529,23.2529,0
2007-10-24,23.3341,23.3341,23.3341,23.3341,0
2007-10-25,23.8783,23.8783,23.8783,23.8783,0
2007-10-26,24.2438,24.2438,24.2438,24.2438,0
2007-10-29,24.6417,24.6417,24.6417,24.6417,0
2007-10-30,24.0894,24.0894,24.0894,24.0894,0
2007-10-31,24.7717,24.7717,24.7717,24.7717,0
2007-11-01,24.4549,24.4549,24.4549,24.4549,0
2007-11-02,24.9828,24.9828,24.9828,24.9828,0
2007-11-05,24.8204,24.8204,24.8204,24.8204,0
2007-11-06,25.4702,25.4702,25.4702,25.4702,0
2007-11-07,25.3402,25.3402,25.3402,25.3402,0
2007-11-08,25.2752,25.2752,25.2752,25.2752,0
2007-11-09,25.2671,25.2671,25.2671,25.2671,0
2007-11-12,24.7148,24.7148,24.7148,24.7148,0
2007-11-13,24.2438,24.2438,24.2438,24.2438,0
2007-11-14,24.7879,24.7879,24.7879,24.7879,0
2007-11-15,24.5443,24.5443,24.5443,24.5443,0
2007-11-16,24.6255,24.6255,24.6255,24.6255,0
2007-11-19,24.8123,24.8123,24.8123,24.8123,0
2007-11-20,25.4296,25.4296,25.4296,25.4296,0
2007-11-21,25.462,25.462,25.462,25.462,0
2007-11-23,25.6976,25.6976,25.6976,25.6976,0
2007-11-26,25.3808,25.3808,25.3808,25.3808,0
2007-11-27,25.1778,25.1778,25.1778,25.1778,0
2007-11-28,24.8691,24.8691,24.8691,24.8691,0
2007-11-29,24.926,24.926,24.926,24.926,0
2007-11-30,24.6174,24.6174,24.6174,24.6174,0
2007-12-03,24.796,24.796,24.796,24.796,0
2007-12-04,24.9097,24.9097,24.9097,24.9097,0
2007-12-05,24.7229,24.7229,24.7229,24.7229,0
2007-12-06,25.1696,25.1696,25.1696,25.1696,0
2007-12-07,25.0884,25.0884,25.0884,25.0884,0
2007-12-10,25.0722,25.0722,25.0722,25.0722,0
2007-12-11,25.2915,25.2915,25.2915,25.2915,0
2007-12-12,25.9818,25.9818,25.9818,25.9818,0
2007-12-13,25.7057,25.7057,25.7057,25.7057,0
2007-12-14,25.527,25.527,25.527,25.527,0
2007-12-17,25.4022,25.4022,25.4022,25.4022,0
2007-12-18,25.294,25.294,25.294,25.294,0
2007-12-19,25.5353,25.5353,25.5353,25.5353,0
2007-12-20,25.4271,25.4271,25.4271,25.4271,0
2007-12-21,25.7268,25.7268,25.7268,25.7268,0
2007-12-24,25.9182,25.9182,25.9182,25.9182,0
2007-12-26,26.2262,26.2262,26.2262,26.2262,0
2007-12-27,26.3177,26.3177,26.3177,26.3177,0
2007-12-28,26.2345,26.2345,26.2345,26.2345,0
2007-12-31,26.2678,26.2678,26.2678,26.2678,0
2008-01-02,26.9919,26.9919,26.9919,26.9919,0
2008-01-03,27.2,27.2,27.2,27.2,0
2008-01-04,27.0418,27.0418,27.0418,27.0418,0
2008-01-07,26.5508,26.5508,26.5508,26.5508,0
2008-01-08,26.7921,26.7921,26.7921,26.7921,0
2008-01-09,26.5258,26.5258,26.5258,26.5258,0
2008-01-10,26.4009,26.4009,26.4009,26.4009,0
2008-01-11,26.6423,26.6423,26.6423,26.6423,0
2008-01-14,26.9752,26.9752,26.9752,26.9752,0
2008-01-15,26.6423,26.6423,26.6423,26.6423,0
2008-01-16,26.3926,26.3926,26.3926,26.3926,0
2008-01-17,26.0514,26.0514,26.0514,26.0514,0
2008-01-18,26.1512,26.1512,26.1512,26.1512,0
2008-01-22,26.0597,26.0597,26.0597,26.0597,0
2008-01-23,25.5686,25.5686,25.5686,25.5686,0
2008-01-24,26.2012,26.2012,26.2012,26.2012,0
2008-01-25,26.7838,26.7838,26.7838,26.7838,0
2008-01-28,26.9087,26.9087,26.9087,26.9087,0
2008-01-29,27.1334,27.1334,27.1334,27.1334,0
2008-01-30,26.9003,26.9003,26.9003,26.9003,0
2008-01-31,27.0335,27.0335,27.0335,27.0335,0
2008-02-01,26.5591,26.5591,26.5591,26.5591,0
2008-02-04,27.0252,27.0252,27.0252,27.0252,0
2008-02-05,26.8005,26.8005,26.8005,26.8005,0
2008-02-06,26.6756,26.6756,26.6756,26.6756,0
2008-02-07,27.0002,27.0002,27.0002,27.0002,0
2008-02-08,27.8075,27.8075,27.8075,27.8075,0
2008-02-11,27.9907,27.9907,27.9907,27.9907,0
2008-02-12,27.4247,27.4247,27.4247,27.4247,0
2008-02-13,27.6494,27.6494,27.6494,27.6494,0
2008-02-14,28.2071,28.2071,28.2071,28.2071,0
2008-02-15,28.0739,28.0739,28.0739,28.0739,0
2008-02-19,28.9894,28.9894,28.9894,28.9894,0
2008-02-20,29.1392,29.1392,29.1392,29.1392,0
2008-02-21,28.9811,28.9811,28.9811,28.9811,0
2008-02-22,29.3806,29.3806,29.3806,29.3806,0
2008-02-25,29.6636,29.6636,29.6636,29.6636,0
2008-02-26,30.2962,30.2962,30.2962,30.2962,0
2008-02-27,30.2545,30.2545,30.2545,30.2545,0
2008-02-28,30.5459,30.5459,30.5459,30.5459,0
2008-02-29,30.0465,30.0465,30.0465,30.0465,0
2008-03-03,30.4876,30.4876,30.4876,30.4876,0
2008-03-04,30.3794,30.3794,30.3794,30.3794,0
2008-03-05,31.0452,31.0452,31.0452,31.0452,0
2008-03-06,31.2783,31.2783,31.2783,31.2783,0
2008-03-07,30.962,30.962,30.962,30.962,0
2008-03-10,31.5446,31.5446,31.5446,31.5446,0
2008-03-11,32.0357,32.0357,32.0357,32.0357,0
2008-03-12,32.3853,32.3853,32.3853,32.3853,0
2008-03-13,32.4186,32.4186,32.4186,32.4186,0
2008-03-14,32.3769,32.3769,32.3769,32.3769,0
2008-03-17,31.0785,31.0785,31.0785,31.0785,0
2008-03-18,31.7694,31.7694,31.7694,31.7694,0
2008-03-19,30.396,30.396,30.396,30.396,0
2008-03-20,29.1725,29.1725,29.1725,29.1725,0
2008-03-24,29.7052,29.7052,29.7052,29.7052,0
2008-03-25,30.0049,30.0049,30.0049,30.0049,0
2008-03-26,30.9037,30.9037,30.9037,30.9037,0
2008-03-27,31.245,31.245,31.245,31.245,0
2008-03-28,30.5042,30.5042,30.5042,30.5042,0
2008-03-31,29.7718,29.7718,29.7718,29.7718,0
2008-04-01,29.6053,29.6053,29.6053,29.6053,0
2008-04-02,30.4876,30.4876,30.4876,30.4876,0
2008-04-03,30.6541,30.6541,30.6541,30.6541,0
2008-04-04,30.8705,30.8705,30.8705,30.8705,0
2008-04-07,31.2034,31.2034,31.2034,31.2034,0
2008-04-08,31.3282,31.3282,31.3282,31.3282,0
2008-04-09,31.8526,31.8526,31.8526,31.8526,0
2008-04-10,31.7111,31.7111,31.7111,31.7111,0
2008-04-11,31.5862,31.5862,31.5862,31.5862,0
2008-04-14,31.8026,31.8026,31.8026,31.8026,0
2008-04-15,32.1855,32.1855,32.1855,32.1855,0
2008-04-16,32.4935,32.4935,32.4935,32.4935,0
2008-04-17,32.3437,32.3437,32.3437,32.3437,0
2008-04-18,32.3603,32.3603,32.3603,32.3603,0
2008-04-21,32.4019,32.4019,32.4019,32.4019,0
2008-04-22,32.6017,32.6017,32.6017,32.6017,0
2008-04-23,32.2937,32.2937,32.2937,32.2937,0
2008-04-24,31.7527,31.7527,31.7527,31.7527,0
2008-04-25,32.3353,32.3353,32.3353,32.3353,0
2008-04-28,32.4102,32.4102,32.4102,32.4102,0
2008-04-29,31.6279,31.6279,31.6279,31.6279,0
2008-04-30,31.5696,31.5696,31.5696,31.5696,0
2008-05-01,30.8372,30.8372,30.8372,30.8372,0
2008-05-02,31.6195,31.6195,31.6195,31.6195,0
2008-05-05,32.2771,32.2771,32.2771,32.2771,0
2008-05-06,32.7015,32.7015,32.7015,32.7015,0
2008-05-07,32.7598,32.7598,32.7598,32.7598,0
2008-05-08,33.2925,33.2925,33.2925,33.2925,0
2008-05-09,33.8085,33.8085,33.8085,33.8085,0
2008-05-12,33.2342,33.2342,33.2342,33.2342,0
2008-05-13,33.4173,33.4173,33.4173,33.4173,0
2008-05-14,32.8763,32.8763,32.8763,32.8763,0
2008-05-15,33.2509,33.2509,33.2509,33.2509,0
2008-05-16,33.7336,33.7336,33.7336,33.7336,0
2008-05-19,33.7836,33.7836,33.7836,33.7836,0
2008-05-20,34.2496,34.2496,34.2496,34.2496,0
2008-05-21,35.2484,35.2484,35.2484,35.2484,0
2008-05-22,34.7407,34.7407,34.7407,34.7407,0
2008-05-23,34.8073,34.8073,34.8073,34.8073,0
2008-05-27,34.2496,34.2496,34.2496,34.2496,0
2008-05-28,34.466,34.466,34.466,34.466,0
2008-05-29,33.5255,33.5255,33.5255,33.5255,0
2008-05-30,33.7503,33.7503,33.7503,33.7503,0
2008-06-02,34.1997,34.1997,34.1997,34.1997,0
2008-06-03,33.3924,33.3924,33.3924,33.3924,0
2008-06-04,32.893,32.893,32.893,32.893,0
2008-06-05,34.1414,34.1414,34.1414,34.1414,0
2008-06-06,35.0154,35.0154,35.0154,35.0154,0
2008-06-09,35.3733,35.3733,35.3733,35.3733,0
2008-06-10,35.2318,35.2318,35.2318,35.2318,0
2008-06-11,36.5302,36.5302,36.5302,36.5302,0
2008-06-12,36.5219,36.5219,36.5219,36.5219,0
2008-06-13,36.2888,36.2888,36.2888,36.2888,0
2008-06-16,36.2555,36.2555,36.2555,36.2555,0
2008-06-17,36.6217,36.6217,36.6217,36.6217,0
2008-06-18,37.1211,37.1211,37.1211,37.1211,0
2008-06-19,36.2555,36.2555,36.2555,36.2555,0
2008-06-20,36.5052,36.5052,36.5052,36.5052,0
2008-06-23,36.7632,36.7632,36.7632,36.7632,0
2008-06-24,36.7716,36.7716,36.7716,36.7716,0
2008-06-25,36.6301,36.6301,36.6301,36.6301,0
2008-06-26,37.8452,37.8452,37.8452,37.8452,0
2008-06-27,37.9451,37.9451,37.9451,37.9451,0
2008-06-30,37.2709,37.2709,37.2709,37.2709,0
2008-07-01,37.9285,37.9285,37.9285,37.9285,0
2008-07-02,38.6526,38.6526,38.6526,38.6526,0
2008-07-03,38.6359,38.6359,38.6359,38.6359,0
2008-07-07,38.1116,38.1116,38.1116,38.1116,0
2008-07-08,36.7299,36.7299,36.7299,36.7299,0
2008-07-09,36.705,36.705,36.705,36.705,0
2008-07-10,37.7037,37.7037,37.7037,37.7037,0
2008-07-11,38.2281,38.2281,38.2281,38.2281,0
2008-07-14,38.2447,38.2447,38.2447,38.2447,0
2008-07-15,37.0296,37.0296,37.0296,37.0296,0
2008-07-16,36.4636,36.4636,36.4636,36.4636,0
2008-07-17,35.6063,35.6063,35.6063,35.6063,0
2008-07-18,34.9987,34.9987,34.9987,34.9987,0
2008-07-21,35.4232,35.4232,35.4232,35.4232,0
2008-07-22,34.6492,34.6492,34.6492,34.6492,0
2008-07-23,33.8668,33.8668,33.8668,33.8668,0
2008-07-24,33.8917,33.8917,33.8917,33.8917,0
2008-07-25,33.4673,33.4673,33.4673,33.4673,0
2008-07-28,33.6337,33.6337,33.6337,33.6337,0
2008-07-29,33.2509,33.2509,33.2509,33.2509,0
2008-07-30,33.9084,33.9084,33.9084,33.9084,0
2008-07-31,33.6254,33.6254,33.6254,33.6254,0
2008-08-01,33.2509,33.2509,33.2509,33.2509,0
2008-08-04,32.1522,32.1522,32.1522,32.1522,0
2008-08-05,31.9275,31.9275,31.9275,31.9275,0
2008-08-06,31.5862,31.5862,31.5862,31.5862,0
2008-08-07,31.761,31.761,31.761,31.761,0
2008-08-08,30.8705,30.8705,30.8705,30.8705,0
2008-08-11,30.8372,30.8372,30.8372,30.8372,0
2008-08-12,30.5708,30.5708,30.5708,30.5708,0
2008-08-13,31.5946,31.5946,31.5946,31.5946,0
2008-08-14,31.3199,31.3199,31.3199,31.3199,0
2008-08-15,30.8954,30.8954,30.8954,30.8954,0
2008-08-18,31.0702,31.0702,31.0702,31.0702,0
2008-08-19,31.5529,31.5529,31.5529,31.5529,0
2008-08-20,31.8026,31.8026,31.8026,31.8026,0
2008-08-21,33.1676,33.1676,33.1676,33.1676,0
2008-08-22,32.044,32.044,32.044,32.044,0
2008-08-25,31.8609,31.8609,31.8609,31.8609,0
2008-08-26,31.8776,31.8776,31.8776,31.8776,0
2008-08-27,32.1772,32.1772,32.1772,32.1772,0
2008-08-28,31.5446,31.5446,31.5446,31.5446,0
2008-08-29,31.4281,31.4281,31.4281,31.4281,0
2008-09-02,30.6124,30.6124,30.6124,30.6124,0
2008-09-03,30.4377,30.4377,30.4377,30.4377,0
2008-09-04,30.0049,30.0049,30.0049,30.0049,0
2008-09-05,29.7052,29.7052,29.7052,29.7052,0
2008-09-08,29.6386,29.6386,29.6386,29.6386,0
2008-09-09,28.5566,28.5566,28.5566,28.5566,0
2008-09-10,28.5982,28.5982,28.5982,28.5982,0
2008-09-11,28.3569,28.3569,28.3569,28.3569,0
2008-09-12,28.5483,28.5483,28.5483,28.5483,0
2008-09-15,27.4247,27.4247,27.4247,27.4247,0
2008-09-16,26.867,26.867,26.867,26.867,0
2008-09-17,27.6744,27.6744,27.6744,27.6744,0
2008-09-18,27.7243,27.7243,27.7243,27.7243,0
2008-09-19,28.6399,28.6399,28.6399,28.6399,0
2008-09-22,29.6303,29.6303,29.6303,29.6303,0
2008-09-23,29.339,29.339,29.339,29.339,0
2008-09-24,29.0976,29.0976,29.0976,29.0976,0
2008-09-25,29.6053,29.6053,29.6053,29.6053,0
2008-09-26,29.2558,29.2558,29.2558,29.2558,0
2008-09-29,27.4413,27.4413,27.4413,27.4413,0
2008-09-30,28.2071,28.2071,28.2071,28.2071,0
2008-10-01,27.5495,27.5495,27.5495,27.5495,0
2008-10-02,26.0264,26.0264,26.0264,26.0264,0
2008-10-03,25.4188,25.4188,25.4188,25.4188,0
2008-10-06,24.3368,24.3368,24.3368,24.3368,0
2008-10-07,24.6364,24.6364,24.6364,24.6364,0
2008-10-08,24.9943,24.9943,24.9943,24.9943,0
2008-10-09,23.8291,23.8291,23.8291,23.8291,0
2008-10-10,22.7721,22.7721,22.7721,22.7721,0
2008-10-13,24.0372,24.0372,24.0372,24.0372,0
2008-10-14,23.596,23.596,23.596,23.596,0
2008-10-15,22.5224,22.5224,22.5224,22.5224,0
2008-10-16,22.0979,22.0979,22.0979,22.0979,0
2008-10-17,22.3476,22.3476,22.3476,22.3476,0
2008-10-20,22.797,22.797,22.797,22.797,0
2008-10-21,21.9814,21.9814,21.9814,21.9814,0
2008-10-22,20.941,20.941,20.941,20.941,0
2008-10-23,21.0242,21.0242,21.0242,21.0242,0
2008-10-24,20.1836,20.1836,20.1836,20.1836,0
2008-10-27,20.0338,20.0338,20.0338,20.0338,0
2008-10-28,20.5831,20.5831,20.5831,20.5831,0
2008-10-29,21.7983,21.7983,21.7983,21.7983,0
2008-10-30,20.8994,20.8994,20.8994,20.8994,0
2008-10-31,21.1324,21.1324,21.1324,21.1324,0
2008-11-03,20.8994,20.8994,20.8994,20.8994,0
2008-11-04,21.8482,21.8482,21.8482,21.8482,0
2008-11-05,21.2822,21.2822,21.2822,21.2822,0
2008-11-06,20.35,20.35,20.35,20.35,0
2008-11-07,20.375,20.375,20.375,20.375,0
2008-11-10,20.5082,20.5082,20.5082,20.5082,0
2008-11-11,20.117,20.117,20.117,20.117,0
2008-11-12,19.526,19.526,19.526,19.526,0
2008-11-13,19.8923,19.8923,19.8923,19.8923,0
2008-11-14,19.7674,19.7674,19.7674,19.7674,0
2008-11-17,19.318,19.318,19.318,19.318,0
2008-11-18,19.0267,19.0267,19.0267,19.0267,0
2008-11-19,18.8103,18.8103,18.8103,18.8103,0
2008-11-20,17.8531,17.8531,17.8531,17.8531,0
2008-11-21,18.161,18.161,18.161,18.161,0
2008-11-24,19.4095,19.4095,19.4095,19.4095,0
2008-11-25,18.7603,18.7603,18.7603,18.7603,0
2008-11-26,19.3596,19.3596,19.3596,19.3596,0
2008-11-28,18.5189,18.5189,18.5189,18.5189,0
2008-12-01,17.9446,17.9446,17.9446,17.9446,0
2008-12-02,17.953,17.953,17.953,17.953,0
2008-12-03,17.7449,17.7449,17.7449,17.7449,0
2008-12-04,16.8127,16.8127,16.8127,16.8127,0
2008-12-05,16.3965,16.3965,16.3965,16.3965,0
2008-12-08,17.154,17.154,17.154,17.154,0
2008-12-09,16.7794,16.7794,16.7794,16.7794,0
2008-12-10,17.2871,17.2871,17.2871,17.2871,0
2008-12-11,17.8364,17.8364,17.8364,17.8364,0
2008-12-12,18.2276,18.2276,18.2276,18.2276,0
2008-12-15,17.7119,17.7119,17.7119,17.7119,0
2008-12-16,17.9655,17.9655,17.9655,17.9655,0
2008-12-17,17.7204,17.7204,17.7204,17.7204,0
2008-12-18,17.4498,17.4498,17.4498,17.4498,0
2008-12-19,17.3315,17.3315,17.3315,17.3315,0
2008-12-22,16.8411,16.8411,16.8411,16.8411,0
2008-12-23,16.9088,16.9088,16.9088,16.9088,0
2008-12-24,16.6467,16.6467,16.6467,16.6467,0
2008-12-26,16.9088,16.9088,16.9088,16.9088,0
2008-12-29,17.0947,17.0947,17.0947,17.0947,0
2008-12-30,17.1962,17.1962,17.1962,17.1962,0
2008-12-31,17.9148,17.9148,17.9148,17.9148,0
2009-01-02,18.5404,18.5404,18.5404,18.5404,0
2009-01-05,18.7349,18.7349,18.7349,18.7349,0
2009-01-06,19.2253,19.2253,19.2253,19.2253,0
2009-01-07,18.2445,18.2445,18.2445,18.2445,0
2009-01-08,18.3122,18.3122,18.3122,18.3122,0
2009-01-09,18.1008,18.1008,18.1008,18.1008,0
2009-01-12,17.2807,17.2807,17.2807,17.2807,0
2009-01-13,17.5682,17.5682,17.5682,17.5682,0
2009-01-14,17.323,17.323,17.323,17.323,0
2009-01-15,17.3061,17.3061,17.3061,17.3061,0
2009-01-16,17.3822,17.3822,17.3822,17.3822,0
2009-01-20,16.8411,16.8411,16.8411,16.8411,0
2009-01-21,16.9088,16.9088,16.9088,16.9088,0
2009-01-22,16.6889,16.6889,16.6889,16.6889,0
2009-01-23,17.4667,17.4667,17.4667,17.4667,0
2009-01-26,17.5006,17.5006,17.5006,17.5006,0
2009-01-27,17.0271,17.0271,17.0271,17.0271,0
2009-01-28,17.4329,17.4329,17.4329,17.4329,0
2009-01-29,17.2216,17.2216,17.2216,17.2216,0
2009-01-30,17.1201,17.1201,17.1201,17.1201,0
2009-02-02,16.7904,16.7904,16.7904,16.7904,0
2009-02-03,16.5959,16.5959,16.5959,16.5959,0
2009-02-04,16.6889,16.6889,16.6889,16.6889,0
2009-02-05,17.0609,17.0609,17.0609,17.0609,0
2009-02-06,17.1877,17.1877,17.1877,17.1877,0
2009-02-09,17.0947,17.0947,17.0947,17.0947,0
2009-02-10,16.8749,16.8749,16.8749,16.8749,0
2009-02-11,16.7735,16.7735,16.7735,16.7735,0
2009-02-12,16.7988,16.7988,16.7988,16.7988,0
2009-02-13,16.4945,16.4945,16.4945,16.4945,0
2009-02-17,15.573,15.573,15.573,15.573,0
2009-02-18,15.48,15.48,15.48,15.48,0
2009-02-19,15.8604,15.8604,15.8604,15.8604,0
2009-02-20,15.6829,15.6829,15.6829,15.6829,0
2009-02-23,15.5307,15.5307,15.5307,15.5307,0
2009-02-24,15.8266,15.8266,15.8266,15.8266,0
2009-02-25,16.0126,16.0126,16.0126,16.0126,0
2009-02-26,16.3508,16.3508,16.3508,16.3508,0
2009-02-27,16.1563,16.1563,16.1563,16.1563,0
2009-03-02,15.3447,15.3447,15.3447,15.3447,0
2009-03-03,15.4461,15.4461,15.4461,15.4461,0
2009-03-04,15.9872,15.9872,15.9872,15.9872,0
2009-03-05,15.852,15.852,15.852,15.852,0
2009-03-06,16.2324,16.2324,16.2324,16.2324,0
2009-03-09,16.1394,16.1394,16.1394,16.1394,0
2009-03-10,16.0971,16.0971,16.0971,16.0971,0
2009-03-11,15.5899,15.5899,15.5899,15.5899,0
2009-03-12,16.3169,16.3169,16.3169,16.3169,0
2009-03-13,16.1732,16.1732,16.1732,16.1732,0
2009-03-16,16.5283,16.5283,16.5283,16.5283,0
2009-03-17,16.8834,16.8834,16.8834,16.8834,0
2009-03-18,17.0947,17.0947,17.0947,17.0947,0
2009-03-19,17.4498,17.4498,17.4498,17.4498,0
2009-03-20,17.6866,17.6866,17.6866,17.6866,0
2009-03-23,18.0585,18.0585,18.0585,18.0585,0
2009-03-24,17.7626,17.7626,17.7626,17.7626,0
2009-03-25,17.4921,17.4921,17.4921,17.4921,0
2009-03-26,17.7965,17.7965,17.7965,17.7965,0
2009-03-27,17.4667,17.4667,17.4667,17.4667,0
2009-03-30,16.8327,16.8327,16.8327,16.8327,0
2009-03-31,16.9088,16.9088,16.9088,16.9088,0
2009-04-01,16.8665,16.8665,16.8665,16.8665,0
2009-04-02,17.5175,17.5175,17.5175,17.5175,0
2009-04-03,17.788,17.788,17.788,17.788,0
2009-04-06,17.5682,17.5682,17.5682,17.5682,0
2009-04-07,17.2554,17.2554,17.2554,17.2554,0
2009-04-08,17.3822,17.3822,17.3822,17.3822,0
2009-04-09,17.6358,17.6358,17.6358,17.6358,0
2009-04-13,17.7119,17.7119,17.7119,17.7119,0
2009-04-14,17.3907,17.3907,17.3907,17.3907,0
2009-04-15,17.2807,17.2807,17.2807,17.2807,0
2009-04-16,17.2047,17.2047,17.2047,17.2047,0
2009-04-17,17.0778,17.0778,17.0778,17.0778,0
2009-04-20,16.4353,16.4353,16.4353,16.4353,0
2009-04-21,16.4945,16.4945,16.4945,16.4945,0
2009-04-22,16.5198,16.5198,16.5198,16.5198,0
2009-04-23,16.7397,16.7397,16.7397,16.7397,0
2009-04-24,16.9933,16.9933,16.9933,16.9933,0
2009-04-27,16.5706,16.5706,16.5706,16.5706,0
2009-04-28,16.4522,16.4522,16.4522,16.4522,0
2009-04-29,16.8327,16.8327,16.8327,16.8327,0
2009-04-30,16.8918,16.8918,16.8918,16.8918,0
2009-05-01,17.3991,17.3991,17.3991,17.3991,0
2009-05-04,17.7373,17.7373,17.7373,17.7373,0
2009-05-05,17.4837,17.4837,17.4837,17.4837,0
2009-05-06,17.9486,17.9486,17.9486,17.9486,0
2009-05-07,17.9825,17.9825,17.9825,17.9825,0
2009-05-08,18.4305,18.4305,18.4305,18.4305,0
2009-05-11,18.2784,18.2784,18.2784,18.2784,0
2009-05-12,18.4644,18.4644,18.4644,18.4644,0
2009-05-13,18.253,18.253,18.253,18.253,0
2009-05-14,18.3714,18.3714,18.3714,18.3714,0
2009-05-15,17.9064,17.9064,17.9064,17.9064,0
2009-05-18,18.3798,18.3798,18.3798,18.3798,0
2009-05-19,18.3798,18.3798,18.3798,18.3798,0
2009-05-20,18.6757,18.6757,18.6757,18.6757,0
2009-05-21,18.5235,18.5235,18.5235,18.5235,0
2009-05-22,18.7941,18.7941,18.7941,18.7941,0
2009-05-26,18.8364,18.8364,18.8364,18.8364,0
2009-05-27,18.9209,18.9209,18.9209,18.9209,0
2009-05-28,19.2675,19.2675,19.2675,19.2675,0
2009-05-29,19.6395,19.6395,19.6395,19.6395,0
2009-06-01,20.1806,20.1806,20.1806,20.1806,0
2009-06-02,20.2651,20.2651,20.2651,20.2651,0
2009-06-03,19.5888,19.5888,19.5888,19.5888,0
2009-06-04,20.3074,20.3074,20.3074,20.3074,0
2009-06-05,20.1975,20.1975,20.1975,20.1975,0
2009-06-08,20.1468,20.1468,20.1468,20.1468,0
2009-06-09,20.3412,20.3412,20.3412,20.3412,0
2009-06-10,20.2651,20.2651,20.2651,20.2651,0
2009-06-11,20.4511,20.4511,20.4511,20.4511,0
2009-06-12,20.1637,20.1637,20.1637,20.1637,0
2009-06-15,19.7748,19.7748,19.7748,19.7748,0
2009-06-16,19.6987,19.6987,19.6987,19.6987,0
2009-06-17,19.7579,19.7579,19.7579,19.7579,0
2009-06-18,19.7832,19.7832,19.7832,19.7832,0
2009-06-19,19.6142,19.6142,19.6142,19.6142,0
2009-06-22,18.9547,18.9547,18.9547,18.9547,0
2009-06-23,19.2844,19.2844,19.2844,19.2844,0
2009-06-24,19.276,19.276,19.276,19.276,0
2009-06-25,19.4451,19.4451,19.4451,19.4451,0
2009-06-26,19.2844,19.2844,19.2844,19.2844,0
2009-06-29,19.4704,19.4704,19.4704,19.4704,0
2009-06-30,19.1238,19.1238,19.1238,19.1238,0
2009-07-01,19.0477,19.0477,19.0477,19.0477,0
2009-07-02,18.625,18.625,18.625,18.625,0
2009-07-06,18.067,18.067,18.067,18.067,0
2009-07-07,17.7796,17.7796,17.7796,17.7796,0
2009-07-08,17.5597,17.5597,17.5597,17.5597,0
2009-07-09,17.6696,17.6696,17.6696,17.6696,0
2009-07-10,17.5344,17.5344,17.5344,17.5344,0
2009-07-13,17.6274,17.6274,17.6274,17.6274,0
2009-07-14,17.6274,17.6274,17.6274,17.6274,0
2009-07-15,18.0924,18.0924,18.0924,18.0924,0
2009-07-16,18.1346,18.1346,18.1346,18.1346,0
2009-07-17,18.4052,18.4052,18.4052,18.4052,0
2009-07-20,18.7095,18.7095,18.7095,18.7095,0
2009-07-21,18.6419,18.6419,18.6419,18.6419,0
2009-07-22,18.7434,18.7434,18.7434,18.7434,0
2009-07-23,19.1323,19.1323,19.1323,19.1323,0
2009-07-24,19.1492,19.1492,19.1492,19.1492,0
2009-07-27,19.2253,19.2253,19.2253,19.2253,0
2009-07-28,19.0139,19.0139,19.0139,19.0139,0
2009-07-29,18.5235,18.5235,18.5235,18.5235,0
2009-07-30,19.0984,19.0984,19.0984,19.0984,0
2009-07-31,19.4789,19.4789,19.4789,19.4789,0
2009-08-03,20.0284,20.0284,20.0284,20.0284,0
2009-08-04,20.0369,20.0369,20.0369,20.0369,0
2009-08-05,20.2482,20.2482,20.2482,20.2482,0
2009-08-06,19.7832,19.7832,19.7832,19.7832,0
2009-08-07,19.6902,19.6902,19.6902,19.6902,0
2009-08-10,19.6818,19.6818,19.6818,19.6818,0
2009-08-11,19.3859,19.3859,19.3859,19.3859,0
2009-08-12,19.4873,19.4873,19.4873,19.4873,0
2009-08-13,19.7494,19.7494,19.7494,19.7494,0
2009-08-14,19.1914,19.1914,19.1914,19.1914,0
2009-08-17,18.904,18.904,18.904,18.904,0
2009-08-18,19.276,19.276,19.276,19.276,0
2009-08-19,19.4112,19.4112,19.4112,19.4112,0
2009-08-20,19.2506,19.2506,19.2506,19.2506,0
2009-08-21,19.3943,19.3943,19.3943,19.3943,0
2009-08-24,19.4282,19.4282,19.4282,19.4282,0
2009-08-25,19.1492,19.1492,19.1492,19.1492,0
2009-08-26,19.0984,19.0984,19.0984,19.0984,0
2009-08-27,19.2591,19.2591,19.2591,19.2591,0
2009-08-28,19.2168,19.2168,19.2168,19.2168,0
2009-08-31,18.6926,18.6926,18.6926,18.6926,0
2009-09-01,18.4052,18.4052,18.4052,18.4052,0
2009-09-02,18.4474,18.4474,18.4474,18.4474,0
2009-09-03,18.3544,18.3544,18.3544,18.3544,0
2009-09-04,18.2784,18.2784,18.2784,18.2784,0
2009-09-08,18.6165,18.6165,18.6165,18.6165,0
2009-09-09,18.6926,18.6926,18.6926,18.6926,0
2009-09-10,18.7941,18.7941,18.7941,18.7941,0
2009-09-11,18.5489,18.5489,18.5489,18.5489,0
2009-09-14,18.4474,18.4474,18.4474,18.4474,0
2009-09-15,18.8786,18.8786,18.8786,18.8786,0
2009-09-16,19.1238,19.1238,19.1238,19.1238,0
2009-09-17,19.1323,19.1323,19.1323,19.1323,0
2009-09-18,18.9632,18.9632,18.9632,18.9632,0
2009-09-21,18.5489,18.5489,18.5489,18.5489,0
2009-09-22,18.8533,18.8533,18.8533,18.8533,0
2009-09-23,18.4305,18.4305,18.4305,18.4305,0
2009-09-24,18.1938,18.1938,18.1938,18.1938,0
2009-09-25,18.0501,18.0501,18.0501,18.0501,0
2009-09-28,18.2107,18.2107,18.2107,18.2107,0
2009-09-29,18.1431,18.1431,18.1431,18.1431,0
2009-09-30,18.6504,18.6504,18.6504,18.6504,0
2009-10-01,18.532,18.532,18.532,18.532,0
2009-10-02,18.346,18.346,18.346,18.346,0
2009-10-05,18.9378,18.9378,18.9378,18.9378,0
2009-10-06,18.7095,18.7095,18.7095,18.7095,0
2009-10-07,18.7434,18.7434,18.7434,18.7434,0
2009-10-08,19.1153,19.1153,19.1153,19.1153,0
2009-10-09,19.1914,19.1914,19.1914,19.1914,0
2009-10-12,19.5803,19.5803,19.5803,19.5803,0
2009-10-13,19.8001,19.8001,19.8001,19.8001,0
2009-10-14,19.9523,19.9523,19.9523,19.9523,0
2009-10-15,20.1552,20.1552,20.1552,20.1552,0
2009-10-16,20.206,20.206,20.206,20.206,0
2009-10-19,20.4934,20.4934,20.4934,20.4934,0
2009-10-20,20.3666,20.3666,20.3666,20.3666,0
2009-10-21,20.7978,20.7978,20.7978,20.7978,0
2009-10-22,20.9669,20.9669,20.9669,20.9669,0
2009-10-23,20.8908,20.8908,20.8908,20.8908,0
2009-10-26,20.5103,20.5103,20.5103,20.5103,0
2009-10-27,20.3666,20.3666,20.3666,20.3666,0
2009-10-28,19.8424,19.8424,19.8424,19.8424,0
2009-10-29,20.4596,20.4596,20.4596,20.4596,0
2009-10-30,19.9439,19.9439,19.9439,19.9439,0
2009-11-02,20.2905,20.2905,20.2905,20.2905,0
2009-11-03,20.578,20.578,20.578,20.578,0
2009-11-04,20.561,20.561,20.561,20.561,0
2009-11-05,20.4511,20.4511,20.4511,20.4511,0
2009-11-06,20.0876,20.0876,20.0876,20.0876,0
2009-11-09,20.4173,20.4173,20.4173,20.4173,0
2009-11-10,20.3159,20.3159,20.3159,20.3159,0
2009-11-11,20.4511,20.4511,20.4511,20.4511,0
2009-11-12,20.1468,20.1468,20.1468,20.1468,0
2009-11-13,20.1299,20.1299,20.1299,20.1299,0
2009-11-16,20.7132,20.7132,20.7132,20.7132,0
2009-11-17,20.8147,20.8147,20.8147,20.8147,0
2009-11-18,20.8316,20.8316,20.8316,20.8316,0
2009-11-19,20.5357,20.5357,20.5357,20.5357,0
2009-11-20,20.5103,20.5103,20.5103,20.5103,0
2009-11-23,20.6033,20.6033,20.6033,20.6033,0
2009-11-24,20.3666,20.3666,20.3666,20.3666,0
2009-11-25,20.8569,20.8569,20.8569,20.8569,0
2009-11-27,20.6202,20.6202,20.6202,20.6202,0
2009-11-30,20.8485,20.8485,20.8485,20.8485,0
2009-12-01,21.0007,21.0007,21.0007,21.0007,0
2009-12-02,20.8569,20.8569,20.8569,20.8569,0
2009-12-03,20.84,20.84,20.84,20.84,0
2009-12-04,20.671,20.671,20.671,20.671,0
2009-12-07,20.485,20.485,20.485,20.485,0
2009-12-08,20.282,20.282,20.282,20.282,0
2009-12-09,20.0284,20.0284,20.0284,20.0284,0
2009-12-10,19.9185,19.9185,19.9185,19.9185,0
2009-12-11,20.02,20.02,20.02,20.02,0
2009-12-14,20.1299,20.1299,20.1299,20.1299,0
2009-12-15,20.0369,20.0369,20.0369,20.0369,0
2009-12-16,20.3835,20.3835,20.3835,20.3835,0
2009-12-17,20.0707,20.0707,20.0707,20.0707,0
2009-12-18,20.1552,20.1552,20.1552,20.1552,0
2009-12-21,19.9608,19.9608,19.9608,19.9608,0
2009-12-22,20.1045,20.1045,20.1045,20.1045,0
2009-12-23,20.4596,20.4596,20.4596,20.4596,0
2009-12-24,20.578,20.578,20.578,20.578,0
2009-12-28,20.9415,20.9415,20.9415,20.9415,0
2009-12-29,20.8992,20.8992,20.8992,20.8992,0
2009-12-30,20.8739,20.8739,20.8739,20.8739,0
2009-12-31,20.8147,20.8147,20.8147,20.8147,0
2010-01-04,21.3388,21.3388,21.3388,21.3388,0
2010-01-05,21.3642,21.3642,21.3642,21.3642,0
2010-01-06,21.7447,21.7447,21.7447,21.7447,0
2010-01-07,21.4741,21.4741,21.4741,21.4741,0
2010-01-08,21.4572,21.4572,21.4572,21.4572,0
2010-01-11,21.3896,21.3896,21.3896,21.3896,0
2010-01-12,20.933,20.933,20.933,20.933,0
2010-01-13,20.9499,20.9499,20.9499,20.9499,0
2010-01-14,20.84,20.84,20.84,20.84,0
2010-01-15,20.6033,20.6033,20.6033,20.6033,0
2010-01-19,20.7386,20.7386,20.7386,20.7386,0
2010-01-20,20.3497,20.3497,20.3497,20.3497,0
2010-01-21,20.0961,20.0961,20.0961,20.0961,0
2010-01-22,19.8847,19.8847,19.8847,19.8847,0
2010-01-25,19.9777,19.9777,19.9777,19.9777,0
2010-01-26,19.7579,19.7579,19.7579,19.7579,0
2010-01-27,19.4704,19.4704,19.4704,19.4704,0
2010-01-28,19.4028,19.4028,19.4028,19.4028,0
2010-01-29,19.183,19.183,19.183,19.183,0
2010-02-01,19.648,19.648,19.648,19.648,0
2010-02-02,20.0707,20.0707,20.0707,20.0707,0
2010-02-03,19.8255,19.8255,19.8255,19.8255,0
2010-02-04,19.1661,19.1661,19.1661,19.1661,0
2010-02-05,18.9209,18.9209,18.9209,18.9209,0
2010-02-08,18.9293,18.9293,18.9293,18.9293,0
2010-02-09,19.2675,19.2675,19.2675,19.2675,0
2010-02-10,19.3436,19.3436,19.3436,19.3436,0
2010-02-11,19.5719,19.5719,19.5719,19.5719,0
2010-02-12,19.462,19.462,19.462,19.462,0
2010-02-16,20.0538,20.0538,20.0538,20.0538,0
2010-02-17,19.9523,19.9523,19.9523,19.9523,0
2010-02-18,20.1299,20.1299,20.1299,20.1299,0
2010-02-19,20.2482,20.2482,20.2482,20.2482,0
2010-02-22,20.1383,20.1383,20.1383,20.1383,0
2010-02-23,19.8086,19.8086,19.8086,19.8086,0
2010-02-24,19.9692,19.9692,19.9692,19.9692,0
2010-02-25,19.6311,19.6311,19.6311,19.6311,0
2010-02-26,19.9777,19.9777,19.9777,19.9777,0
2010-03-01,19.7748,19.7748,19.7748,19.7748,0
2010-03-02,19.9861,19.9861,19.9861,19.9861,0
2010-03-03,20.1806,20.1806,20.1806,20.1806,0
2010-03-04,20.0031,20.0031,20.0031,20.0031,0
2010-03-05,20.2398,20.2398,20.2398,20.2398,0
2010-03-08,20.2144,20.2144,20.2144,20.2144,0
2010-03-09,19.9946,19.9946,19.9946,19.9946,0
2010-03-10,20.0538,20.0538,20.0538,20.0538,0
2010-03-11,20.0031,20.0031,20.0031,20.0031,0
2010-03-12,19.8847,19.8847,19.8847,19.8847,0
2010-03-15,19.648,19.648,19.648,19.648,0
2010-03-16,19.9101,19.9101,19.9101,19.9101,0
2010-03-17,20.0876,20.0876,20.0876,20.0876,0
2010-03-18,20.0453,20.0453,20.0453,20.0453,0
2010-03-19,19.8001,19.8001,19.8001,19.8001,0
2010-03-22,19.8001,19.8001,19.8001,19.8001,0
2010-03-23,19.7156,19.7156,19.7156,19.7156,0
2010-03-24,19.4958,19.4958,19.4958,19.4958,0
2010-03-25,19.3859,19.3859,19.3859,19.3859,0
2010-03-26,19.4197,19.4197,19.4197,19.4197,0
2010-03-29,19.8593,19.8593,19.8593,19.8593,0
2010-03-30,19.9016,19.9016,19.9016,19.9016,0
2010-03-31,19.8847,19.8847,19.8847,19.8847,0
2010-04-01,20.2736,20.2736,20.2736,20.2736,0
2010-04-05,20.5949,20.5949,20.5949,20.5949,0
2010-04-06,20.578,20.578,20.578,20.578,0
2010-04-07,20.5019,20.5019,20.5019,20.5019,0
2010-04-08,20.468,20.468,20.468,20.468,0
2010-04-09,20.5103,20.5103,20.5103,20.5103,0
2010-04-12,20.4934,20.4934,20.4934,20.4934,0
2010-04-13,20.5695,20.5695,20.5695,20.5695,0
2010-04-14,20.8062,20.8062,20.8062,20.8062,0
2010-04-15,20.8823,20.8823,20.8823,20.8823,0
2010-04-16,20.5019,20.5019,20.5019,20.5019,0
2010-04-19,20.2398,20.2398,20.2398,20.2398,0
2010-04-20,20.4004,20.4004,20.4004,20.4004,0
2010-04-21,20.5019,20.5019,20.5019,20.5019,0
2010-04-22,20.5526,20.5526,20.5526,20.5526,0
2010-04-23,20.6879,20.6879,20.6879,20.6879,0
2010-04-26,20.5864,20.5864,20.5864,20.5864,0
2010-04-27,20.2736,20.2736,20.2736,20.2736,0
2010-04-28,20.3412,20.3412,20.3412,20.3412,0
2010-04-29,20.5019,20.5019,20.5019,20.5019,0
2010-04-30,20.6625,20.6625,20.6625,20.6625,0
2010-05-03,20.7639,20.7639,20.7639,20.7639,0
2010-05-04,20.206,20.206,20.206,20.206,0
2010-05-05,19.7494,19.7494,19.7494,19.7494,0
2010-05-06,19.3605,19.3605,19.3605,19.3605,0
2010-05-07,19.2591,19.2591,19.2591,19.2591,0
2010-05-10,19.6311,19.6311,19.6311,19.6311,0
2010-05-11,19.5972,19.5972,19.5972,19.5972,0
2010-05-12,19.7579,19.7579,19.7579,19.7579,0
2010-05-13,19.5888,19.5888,19.5888,19.5888,0
2010-05-14,19.09,19.09,19.09,19.09,0
2010-05-17,18.5489,18.5489,18.5489,18.5489,0
2010-05-18,18.5235,18.5235,18.5235,18.5235,0
2010-05-19,18.3544,18.3544,18.3544,18.3544,0
2010-05-20,17.974,17.974,17.974,17.974,0
2010-05-21,18.16,18.16,18.16,18.16,0
2010-05-24,18.1431,18.1431,18.1431,18.1431,0
2010-05-25,17.9994,17.9994,17.9994,17.9994,0
2010-05-26,18.1938,18.1938,18.1938,18.1938,0
2010-05-27,18.7264,18.7264,18.7264,18.7264,0
2010-05-28,18.5658,18.5658,18.5658,18.5658,0
2010-06-01,18.2192,18.2192,18.2192,18.2192,0
2010-06-02,18.439,18.439,18.439,18.439,0
2010-06-03,18.5404,18.5404,18.5404,18.5404,0
2010-06-04,17.9655,17.9655,17.9655,17.9655,0
2010-06-07,17.9994,17.9994,17.9994,17.9994,0
2010-06-08,18.1431,18.1431,18.1431,18.1431,0
2010-06-09,18.2276,18.2276,18.2276,18.2276,0
2010-06-10,18.532,18.532,18.532,18.532,0
2010-06-11,18.5574,18.5574,18.5574,18.5574,0
2010-06-14,18.6081,18.6081,18.6081,18.6081,0
2010-06-15,18.9209,18.9209,18.9209,18.9209,0
2010-06-16,18.9632,18.9632,18.9632,18.9632,0
2010-06-17,18.9716,18.9716,18.9716,18.9716,0
2010-06-18,18.9378,18.9378,18.9378,18.9378,0
2010-06-21,18.8617,18.8617,18.8617,18.8617,0
2010-06-22,18.8194,18.8194,18.8194,18.8194,0
2010-06-23,18.5066,18.5066,18.5066,18.5066,0
2010-06-24,18.5489,18.5489,18.5489,18.5489,0
2010-06-25,18.8871,18.8871,18.8871,18.8871,0
2010-06-28,18.6842,18.6842,18.6842,18.6842,0
2010-06-29,18.1685,18.1685,18.1685,18.1685,0
2010-06-30,18.2361,18.2361,18.2361,18.2361,0
2010-07-01,17.9571,17.9571,17.9571,17.9571,0
2010-07-02,17.9233,17.9233,17.9233,17.9233,0
2010-07-06,17.974,17.974,17.974,17.974,0
2010-07-07,18.3798,18.3798,18.3798,18.3798,0
2010-07-08,18.5489,18.5489,18.5489,18.5489,0
2010-07-09,18.5827,18.5827,18.5827,18.5827,0
2010-07-12,18.3714,18.3714,18.3714,18.3714,0
2010-07-13,18.6673,18.6673,18.6673,18.6673,0
2010-07-14,18.6334,18.6334,18.6334,18.6334,0
2010-07-15,18.811,18.811,18.811,18.811,0
2010-07-16,18.5743,18.5743,18.5743,18.5743,0
2010-07-19,18.5574,18.5574,18.5574,18.5574,0
2010-07-20,18.7095,18.7095,18.7095,18.7095,0
2010-07-21,18.6588,18.6588,18.6588,18.6588,0
2010-07-22,19.0308,19.0308,19.0308,19.0308,0
2010-07-23,18.9716,18.9716,18.9716,18.9716,0
2010-07-26,18.9547,18.9547,18.9547,18.9547,0
2010-07-27,18.7518,18.7518,18.7518,18.7518,0
2010-07-28,18.8279,18.8279,18.8279,18.8279,0
2010-07-29,19.0984,19.0984,19.0984,19.0984,0
2010-07-30,19.3521,19.3521,19.3521,19.3521,0
2010-08-02,19.7241,19.7241,19.7241,19.7241,0
2010-08-03,19.7917,19.7917,19.7917,19.7917,0
2010-08-04,19.9608,19.9608,19.9608,19.9608,0
2010-08-05,19.8678,19.8678,19.8678,19.8678,0
2010-08-06,19.6902,19.6902,19.6902,19.6902,0
2010-08-09,19.7579,19.7579,19.7579,19.7579,0
2010-08-10,19.5465,19.5465,19.5465,19.5465,0
2010-08-11,19.1069,19.1069,19.1069,19.1069,0
2010-08-12,18.9632,18.9632,18.9632,18.9632,0
2010-08-13,18.9463,18.9463,18.9463,18.9463,0
2010-08-16,18.8871,18.8871,18.8871,18.8871,0
2010-08-17,19.1576,19.1576,19.1576,19.1576,0
2010-08-18,19.0815,19.0815,19.0815,19.0815,0
2010-08-19,18.8871,18.8871,18.8871,18.8871,0
2010-08-20,18.7687,18.7687,18.7687,18.7687,0
2010-08-23,18.6419,18.6419,18.6419,18.6419,0
2010-08-24,18.4305,18.4305,18.4305,18.4305,0
2010-08-25,18.5235,18.5235,18.5235,18.5235,0
2010-08-26,18.7349,18.7349,18.7349,18.7349,0
2010-08-27,19.0562,19.0562,19.0562,19.0562,0
2010-08-30,19.0223,19.0223,19.0223,19.0223,0
2010-08-31,18.7687,18.7687,18.7687,18.7687,0
2010-09-01,19.1407,19.1407,19.1407,19.1407,0
2010-09-02,19.276,19.276,19.276,19.276,0
2010-09-03,19.3774,19.3774,19.3774,19.3774,0
2010-09-07,19.4789,19.4789,19.4789,19.4789,0
2010-09-08,19.5212,19.5212,19.5212,19.5212,0
2010-09-09,19.4112,19.4112,19.4112,19.4112,0
2010-09-10,19.6142,19.6142,19.6142,19.6142,0
2010-09-13,19.7579,19.7579,19.7579,19.7579,0
2010-09-14,19.8171,19.8171,19.8171,19.8171,0
2010-09-15,19.7832,19.7832,19.7832,19.7832,0
2010-09-16,19.6818,19.6818,19.6818,19.6818,0
2010-09-17,19.7494,19.7494,19.7494,19.7494,0
2010-09-20,19.9101,19.9101,19.9101,19.9101,0
2010-09-21,19.6987,19.6987,19.6987,19.6987,0
2010-09-22,19.8171,19.8171,19.8171,19.8171,0
2010-09-23,19.834,19.834,19.834,19.834,0
2010-09-24,20.1383,20.1383,20.1383,20.1383,0
2010-09-27,20.0031,20.0031,20.0031,20.0031,0
2010-09-28,20.0031,20.0031,20.0031,20.0031,0
2010-09-29,20.2651,20.2651,20.2651,20.2651,0
2010-09-30,20.3835,20.3835,20.3835,20.3835,0
2010-10-01,20.4258,20.4258,20.4258,20.4258,0
2010-10-04,20.3581,20.3581,20.3581,20.3581,0
2010-10-05,20.7724,20.7724,20.7724,20.7724,0
2010-10-06,20.7809,20.7809,20.7809,20.7809,0
2010-10-07,20.5695,20.5695,20.5695,20.5695,0
2010-10-08,21.2543,21.2543,21.2543,21.2543,0
2010-10-11,21.1528,21.1528,21.1528,21.1528,0
2010-10-12,21.2543,21.2543,21.2543,21.2543,0
2010-10-13,21.3558,21.3558,21.3558,21.3558,0
2010-10-14,21.3219,21.3219,21.3219,21.3219,0
2010-10-15,21.0852,21.0852,21.0852,21.0852,0
2010-10-18,21.2966,21.2966,21.2966,21.2966,0
2010-10-19,20.671,20.671,20.671,20.671,0
2010-10-20,21.1613,21.1613,21.1613,21.1613,0
2010-10-21,20.8992,20.8992,20.8992,20.8992,0
2010-10-22,21.0768,21.0768,21.0768,21.0768,0
2010-10-25,21.1867,21.1867,21.1867,21.1867,0
2010-10-26,21.2966,21.2966,21.2966,21.2966,0
2010-10-27,21.2289,21.2289,21.2289,21.2289,0
2010-10-28,21.3388,21.3388,21.3388,21.3388,0
2010-10-29,21.2881,21.2881,21.2881,21.2881,0
2010-11-01,21.4234,21.4234,21.4234,21.4234,0
2010-11-02,21.6178,21.6178,21.6178,21.6178,0
2010-11-03,21.7193,21.7193,21.7193,21.7193,0
2010-11-04,22.235,22.235,22.235,22.235,0
2010-11-05,22.328,22.328,22.328,22.328,0
2010-11-08,22.3872,22.3872,22.3872,22.3872,0
2010-11-09,22.235,22.235,22.235,22.235,0
2010-11-10,22.4717,22.4717,22.4717,22.4717,0
2010-11-11,22.2857,22.2857,22.2857,22.2857,0
2010-11-12,21.3558,21.3558,21.3558,21.3558,0
2010-11-15,21.3896,21.3896,21.3896,21.3896,0
2010-11-16,20.7555,20.7555,20.7555,20.7555,0
2010-11-17,20.5949,20.5949,20.5949,20.5949,0
2010-11-18,21.1528,21.1528,21.1528,21.1528,0
2010-11-19,20.8485,20.8485,20.8485,20.8485,0
2010-11-22,20.9161,20.9161,20.9161,20.9161,0
2010-11-23,20.8654,20.8654,20.8654,20.8654,0
2010-11-24,21.2543,21.2543,21.2543,21.2543,0
2010-11-26,21.3558,21.3558,21.3558,21.3558,0
2010-11-29,21.398,21.398,21.398,21.398,0
2010-11-30,21.1951,21.1951,21.1951,21.1951,0
2010-12-01,21.8207,21.8207,21.8207,21.8207,0
2010-12-02,22.0067,22.0067,22.0067,22.0067,0
2010-12-03,22.2857,22.2857,22.2857,22.2857,0
2010-12-06,22.2604,22.2604,22.2604,22.2604,0
2010-12-07,22.1082,22.1082,22.1082,22.1082,0
2010-12-08,22.2773,22.2773,22.2773,22.2773,0
2010-12-09,22.2181,22.2181,22.2181,22.2181,0
2010-12-10,22.1843,22.1843,22.1843,22.1843,0
2010-12-13,22.4041,22.4041,22.4041,22.4041,0
2010-12-14,22.3449,22.3449,22.3449,22.3449,0
2010-12-15,22.2857,22.2857,22.2857,22.2857,0
2010-12-16,22.2096,22.2096,22.2096,22.2096,0
2010-12-17,22.3787,22.3787,22.3787,22.3787,0
2010-12-20,22.5816,22.5816,22.5816,22.5816,0
2010-12-21,22.7254,22.7254,22.7254,22.7254,0
2010-12-22,22.8437,22.8437,22.8437,22.8437,0
2010-12-23,22.9283,22.9283,22.9283,22.9283,0
2010-12-27,22.886,22.886,22.886,22.886,0
2010-12-28,23.1312,23.1312,23.1312,23.1312,0
2010-12-29,23.1396,23.1396,23.1396,23.1396,0
2010-12-30,22.8606,22.8606,22.8606,22.8606,0
2010-12-31,23.2918,23.2918,23.2918,23.2918,0
2011-01-03,23.3933,23.3933,23.3933,23.3933,0
2011-01-04,23.0804,23.0804,23.0804,23.0804,0
2011-01-05,23.3256,23.3256,23.3256,23.3256,0
2011-01-06,23.0128,23.0128,23.0128,23.0128,0
2011-01-07,22.9283,22.9283,22.9283,22.9283,0
2011-01-10,23.1988,23.1988,23.1988,23.1988,0
2011-01-11,23.4609,23.4609,23.4609,23.4609,0
2011-01-12,23.6131,23.6131,23.6131,23.6131,0
2011-01-13,23.5793,23.5793,23.5793,23.5793,0
2011-01-14,23.6892,23.6892,23.6892,23.6892,0
2011-01-18,23.6638,23.6638,23.6638,23.6638,0
2011-01-19,23.6384,23.6384,23.6384,23.6384,0
2011-01-20,23.4017,23.4017,23.4017,23.4017,0
2011-01-21,23.6384,23.6384,23.6384,23.6384,0
2011-01-24,23.4355,23.4355,23.4355,23.4355,0
2011-01-25,23.1396,23.1396,23.1396,23.1396,0
2011-01-26,23.6553,23.6553,23.6553,23.6553,0
2011-01-27,23.4524,23.4524,23.4524,23.4524,0
2011-01-28,23.7483,23.7483,23.7483,23.7483,0
2011-01-31,24.1203,24.1203,24.1203,24.1203,0
2011-02-01,24.2979,24.2979,24.2979,24.2979,0
2011-02-02,24.5346,24.5346,24.5346,24.5346,0
2011-02-03,24.374,24.374,24.374,24.374,0
2011-02-04,24.2387,24.2387,24.2387,24.2387,0
2011-02-07,24.1711,24.1711,24.1711,24.1711,0
2011-02-08,24.3317,24.3317,24.3317,24.3317,0
2011-02-09,24.4501,24.4501,24.4501,24.4501,0
2011-02-10,24.3063,24.3063,24.3063,24.3063,0
2011-02-11,24.2218,24.2218,24.2218,24.2218,0
2011-02-14,24.3402,24.3402,24.3402,24.3402,0
2011-02-15,24.0273,24.0273,24.0273,24.0273,0
2011-02-16,24.2049,24.2049,24.2049,24.2049,0
2011-02-17,24.281,24.281,24.281,24.281,0
2011-02-18,24.2556,24.2556,24.2556,24.2556,0
2011-02-22,24.2218,24.2218,24.2218,24.2218,0
2011-02-23,24.7629,24.7629,24.7629,24.7629,0
2011-02-24,24.5431,24.5431,24.5431,24.5431,0
2011-02-25,25.0841,25.0841,25.0841,25.0841,0
2011-02-28,25.1264,25.1264,25.1264,25.1264,0
2011-03-01,25.5069,25.5069,25.5069,25.5069,0
2011-03-02,25.6083,25.6083,25.6083,25.6083,0
2011-03-03,25.5998,25.5998,25.5998,25.5998,0
2011-03-04,25.7267,25.7267,25.7267,25.7267,0
2011-03-07,25.6083,25.6083,25.6083,25.6083,0
2011-03-08,25.3885,25.3885,25.3885,25.3885,0
2011-03-09,25.4899,25.4899,25.4899,25.4899,0
2011-03-10,25.0757,25.0757,25.0757,25.0757,0
2011-03-11,24.932,24.932,24.932,24.932,0
2011-03-14,24.9996,24.9996,24.9996,24.9996,0
2011-03-15,24.0865,24.0865,24.0865,24.0865,0
2011-03-16,24.2302,24.2302,24.2302,24.2302,0
2011-03-17,24.9827,24.9827,24.9827,24.9827,0
2011-03-18,25.1264,25.1264,25.1264,25.1264,0
2011-03-21,25.2448,25.2448,25.2448,25.2448,0
2011-03-22,25.4308,25.4308,25.4308,25.4308,0
2011-03-23,25.4815,25.4815,25.4815,25.4815,0
2011-03-24,25.566,25.566,25.566,25.566,0
2011-03-25,25.6337,25.6337,25.6337,25.6337,0
2011-03-28,25.287,25.287,25.287,25.287,0
2011-03-29,25.4308,25.4308,25.4308,25.4308,0
2011-03-30,25.3969,25.3969,25.3969,25.3969,0
2011-03-31,25.7943,25.7943,25.7943,25.7943,0
2011-04-01,25.9718,25.9718,25.9718,25.9718,0
2011-04-04,26.2086,26.2086,26.2086,26.2086,0
2011-04-05,26.2339,26.2339,26.2339,26.2339,0
2011-04-06,26.31,26.31,26.31,26.31,0
2011-04-07,26.3607,26.3607,26.3607,26.3607,0
2011-04-08,26.9864,26.9864,26.9864,26.9864,0
2011-04-11,26.4876,26.4876,26.4876,26.4876,0
2011-04-12,25.9465,25.9465,25.9465,25.9465,0
2011-04-13,26.1494,26.1494,26.1494,26.1494,0
2011-04-14,26.217,26.217,26.217,26.217,0
2011-04-15,26.3523,26.3523,26.3523,26.3523,0
2011-04-18,26.1917,26.1917,26.1917,26.1917,0
2011-04-19,26.2001,26.2001,26.2001,26.2001,0
2011-04-20,26.6144,26.6144,26.6144,26.6144,0
2011-04-21,26.8088,26.8088,26.8088,26.8088,0
2011-04-25,26.7327,26.7327,26.7327,26.7327,0
2011-04-26,26.7243,26.7243,26.7243,26.7243,0
2011-04-27,26.8849,26.8849,26.8849,26.8849,0
2011-04-28,26.6905,26.6905,26.6905,26.6905,0
2011-04-29,26.9695,26.9695,26.9695,26.9695,0
2011-05-02,26.6989,26.6989,26.6989,26.6989,0
2011-05-03,26.4199,26.4199,26.4199,26.4199,0
2011-05-04,25.9972,25.9972,25.9972,25.9972,0
2011-05-05,24.2556,24.2556,24.2556,24.2556,0
2011-05-06,24.1795,24.1795,24.1795,24.1795,0
2011-05-09,25.0672,25.0672,25.0672,25.0672,0
2011-05-10,25.2955,25.2955,25.2955,25.2955,0
2011-05-11,24.4839,24.4839,24.4839,24.4839,0
2011-05-12,24.5092,24.5092,24.5092,24.5092,0
2011-05-13,24.5515,24.5515,24.5515,24.5515,0
2011-05-16,24.2302,24.2302,24.2302,24.2302,0
2011-05-17,24.2894,24.2894,24.2894,24.2894,0
2011-05-18,24.7798,24.7798,24.7798,24.7798,0
2011-05-19,24.5853,24.5853,24.5853,24.5853,0
2011-05-20,24.8136,24.8136,24.8136,24.8136,0
2011-05-23,24.4162,24.4162,24.4162,24.4162,0
2011-05-24,24.746,24.746,24.746,24.746,0
2011-05-25,25.194,25.194,25.194,25.194,0
2011-05-26,25.287,25.287,25.287,25.287,0
2011-05-27,25.4308,25.4308,25.4308,25.4308,0
2011-05-31,25.5745,25.5745,25.5745,25.5745,0
2011-06-01,25.2532,25.2532,25.2532,25.2532,0
2011-06-02,25.473,25.473,25.473,25.473,0
2011-06-03,25.5745,25.5745,25.5745,25.5745,0
2011-06-06,25.2786,25.2786,25.2786,25.2786,0
2011-06-07,25.5153,25.5153,25.5153,25.5153,0
2011-06-08,25.7267,25.7267,25.7267,25.7267,0
2011-06-09,25.8704,25.8704,25.8704,25.8704,0
2011-06-10,25.5998,25.5998,25.5998,25.5998,0
2011-06-13,25.4308,25.4308,25.4308,25.4308,0
2011-06-14,25.6083,25.6083,25.6083,25.6083,0
2011-06-15,24.9235,24.9235,24.9235,24.9235,0
2011-06-16,24.822,24.822,24.822,24.822,0
2011-06-17,24.7121,24.7121,24.7121,24.7121,0
2011-06-20,24.5769,24.5769,24.5769,24.5769,0
2011-06-21,24.5938,24.5938,24.5938,24.5938,0
2011-06-22,24.7037,24.7037,24.7037,24.7037,0
2011-06-23,24.1795,24.1795,24.1795,24.1795,0
2011-06-24,23.8921,23.8921,23.8921,23.8921,0
2011-06-27,23.8836,23.8836,23.8836,23.8836,0
2011-06-28,24.3063,24.3063,24.3063,24.3063,0
2011-06-29,24.746,24.746,24.746,24.746,0
2011-06-30,24.4839,24.4839,24.4839,24.4839,0
2011-07-01,24.5177,24.5177,24.5177,24.5177,0
2011-07-05,24.8474,24.8474,24.8474,24.8474,0
2011-07-06,24.839,24.839,24.839,24.839,0
2011-07-07,25.3631,25.3631,25.3631,25.3631,0
2011-07-08,25.3378,25.3378,25.3378,25.3378,0
2011-07-11,25.1433,25.1433,25.1433,25.1433,0
2011-07-12,25.3631,25.3631,25.3631,25.3631,0
2011-07-13,25.7098,25.7098,25.7098,25.7098,0
2011-07-14,25.566,25.566,25.566,25.566,0
2011-07-15,25.7943,25.7943,25.7943,25.7943,0
2011-07-18,25.6506,25.6506,25.6506,25.6506,0
2011-07-19,25.8281,25.8281,25.8281,25.8281,0
2011-07-20,25.9127,25.9127,25.9127,25.9127,0
2011-07-21,25.7858,25.7858,25.7858,25.7858,0
2011-07-22,25.9972,25.9972,25.9972,25.9972,0
2011-07-25,25.8704,25.8704,25.8704,25.8704,0
2011-07-26,26.0733,26.0733,26.0733,26.0733,0
2011-07-27,25.8958,25.8958,25.8958,25.8958,0
2011-07-28,25.8112,25.8112,25.8112,25.8112,0
2011-07-29,25.5998,25.5998,25.5998,25.5998,0
2011-08-01,25.5998,25.5998,25.5998,25.5998,0
2011-08-02,25.5998,25.5998,25.5998,25.5998,0
2011-08-03,25.2194,25.2194,25.2194,25.2194,0
2011-08-04,24.2641,24.2641,24.2641,24.2641,0
2011-08-05,24.3655,24.3655,24.3655,24.3655,0
2011-08-08,23.4609,23.4609,23.4609,23.4609,0
2011-08-09,23.6892,23.6892,23.6892,23.6892,0
2011-08-10,23.7906,23.7906,23.7906,23.7906,0
2011-08-11,24.3063,24.3063,24.3063,24.3063,0
2011-08-12,24.2725,24.2725,24.2725,24.2725,0
2011-08-15,24.5684,24.5684,24.5684,24.5684,0
2011-08-16,24.5684,24.5684,24.5684,24.5684,0
2011-08-17,24.7798,24.7798,24.7798,24.7798,0
2011-08-18,24.1711,24.1711,24.1711,24.1711,0
2011-08-19,24.6022,24.6022,24.6022,24.6022,0
2011-08-22,24.6445,24.6445,24.6445,24.6445,0
2011-08-23,24.8981,24.8981,24.8981,24.8981,0
2011-08-24,24.6445,24.6445,24.6445,24.6445,0
2011-08-25,24.7544,24.7544,24.7544,24.7544,0
2011-08-26,25.0334,25.0334,25.0334,25.0334,0
2011-08-29,25.118,25.118,25.118,25.118,0
2011-08-30,25.4561,25.4561,25.4561,25.4561,0
2011-08-31,25.4984,25.4984,25.4984,25.4984,0
2011-09-01,25.3209,25.3209,25.3209,25.3209,0
2011-09-02,25.1856,25.1856,25.1856,25.1856,0
2011-09-06,25.101,25.101,25.101,25.101,0
2011-09-07,25.3293,25.3293,25.3293,25.3293,0
2011-09-08,25.1602,25.1602,25.1602,25.1602,0
2011-09-09,24.7629,24.7629,24.7629,24.7629,0
2011-09-12,24.7037,24.7037,24.7037,24.7037,0
2011-09-13,24.6276,24.6276,24.6276,24.6276,0
2011-09-14,24.5092,24.5092,24.5092,24.5092,0
2011-09-15,24.6107,24.6107,24.6107,24.6107,0
2011-09-16,24.5008,24.5008,24.5008,24.5008,0
2011-09-19,24.0865,24.0865,24.0865,24.0865,0
2011-09-20,24.0442,24.0442,24.0442,24.0442,0
2011-09-21,23.6892,23.6892,23.6892,23.6892,0
2011-09-22,22.8522,22.8522,22.8522,22.8522,0
2011-09-23,22.4464,22.4464,22.4464,22.4464,0
2011-09-26,22.5225,22.5225,22.5225,22.5225,0
2011-09-27,22.9029,22.9029,22.9029,22.9029,0
2011-09-28,22.2857,22.2857,22.2857,22.2857,0
2011-09-29,22.5478,22.5478,22.5478,22.5478,0
2011-09-30,21.77,21.77,21.77,21.77,0
2011-10-03,21.6601,21.6601,21.6601,21.6601,0
2011-10-04,21.6178,21.6178,21.6178,21.6178,0
2011-10-05,21.9222,21.9222,21.9222,21.9222,0
2011-10-06,22.3787,22.3787,22.3787,22.3787,0
2011-10-07,22.2773,22.2773,22.2773,22.2773,0
2011-10-10,22.7761,22.7761,22.7761,22.7761,0
2011-10-11,22.9452,22.9452,22.9452,22.9452,0
2011-10-12,22.9874,22.9874,22.9874,22.9874,0
2011-10-13,23.0382,23.0382,23.0382,23.0382,0
2011-10-14,23.5623,23.5623,23.5623,23.5623,0
2011-10-17,23.2242,23.2242,23.2242,23.2242,0
2011-10-18,23.351,23.351,23.351,23.351,0
2011-10-19,22.8944,22.8944,22.8944,22.8944,0
2011-10-20,22.8606,22.8606,22.8606,22.8606,0
2011-10-21,22.979,22.979,22.979,22.979,0
2011-10-24,23.3425,23.3425,23.3425,23.3425,0
2011-10-25,23.4186,23.4186,23.4186,23.4186,0
2011-10-26,23.2834,23.2834,23.2834,23.2834,0
2011-10-27,23.9005,23.9005,23.9005,23.9005,0
2011-10-28,23.7991,23.7991,23.7991,23.7991,0
2011-10-31,23.4355,23.4355,23.4355,23.4355,0
2011-11-01,23.1565,23.1565,23.1565,23.1565,0
2011-11-02,23.3003,23.3003,23.3003,23.3003,0
2011-11-03,23.5877,23.5877,23.5877,23.5877,0
2011-11-04,23.6638,23.6638,23.6638,23.6638,0
2011-11-07,24.0104,24.0104,24.0104,24.0104,0
2011-11-08,24.1288,24.1288,24.1288,24.1288,0
2011-11-09,23.5962,23.5962,23.5962,23.5962,0
2011-11-10,23.5708,23.5708,23.5708,23.5708,0
2011-11-11,23.7991,23.7991,23.7991,23.7991,0
2011-11-14,23.5454,23.5454,23.5454,23.5454,0
2011-11-15,23.7145,23.7145,23.7145,23.7145,0
2011-11-16,23.6553,23.6553,23.6553,23.6553,0
2011-11-17,23.1058,23.1058,23.1058,23.1058,0
2011-11-18,23.072,23.072,23.072,23.072,0
2011-11-21,22.9029,22.9029,22.9029,22.9029,0
2011-11-22,23.0551,23.0551,23.0551,23.0551,0
2011-11-23,22.7085,22.7085,22.7085,22.7085,0
2011-11-25,22.5225,22.5225,22.5225,22.5225,0
2011-11-28,22.8015,22.8015,22.8015,22.8015,0
2011-11-29,23.0974,23.0974,23.0974,23.0974,0
2011-11-30,23.3679,23.3679,23.3679,23.3679,0
2011-12-01,23.2834,23.2834,23.2834,23.2834,0
2011-12-02,23.4863,23.4863,23.4863,23.4863,0
2011-12-05,23.3594,23.3594,23.3594,23.3594,0
2011-12-06,23.4863,23.4863,23.4863,23.4863,0
2011-12-07,23.2834,23.2834,23.2834,23.2834,0
2011-12-08,22.9874,22.9874,22.9874,22.9874,0
2011-12-09,23.072,23.072,23.072,23.072,0
2011-12-12,22.7761,22.7761,22.7761,22.7761,0
2011-12-13,22.8691,22.8691,22.8691,22.8691,0
2011-12-14,22.0575,22.0575,22.0575,22.0575,0
2011-12-15,21.9476,21.9476,21.9476,21.9476,0
2011-12-16,22.1251,22.1251,22.1251,22.1251,0
2011-12-19,22.0236,22.0236,22.0236,22.0236,0
2011-12-20,22.5309,22.5309,22.5309,22.5309,0
2011-12-21,22.6915,22.6915,22.6915,22.6915,0
2011-12-22,22.7169,22.7169,22.7169,22.7169,0
2011-12-23,22.8268,22.8268,22.8268,22.8268,0
2011-12-27,22.9283,22.9283,22.9283,22.9283,0
2011-12-28,22.6577,22.6577,22.6577,22.6577,0
2011-12-29,22.7254,22.7254,22.7254,22.7254,0
2011-12-30,22.6915,22.6915,22.6915,22.6915,0
2012-01-03,23.3679,23.3679,23.3679,23.3679,0
2012-01-04,23.5454,23.5454,23.5454,23.5454,0
2012-01-05,23.2242,23.2242,23.2242,23.2242,0
2012-01-06,23.3256,23.3256,23.3256,23.3256,0
2012-01-09,23.351,23.351,23.351,23.351,0
2012-01-10,23.5201,23.5201,23.5201,23.5201,0
2012-01-11,23.4524,23.4524,23.4524,23.4524,0
2012-01-12,23.1227,23.1227,23.1227,23.1227,0
2012-01-13,23.072,23.072,23.072,23.072,0
2012-01-17,23.2326,23.2326,23.2326,23.2326,0
2012-01-18,23.2411,23.2411,23.2411,23.2411,0
2012-01-19,23.3425,23.3425,23.3425,23.3425,0
2012-01-20,23.1734,23.1734,23.1734,23.1734,0
2012-01-23,23.444,23.444,23.444,23.444,0
2012-01-24,23.4863,23.4863,23.4863,23.4863,0
2012-01-25,23.6807,23.6807,23.6807,23.6807,0
2012-01-26,23.7483,23.7483,23.7483,23.7483,0
2012-01-27,23.8329,23.8329,23.8329,23.8329,0
2012-01-30,23.5877,23.5877,23.5877,23.5877,0
2012-01-31,23.5285,23.5285,23.5285,23.5285,0
2012-02-01,23.6046,23.6046,23.6046,23.6046,0
2012-02-02,23.6638,23.6638,23.6638,23.6638,0
2012-02-03,23.9428,23.9428,23.9428,23.9428,0
2012-02-06,24.0612,24.0612,24.0612,24.0612,0
2012-02-07,24.0442,24.0442,24.0442,24.0442,0
2012-02-08,24.1542,24.1542,24.1542,24.1542,0
2012-02-09,24.281,24.281,24.281,24.281,0
2012-02-10,24.0527,24.0527,24.0527,24.0527,0
2012-02-13,24.1119,24.1119,24.1119,24.1119,0
2012-02-14,24.1034,24.1034,24.1034,24.1034,0
2012-02-15,24.188,24.188,24.188,24.188,0
2012-02-16,24.2979,24.2979,24.2979,24.2979,0
2012-02-17,24.2556,24.2556,24.2556,24.2556,0
2012-02-21,24.6361,24.6361,24.6361,24.6361,0
2012-02-22,24.8643,24.8643,24.8643,24.8643,0
2012-02-23,24.9404,24.9404,24.9404,24.9404,0
2012-02-24,25.0926,25.0926,25.0926,25.0926,0
2012-02-27,24.8897,24.8897,24.8897,24.8897,0
2012-02-28,24.8812,24.8812,24.8812,24.8812,0
2012-02-29,24.7882,24.7882,24.7882,24.7882,0
2012-03-01,25.1771,25.1771,25.1771,25.1771,0
2012-03-02,24.9235,24.9235,24.9235,24.9235,0
2012-03-05,24.8051,24.8051,24.8051,24.8051,0
2012-03-06,24.3993,24.3993,24.3993,24.3993,0
2012-03-07,24.5092,24.5092,24.5092,24.5092,0
2012-03-08,24.7121,24.7121,24.7121,24.7121,0
2012-03-09,24.7798,24.7798,24.7798,24.7798,0
2012-03-12,24.746,24.746,24.746,24.746,0
2012-03-13,24.8559,24.8559,24.8559,24.8559,0
2012-03-14,24.6868,24.6868,24.6868,24.6868,0
2012-03-15,24.7037,24.7037,24.7037,24.7037,0
2012-03-16,25.008,25.008,25.008,25.008,0
2012-03-19,24.9658,24.9658,24.9658,24.9658,0
2012-03-20,24.6614,24.6614,24.6614,24.6614,0
2012-03-21,24.6022,24.6022,24.6022,24.6022,0
2012-03-22,24.4078,24.4078,24.4078,24.4078,0
2012-03-23,24.6445,24.6445,24.6445,24.6445,0
2012-03-26,24.7544,24.7544,24.7544,24.7544,0
2012-03-27,24.653,24.653,24.653,24.653,0
2012-03-28,24.4162,24.4162,24.4162,24.4162,0
2012-03-29,24.0781,24.0781,24.0781,24.0781,0
2012-03-30,24.3486,24.3486,24.3486,24.3486,0
2012-04-02,24.6614,24.6614,24.6614,24.6614,0
2012-04-03,24.5515,24.5515,24.5515,24.5515,0
2012-04-04,24.1711,24.1711,24.1711,24.1711,0
2012-04-05,24.2641,24.2641,24.2641,24.2641,0
2012-04-09,24.1542,24.1542,24.1542,24.1542,0
2012-04-10,23.8329,23.8329,23.8329,23.8329,0
2012-04-11,23.8921,23.8921,23.8921,23.8921,0
2012-04-12,24.2049,24.2049,24.2049,24.2049,0
2012-04-13,23.9597,23.9597,23.9597,23.9597,0
2012-04-16,23.723,23.723,23.723,23.723,0
2012-04-17,23.8329,23.8329,23.8329,23.8329,0
2012-04-18,23.6046,23.6046,23.6046,23.6046,0
2012-04-19,23.6131,23.6131,23.6131,23.6131,0
2012-04-20,23.7061,23.7061,23.7061,23.7061,0
2012-04-23,23.6638,23.6638,23.6638,23.6638,0
2012-04-24,23.6638,23.6638,23.6638,23.6638,0
2012-04-25,23.7991,23.7991,23.7991,23.7991,0
2012-04-26,23.8498,23.8498,23.8498,23.8498,0
2012-04-27,23.9259,23.9259,23.9259,23.9259,0
2012-04-30,24.0189,24.0189,24.0189,24.0189,0
2012-05-01,24.0189,24.0189,24.0189,24.0189,0
2012-05-02,23.7061,23.7061,23.7061,23.7061,0
2012-05-03,23.444,23.444,23.444,23.444,0
2012-05-04,23.0297,23.0297,23.0297,23.0297,0
2012-05-07,22.979,22.979,22.979,22.979,0
2012-05-08,22.8944,22.8944,22.8944,22.8944,0
2012-05-09,22.7169,22.7169,22.7169,22.7169,0
2012-05-10,22.7254,22.7254,22.7254,22.7254,0
2012-05-11,22.5563,22.5563,22.5563,22.5563,0
2012-05-14,22.2604,22.2604,22.2604,22.2604,0
2012-05-15,22.3026,22.3026,22.3026,22.3026,0
2012-05-16,22.2773,22.2773,22.2773,22.2773,0
2012-05-17,22.2266,22.2266,22.2266,22.2266,0
2012-05-18,22.2096,22.2096,22.2096,22.2096,0
2012-05-21,22.5056,22.5056,22.5056,22.5056,0
2012-05-22,22.1843,22.1843,22.1843,22.1843,0
2012-05-23,21.9391,21.9391,21.9391,21.9391,0
2012-05-24,21.9476,21.9476,21.9476,21.9476,0
2012-05-25,22.0236,22.0236,22.0236,22.0236,0
2012-05-29,21.9307,21.9307,21.9307,21.9307,0
2012-05-30,21.5248,21.5248,21.5248,21.5248,0
2012-05-31,21.3388,21.3388,21.3388,21.3388,0
2012-06-01,20.8992,20.8992,20.8992,20.8992,0
2012-06-04,21.0176,21.0176,21.0176,21.0176,0
2012-06-05,20.9415,20.9415,20.9415,20.9415,0
2012-06-06,21.3304,21.3304,21.3304,21.3304,0
2012-06-07,21.1867,21.1867,21.1867,21.1867,0
2012-06-08,21.2543,21.2543,21.2543,21.2543,0
2012-06-11,20.8654,20.8654,20.8654,20.8654,0
2012-06-12,20.9669,20.9669,20.9669,20.9669,0
2012-06-13,20.8062,20.8062,20.8062,20.8062,0
2012-06-14,21.0514,21.0514,21.0514,21.0514,0
2012-06-15,21.0176,21.0176,21.0176,21.0176,0
2012-06-18,21.0345,21.0345,21.0345,21.0345,0
2012-06-19,21.212,21.212,21.212,21.212,0
2012-06-20,20.8654,20.8654,20.8654,20.8654,0
2012-06-21,20.4173,20.4173,20.4173,20.4173,0
2012-06-22,20.6202,20.6202,20.6202,20.6202,0
2012-06-25,20.8316,20.8316,20.8316,20.8316,0
2012-06-26,20.9753,20.9753,20.9753,20.9753,0
2012-06-27,21.0937,21.0937,21.0937,21.0937,0
2012-06-28,20.8654,20.8654,20.8654,20.8654,0
2012-06-29,21.77,21.77,21.77,21.77,0
2012-07-02,21.7277,21.7277,21.7277,21.7277,0
2012-07-03,22.3365,22.3365,22.3365,22.3365,0
2012-07-05,22.421,22.421,22.421,22.421,0
2012-07-06,21.9053,21.9053,21.9053,21.9053,0
2012-07-09,22.2942,22.2942,22.2942,22.2942,0
2012-07-10,22.0067,22.0067,22.0067,22.0067,0
2012-07-11,22.2519,22.2519,22.2519,22.2519,0
2012-07-12,22.3026,22.3026,22.3026,22.3026,0
2012-07-13,22.5732,22.5732,22.5732,22.5732,0
2012-07-16,22.8522,22.8522,22.8522,22.8522,0
2012-07-17,22.8775,22.8775,22.8775,22.8775,0
2012-07-18,23.0804,23.0804,23.0804,23.0804,0
2012-07-19,23.3594,23.3594,23.3594,23.3594,0
2012-07-20,23.3594,23.3594,23.3594,23.3594,0
2012-07-23,22.8691,22.8691,22.8691,22.8691,0
2012-07-24,22.7338,22.7338,22.7338,22.7338,0
2012-07-25,22.9029,22.9029,22.9029,22.9029,0
2012-07-26,22.9452,22.9452,22.9452,22.9452,0
2012-07-27,23.1819,23.1819,23.1819,23.1819,0
2012-07-30,23.3172,23.3172,23.3172,23.3172,0
2012-07-31,23.0382,23.0382,23.0382,23.0382,0
2012-08-01,23.072,23.072,23.072,23.072,0
2012-08-02,22.8775,22.8775,22.8775,22.8775,0
2012-08-03,23.2664,23.2664,23.2664,23.2664,0
2012-08-06,23.4017,23.4017,23.4017,23.4017,0
2012-08-07,23.5793,23.5793,23.5793,23.5793,0
2012-08-08,23.6469,23.6469,23.6469,23.6469,0
2012-08-09,23.8413,23.8413,23.8413,23.8413,0
2012-08-10,23.7145,23.7145,23.7145,23.7145,0
2012-08-13,23.5285,23.5285,23.5285,23.5285,0
2012-08-14,23.5539,23.5539,23.5539,23.5539,0
2012-08-15,23.7568,23.7568,23.7568,23.7568,0
2012-08-16,23.8498,23.8498,23.8498,23.8498,0
2012-08-17,23.8836,23.8836,23.8836,23.8836,0
2012-08-20,23.9935,23.9935,23.9935,23.9935,0
2012-08-21,24.2133,24.2133,24.2133,24.2133,0
2012-08-22,24.3402,24.3402,24.3402,24.3402,0
2012-08-23,24.2218,24.2218,24.2218,24.2218,0
2012-08-24,24.1119,24.1119,24.1119,24.1119,0
2012-08-27,24.002,24.002,24.002,24.002,0
2012-08-28,24.0189,24.0189,24.0189,24.0189,0
2012-08-29,24.0612,24.0612,24.0612,24.0612,0
2012-08-30,24.0865,24.0865,24.0865,24.0865,0
2012-08-31,24.3402,24.3402,24.3402,24.3402,0
2012-09-04,24.3486,24.3486,24.3486,24.3486,0
2012-09-05,24.2302,24.2302,24.2302,24.2302,0
2012-09-06,24.2218,24.2218,24.2218,24.2218,0
2012-09-07,24.4923,24.4923,24.4923,24.4923,0
2012-09-10,24.5261,24.5261,24.5261,24.5261,0
2012-09-11,24.5769,24.5769,24.5769,24.5769,0
2012-09-12,24.7037,24.7037,24.7037,24.7037,0
2012-09-13,24.8728,24.8728,24.8728,24.8728,0
2012-09-14,25.1349,25.1349,25.1349,25.1349,0
2012-09-17,24.4416,24.4416,24.4416,24.4416,0
2012-09-18,24.2641,24.2641,24.2641,24.2641,0
2012-09-19,23.909,23.909,23.909,23.909,0
2012-09-20,24.0442,24.0442,24.0442,24.0442,0
2012-09-21,24.2049,24.2049,24.2049,24.2049,0
2012-09-24,23.9512,23.9512,23.9512,23.9512,0
2012-09-25,23.9766,23.9766,23.9766,23.9766,0
2012-09-26,23.8075,23.8075,23.8075,23.8075,0
2012-09-27,24.1034,24.1034,24.1034,24.1034,0
2012-09-28,24.2472,24.2472,24.2472,24.2472,0
2012-10-01,24.281,24.281,24.281,24.281,0
2012-10-02,24.1542,24.1542,24.1542,24.1542,0
2012-10-03,23.7399,23.7399,23.7399,23.7399,0
2012-10-04,24.2556,24.2556,24.2556,24.2556,0
2012-10-05,24.1288,24.1288,24.1288,24.1288,0
2012-10-08,24.0612,24.0612,24.0612,24.0612,0
2012-10-09,24.2387,24.2387,24.2387,24.2387,0
2012-10-10,24.1964,24.1964,24.1964,24.1964,0
2012-10-11,24.4754,24.4754,24.4754,24.4754,0
2012-10-12,24.1372,24.1372,24.1372,24.1372,0
2012-10-15,24.0189,24.0189,24.0189,24.0189,0
2012-10-16,24.0358,24.0358,24.0358,24.0358,0
2012-10-17,24.0442,24.0442,24.0442,24.0442,0
2012-10-18,24.0358,24.0358,24.0358,24.0358,0
2012-10-19,23.6723,23.6723,23.6723,23.6723,0
2012-10-22,23.5623,23.5623,23.5623,23.5623,0
2012-10-23,23.2749,23.2749,23.2749,23.2749,0
2012-10-24,23.2073,23.2073,23.2073,23.2073,0
2012-10-25,23.2664,23.2664,23.2664,23.2664,0
2012-10-26,23.3172,23.3172,23.3172,23.3172,0
2012-10-31,23.3003,23.3003,23.3003,23.3003,0
2012-11-01,23.3425,23.3425,23.3425,23.3425,0
2012-11-02,22.9452,22.9452,22.9452,22.9452,0
2012-11-05,23.1396,23.1396,23.1396,23.1396,0
2012-11-06,23.5539,23.5539,23.5539,23.5539,0
2012-11-07,23.1143,23.1143,23.1143,23.1143,0
2012-11-08,23.1481,23.1481,23.1481,23.1481,0
2012-11-09,23.3341,23.3341,23.3341,23.3341,0
2012-11-12,23.2242,23.2242,23.2242,23.2242,0
2012-11-13,23.1819,23.1819,23.1819,23.1819,0
2012-11-14,23.2495,23.2495,23.2495,23.2495,0
2012-11-15,23.1565,23.1565,23.1565,23.1565,0
2012-11-16,23.258,23.258,23.258,23.258,0
2012-11-19,23.6976,23.6976,23.6976,23.6976,0
2012-11-20,23.537,23.537,23.537,23.537,0
2012-11-21,23.6384,23.6384,23.6384,23.6384,0
2012-11-23,23.723,23.723,23.723,23.723,0
2012-11-26,23.6892,23.6892,23.6892,23.6892,0
2012-11-27,23.6553,23.6553,23.6553,23.6553,0
2012-11-28,23.5793,23.5793,23.5793,23.5793,0
2012-11-29,23.7399,23.7399,23.7399,23.7399,0
2012-11-30,23.7568,23.7568,23.7568,23.7568,0
2012-12-03,23.816,23.816,23.816,23.816,0
2012-12-04,23.6046,23.6046,23.6046,23.6046,0
2012-12-05,23.5793,23.5793,23.5793,23.5793,0
2012-12-06,23.3679,23.3679,23.3679,23.3679,0
2012-12-07,23.3425,23.3425,23.3425,23.3425,0
2012-12-10,23.2918,23.2918,23.2918,23.2918,0
2012-12-11,23.2495,23.2495,23.2495,23.2495,0
2012-12-12,23.3594,23.3594,23.3594,23.3594,0
2012-12-13,23.1481,23.1481,23.1481,23.1481,0
2012-12-14,23.2918,23.2918,23.2918,23.2918,0
2012-12-17,23.2749,23.2749,23.2749,23.2749,0
2012-12-18,23.3341,23.3341,23.3341,23.3341,0
2012-12-19,23.4186,23.4186,23.4186,23.4186,0
2012-12-20,23.3087,23.3087,23.3087,23.3087,0
2012-12-21,23.2664,23.2664,23.2664,23.2664,0
2012-12-24,23.1904,23.1904,23.1904,23.1904,0
2012-12-26,23.4271,23.4271,23.4271,23.4271,0
2012-12-27,23.4271,23.4271,23.4271,23.4271,0
2012-12-28,23.3594,23.3594,23.3594,23.3594,0
2012-12-31,23.4863,23.4863,23.4863,23.4863,0
2013-01-02,23.5708,23.5708,23.5708,23.5708,0
2013-01-03,23.3764,23.3764,23.3764,23.3764,0
2013-01-04,23.2749,23.2749,23.2749,23.2749,0
2013-01-07,23.3172,23.3172,23.3172,23.3172,0
2013-01-08,23.3764,23.3764,23.3764,23.3764,0
2013-01-09,23.3425,23.3425,23.3425,23.3425,0
2013-01-10,23.4271,23.4271,23.4271,23.4271,0
2013-01-11,23.3256,23.3256,23.3256,23.3256,0
2013-01-14,23.4778,23.4778,23.4778,23.4778,0
2013-01-15,23.3764,23.3764,23.3764,23.3764,0
2013-01-16,23.4017,23.4017,23.4017,23.4017,0
2013-01-17,23.5032,23.5032,23.5032,23.5032,0
2013-01-18,23.6553,23.6553,23.6553,23.6553,0
2013-01-22,23.723,23.723,23.723,23.723,0
2013-01-23,23.7483,23.7483,23.7483,23.7483,0
2013-01-24,23.7314,23.7314,23.7314,23.7314,0
2013-01-25,23.6807,23.6807,23.6807,23.6807,0
2013-01-28,23.6723,23.6723,23.6723,23.6723,0
2013-01-29,23.8075,23.8075,23.8075,23.8075,0
2013-01-30,24.0781,24.0781,24.0781,24.0781,0
2013-01-31,24.0696,24.0696,24.0696,24.0696,0
2013-02-01,24.1626,24.1626,24.1626,24.1626,0
2013-02-04,24.0781,24.0781,24.0781,24.0781,0
2013-02-05,24.1711,24.1711,24.1711,24.1711,0
2013-02-06,24.1372,24.1372,24.1372,24.1372,0
2013-02-07,24.0442,24.0442,24.0442,24.0442,0
2013-02-08,24.1372,24.1372,24.1372,24.1372,0
2013-02-11,24.0527,24.0527,24.0527,24.0527,0
2013-02-12,24.095,24.095,24.095,24.095,0
2013-02-13,24.1034,24.1034,24.1034,24.1034,0
2013-02-14,24.0696,24.0696,24.0696,24.0696,0
2013-02-15,23.9682,23.9682,23.9682,23.9682,0
2013-02-19,23.8752,23.8752,23.8752,23.8752,0
2013-02-20,23.6046,23.6046,23.6046,23.6046,0
2013-02-21,23.3341,23.3341,23.3341,23.3341,0
2013-02-22,23.3341,23.3341,23.3341,23.3341,0
2013-02-25,23.2242,23.2242,23.2242,23.2242,0
2013-02-26,23.1819,23.1819,23.1819,23.1819,0
2013-02-27,23.0382,23.0382,23.0382,23.0382,0
2013-02-28,22.9367,22.9367,22.9367,22.9367,0
2013-03-01,22.7761,22.7761,22.7761,22.7761,0
2013-03-04,22.6915,22.6915,22.6915,22.6915,0
2013-03-05,22.9029,22.9029,22.9029,22.9029,0
2013-03-06,22.7761,22.7761,22.7761,22.7761,0
2013-03-07,22.9283,22.9283,22.9283,22.9283,0
2013-03-08,22.9959,22.9959,22.9959,22.9959,0
2013-03-11,23.0128,23.0128,23.0128,23.0128,0
2013-03-12,23.0635,23.0635,23.0635,23.0635,0
2013-03-13,22.9452,22.9452,22.9452,22.9452,0
2013-03-14,23.1143,23.1143,23.1143,23.1143,0
2013-03-15,23.165,23.165,23.165,23.165,0
2013-03-18,23.0297,23.0297,23.0297,23.0297,0
2013-03-19,22.8606,22.8606,22.8606,22.8606,0
2013-03-20,23.0213,23.0213,23.0213,23.0213,0
2013-03-21,22.9198,22.9198,22.9198,22.9198,0
2013-03-22,22.9621,22.9621,22.9621,22.9621,0
2013-03-25,22.979,22.979,22.979,22.979,0
2013-03-26,23.1904,23.1904,23.1904,23.1904,0
2013-03-27,23.3087,23.3087,23.3087,23.3087,0
2013-03-28,23.0889,23.0889,23.0889,23.0889,0
2013-04-01,23.0889,23.0889,23.0889,23.0889,0
2013-04-02,22.979,22.979,22.979,22.979,0
2013-04-03,22.5901,22.5901,22.5901,22.5901,0
2013-04-04,22.5647,22.5647,22.5647,22.5647,0
2013-04-05,22.5478,22.5478,22.5478,22.5478,0
2013-04-08,22.6155,22.6155,22.6155,22.6155,0
2013-04-09,22.7592,22.7592,22.7592,22.7592,0
2013-04-10,22.7085,22.7085,22.7085,22.7085,0
2013-04-11,22.6155,22.6155,22.6155,22.6155,0
2013-04-12,22.3365,22.3365,22.3365,22.3365,0
2013-04-15,21.6686,21.6686,21.6686,21.6686,0
2013-04-16,21.8968,21.8968,21.8968,21.8968,0
2013-04-17,21.5756,21.5756,21.5756,21.5756,0
2013-04-18,21.8038,21.8038,21.8038,21.8038,0
2013-04-19,21.7531,21.7531,21.7531,21.7531,0
2013-04-22,21.8207,21.8207,21.8207,21.8207,0
2013-04-23,21.6855,21.6855,21.6855,21.6855,0
2013-04-24,21.9222,21.9222,21.9222,21.9222,0
2013-04-25,22.2096,22.2096,22.2096,22.2096,0
2013-04-26,22.0828,22.0828,22.0828,22.0828,0
2013-04-29,22.3787,22.3787,22.3787,22.3787,0
2013-04-30,22.2096,22.2096,22.2096,22.2096,0
2013-05-01,21.8123,21.8123,21.8123,21.8123,0
2013-05-02,22.0913,22.0913,22.0913,22.0913,0
2013-05-03,22.3365,22.3365,22.3365,22.3365,0
2013-05-06,22.3618,22.3618,22.3618,22.3618,0
2013-05-07,22.2857,22.2857,22.2857,22.2857,0
2013-05-08,22.3872,22.3872,22.3872,22.3872,0
2013-05-09,22.3787,22.3787,22.3787,22.3787,0
2013-05-10,22.2773,22.2773,22.2773,22.2773,0
2013-05-13,22.1758,22.1758,22.1758,22.1758,0
2013-05-14,22.0997,22.0997,22.0997,22.0997,0
2013-05-15,22.049,22.049,22.049,22.049,0
2013-05-16,22.0236,22.0236,22.0236,22.0236,0
2013-05-17,22.1336,22.1336,22.1336,22.1336,0
2013-05-20,22.2773,22.2773,22.2773,22.2773,0
2013-05-21,22.1505,22.1505,22.1505,22.1505,0
2013-05-22,22.049,22.049,22.049,22.049,0
2013-05-23,22.1505,22.1505,22.1505,22.1505,0
2013-05-24,22.0659,22.0659,22.0659,22.0659,0
2013-05-28,22.2688,22.2688,22.2688,22.2688,0
2013-05-29,22.1251,22.1251,22.1251,22.1251,0
2013-05-30,22.1251,22.1251,22.1251,22.1251,0
2013-05-31,21.863,21.863,21.863,21.863,0
2013-06-03,22.1336,22.1336,22.1336,22.1336,0
2013-06-04,22.2181,22.2181,22.2181,22.2181,0
2013-06-05,22.1166,22.1166,22.1166,22.1166,0
2013-06-06,22.2012,22.2012,22.2012,22.2012,0
2013-06-07,22.2519,22.2519,22.2519,22.2519,0
2013-06-10,22.1674,22.1674,22.1674,22.1674,0
2013-06-11,21.9729,21.9729,21.9729,21.9729,0
2013-06-12,21.9983,21.9983,21.9983,21.9983,0
2013-06-13,22.142,22.142,22.142,22.142,0
2013-06-14,22.235,22.235,22.235,22.235,0
2013-06-17,22.2857,22.2857,22.2857,22.2857,0
2013-06-18,22.328,22.328,22.328,22.328,0
2013-06-19,22.3618,22.3618,22.3618,22.3618,0
2013-06-20,21.6347,21.6347,21.6347,21.6347,0
2013-06-21,21.4995,21.4995,21.4995,21.4995,0
2013-06-24,21.4065,21.4065,21.4065,21.4065,0
2013-06-25,21.4234,21.4234,21.4234,21.4234,0
2013-06-26,21.3642,21.3642,21.3642,21.3642,0
2013-06-27,21.3558,21.3558,21.3558,21.3558,0
2013-06-28,21.2458,21.2458,21.2458,21.2458,0
2013-07-01,21.3811,21.3811,21.3811,21.3811,0
2013-07-02,21.4657,21.4657,21.4657,21.4657,0
2013-07-03,21.6601,21.6601,21.6601,21.6601,0
2013-07-05,21.6094,21.6094,21.6094,21.6094,0
2013-07-08,21.7193,21.7193,21.7193,21.7193,0
2013-07-09,21.8546,21.8546,21.8546,21.8546,0
2013-07-10,21.9222,21.9222,21.9222,21.9222,0
2013-07-11,22.0321,22.0321,22.0321,22.0321,0
2013-07-12,22.1166,22.1166,22.1166,22.1166,0
2013-07-15,22.0575,22.0575,22.0575,22.0575,0
2013-07-16,22.0828,22.0828,22.0828,22.0828,0
2013-07-17,22.0659,22.0659,22.0659,22.0659,0
2013-07-18,22.1589,22.1589,22.1589,22.1589,0
2013-07-19,22.1758,22.1758,22.1758,22.1758,0
2013-07-22,22.1589,22.1589,22.1589,22.1589,0
2013-07-23,22.1927,22.1927,22.1927,22.1927,0
2013-07-24,22.0152,22.0152,22.0152,22.0152,0
2013-07-25,21.9898,21.9898,21.9898,21.9898,0
2013-07-26,21.8546,21.8546,21.8546,21.8546,0
2013-07-29,21.8461,21.8461,21.8461,21.8461,0
2013-07-30,21.77,21.77,21.77,21.77,0
2013-07-31,21.9222,21.9222,21.9222,21.9222,0
2013-08-01,21.9729,21.9729,21.9729,21.9729,0
2013-08-02,21.8884,21.8884,21.8884,21.8884,0
2013-08-05,21.7785,21.7785,21.7785,21.7785,0
2013-08-06,21.6009,21.6009,21.6009,21.6009,0
2013-08-07,21.4572,21.4572,21.4572,21.4572,0
2013-08-08,21.5671,21.5671,21.5671,21.5671,0
2013-08-09,21.7193,21.7193,21.7193,21.7193,0
2013-08-12,21.9814,21.9814,21.9814,21.9814,0
2013-08-13,21.9729,21.9729,21.9729,21.9729,0
2013-08-14,22.1505,22.1505,22.1505,22.1505,0
2013-08-15,22.3618,22.3618,22.3618,22.3618,0
2013-08-16,22.3703,22.3703,22.3703,22.3703,0
2013-08-19,22.3449,22.3449,22.3449,22.3449,0
2013-08-20,22.3026,22.3026,22.3026,22.3026,0
2013-08-21,22.2773,22.2773,22.2773,22.2773,0
2013-08-22,22.2857,22.2857,22.2857,22.2857,0
2013-08-23,22.4633,22.4633,22.4633,22.4633,0
2013-08-26,22.5901,22.5901,22.5901,22.5901,0
2013-08-27,22.8099,22.8099,22.8099,22.8099,0
2013-08-28,22.8437,22.8437,22.8437,22.8437,0
2013-08-29,22.607,22.607,22.607,22.607,0
2013-08-30,22.5394,22.5394,22.5394,22.5394,0
2013-09-03,22.6577,22.6577,22.6577,22.6577,0
2013-09-04,22.4633,22.4633,22.4633,22.4633,0
2013-09-05,22.4125,22.4125,22.4125,22.4125,0
2013-09-06,22.5394,22.5394,22.5394,22.5394,0
2013-09-09,22.3956,22.3956,22.3956,22.3956,0
2013-09-10,22.1927,22.1927,22.1927,22.1927,0
2013-09-11,22.2266,22.2266,22.2266,22.2266,0
2013-09-12,22.3365,22.3365,22.3365,22.3365,0
2013-09-13,22.2688,22.2688,22.2688,22.2688,0
2013-09-16,21.9898,21.9898,21.9898,21.9898,0
2013-09-17,21.7616,21.7616,21.7616,21.7616,0
2013-09-18,22.235,22.235,22.235,22.235,0
2013-09-19,22.1505,22.1505,22.1505,22.1505,0
2013-09-20,21.9476,21.9476,21.9476,21.9476,0
2013-09-23,21.7869,21.7869,21.7869,21.7869,0
2013-09-24,21.7785,21.7785,21.7785,21.7785,0
2013-09-25,21.8123,21.8123,21.8123,21.8123,0
2013-09-26,21.9814,21.9814,21.9814,21.9814,0
2013-09-27,21.8715,21.8715,21.8715,21.8715,0
2013-09-30,21.7785,21.7785,21.7785,21.7785,0
2013-10-01,21.6347,21.6347,21.6347,21.6347,0
2013-10-02,21.8461,21.8461,21.8461,21.8461,0
2013-10-03,21.8123,21.8123,21.8123,21.8123,0
2013-10-04,21.8799,21.8799,21.8799,21.8799,0
2013-10-07,22.0321,22.0321,22.0321,22.0321,0
2013-10-08,22.1082,22.1082,22.1082,22.1082,0
2013-10-09,21.9476,21.9476,21.9476,21.9476,0
2013-10-10,22.2266,22.2266,22.2266,22.2266,0
2013-10-11,22.1082,22.1082,22.1082,22.1082,0
2013-10-14,22.0997,22.0997,22.0997,22.0997,0
2013-10-15,22.0236,22.0236,22.0236,22.0236,0
2013-10-16,22.1927,22.1927,22.1927,22.1927,0
2013-10-17,22.0744,22.0744,22.0744,22.0744,0
2013-10-18,22.2012,22.2012,22.2012,22.2012,0
2013-10-21,22.1505,22.1505,22.1505,22.1505,0
2013-10-22,22.1251,22.1251,22.1251,22.1251,0
2013-10-23,21.7869,21.7869,21.7869,21.7869,0
2013-10-24,21.7954,21.7954,21.7954,21.7954,0
2013-10-25,21.863,21.863,21.863,21.863,0
2013-10-28,21.9476,21.9476,21.9476,21.9476,0
2013-10-29,21.8884,21.8884,21.8884,21.8884,0
2013-10-30,21.956,21.956,21.956,21.956,0
2013-10-31,21.77,21.77,21.77,21.77,0
2013-11-01,21.4995,21.4995,21.4995,21.4995,0
2013-11-04,21.4065,21.4065,21.4065,21.4065,0
2013-11-05,21.3473,21.3473,21.3473,21.3473,0
2013-11-06,21.3642,21.3642,21.3642,21.3642,0
2013-11-07,21.212,21.212,21.212,21.212,0
2013-11-08,21.3304,21.3304,21.3304,21.3304,0
2013-11-11,21.4234,21.4234,21.4234,21.4234,0
2013-11-12,21.2797,21.2797,21.2797,21.2797,0
2013-11-13,21.3727,21.3727,21.3727,21.3727,0
2013-11-14,21.4657,21.4657,21.4657,21.4657,0
2013-11-15,21.4318,21.4318,21.4318,21.4318,0
2013-11-18,21.2881,21.2881,21.2881,21.2881,0
2013-11-19,21.2543,21.2543,21.2543,21.2543,0
2013-11-20,21.2712,21.2712,21.2712,21.2712,0
2013-11-21,21.5417,21.5417,21.5417,21.5417,0
2013-11-22,21.6094,21.6094,21.6094,21.6094,0
2013-11-25,21.584,21.584,21.584,21.584,0
2013-11-26,21.5756,21.5756,21.5756,21.5756,0
2013-11-27,21.5756,21.5756,21.5756,21.5756,0
2013-11-29,21.5671,21.5671,21.5671,21.5671,0
2013-12-02,21.5417,21.5417,21.5417,21.5417,0
2013-12-03,21.6686,21.6686,21.6686,21.6686,0
2013-12-04,21.7108,21.7108,21.7108,21.7108,0
2013-12-05,21.6855,21.6855,21.6855,21.6855,0
2013-12-06,21.7616,21.7616,21.7616,21.7616,0
2013-12-09,21.6855,21.6855,21.6855,21.6855,0
2013-12-10,21.7531,21.7531,21.7531,21.7531,0
2013-12-11,21.7531,21.7531,21.7531,21.7531,0
2013-12-12,21.5502,21.5502,21.5502,21.5502,0
2013-12-13,21.4657,21.4657,21.4657,21.4657,0
2013-12-16,21.5333,21.5333,21.5333,21.5333,0
2013-12-17,21.4318,21.4318,21.4318,21.4318,0
2013-12-18,21.4741,21.4741,21.4741,21.4741,0
2013-12-19,21.5248,21.5248,21.5248,21.5248,0
2013-12-20,21.6939,21.6939,21.6939,21.6939,0
2013-12-23,21.6939,21.6939,21.6939,21.6939,0
2013-12-24,21.7616,21.7616,21.7616,21.7616,0
2013-12-26,21.7954,21.7954,21.7954,21.7954,0
2013-12-27,21.8546,21.8546,21.8546,21.8546,0
2013-12-30,21.7277,21.7277,21.7277,21.7277,0
2013-12-31,21.6939,21.6939,21.6939,21.6939,0
2014-01-02,21.3811,21.3811,21.3811,21.3811,0
2014-01-03,21.2458,21.2458,21.2458,21.2458,0
2014-01-06,21.2712,21.2712,21.2712,21.2712,0
2014-01-07,21.2543,21.2543,21.2543,21.2543,0
2014-01-08,21.0514,21.0514,21.0514,21.0514,0
2014-01-09,20.8823,20.8823,20.8823,20.8823,0
2014-01-10,21.0176,21.0176,21.0176,21.0176,0
2014-01-13,21.0091,21.0091,21.0091,21.0091,0
2014-01-14,21.0091,21.0091,21.0091,21.0091,0
2014-01-15,21.0683,21.0683,21.0683,21.0683,0
2014-01-16,21.0345,21.0345,21.0345,21.0345,0
2014-01-17,21.0598,21.0598,21.0598,21.0598,0
2014-01-21,21.1106,21.1106,21.1106,21.1106,0
2014-01-22,21.212,21.212,21.212,21.212,0
2014-01-23,21.1951,21.1951,21.1951,21.1951,0
2014-01-24,21.2036,21.2036,21.2036,21.2036,0
2014-01-27,21.0598,21.0598,21.0598,21.0598,0
2014-01-28,21.1613,21.1613,21.1613,21.1613,0
2014-01-29,21.1444,21.1444,21.1444,21.1444,0
2014-01-30,21.0598,21.0598,21.0598,21.0598,0
2014-01-31,21.0345,21.0345,21.0345,21.0345,0
2014-02-03,21.0345,21.0345,21.0345,21.0345,0
2014-02-04,21.1951,21.1951,21.1951,21.1951,0
2014-02-05,21.2374,21.2374,21.2374,21.2374,0
2014-02-06,21.3219,21.3219,21.3219,21.3219,0
2014-02-07,21.5671,21.5671,21.5671,21.5671,0
2014-02-10,21.4488,21.4488,21.4488,21.4488,0
2014-02-11,21.5587,21.5587,21.5587,21.5587,0
2014-02-12,21.6009,21.6009,21.6009,21.6009,0
2014-02-13,21.7193,21.7193,21.7193,21.7193,0
2014-02-14,21.7954,21.7954,21.7954,21.7954,0
2014-02-18,22.1082,22.1082,22.1082,22.1082,0
2014-02-19,22.1674,22.1674,22.1674,22.1674,0
2014-02-20,22.2096,22.2096,22.2096,22.2096,0
2014-02-21,22.1505,22.1505,22.1505,22.1505,0
2014-02-24,22.2435,22.2435,22.2435,22.2435,0
2014-02-25,22.142,22.142,22.142,22.142,0
2014-02-26,22.0828,22.0828,22.0828,22.0828,0
2014-02-27,22.0152,22.0152,22.0152,22.0152,0
2014-02-28,22.0913,22.0913,22.0913,22.0913,0
2014-03-03,22.3956,22.3956,22.3956,22.3956,0
2014-03-04,22.3111,22.3111,22.3111,22.3111,0
2014-03-05,22.1251,22.1251,22.1251,22.1251,0
2014-03-06,22.328,22.328,22.328,22.328,0
2014-03-07,22.2266,22.2266,22.2266,22.2266,0
2014-03-10,22.0406,22.0406,22.0406,22.0406,0
2014-03-11,22.049,22.049,22.049,22.049,0
2014-03-12,21.9898,21.9898,21.9898,21.9898,0
2014-03-13,21.8884,21.8884,21.8884,21.8884,0
2014-03-14,22.0067,22.0067,22.0067,22.0067,0
2014-03-17,21.7616,21.7616,21.7616,21.7616,0
2014-03-18,21.8715,21.8715,21.8715,21.8715,0
2014-03-19,21.863,21.863,21.863,21.863,0
2014-03-20,21.7616,21.7616,21.7616,21.7616,0
2014-03-21,21.7785,21.7785,21.7785,21.7785,0
2014-03-24,21.77,21.77,21.77,21.77,0
2014-03-25,21.9137,21.9137,21.9137,21.9137,0
2014-03-26,21.8968,21.8968,21.8968,21.8968,0
2014-03-27,22.0913,22.0913,22.0913,22.0913,0
2014-03-28,22.0997,22.0997,22.0997,22.0997,0
2014-03-31,22.0828,22.0828,22.0828,22.0828,0
2014-04-01,21.8123,21.8123,21.8123,21.8123,0
2014-04-02,21.7616,21.7616,21.7616,21.7616,0
2014-04-03,21.9391,21.9391,21.9391,21.9391,0
2014-04-04,22.0406,22.0406,22.0406,22.0406,0
2014-04-07,21.9898,21.9898,21.9898,21.9898,0
2014-04-08,22.2435,22.2435,22.2435,22.2435,0
2014-04-09,22.3026,22.3026,22.3026,22.3026,0
2014-04-10,22.3111,22.3111,22.3111,22.3111,0
2014-04-11,22.2096,22.2096,22.2096,22.2096,0
2014-04-14,22.4125,22.4125,22.4125,22.4125,0
2014-04-15,22.4295,22.4295,22.4295,22.4295,0
2014-04-16,22.4717,22.4717,22.4717,22.4717,0
2014-04-17,22.5225,22.5225,22.5225,22.5225,0
2014-04-21,22.4464,22.4464,22.4464,22.4464,0
2014-04-22,22.4379,22.4379,22.4379,22.4379,0
2014-04-23,22.421,22.421,22.421,22.421,0
2014-04-24,22.5563,22.5563,22.5563,22.5563,0
2014-04-25,22.4633,22.4633,22.4633,22.4633,0
2014-04-28,22.3872,22.3872,22.3872,22.3872,0
2014-04-29,22.4464,22.4464,22.4464,22.4464,0
2014-04-30,22.328,22.328,22.328,22.328,0
2014-05-01,22.1589,22.1589,22.1589,22.1589,0
2014-05-02,22.2181,22.2181,22.2181,22.2181,0
2014-05-05,22.1674,22.1674,22.1674,22.1674,0
2014-05-06,22.1843,22.1843,22.1843,22.1843,0
2014-05-07,22.2435,22.2435,22.2435,22.2435,0
2014-05-08,22.1758,22.1758,22.1758,22.1758,0
2014-05-09,22.0659,22.0659,22.0659,22.0659,0
2014-05-12,22.1166,22.1166,22.1166,22.1166,0
2014-05-13,22.2181,22.2181,22.2181,22.2181,0
2014-05-14,22.3196,22.3196,22.3196,22.3196,0
2014-05-15,22.1843,22.1843,22.1843,22.1843,0
2014-05-16,22.2096,22.2096,22.2096,22.2096,0
2014-05-19,22.1927,22.1927,22.1927,22.1927,0
2014-05-20,22.235,22.235,22.235,22.235,0
2014-05-21,22.2773,22.2773,22.2773,22.2773,0
2014-05-22,22.2942,22.2942,22.2942,22.2942,0
2014-05-23,22.3449,22.3449,22.3449,22.3449,0
2014-05-27,22.1589,22.1589,22.1589,22.1589,0
2014-05-28,22.1674,22.1674,22.1674,22.1674,0
2014-05-29,22.1758,22.1758,22.1758,22.1758,0
2014-05-30,22.0067,22.0067,22.0067,22.0067,0
2014-06-02,21.9814,21.9814,21.9814,21.9814,0
2014-06-03,21.9645,21.9645,21.9645,21.9645,0
2014-06-04,21.9053,21.9053,21.9053,21.9053,0
2014-06-05,21.9307,21.9307,21.9307,21.9307,0
2014-06-06,22.0236,22.0236,22.0236,22.0236,0
2014-06-09,22.1166,22.1166,22.1166,22.1166,0
2014-06-10,22.0575,22.0575,22.0575,22.0575,0
2014-06-11,21.9983,21.9983,21.9983,21.9983,0
2014-06-12,22.3111,22.3111,22.3111,22.3111,0
2014-06-13,22.3111,22.3111,22.3111,22.3111,0
2014-06-16,22.3787,22.3787,22.3787,22.3787,0
2014-06-17,22.4041,22.4041,22.4041,22.4041,0
2014-06-18,22.4971,22.4971,22.4971,22.4971,0
2014-06-19,22.7169,22.7169,22.7169,22.7169,0
2014-06-20,22.7592,22.7592,22.7592,22.7592,0
2014-06-23,22.6746,22.6746,22.6746,22.6746,0
2014-06-24,22.7085,22.7085,22.7085,22.7085,0
2014-06-25,22.7423,22.7423,22.7423,22.7423,0
2014-06-26,22.6493,22.6493,22.6493,22.6493,0
2014-06-27,22.607,22.607,22.607,22.607,0
2014-06-30,22.4717,22.4717,22.4717,22.4717,0
2014-07-01,22.4041,22.4041,22.4041,22.4041,0
2014-07-02,22.3618,22.3618,22.3618,22.3618,0
2014-07-03,22.3196,22.3196,22.3196,22.3196,0
2014-07-07,22.142,22.142,22.142,22.142,0
2014-07-08,22.0828,22.0828,22.0828,22.0828,0
2014-07-09,21.9307,21.9307,21.9307,21.9307,0
2014-07-10,21.9645,21.9645,21.9645,21.9645,0
2014-07-11,21.77,21.77,21.77,21.77,0
2014-07-14,21.8546,21.8546,21.8546,21.8546,0
2014-07-15,21.6517,21.6517,21.6517,21.6517,0
2014-07-16,21.6855,21.6855,21.6855,21.6855,0
2014-07-17,21.7362,21.7362,21.7362,21.7362,0
2014-07-18,21.5925,21.5925,21.5925,21.5925,0
2014-07-21,21.6939,21.6939,21.6939,21.6939,0
2014-07-22,21.6009,21.6009,21.6009,21.6009,0
2014-07-23,21.6601,21.6601,21.6601,21.6601,0
2014-07-24,21.6347,21.6347,21.6347,21.6347,0
2014-07-25,21.7193,21.7193,21.7193,21.7193,0
2014-07-28,21.677,21.677,21.677,21.677,0
2014-07-29,21.6094,21.6094,21.6094,21.6094,0
2014-07-30,21.5164,21.5164,21.5164,21.5164,0
2014-07-31,21.4065,21.4065,21.4065,21.4065,0
2014-08-01,21.2374,21.2374,21.2374,21.2374,0
2014-08-04,21.398,21.398,21.398,21.398,0
2014-08-05,21.2966,21.2966,21.2966,21.2966,0
2014-08-06,21.4318,21.4318,21.4318,21.4318,0
2014-08-07,21.4741,21.4741,21.4741,21.4741,0
2014-08-08,21.3727,21.3727,21.3727,21.3727,0
2014-08-11,21.4065,21.4065,21.4065,21.4065,0
2014-08-12,21.2712,21.2712,21.2712,21.2712,0
2014-08-13,21.2543,21.2543,21.2543,21.2543,0
2014-08-14,21.0007,21.0007,21.0007,21.0007,0
2014-08-15,21.0852,21.0852,21.0852,21.0852,0
2014-08-18,20.9077,20.9077,20.9077,20.9077,0
2014-08-19,20.9499,20.9499,20.9499,20.9499,0
2014-08-20,21.0091,21.0091,21.0091,21.0091,0
2014-08-21,21.0598,21.0598,21.0598,21.0598,0
2014-08-22,21.026,21.026,21.026,21.026,0
2014-08-25,21.0598,21.0598,21.0598,21.0598,0
2014-08-26,21.0683,21.0683,21.0683,21.0683,0
2014-08-27,21.1021,21.1021,21.1021,21.1021,0
2014-08-28,21.119,21.119,21.119,21.119,0
2014-08-29,21.1613,21.1613,21.1613,21.1613,0
2014-09-02,20.8569,20.8569,20.8569,20.8569,0
2014-09-03,20.9415,20.9415,20.9415,20.9415,0
2014-09-04,20.8569,20.8569,20.8569,20.8569,0
2014-09-05,20.8231,20.8231,20.8231,20.8231,0
2014-09-08,20.7217,20.7217,20.7217,20.7217,0
2014-09-09,20.5526,20.5526,20.5526,20.5526,0
2014-09-10,20.4089,20.4089,20.4089,20.4089,0
2014-09-11,20.3074,20.3074,20.3074,20.3074,0
2014-09-12,20.1468,20.1468,20.1468,20.1468,0
2014-09-15,20.1721,20.1721,20.1721,20.1721,0
2014-09-16,20.3581,20.3581,20.3581,20.3581,0
2014-09-17,20.2736,20.2736,20.2736,20.2736,0
2014-09-18,20.0791,20.0791,20.0791,20.0791,0
2014-09-19,20.02,20.02,20.02,20.02,0
2014-09-22,19.8509,19.8509,19.8509,19.8509,0
2014-09-23,19.8509,19.8509,19.8509,19.8509,0
2014-09-24,19.9354,19.9354,19.9354,19.9354,0
2014-09-25,19.8931,19.8931,19.8931,19.8931,0
2014-09-26,19.8593,19.8593,19.8593,19.8593,0
2014-09-29,19.9777,19.9777,19.9777,19.9777,0
2014-09-30,19.6311,19.6311,19.6311,19.6311,0
2014-10-01,19.5634,19.5634,19.5634,19.5634,0
2014-10-02,19.4873,19.4873,19.4873,19.4873,0
2014-10-03,19.3013,19.3013,19.3013,19.3013,0
2014-10-06,19.5465,19.5465,19.5465,19.5465,0
2014-10-07,19.4704,19.4704,19.4704,19.4704,0
2014-10-08,19.3943,19.3943,19.3943,19.3943,0
2014-10-09,19.1661,19.1661,19.1661,19.1661,0
2014-10-10,19.0984,19.0984,19.0984,19.0984,0
2014-10-13,19.0984,19.0984,19.0984,19.0984,0
2014-10-14,18.811,18.811,18.811,18.811,0
2014-10-15,18.5743,18.5743,18.5743,18.5743,0
2014-10-16,18.7603,18.7603,18.7603,18.7603,0
2014-10-17,18.8279,18.8279,18.8279,18.8279,0
2014-10-20,18.6926,18.6926,18.6926,18.6926,0
2014-10-21,18.8448,18.8448,18.8448,18.8448,0
2014-10-22,18.6334,18.6334,18.6334,18.6334,0
2014-10-23,18.8533,18.8533,18.8533,18.8533,0
2014-10-24,18.7349,18.7349,18.7349,18.7349,0
2014-10-27,18.6842,18.6842,18.6842,18.6842,0
2014-10-28,18.8364,18.8364,18.8364,18.8364,0
2014-10-29,19.0562,19.0562,19.0562,19.0562,0
2014-10-30,18.8955,18.8955,18.8955,18.8955,0
2014-10-31,18.8702,18.8702,18.8702,18.8702,0
2014-11-03,18.7011,18.7011,18.7011,18.7011,0
2014-11-04,18.4305,18.4305,18.4305,18.4305,0
2014-11-05,18.4813,18.4813,18.4813,18.4813,0
2014-11-06,18.4982,18.4982,18.4982,18.4982,0
2014-11-07,18.5827,18.5827,18.5827,18.5827,0
2014-11-10,18.4052,18.4052,18.4052,18.4052,0
2014-11-11,18.4982,18.4982,18.4982,18.4982,0
2014-11-12,18.439,18.439,18.439,18.439,0
2014-11-13,18.1008,18.1008,18.1008,18.1008,0
2014-11-14,18.2953,18.2953,18.2953,18.2953,0
2014-11-17,18.2192,18.2192,18.2192,18.2192,0
2014-11-18,18.1262,18.1262,18.1262,18.1262,0
2014-11-19,18.0332,18.0332,18.0332,18.0332,0
2014-11-20,18.1854,18.1854,18.1854,18.1854,0
2014-11-21,18.3798,18.3798,18.3798,18.3798,0
2014-11-24,18.2192,18.2192,18.2192,18.2192,0
2014-11-25,18.1346,18.1346,18.1346,18.1346,0
2014-11-26,18.0924,18.0924,18.0924,18.0924,0
2014-11-28,17.2638,17.2638,17.2638,17.2638,0
2014-12-01,17.6189,17.6189,17.6189,17.6189,0
2014-12-02,17.2469,17.2469,17.2469,17.2469,0
2014-12-03,17.1455,17.1455,17.1455,17.1455,0
2014-12-04,17.0947,17.0947,17.0947,17.0947,0
2014-12-05,17.0525,17.0525,17.0525,17.0525,0
2014-12-08,16.7566,16.7566,16.7566,16.7566,0
2014-12-09,16.8749,16.8749,16.8749,16.8749,0
2014-12-10,16.6128,16.6128,16.6128,16.6128,0
2014-12-11,16.4607,16.4607,16.4607,16.4607,0
2014-12-12,16.3254,16.3254,16.3254,16.3254,0
2014-12-15,16.0633,16.0633,16.0633,16.0633,0
2014-12-16,15.9703,15.9703,15.9703,15.9703,0
2014-12-17,16.0633,16.0633,16.0633,16.0633,0
2014-12-18,16.0126,16.0126,16.0126,16.0126,0
2014-12-19,16.2493,16.2493,16.2493,16.2493,0
2014-12-22,15.9534,15.9534,15.9534,15.9534,0
2014-12-23,16.114,16.114,16.114,16.114,0
2014-12-24,15.9027,15.9027,15.9027,15.9027,0
2014-12-26,15.8858,15.8858,15.8858,15.8858,0
2014-12-29,15.7336,15.7336,15.7336,15.7336,0
2014-12-30,15.7167,15.7167,15.7167,15.7167,0
2014-12-31,15.5983,15.5983,15.5983,15.5983,0
2015-01-02,15.4123,15.4123,15.4123,15.4123,0
2015-01-05,15.1925,15.1925,15.1925,15.1925,0
2015-01-06,15.0488,15.0488,15.0488,15.0488,0
2015-01-07,14.9558,14.9558,14.9558,14.9558,0
2015-01-08,15.015,15.015,15.015,15.015,0
2015-01-09,14.9896,14.9896,14.9896,14.9896,0
2015-01-12,14.6599,14.6599,14.6599,14.6599,0
2015-01-13,14.6007,14.6007,14.6007,14.6007,0
2015-01-14,14.7613,14.7613,14.7613,14.7613,0
2015-01-15,14.5584,14.5584,14.5584,14.5584,0
2015-01-16,14.8374,14.8374,14.8374,14.8374,0
2015-01-20,14.6345,14.6345,14.6345,14.6345,0
2015-01-21,14.7275,14.7275,14.7275,14.7275,0
2015-01-22,14.7106,14.7106,14.7106,14.7106,0
2015-01-23,14.6176,14.6176,14.6176,14.6176,0
2015-01-26,14.5669,14.5669,14.5669,14.5669,0
2015-01-27,14.643,14.643,14.643,14.643,0
2015-01-28,14.4316,14.4316,14.4316,14.4316,0
2015-01-29,14.364,14.364,14.364,14.364,0
2015-01-30,14.7106,14.7106,14.7106,14.7106,0
2015-02-02,14.9135,14.9135,14.9135,14.9135,0
2015-02-03,15.3278,15.3278,15.3278,15.3278,0
2015-02-04,14.9896,14.9896,14.9896,14.9896,0
2015-02-05,15.1925,15.1925,15.1925,15.1925,0
2015-02-06,15.2348,15.2348,15.2348,15.2348,0
2015-02-09,15.387,15.387,15.387,15.387,0
2015-02-10,15.1925,15.1925,15.1925,15.1925,0
2015-02-11,15.0742,15.0742,15.0742,15.0742,0
2015-02-12,15.3024,15.3024,15.3024,15.3024,0
2015-02-13,15.4715,15.4715,15.4715,15.4715,0
2015-02-17,15.48,15.48,15.48,15.48,0
2015-02-18,15.294,15.294,15.294,15.294,0
2015-02-19,15.2432,15.2432,15.2432,15.2432,0
2015-02-20,15.1841,15.1841,15.1841,15.1841,0
2015-02-23,15.0826,15.0826,15.0826,15.0826,0
2015-02-24,15.0911,15.0911,15.0911,15.0911,0
2015-02-25,15.3193,15.3193,15.3193,15.3193,0
2015-02-26,15.1925,15.1925,15.1925,15.1925,0
2015-02-27,15.3616,15.3616,15.3616,15.3616,0
2015-03-02,15.1418,15.1418,15.1418,15.1418,0
2015-03-03,15.2348,15.2348,15.2348,15.2348,0
2015-03-04,15.0995,15.0995,15.0995,15.0995,0
2015-03-05,15.0403,15.0403,15.0403,15.0403,0
2015-03-06,14.8543,14.8543,14.8543,14.8543,0
2015-03-09,14.8121,14.8121,14.8121,14.8121,0
2015-03-10,14.6176,14.6176,14.6176,14.6176,0
2015-03-11,14.6937,14.6937,14.6937,14.6937,0
2015-03-12,14.6261,14.6261,14.6261,14.6261,0
2015-03-13,14.3302,14.3302,14.3302,14.3302,0
2015-03-16,14.3133,14.3133,14.3133,14.3133,0
2015-03-17,14.2118,14.2118,14.2118,14.2118,0
2015-03-18,14.6007,14.6007,14.6007,14.6007,0
2015-03-19,14.3555,14.3555,14.3555,14.3555,0
2015-03-20,14.55,14.55,14.55,14.55,0
2015-03-23,14.7191,14.7191,14.7191,14.7191,0
2015-03-24,14.6007,14.6007,14.6007,14.6007,0
2015-03-25,14.643,14.643,14.643,14.643,0
2015-03-26,14.8205,14.8205,14.8205,14.8205,0
2015-03-27,14.5246,14.5246,14.5246,14.5246,0
2015-03-30,14.6007,14.6007,14.6007,14.6007,0
2015-03-31,14.4316,14.4316,14.4316,14.4316,0
2015-04-01,14.6937,14.6937,14.6937,14.6937,0
2015-04-02,14.6176,14.6176,14.6176,14.6176,0
2015-04-06,14.8036,14.8036,14.8036,14.8036,0
2015-04-07,14.8797,14.8797,14.8797,14.8797,0
2015-04-08,14.5923,14.5923,14.5923,14.5923,0
2015-04-09,14.5923,14.5923,14.5923,14.5923,0
2015-04-10,14.7444,14.7444,14.7444,14.7444,0
2015-04-13,14.6768,14.6768,14.6768,14.6768,0
2015-04-14,14.7444,14.7444,14.7444,14.7444,0
2015-04-15,15.0403,15.0403,15.0403,15.0403,0
2015-04-16,15.201,15.201,15.201,15.201,0
2015-04-17,15.1672,15.1672,15.1672,15.1672,0
2015-04-20,15.0995,15.0995,15.0995,15.0995,0
2015-04-21,14.9896,14.9896,14.9896,14.9896,0
2015-04-22,15.0403,15.0403,15.0403,15.0403,0
2015-04-23,15.2263,15.2263,15.2263,15.2263,0
2015-04-24,15.2179,15.2179,15.2179,15.2179,0
2015-04-27,15.2179,15.2179,15.2179,15.2179,0
2015-04-28,15.2432,15.2432,15.2432,15.2432,0
2015-04-29,15.3447,15.3447,15.3447,15.3447,0
2015-04-30,15.4631,15.4631,15.4631,15.4631,0
2015-05-01,15.4461,15.4461,15.4461,15.4461,0
2015-05-04,15.4377,15.4377,15.4377,15.4377,0
2015-05-05,15.5645,15.5645,15.5645,15.5645,0
2015-05-06,15.5645,15.5645,15.5645,15.5645,0
2015-05-07,15.3193,15.3193,15.3193,15.3193,0
2015-05-08,15.4039,15.4039,15.4039,15.4039,0
2015-05-11,15.3362,15.3362,15.3362,15.3362,0
2015-05-12,15.4969,15.4969,15.4969,15.4969,0
2015-05-13,15.5138,15.5138,15.5138,15.5138,0
2015-05-14,15.6068,15.6068,15.6068,15.6068,0
2015-05-15,15.5983,15.5983,15.5983,15.5983,0
2015-05-18,15.5561,15.5561,15.5561,15.5561,0
2015-05-19,15.2263,15.2263,15.2263,15.2263,0
2015-05-20,15.1925,15.1925,15.1925,15.1925,0
2015-05-21,15.3785,15.3785,15.3785,15.3785,0
2015-05-22,15.2094,15.2094,15.2094,15.2094,0
2015-05-26,14.9135,14.9135,14.9135,14.9135,0
2015-05-27,14.7106,14.7106,14.7106,14.7106,0
2015-05-28,14.7867,14.7867,14.7867,14.7867,0
2015-05-29,14.9727,14.9727,14.9727,14.9727,0
2015-06-01,14.9389,14.9389,14.9389,14.9389,0
2015-06-02,15.1164,15.1164,15.1164,15.1164,0
2015-06-03,14.922,14.922,14.922,14.922,0
2015-06-04,14.7867,14.7867,14.7867,14.7867,0
2015-06-05,14.8543,14.8543,14.8543,14.8543,0
2015-06-08,14.8628,14.8628,14.8628,14.8628,0
2015-06-09,15.0995,15.0995,15.0995,15.0995,0
2015-06-10,15.1587,15.1587,15.1587,15.1587,0
2015-06-11,15.0234,15.0234,15.0234,15.0234,0
2015-06-12,14.8712,14.8712,14.8712,14.8712,0
2015-06-15,14.8036,14.8036,14.8036,14.8036,0
2015-06-16,14.8459,14.8459,14.8459,14.8459,0
2015-06-17,14.8882,14.8882,14.8882,14.8882,0
2015-06-18,14.8882,14.8882,14.8882,14.8882,0
2015-06-19,14.7529,14.7529,14.7529,14.7529,0
2015-06-22,14.8036,14.8036,14.8036,14.8036,0
2015-06-23,14.9812,14.9812,14.9812,14.9812,0
2015-06-24,14.8797,14.8797,14.8797,14.8797,0
2015-06-25,14.8966,14.8966,14.8966,14.8966,0
2015-06-26,14.9642,14.9642,14.9642,14.9642,0
2015-06-29,14.8966,14.8966,14.8966,14.8966,0
2015-06-30,15.2179,15.2179,15.2179,15.2179,0
2015-07-01,15.0319,15.0319,15.0319,15.0319,0
2015-07-02,15.0065,15.0065,15.0065,15.0065,0
2015-07-06,14.5162,14.5162,14.5162,14.5162,0
2015-07-07,14.4316,14.4316,14.4316,14.4316,0
2015-07-08,14.364,14.364,14.364,14.364,0
2015-07-09,14.5331,14.5331,14.5331,14.5331,0
2015-07-10,14.6007,14.6007,14.6007,14.6007,0
2015-07-13,14.6092,14.6092,14.6092,14.6092,0
2015-07-14,14.5584,14.5584,14.5584,14.5584,0
2015-07-15,14.3893,14.3893,14.3893,14.3893,0
2015-07-16,14.3217,14.3217,14.3217,14.3217,0
2015-07-17,14.2456,14.2456,14.2456,14.2456,0
2015-07-20,14.0174,14.0174,14.0174,14.0174,0
2015-07-21,14.0765,14.0765,14.0765,14.0765,0
2015-07-22,13.8736,13.8736,13.8736,13.8736,0
2015-07-23,13.7553,13.7553,13.7553,13.7553,0
2015-07-24,13.6454,13.6454,13.6454,13.6454,0
2015-07-27,13.3833,13.3833,13.3833,13.3833,0
2015-07-28,13.4932,13.4932,13.4932,13.4932,0
2015-07-29,13.5355,13.5355,13.5355,13.5355,0
2015-07-30,13.4847,13.4847,13.4847,13.4847,0
2015-07-31,13.2987,13.2987,13.2987,13.2987,0
2015-08-03,13.0789,13.0789,13.0789,13.0789,0
2015-08-04,13.155,13.155,13.155,13.155,0
2015-08-05,13.1043,13.1043,13.1043,13.1043,0
2015-08-06,13.0958,13.0958,13.0958,13.0958,0
2015-08-07,13.0451,13.0451,13.0451,13.0451,0
2015-08-10,13.3241,13.3241,13.3241,13.3241,0
2015-08-11,13.1466,13.1466,13.1466,13.1466,0
2015-08-12,13.1043,13.1043,13.1043,13.1043,0
2015-08-13,13.0451,13.0451,13.0451,13.0451,0
2015-08-14,12.9606,12.9606,12.9606,12.9606,0
2015-08-17,12.9098,12.9098,12.9098,12.9098,0
2015-08-18,12.8422,12.8422,12.8422,12.8422,0
2015-08-19,12.6985,12.6985,12.6985,12.6985,0
2015-08-20,12.7323,12.7323,12.7323,12.7323,0
2015-08-21,12.5209,12.5209,12.5209,12.5209,0
2015-08-24,12.2081,12.2081,12.2081,12.2081,0
2015-08-25,12.2588,12.2588,12.2588,12.2588,0
2015-08-26,12.1828,12.1828,12.1828,12.1828,0
2015-08-27,12.6224,12.6224,12.6224,12.6224,0
2015-08-28,12.9521,12.9521,12.9521,12.9521,0
2015-08-31,13.2649,13.2649,13.2649,13.2649,0
2015-09-01,12.8253,12.8253,12.8253,12.8253,0
2015-09-02,12.9352,12.9352,12.9352,12.9352,0
2015-09-03,13.0197,13.0197,13.0197,13.0197,0
2015-09-04,12.8591,12.8591,12.8591,12.8591,0
2015-09-08,12.9521,12.9521,12.9521,12.9521,0
2015-09-09,12.783,12.783,12.783,12.783,0
2015-09-10,12.8929,12.8929,12.8929,12.8929,0
2015-09-11,12.876,12.876,12.876,12.876,0
2015-09-14,12.7154,12.7154,12.7154,12.7154,0
2015-09-15,12.7577,12.7577,12.7577,12.7577,0
2015-09-16,12.969,12.969,12.969,12.969,0
2015-09-17,12.8845,12.8845,12.8845,12.8845,0
2015-09-18,12.69,12.69,12.69,12.69,0
2015-09-21,12.8337,12.8337,12.8337,12.8337,0
2015-09-22,12.7577,12.7577,12.7577,12.7577,0
2015-09-23,12.6562,12.6562,12.6562,12.6562,0
2015-09-24,12.7323,12.7323,12.7323,12.7323,0
2015-09-25,12.8084,12.8084,12.8084,12.8084,0
2015-09-28,12.6308,12.6308,12.6308,12.6308,0
2015-09-29,12.7154,12.7154,12.7154,12.7154,0
2015-09-30,12.8084,12.8084,12.8084,12.8084,0
2015-10-01,12.7238,12.7238,12.7238,12.7238,0
2015-10-02,12.8084,12.8084,12.8084,12.8084,0
2015-10-05,12.9775,12.9775,12.9775,12.9775,0
2015-10-06,13.2311,13.2311,13.2311,13.2311,0
2015-10-07,13.2057,13.2057,13.2057,13.2057,0
2015-10-08,13.2649,13.2649,13.2649,13.2649,0
2015-10-09,13.3241,13.3241,13.3241,13.3241,0
2015-10-12,13.1127,13.1127,13.1127,13.1127,0
2015-10-13,13.0282,13.0282,13.0282,13.0282,0
2015-10-14,13.062,13.062,13.062,13.062,0
2015-10-15,13.0282,13.0282,13.0282,13.0282,0
2015-10-16,13.0366,13.0366,13.0366,13.0366,0
2015-10-19,12.7999,12.7999,12.7999,12.7999,0
2015-10-20,12.8253,12.8253,12.8253,12.8253,0
2015-10-21,12.7154,12.7154,12.7154,12.7154,0
2015-10-22,12.7577,12.7577,12.7577,12.7577,0
2015-10-23,12.6816,12.6816,12.6816,12.6816,0
2015-10-26,12.6477,12.6477,12.6477,12.6477,0
2015-10-27,12.5886,12.5886,12.5886,12.5886,0
2015-10-28,12.7999,12.7999,12.7999,12.7999,0
2015-10-29,12.7238,12.7238,12.7238,12.7238,0
2015-10-30,12.8507,12.8507,12.8507,12.8507,0
2015-11-02,12.783,12.783,12.783,12.783,0
2015-11-03,13.0113,13.0113,13.0113,13.0113,0
2015-11-04,12.7915,12.7915,12.7915,12.7915,0
2015-11-05,12.69,12.69,12.69,12.69,0
2015-11-06,12.6139,12.6139,12.6139,12.6139,0
2015-11-09,12.504,12.504,12.504,12.504,0
2015-11-10,12.4787,12.4787,12.4787,12.4787,0
2015-11-11,12.3518,12.3518,12.3518,12.3518,0
2015-11-12,12.1743,12.1743,12.1743,12.1743,0
2015-11-13,12.0813,12.0813,12.0813,12.0813,0
2015-11-16,12.1405,12.1405,12.1405,12.1405,0
2015-11-17,11.9545,11.9545,11.9545,11.9545,0
2015-11-18,12.0052,12.0052,12.0052,12.0052,0
2015-11-19,12.0052,12.0052,12.0052,12.0052,0
2015-11-20,11.9883,11.9883,11.9883,11.9883,0
2015-11-23,12.0813,12.0813,12.0813,12.0813,0
2015-11-24,12.2758,12.2758,12.2758,12.2758,0
2015-11-25,12.2588,12.2588,12.2588,12.2588,0
2015-11-27,12.0728,12.0728,12.0728,12.0728,0
2015-11-30,11.9968,11.9968,11.9968,11.9968,0
2015-12-01,12.132,12.132,12.132,12.132,0
2015-12-02,11.8784,11.8784,11.8784,11.8784,0
2015-12-03,12.0137,12.0137,12.0137,12.0137,0
2015-12-04,11.9968,11.9968,11.9968,11.9968,0
2015-12-07,11.6501,11.6501,11.6501,11.6501,0
2015-12-08,11.5909,11.5909,11.5909,11.5909,0
2015-12-09,11.5994,11.5994,11.5994,11.5994,0
2015-12-10,11.5571,11.5571,11.5571,11.5571,0
2015-12-11,11.4388,11.4388,11.4388,11.4388,0
2015-12-14,11.3627,11.3627,11.3627,11.3627,0
2015-12-15,11.3373,11.3373,11.3373,11.3373,0
2015-12-16,11.2866,11.2866,11.2866,11.2866,0
2015-12-17,11.1682,11.1682,11.1682,11.1682,0
2015-12-18,11.219,11.219,11.219,11.219,0
2015-12-21,11.1682,11.1682,11.1682,11.1682,0
2015-12-22,11.1175,11.1175,11.1175,11.1175,0
2015-12-23,11.3204,11.3204,11.3204,11.3204,0
2015-12-24,11.3204,11.3204,11.3204,11.3204,0
2015-12-28,11.1598,11.1598,11.1598,11.1598,0
2015-12-29,11.3458,11.3458,11.3458,11.3458,0
2015-12-30,11.2359,11.2359,11.2359,11.2359,0
2015-12-31,11.295,11.295,11.295,11.295,0
2016-01-04,11.2105,11.2105,11.2105,11.2105,0
2016-01-05,11.1006,11.1006,11.1006,11.1006,0
2016-01-06,10.9231,10.9231,10.9231,10.9231,0
2016-01-07,10.8723,10.8723,10.8723,10.8723,0
2016-01-08,10.8216,10.8216,10.8216,10.8216,0
2016-01-11,10.5257,10.5257,10.5257,10.5257,0
2016-01-12,10.4581,10.4581,10.4581,10.4581,0
2016-01-13,10.3989,10.3989,10.3989,10.3989,0
2016-01-14,10.4242,10.4242,10.4242,10.4242,0
2016-01-15,10.2044,10.2044,10.2044,10.2044,0
2016-01-19,10.1199,10.1199,10.1199,10.1199,0
2016-01-20,10.0438,10.0438,10.0438,10.0438,0
2016-01-21,10.1791,10.1791,10.1791,10.1791,0
2016-01-22,10.4834,10.4834,10.4834,10.4834,0
2016-01-25,10.2552,10.2552,10.2552,10.2552,0
2016-01-26,10.4581,10.4581,10.4581,10.4581,0
2016-01-27,10.5849,10.5849,10.5849,10.5849,0
2016-01-28,10.7032,10.7032,10.7032,10.7032,0
2016-01-29,10.8047,10.8047,10.8047,10.8047,0
2016-02-01,10.6018,10.6018,10.6018,10.6018,0
2016-02-02,10.4158,10.4158,10.4158,10.4158,0
2016-02-03,10.6779,10.6779,10.6779,10.6779,0
2016-02-04,10.661,10.661,10.661,10.661,0
2016-02-05,10.5933,10.5933,10.5933,10.5933,0
2016-02-08,10.5426,10.5426,10.5426,10.5426,0
2016-02-09,10.2721,10.2721,10.2721,10.2721,0
2016-02-10,10.289,10.289,10.289,10.289,0
2016-02-11,10.4158,10.4158,10.4158,10.4158,0
2016-02-12,10.568,10.568,10.568,10.568,0
2016-02-16,10.4496,10.4496,10.4496,10.4496,0
2016-02-17,10.6694,10.6694,10.6694,10.6694,0
2016-02-18,10.6102,10.6102,10.6102,10.6102,0
2016-02-19,10.5172,10.5172,10.5172,10.5172,0
2016-02-22,10.6779,10.6779,10.6779,10.6779,0
2016-02-23,10.5342,10.5342,10.5342,10.5342,0
2016-02-24,10.6694,10.6694,10.6694,10.6694,0
2016-02-25,10.661,10.661,10.661,10.661,0
2016-02-26,10.6441,10.6441,10.6441,10.6441,0
2016-02-29,10.7793,10.7793,10.7793,10.7793,0
2016-03-01,10.7878,10.7878,10.7878,10.7878,0
2016-03-02,10.847,10.847,10.847,10.847,0
2016-03-03,10.9061,10.9061,10.9061,10.9061,0
2016-03-04,11.1175,11.1175,11.1175,11.1175,0
2016-03-07,11.3204,11.3204,11.3204,11.3204,0
2016-03-08,11.1682,11.1682,11.1682,11.1682,0
2016-03-09,11.3373,11.3373,11.3373,11.3373,0
2016-03-10,11.3204,11.3204,11.3204,11.3204,0
2016-03-11,11.3627,11.3627,11.3627,11.3627,0
2016-03-14,11.2612,11.2612,11.2612,11.2612,0
2016-03-15,11.1682,11.1682,11.1682,11.1682,0
2016-03-16,11.3627,11.3627,11.3627,11.3627,0
2016-03-17,11.4895,11.4895,11.4895,11.4895,0
2016-03-18,11.481,11.481,11.481,11.481,0
2016-03-21,11.5149,11.5149,11.5149,11.5149,0
2016-03-22,11.5994,11.5994,11.5994,11.5994,0
2016-03-23,11.3542,11.3542,11.3542,11.3542,0
2016-03-24,11.2866,11.2866,11.2866,11.2866,0
2016-03-28,11.3204,11.3204,11.3204,11.3204,0
2016-03-29,11.295,11.295,11.295,11.295,0
2016-03-30,11.2528,11.2528,11.2528,11.2528,0
2016-03-31,11.2359,11.2359,11.2359,11.2359,0
2016-04-01,11.0414,11.0414,11.0414,11.0414,0
2016-04-04,10.8892,10.8892,10.8892,10.8892,0
2016-04-05,10.8639,10.8639,10.8639,10.8639,0
2016-04-06,10.9822,10.9822,10.9822,10.9822,0
2016-04-07,10.9484,10.9484,10.9484,10.9484,0
2016-04-08,11.2105,11.2105,11.2105,11.2105,0
2016-04-11,11.295,11.295,11.295,11.295,0
2016-04-12,11.5402,11.5402,11.5402,11.5402,0
2016-04-13,11.5994,11.5994,11.5994,11.5994,0
2016-04-14,11.5064,11.5064,11.5064,11.5064,0
2016-04-15,11.4641,11.4641,11.4641,11.4641,0
2016-04-18,11.5149,11.5149,11.5149,11.5149,0
2016-04-19,11.76,11.76,11.76,11.76,0
2016-04-20,11.9883,11.9883,11.9883,11.9883,0
2016-04-21,11.9376,11.9376,11.9376,11.9376,0
2016-04-22,11.8869,11.8869,11.8869,11.8869,0
2016-04-25,11.8784,11.8784,11.8784,11.8784,0
2016-04-26,12.0306,12.0306,12.0306,12.0306,0
2016-04-27,12.1405,12.1405,12.1405,12.1405,0
2016-04-28,12.2081,12.2081,12.2081,12.2081,0
2016-04-29,12.3265,12.3265,12.3265,12.3265,0
2016-05-02,12.1574,12.1574,12.1574,12.1574,0
2016-05-03,11.9714,11.9714,11.9714,11.9714,0
2016-05-04,11.9799,11.9799,11.9799,11.9799,0
2016-05-05,11.8615,11.8615,11.8615,11.8615,0
2016-05-06,11.9376,11.9376,11.9376,11.9376,0
2016-05-09,11.6755,11.6755,11.6755,11.6755,0
2016-05-10,11.9629,11.9629,11.9629,11.9629,0
2016-05-11,12.2419,12.2419,12.2419,12.2419,0
2016-05-12,12.2588,12.2588,12.2588,12.2588,0
2016-05-13,12.2419,12.2419,12.2419,12.2419,0
2016-05-16,12.3772,12.3772,12.3772,12.3772,0
2016-05-17,12.4702,12.4702,12.4702,12.4702,0
2016-05-18,12.3772,12.3772,12.3772,12.3772,0
2016-05-19,12.3434,12.3434,12.3434,12.3434,0
2016-05-20,12.3941,12.3941,12.3941,12.3941,0
2016-05-23,12.3265,12.3265,12.3265,12.3265,0
2016-05-24,12.3265,12.3265,12.3265,12.3265,0
2016-05-25,12.4702,12.4702,12.4702,12.4702,0
2016-05-26,12.4618,12.4618,12.4618,12.4618,0
2016-05-27,12.5125,12.5125,12.5125,12.5125,0
2016-05-31,12.4364,12.4364,12.4364,12.4364,0
2016-06-01,12.5632,12.5632,12.5632,12.5632,0
2016-06-02,12.5886,12.5886,12.5886,12.5886,0
2016-06-03,12.6731,12.6731,12.6731,12.6731,0
2016-06-06,12.8253,12.8253,12.8253,12.8253,0
2016-06-07,12.9521,12.9521,12.9521,12.9521,0
2016-06-08,13.1719,13.1719,13.1719,13.1719,0
2016-06-09,13.1466,13.1466,13.1466,13.1466,0
2016-06-10,12.9859,12.9859,12.9859,12.9859,0
2016-06-13,12.9859,12.9859,12.9859,12.9859,0
2016-06-14,12.9014,12.9014,12.9014,12.9014,0
2016-06-15,12.8337,12.8337,12.8337,12.8337,0
2016-06-16,12.6139,12.6139,12.6139,12.6139,0
2016-06-17,12.9098,12.9098,12.9098,12.9098,0
2016-06-20,13.0282,13.0282,13.0282,13.0282,0
2016-06-21,12.9267,12.9267,12.9267,12.9267,0
2016-06-22,12.8507,12.8507,12.8507,12.8507,0
2016-06-23,12.9521,12.9521,12.9521,12.9521,0
2016-06-24,12.69,12.69,12.69,12.69,0
2016-06-27,12.6647,12.6647,12.6647,12.6647,0
2016-06-28,12.8676,12.8676,12.8676,12.8676,0
2016-06-29,13.0536,13.0536,13.0536,13.0536,0
2016-06-30,12.9775,12.9775,12.9775,12.9775,0
2016-07-01,13.1381,13.1381,13.1381,13.1381,0
2016-07-05,12.7661,12.7661,12.7661,12.7661,0
2016-07-06,12.8168,12.8168,12.8168,12.8168,0
2016-07-07,12.4533,12.4533,12.4533,12.4533,0
2016-07-08,12.5801,12.5801,12.5801,12.5801,0
2016-07-11,12.5294,12.5294,12.5294,12.5294,0
2016-07-12,12.7661,12.7661,12.7661,12.7661,0
2016-07-13,12.6055,12.6055,12.6055,12.6055,0
2016-07-14,12.6562,12.6562,12.6562,12.6562,0
2016-07-15,12.6224,12.6224,12.6224,12.6224,0
2016-07-18,12.5632,12.5632,12.5632,12.5632,0
2016-07-19,12.4871,12.4871,12.4871,12.4871,0
2016-07-20,12.4026,12.4026,12.4026,12.4026,0
2016-07-21,12.3349,12.3349,12.3349,12.3349,0
2016-07-22,12.3096,12.3096,12.3096,12.3096,0
2016-07-25,12.1743,12.1743,12.1743,12.1743,0
2016-07-26,12.1236,12.1236,12.1236,12.1236,0
2016-07-27,12.0052,12.0052,12.0052,12.0052,0
2016-07-28,11.9714,11.9714,11.9714,11.9714,0
2016-07-29,12.0728,12.0728,12.0728,12.0728,0
2016-08-01,11.8615,11.8615,11.8615,11.8615,0
2016-08-02,11.8446,11.8446,11.8446,11.8446,0
2016-08-03,12.039,12.039,12.039,12.039,0
2016-08-04,12.0898,12.0898,12.0898,12.0898,0
2016-08-05,12.1405,12.1405,12.1405,12.1405,0
2016-08-08,12.2081,12.2081,12.2081,12.2081,0
2016-08-09,12.1743,12.1743,12.1743,12.1743,0
2016-08-10,12.0306,12.0306,12.0306,12.0306,0
2016-08-11,12.2166,12.2166,12.2166,12.2166,0
2016-08-12,12.3096,12.3096,12.3096,12.3096,0
2016-08-15,12.5125,12.5125,12.5125,12.5125,0
2016-08-16,12.6139,12.6139,12.6139,12.6139,0
2016-08-17,12.6647,12.6647,12.6647,12.6647,0
2016-08-18,12.8253,12.8253,12.8253,12.8253,0
2016-08-19,12.783,12.783,12.783,12.783,0
2016-08-22,12.6647,12.6647,12.6647,12.6647,0
2016-08-23,12.7154,12.7154,12.7154,12.7154,0
2016-08-24,12.5632,12.5632,12.5632,12.5632,0
2016-08-25,12.6139,12.6139,12.6139,12.6139,0
2016-08-26,12.5717,12.5717,12.5717,12.5717,0
2016-08-29,12.5209,12.5209,12.5209,12.5209,0
2016-08-30,12.4026,12.4026,12.4026,12.4026,0
2016-08-31,12.1658,12.1658,12.1658,12.1658,0
2016-09-01,12.0306,12.0306,12.0306,12.0306,0
2016-09-02,12.1658,12.1658,12.1658,12.1658,0
2016-09-06,12.2504,12.2504,12.2504,12.2504,0
2016-09-07,12.3603,12.3603,12.3603,12.3603,0
2016-09-08,12.5801,12.5801,12.5801,12.5801,0
2016-09-09,12.3857,12.3857,12.3857,12.3857,0
2016-09-12,12.3857,12.3857,12.3857,12.3857,0
2016-09-13,12.225,12.225,12.225,12.225,0
2016-09-14,12.132,12.132,12.132,12.132,0
2016-09-15,12.1912,12.1912,12.1912,12.1912,0
2016-09-16,12.2081,12.2081,12.2081,12.2081,0
2016-09-19,12.1997,12.1997,12.1997,12.1997,0
2016-09-20,12.2419,12.2419,12.2419,12.2419,0
2016-09-21,12.3941,12.3941,12.3941,12.3941,0
2016-09-22,12.4618,12.4618,12.4618,12.4618,0
2016-09-23,12.318,12.318,12.318,12.318,0
2016-09-26,12.4026,12.4026,12.4026,12.4026,0
2016-09-27,12.2842,12.2842,12.2842,12.2842,0
2016-09-28,12.5717,12.5717,12.5717,12.5717,0
2016-09-29,12.6477,12.6477,12.6477,12.6477,0
2016-09-30,12.69,12.69,12.69,12.69,0
2016-10-03,12.7999,12.7999,12.7999,12.7999,0
2016-10-04,12.7661,12.7661,12.7661,12.7661,0
2016-10-05,12.8422,12.8422,12.8422,12.8422,0
2016-10-06,12.8676,12.8676,12.8676,12.8676,0
2016-10-07,12.8337,12.8337,12.8337,12.8337,0
2016-10-10,12.9775,12.9775,12.9775,12.9775,0
2016-10-11,12.9014,12.9014,12.9014,12.9014,0
2016-10-12,12.8084,12.8084,12.8084,12.8084,0
2016-10-13,12.8929,12.8929,12.8929,12.8929,0
2016-10-14,12.9014,12.9014,12.9014,12.9014,0
2016-10-17,12.9183,12.9183,12.9183,12.9183,0
2016-10-18,12.9436,12.9436,12.9436,12.9436,0
2016-10-19,13.0282,13.0282,13.0282,13.0282,0
2016-10-20,12.9098,12.9098,12.9098,12.9098,0
2016-10-21,12.9606,12.9606,12.9606,12.9606,0
2016-10-24,12.969,12.969,12.969,12.969,0
2016-10-25,12.9098,12.9098,12.9098,12.9098,0
2016-10-26,12.8253,12.8253,12.8253,12.8253,0
2016-10-27,12.9014,12.9014,12.9014,12.9014,0
2016-10-28,12.8168,12.8168,12.8168,12.8168,0
2016-10-31,12.6477,12.6477,12.6477,12.6477,0
2016-11-01,12.7069,12.7069,12.7069,12.7069,0
2016-11-02,12.5547,12.5547,12.5547,12.5547,0
2016-11-03,12.5125,12.5125,12.5125,12.5125,0
2016-11-04,12.4279,12.4279,12.4279,12.4279,0
2016-11-07,12.4787,12.4787,12.4787,12.4787,0
2016-11-08,12.4618,12.4618,12.4618,12.4618,0
2016-11-09,12.5209,12.5209,12.5209,12.5209,0
2016-11-10,12.4195,12.4195,12.4195,12.4195,0
2016-11-11,12.1828,12.1828,12.1828,12.1828,0
2016-11-14,12.1574,12.1574,12.1574,12.1574,0
2016-11-15,12.4279,12.4279,12.4279,12.4279,0
2016-11-16,12.2758,12.2758,12.2758,12.2758,0
2016-11-17,12.3011,12.3011,12.3011,12.3011,0
2016-11-18,12.4026,12.4026,12.4026,12.4026,0
2016-11-21,12.7492,12.7492,12.7492,12.7492,0
2016-11-22,12.7323,12.7323,12.7323,12.7323,0
2016-11-23,12.783,12.783,12.783,12.783,0
2016-11-25,12.69,12.69,12.69,12.69,0
2016-11-28,12.7323,12.7323,12.7323,12.7323,0
2016-11-29,12.4787,12.4787,12.4787,12.4787,0
2016-11-30,12.8591,12.8591,12.8591,12.8591,0
2016-12-01,13.0958,13.0958,13.0958,13.0958,0
2016-12-02,13.1888,13.1888,13.1888,13.1888,0
2016-12-05,13.2565,13.2565,13.2565,13.2565,0
2016-12-06,13.1973,13.1973,13.1973,13.1973,0
2016-12-07,13.0958,13.0958,13.0958,13.0958,0
2016-12-08,13.1212,13.1212,13.1212,13.1212,0
2016-12-09,13.1888,13.1888,13.1888,13.1888,0
2016-12-12,13.2734,13.2734,13.2734,13.2734,0
2016-12-13,13.3072,13.3072,13.3072,13.3072,0
2016-12-14,13.1804,13.1804,13.1804,13.1804,0
2016-12-15,13.1635,13.1635,13.1635,13.1635,0
2016-12-16,13.2226,13.2226,13.2226,13.2226,0
2016-12-19,13.1466,13.1466,13.1466,13.1466,0
2016-12-20,13.2057,13.2057,13.2057,13.2057,0
2016-12-21,13.1296,13.1296,13.1296,13.1296,0
2016-12-22,13.1127,13.1127,13.1127,13.1127,0
2016-12-23,13.1381,13.1381,13.1381,13.1381,0
2016-12-27,13.341,13.341,13.341,13.341,0
2016-12-28,13.3495,13.3495,13.3495,13.3495,0
2016-12-29,13.3664,13.3664,13.3664,13.3664,0
2016-12-30,13.3917,13.3917,13.3917,13.3917,0
2017-01-03,13.2311,13.2311,13.2311,13.2311,0
2017-01-04,13.3326,13.3326,13.3326,13.3326,0
2017-01-05,13.4002,13.4002,13.4002,13.4002,0
2017-01-06,13.3833,13.3833,13.3833,13.3833,0
2017-01-09,13.1804,13.1804,13.1804,13.1804,0
2017-01-10,13.1212,13.1212,13.1212,13.1212,0
2017-01-11,13.2649,13.2649,13.2649,13.2649,0
2017-01-12,13.4594,13.4594,13.4594,13.4594,0
2017-01-13,13.434,13.434,13.434,13.434,0
2017-01-17,13.4255,13.4255,13.4255,13.4255,0
2017-01-18,13.3072,13.3072,13.3072,13.3072,0
2017-01-19,13.2649,13.2649,13.2649,13.2649,0
2017-01-20,13.4171,13.4171,13.4171,13.4171,0
2017-01-23,13.4171,13.4171,13.4171,13.4171,0
2017-01-24,13.4509,13.4509,13.4509,13.4509,0
2017-01-25,13.3664,13.3664,13.3664,13.3664,0
2017-01-26,13.4255,13.4255,13.4255,13.4255,0
2017-01-27,13.3156,13.3156,13.3156,13.3156,0
2017-01-30,13.2396,13.2396,13.2396,13.2396,0
2017-01-31,13.3156,13.3156,13.3156,13.3156,0
2017-02-01,13.4594,13.4594,13.4594,13.4594,0
2017-02-02,13.4594,13.4594,13.4594,13.4594,0
2017-02-03,13.4509,13.4509,13.4509,13.4509,0
2017-02-06,13.3664,13.3664,13.3664,13.3664,0
2017-02-07,13.3072,13.3072,13.3072,13.3072,0
2017-02-08,13.3579,13.3579,13.3579,13.3579,0
2017-02-09,13.4255,13.4255,13.4255,13.4255,0
2017-02-10,13.5693,13.5693,13.5693,13.5693,0
2017-02-13,13.4171,13.4171,13.4171,13.4171,0
2017-02-14,13.434,13.434,13.434,13.434,0
2017-02-15,13.4509,13.4509,13.4509,13.4509,0
2017-02-16,13.3664,13.3664,13.3664,13.3664,0
2017-02-17,13.341,13.341,13.341,13.341,0
2017-02-21,13.3241,13.3241,13.3241,13.3241,0
2017-02-22,13.2565,13.2565,13.2565,13.2565,0
2017-02-23,13.2987,13.2987,13.2987,13.2987,0
2017-02-24,13.2734,13.2734,13.2734,13.2734,0
2017-02-27,13.2396,13.2396,13.2396,13.2396,0
2017-02-28,13.2903,13.2903,13.2903,13.2903,0
2017-03-01,13.3495,13.3495,13.3495,13.3495,0
2017-03-02,13.1381,13.1381,13.1381,13.1381,0
2017-03-03,13.2057,13.2057,13.2057,13.2057,0
2017-03-06,13.1888,13.1888,13.1888,13.1888,0
2017-03-07,13.1296,13.1296,13.1296,13.1296,0
2017-03-08,12.8337,12.8337,12.8337,12.8337,0
2017-03-09,12.7238,12.7238,12.7238,12.7238,0
2017-03-10,12.6055,12.6055,12.6055,12.6055,0
2017-03-13,12.5886,12.5886,12.5886,12.5886,0
2017-03-14,12.5378,12.5378,12.5378,12.5378,0
2017-03-15,12.6477,12.6477,12.6477,12.6477,0
2017-03-16,12.6308,12.6308,12.6308,12.6308,0
2017-03-17,12.6731,12.6731,12.6731,12.6731,0
2017-03-20,12.6647,12.6647,12.6647,12.6647,0
2017-03-21,12.597,12.597,12.597,12.597,0
2017-03-22,12.5886,12.5886,12.5886,12.5886,0
2017-03-23,12.5632,12.5632,12.5632,12.5632,0
2017-03-24,12.6055,12.6055,12.6055,12.6055,0
2017-03-27,12.5886,12.5886,12.5886,12.5886,0
2017-03-28,12.6647,12.6647,12.6647,12.6647,0
2017-03-29,12.783,12.783,12.783,12.783,0
2017-03-30,12.8337,12.8337,12.8337,12.8337,0
2017-03-31,12.8591,12.8591,12.8591,12.8591,0
2017-04-03,12.8084,12.8084,12.8084,12.8084,0
2017-04-04,12.9352,12.9352,12.9352,12.9352,0
2017-04-05,12.9606,12.9606,12.9606,12.9606,0
2017-04-06,12.9944,12.9944,12.9944,12.9944,0
2017-04-07,13.0282,13.0282,13.0282,13.0282,0
2017-04-10,13.1296,13.1296,13.1296,13.1296,0
2017-04-11,13.155,13.155,13.155,13.155,0
2017-04-12,13.155,13.155,13.155,13.155,0
2017-04-13,13.1973,13.1973,13.1973,13.1973,0
2017-04-17,13.1212,13.1212,13.1212,13.1212,0
2017-04-18,13.0705,13.0705,13.0705,13.0705,0
2017-04-19,12.8422,12.8422,12.8422,12.8422,0
2017-04-20,12.7915,12.7915,12.7915,12.7915,0
2017-04-21,12.6647,12.6647,12.6647,12.6647,0
2017-04-24,12.6224,12.6224,12.6224,12.6224,0
2017-04-25,12.6816,12.6816,12.6816,12.6816,0
2017-04-26,12.6139,12.6139,12.6139,12.6139,0
2017-04-27,12.5463,12.5463,12.5463,12.5463,0
2017-04-28,12.5125,12.5125,12.5125,12.5125,0
2017-05-01,12.5378,12.5378,12.5378,12.5378,0
2017-05-02,12.4026,12.4026,12.4026,12.4026,0
2017-05-03,12.3518,12.3518,12.3518,12.3518,0
2017-05-04,12.0559,12.0559,12.0559,12.0559,0
2017-05-05,12.225,12.225,12.225,12.225,0
2017-05-08,12.1743,12.1743,12.1743,12.1743,0
2017-05-09,12.1151,12.1151,12.1151,12.1151,0
2017-05-10,12.3096,12.3096,12.3096,12.3096,0
2017-05-11,12.3603,12.3603,12.3603,12.3603,0
2017-05-12,12.3603,12.3603,12.3603,12.3603,0
2017-05-15,12.4279,12.4279,12.4279,12.4279,0
2017-05-16,12.4448,12.4448,12.4448,12.4448,0
2017-05-17,12.5294,12.5294,12.5294,12.5294,0
2017-05-18,12.4956,12.4956,12.4956,12.4956,0
2017-05-19,12.7407,12.7407,12.7407,12.7407,0
2017-05-22,12.8253,12.8253,12.8253,12.8253,0
2017-05-23,12.783,12.783,12.783,12.783,0
2017-05-24,12.7577,12.7577,12.7577,12.7577,0
2017-05-25,12.4787,12.4787,12.4787,12.4787,0
2017-05-26,12.5717,12.5717,12.5717,12.5717,0
2017-05-30,12.4702,12.4702,12.4702,12.4702,0
2017-05-31,12.3349,12.3349,12.3349,12.3349,0
2017-06-01,12.2504,12.2504,12.2504,12.2504,0
2017-06-02,12.1912,12.1912,12.1912,12.1912,0
2017-06-05,12.1236,12.1236,12.1236,12.1236,0
2017-06-06,12.2081,12.2081,12.2081,12.2081,0
2017-06-07,12.039,12.039,12.039,12.039,0
2017-06-08,12.039,12.039,12.039,12.039,0
2017-06-09,12.1067,12.1067,12.1067,12.1067,0
2017-06-12,11.9968,11.9968,11.9968,11.9968,0
2017-06-13,12.0475,12.0475,12.0475,12.0475,0
2017-06-14,11.8361,11.8361,11.8361,11.8361,0
2017-06-15,11.8869,11.8869,11.8869,11.8869,0
2017-06-16,11.9376,11.9376,11.9376,11.9376,0
2017-06-19,11.8615,11.8615,11.8615,11.8615,0
2017-06-20,11.7431,11.7431,11.7431,11.7431,0
2017-06-21,11.6163,11.6163,11.6163,11.6163,0
2017-06-22,11.6332,11.6332,11.6332,11.6332,0
2017-06-23,11.6839,11.6839,11.6839,11.6839,0
2017-06-26,11.7093,11.7093,11.7093,11.7093,0
2017-06-27,11.8446,11.8446,11.8446,11.8446,0
2017-06-28,11.9207,11.9207,11.9207,11.9207,0
2017-06-29,11.9714,11.9714,11.9714,11.9714,0
2017-06-30,12.2166,12.2166,12.2166,12.2166,0
2017-07-03,12.3434,12.3434,12.3434,12.3434,0
2017-07-05,12.1574,12.1574,12.1574,12.1574,0
2017-07-06,12.1658,12.1658,12.1658,12.1658,0
2017-07-07,12.0475,12.0475,12.0475,12.0475,0
2017-07-10,12.0982,12.0982,12.0982,12.0982,0
2017-07-11,12.2166,12.2166,12.2166,12.2166,0
2017-07-12,12.1574,12.1574,12.1574,12.1574,0
2017-07-13,12.1489,12.1489,12.1489,12.1489,0
2017-07-14,12.2842,12.2842,12.2842,12.2842,0
2017-07-17,12.2419,12.2419,12.2419,12.2419,0
2017-07-18,12.2927,12.2927,12.2927,12.2927,0
2017-07-19,12.4026,12.4026,12.4026,12.4026,0
2017-07-20,12.3857,12.3857,12.3857,12.3857,0
2017-07-21,12.2166,12.2166,12.2166,12.2166,0
2017-07-24,12.2419,12.2419,12.2419,12.2419,0
2017-07-25,12.3772,12.3772,12.3772,12.3772,0
2017-07-26,12.4956,12.4956,12.4956,12.4956,0
2017-07-27,12.5717,12.5717,12.5717,12.5717,0
2017-07-28,12.6393,12.6393,12.6393,12.6393,0
2017-07-31,12.7154,12.7154,12.7154,12.7154,0
2017-08-01,12.5717,12.5717,12.5717,12.5717,0
2017-08-02,12.597,12.597,12.597,12.597,0
2017-08-03,12.504,12.504,12.504,12.504,0
2017-08-04,12.5294,12.5294,12.5294,12.5294,0
2017-08-07,12.5547,12.5547,12.5547,12.5547,0
2017-08-08,12.5632,12.5632,12.5632,12.5632,0
2017-08-09,12.6477,12.6477,12.6477,12.6477,0
2017-08-10,12.4533,12.4533,12.4533,12.4533,0
2017-08-11,12.4956,12.4956,12.4956,12.4956,0
2017-08-14,12.3857,12.3857,12.3857,12.3857,0
2017-08-15,12.3265,12.3265,12.3265,12.3265,0
2017-08-16,12.2927,12.2927,12.2927,12.2927,0
2017-08-17,12.3265,12.3265,12.3265,12.3265,0
2017-08-18,12.5463,12.5463,12.5463,12.5463,0
2017-08-21,12.3941,12.3941,12.3941,12.3941,0
2017-08-22,12.4279,12.4279,12.4279,12.4279,0
2017-08-23,12.5378,12.5378,12.5378,12.5378,0
2017-08-24,12.5294,12.5294,12.5294,12.5294,0
2017-08-25,12.504,12.504,12.504,12.504,0
2017-08-28,12.5125,12.5125,12.5125,12.5125,0
2017-08-29,12.5125,12.5125,12.5125,12.5125,0
2017-08-30,12.4195,12.4195,12.4195,12.4195,0
2017-08-31,12.7661,12.7661,12.7661,12.7661,0
2017-09-01,12.783,12.783,12.783,12.783,0
2017-09-05,12.8084,12.8084,12.8084,12.8084,0
2017-09-06,12.9352,12.9352,12.9352,12.9352,0
2017-09-07,12.9267,12.9267,12.9267,12.9267,0
2017-09-08,12.783,12.783,12.783,12.783,0
2017-09-11,12.8084,12.8084,12.8084,12.8084,0
2017-09-12,12.8422,12.8422,12.8422,12.8422,0
2017-09-13,12.9014,12.9014,12.9014,12.9014,0
2017-09-14,12.9098,12.9098,12.9098,12.9098,0
2017-09-15,12.969,12.969,12.969,12.969,0
2017-09-18,12.9521,12.9521,12.9521,12.9521,0
2017-09-19,12.9267,12.9267,12.9267,12.9267,0
2017-09-20,13.0366,13.0366,13.0366,13.0366,0
2017-09-21,12.9859,12.9859,12.9859,12.9859,0
2017-09-22,13.0366,13.0366,13.0366,13.0366,0
2017-09-25,13.2565,13.2565,13.2565,13.2565,0
2017-09-26,13.1381,13.1381,13.1381,13.1381,0
2017-09-27,13.0874,13.0874,13.0874,13.0874,0
2017-09-28,13.0874,13.0874,13.0874,13.0874,0
2017-09-29,13.0197,13.0197,13.0197,13.0197,0
2017-10-02,12.9098,12.9098,12.9098,12.9098,0
2017-10-03,12.9183,12.9183,12.9183,12.9183,0
2017-10-04,12.9352,12.9352,12.9352,12.9352,0
2017-10-05,13.0789,13.0789,13.0789,13.0789,0
2017-10-06,12.876,12.876,12.876,12.876,0
2017-10-09,12.8845,12.8845,12.8845,12.8845,0
2017-10-10,13.0366,13.0366,13.0366,13.0366,0
2017-10-11,13.062,13.062,13.062,13.062,0
2017-10-12,13.0451,13.0451,13.0451,13.0451,0
2017-10-13,13.1719,13.1719,13.1719,13.1719,0
2017-10-16,13.2057,13.2057,13.2057,13.2057,0
2017-10-17,13.1888,13.1888,13.1888,13.1888,0
2017-10-18,13.1804,13.1804,13.1804,13.1804,0
2017-10-19,13.1212,13.1212,13.1212,13.1212,0
2017-10-20,13.1888,13.1888,13.1888,13.1888,0
2017-10-23,13.1888,13.1888,13.1888,13.1888,0
2017-10-24,13.3241,13.3241,13.3241,13.3241,0
2017-10-25,13.341,13.341,13.341,13.341,0
2017-10-26,13.4002,13.4002,13.4002,13.4002,0
2017-10-27,13.4678,13.4678,13.4678,13.4678,0
2017-10-30,13.5016,13.5016,13.5016,13.5016,0
2017-10-31,13.5355,13.5355,13.5355,13.5355,0
2017-11-01,13.5439,13.5439,13.5439,13.5439,0
2017-11-02,13.6285,13.6285,13.6285,13.6285,0
2017-11-03,13.713,13.713,13.713,13.713,0
2017-11-06,13.9751,13.9751,13.9751,13.9751,0
2017-11-07,13.8905,13.8905,13.8905,13.8905,0
2017-11-08,13.8652,13.8652,13.8652,13.8652,0
2017-11-09,13.8905,13.8905,13.8905,13.8905,0
2017-11-10,13.8652,13.8652,13.8652,13.8652,0
2017-11-13,13.8229,13.8229,13.8229,13.8229,0
2017-11-14,13.6369,13.6369,13.6369,13.6369,0
2017-11-15,13.62,13.62,13.62,13.62,0
2017-11-16,13.5777,13.5777,13.5777,13.5777,0
2017-11-17,13.7975,13.7975,13.7975,13.7975,0
2017-11-20,13.6876,13.6876,13.6876,13.6876,0
2017-11-21,13.7806,13.7806,13.7806,13.7806,0
2017-11-22,13.8567,13.8567,13.8567,13.8567,0
2017-11-24,13.899,13.899,13.899,13.899,0
2017-11-27,13.8736,13.8736,13.8736,13.8736,0
2017-11-28,13.8145,13.8145,13.8145,13.8145,0
2017-11-29,13.7215,13.7215,13.7215,13.7215,0
2017-11-30,13.6623,13.6623,13.6623,13.6623,0
2017-12-01,13.7806,13.7806,13.7806,13.7806,0
2017-12-04,13.6115,13.6115,13.6115,13.6115,0
2017-12-05,13.6115,13.6115,13.6115,13.6115,0
2017-12-06,13.3833,13.3833,13.3833,13.3833,0
2017-12-07,13.4255,13.4255,13.4255,13.4255,0
2017-12-08,13.4932,13.4932,13.4932,13.4932,0
2017-12-11,13.527,13.527,13.527,13.527,0
2017-12-12,13.4086,13.4086,13.4086,13.4086,0
2017-12-13,13.3495,13.3495,13.3495,13.3495,0
2017-12-14,13.3917,13.3917,13.3917,13.3917,0
2017-12-15,13.3917,13.3917,13.3917,13.3917,0
2017-12-18,13.4509,13.4509,13.4509,13.4509,0
2017-12-19,13.5524,13.5524,13.5524,13.5524,0
2017-12-20,13.6285,13.6285,13.6285,13.6285,0
2017-12-21,13.6369,13.6369,13.6369,13.6369,0
2017-12-22,13.6961,13.6961,13.6961,13.6961,0
2017-12-26,13.899,13.899,13.899,13.899,0
2017-12-27,13.9328,13.9328,13.9328,13.9328,0
2017-12-28,14.0004,14.0004,14.0004,14.0004,0
2017-12-29,14.0427,14.0427,14.0427,14.0427,0
2018-01-02,14.1104,14.1104,14.1104,14.1104,0
2018-01-03,14.1949,14.1949,14.1949,14.1949,0
2018-01-04,14.178,14.178,14.178,14.178,0
2018-01-05,14.1273,14.1273,14.1273,14.1273,0
2018-01-08,14.1188,14.1188,14.1188,14.1188,0
2018-01-09,14.2118,14.2118,14.2118,14.2118,0
2018-01-10,14.2625,14.2625,14.2625,14.2625,0
2018-01-11,14.2541,14.2541,14.2541,14.2541,0
2018-01-12,14.3471,14.3471,14.3471,14.3471,0
2018-01-16,14.2794,14.2794,14.2794,14.2794,0
2018-01-17,14.2963,14.2963,14.2963,14.2963,0
2018-01-18,14.2963,14.2963,14.2963,14.2963,0
2018-01-19,14.271,14.271,14.271,14.271,0
2018-01-22,14.3048,14.3048,14.3048,14.3048,0
2018-01-23,14.4063,14.4063,14.4063,14.4063,0
2018-01-24,14.5584,14.5584,14.5584,14.5584,0
2018-01-25,14.4739,14.4739,14.4739,14.4739,0
2018-01-26,14.5838,14.5838,14.5838,14.5838,0
2018-01-29,14.5415,14.5415,14.5415,14.5415,0
2018-01-30,14.4401,14.4401,14.4401,14.4401,0
2018-01-31,14.457,14.457,14.457,14.457,0
2018-02-01,14.6007,14.6007,14.6007,14.6007,0
2018-02-02,14.364,14.364,14.364,14.364,0
2018-02-05,14.2287,14.2287,14.2287,14.2287,0
2018-02-06,14.1442,14.1442,14.1442,14.1442,0
2018-02-07,13.9835,13.9835,13.9835,13.9835,0
2018-02-08,13.8398,13.8398,13.8398,13.8398,0
2018-02-09,13.6369,13.6369,13.6369,13.6369,0
2018-02-12,13.7215,13.7215,13.7215,13.7215,0
2018-02-13,13.7468,13.7468,13.7468,13.7468,0
2018-02-14,13.9582,13.9582,13.9582,13.9582,0
2018-02-15,13.9835,13.9835,13.9835,13.9835,0
2018-02-16,14.0089,14.0089,14.0089,14.0089,0
2018-02-20,14.0512,14.0512,14.0512,14.0512,0
2018-02-21,14.0343,14.0343,14.0343,14.0343,0
2018-02-22,14.1611,14.1611,14.1611,14.1611,0
2018-02-23,14.2541,14.2541,14.2541,14.2541,0
2018-02-26,14.3302,14.3302,14.3302,14.3302,0
2018-02-27,14.1864,14.1864,14.1864,14.1864,0
2018-02-28,14.0343,14.0343,14.0343,14.0343,0
2018-03-01,14.0596,14.0596,14.0596,14.0596,0
2018-03-02,14.0596,14.0596,14.0596,14.0596,0
2018-03-05,14.1442,14.1442,14.1442,14.1442,0
2018-03-06,14.1949,14.1949,14.1949,14.1949,0
2018-03-07,14.0427,14.0427,14.0427,14.0427,0
2018-03-08,13.9582,13.9582,13.9582,13.9582,0
2018-03-09,14.0934,14.0934,14.0934,14.0934,0
2018-03-12,14.0681,14.0681,14.0681,14.0681,0
2018-03-13,14.0258,14.0258,14.0258,14.0258,0
2018-03-14,14.0258,14.0258,14.0258,14.0258,0
2018-03-15,14.0174,14.0174,14.0174,14.0174,0
2018-03-16,14.0681,14.0681,14.0681,14.0681,0
2018-03-19,13.9751,13.9751,13.9751,13.9751,0
2018-03-20,14.0681,14.0681,14.0681,14.0681,0
2018-03-21,14.3217,14.3217,14.3217,14.3217,0
2018-03-22,14.2118,14.2118,14.2118,14.2118,0
2018-03-23,14.3386,14.3386,14.3386,14.3386,0
2018-03-26,14.3471,14.3471,14.3471,14.3471,0
2018-03-27,14.2879,14.2879,14.2879,14.2879,0
2018-03-28,14.2287,14.2287,14.2287,14.2287,0
2018-03-29,14.3555,14.3555,14.3555,14.3555,0
2018-04-02,14.1611,14.1611,14.1611,14.1611,0
2018-04-03,14.2372,14.2372,14.2372,14.2372,0
2018-04-04,14.178,14.178,14.178,14.178,0
2018-04-05,14.2456,14.2456,14.2456,14.2456,0
2018-04-06,14.1442,14.1442,14.1442,14.1442,0
2018-04-09,14.3217,14.3217,14.3217,14.3217,0
2018-04-10,14.5669,14.5669,14.5669,14.5669,0
2018-04-11,14.6768,14.6768,14.6768,14.6768,0
2018-04-12,14.6176,14.6176,14.6176,14.6176,0
2018-04-13,14.6261,14.6261,14.6261,14.6261,0
2018-04-16,14.5753,14.5753,14.5753,14.5753,0
2018-04-17,14.5838,14.5838,14.5838,14.5838,0
2018-04-18,14.8543,14.8543,14.8543,14.8543,0
2018-04-19,14.7952,14.7952,14.7952,14.7952,0
2018-04-20,14.7698,14.7698,14.7698,14.7698,0
2018-04-23,14.7613,14.7613,14.7613,14.7613,0
2018-04-24,14.6853,14.6853,14.6853,14.6853,0
2018-04-25,14.7106,14.7106,14.7106,14.7106,0
2018-04-26,14.7867,14.7867,14.7867,14.7867,0
2018-04-27,14.7782,14.7782,14.7782,14.7782,0
2018-04-30,14.8459,14.8459,14.8459,14.8459,0
2018-05-01,14.7613,14.7613,14.7613,14.7613,0
2018-05-02,14.7613,14.7613,14.7613,14.7613,0
2018-05-03,14.8543,14.8543,14.8543,14.8543,0
2018-05-04,14.9558,14.9558,14.9558,14.9558,0
2018-05-07,14.9473,14.9473,14.9473,14.9473,0
2018-05-08,14.9896,14.9896,14.9896,14.9896,0
2018-05-09,15.1249,15.1249,15.1249,15.1249,0
2018-05-10,15.201,15.201,15.201,15.201,0
2018-05-11,15.108,15.108,15.108,15.108,0
2018-05-14,15.2179,15.2179,15.2179,15.2179,0
2018-05-15,15.2348,15.2348,15.2348,15.2348,0
2018-05-16,15.3193,15.3193,15.3193,15.3193,0
2018-05-17,15.3362,15.3362,15.3362,15.3362,0
2018-05-18,15.3447,15.3447,15.3447,15.3447,0
2018-05-21,15.4631,15.4631,15.4631,15.4631,0
2018-05-22,15.48,15.48,15.48,15.48,0
2018-05-23,15.5645,15.5645,15.5645,15.5645,0
2018-05-24,15.4631,15.4631,15.4631,15.4631,0
2018-05-25,15.2348,15.2348,15.2348,15.2348,0
2018-05-29,15.0911,15.0911,15.0911,15.0911,0
2018-05-30,15.2855,15.2855,15.2855,15.2855,0
2018-05-31,15.2432,15.2432,15.2432,15.2432,0
2018-06-01,15.1418,15.1418,15.1418,15.1418,0
2018-06-04,14.9642,14.9642,14.9642,14.9642,0
2018-06-05,14.9896,14.9896,14.9896,14.9896,0
2018-06-06,15.0403,15.0403,15.0403,15.0403,0
2018-06-07,15.0995,15.0995,15.0995,15.0995,0
2018-06-08,15.0911,15.0911,15.0911,15.0911,0
2018-06-11,15.0826,15.0826,15.0826,15.0826,0
2018-06-12,15.0742,15.0742,15.0742,15.0742,0
2018-06-13,15.1333,15.1333,15.1333,15.1333,0
2018-06-14,14.9642,14.9642,14.9642,14.9642,0
2018-06-15,14.6007,14.6007,14.6007,14.6007,0
2018-06-18,14.7275,14.7275,14.7275,14.7275,0
2018-06-19,14.5753,14.5753,14.5753,14.5753,0
2018-06-20,14.5584,14.5584,14.5584,14.5584,0
2018-06-21,14.4485,14.4485,14.4485,14.4485,0
2018-06-22,14.736,14.736,14.736,14.736,0
2018-06-25,14.5669,14.5669,14.5669,14.5669,0
2018-06-26,14.7106,14.7106,14.7106,14.7106,0
2018-06-27,14.7867,14.7867,14.7867,14.7867,0
2018-06-28,14.7782,14.7782,14.7782,14.7782,0
2018-06-29,14.9473,14.9473,14.9473,14.9473,0
2018-07-02,14.6345,14.6345,14.6345,14.6345,0
2018-07-03,14.6176,14.6176,14.6176,14.6176,0
2018-07-05,14.7022,14.7022,14.7022,14.7022,0
2018-07-06,14.7698,14.7698,14.7698,14.7698,0
2018-07-09,14.8459,14.8459,14.8459,14.8459,0
2018-07-10,14.8121,14.8121,14.8121,14.8121,0
2018-07-11,14.2963,14.2963,14.2963,14.2963,0
2018-07-12,14.3724,14.3724,14.3724,14.3724,0
2018-07-13,14.3978,14.3978,14.3978,14.3978,0
2018-07-16,14.0934,14.0934,14.0934,14.0934,0
2018-07-17,14.1104,14.1104,14.1104,14.1104,0
2018-07-18,14.2372,14.2372,14.2372,14.2372,0
2018-07-19,14.2203,14.2203,14.2203,14.2203,0
2018-07-20,14.3217,14.3217,14.3217,14.3217,0
2018-07-23,14.3724,14.3724,14.3724,14.3724,0
2018-07-24,14.4485,14.4485,14.4485,14.4485,0
2018-07-25,14.643,14.643,14.643,14.643,0
2018-07-26,14.643,14.643,14.643,14.643,0
2018-07-27,14.5838,14.5838,14.5838,14.5838,0
2018-07-30,14.6683,14.6683,14.6683,14.6683,0
2018-07-31,14.5838,14.5838,14.5838,14.5838,0
2018-08-01,14.3724,14.3724,14.3724,14.3724,0
2018-08-02,14.457,14.457,14.457,14.457,0
2018-08-03,14.5077,14.5077,14.5077,14.5077,0
2018-08-06,14.5331,14.5331,14.5331,14.5331,0
2018-08-07,14.643,14.643,14.643,14.643,0
2018-08-08,14.4654,14.4654,14.4654,14.4654,0
2018-08-09,14.4063,14.4063,14.4063,14.4063,0
2018-08-10,14.4063,14.4063,14.4063,14.4063,0
2018-08-13,14.3302,14.3302,14.3302,14.3302,0
2018-08-14,14.3555,14.3555,14.3555,14.3555,0
2018-08-15,14.0427,14.0427,14.0427,14.0427,0
2018-08-16,14.1526,14.1526,14.1526,14.1526,0
2018-08-17,14.2118,14.2118,14.2118,14.2118,0
2018-08-20,14.2372,14.2372,14.2372,14.2372,0
2018-08-21,14.2625,14.2625,14.2625,14.2625,0
2018-08-22,14.4654,14.4654,14.4654,14.4654,0
2018-08-23,14.4401,14.4401,14.4401,14.4401,0
2018-08-24,14.55,14.55,14.55,14.55,0
2018-08-27,14.6007,14.6007,14.6007,14.6007,0
2018-08-28,14.5415,14.5415,14.5415,14.5415,0
2018-08-29,14.7022,14.7022,14.7022,14.7022,0
2018-08-30,14.6768,14.6768,14.6768,14.6768,0
2018-08-31,14.6937,14.6937,14.6937,14.6937,0
2018-09-04,14.6092,14.6092,14.6092,14.6092,0
2018-09-05,14.55,14.55,14.55,14.55,0
2018-09-06,14.4654,14.4654,14.4654,14.4654,0
2018-09-07,14.4993,14.4993,14.4993,14.4993,0
2018-09-10,14.55,14.55,14.55,14.55,0
2018-09-11,14.6937,14.6937,14.6937,14.6937,0
2018-09-12,14.7952,14.7952,14.7952,14.7952,0
2018-09-13,14.6345,14.6345,14.6345,14.6345,0
2018-09-14,14.5415,14.5415,14.5415,14.5415,0
2018-09-17,14.5246,14.5246,14.5246,14.5246,0
2018-09-18,14.6599,14.6599,14.6599,14.6599,0
2018-09-19,14.7529,14.7529,14.7529,14.7529,0
2018-09-20,14.7529,14.7529,14.7529,14.7529,0
2018-09-21,14.7867,14.7867,14.7867,14.7867,0
2018-09-24,15.0065,15.0065,15.0065,15.0065,0
2018-09-25,15.0403,15.0403,15.0403,15.0403,0
2018-09-26,14.9727,14.9727,14.9727,14.9727,0
2018-09-27,15.0403,15.0403,15.0403,15.0403,0
2018-09-28,15.1925,15.1925,15.1925,15.1925,0
2018-10-01,15.48,15.48,15.48,15.48,0
2018-10-02,15.5307,15.5307,15.5307,15.5307,0
2018-10-03,15.6744,15.6744,15.6744,15.6744,0
2018-10-04,15.5053,15.5053,15.5053,15.5053,0
2018-10-05,15.4715,15.4715,15.4715,15.4715,0
2018-10-08,15.4292,15.4292,15.4292,15.4292,0
2018-10-09,15.5391,15.5391,15.5391,15.5391,0
2018-10-10,15.2348,15.2348,15.2348,15.2348,0
2018-10-11,15.0065,15.0065,15.0065,15.0065,0
2018-10-12,15.1249,15.1249,15.1249,15.1249,0
2018-10-15,15.1587,15.1587,15.1587,15.1587,0
2018-10-16,15.2263,15.2263,15.2263,15.2263,0
2018-10-17,15.0911,15.0911,15.0911,15.0911,0
2018-10-18,14.922,14.922,14.922,14.922,0
2018-10-19,15.0065,15.0065,15.0065,15.0065,0
2018-10-22,15.0234,15.0234,15.0234,15.0234,0
2018-10-23,14.6937,14.6937,14.6937,14.6937,0
2018-10-24,14.5923,14.5923,14.5923,14.5923,0
2018-10-25,14.6514,14.6514,14.6514,14.6514,0
2018-10-26,14.7613,14.7613,14.7613,14.7613,0
2018-10-29,14.6092,14.6092,14.6092,14.6092,0
2018-10-30,14.5331,14.5331,14.5331,14.5331,0
2018-10-31,14.3386,14.3386,14.3386,14.3386,0
2018-11-01,14.2372,14.2372,14.2372,14.2372,0
2018-11-02,14.2034,14.2034,14.2034,14.2034,0
2018-11-05,14.1949,14.1949,14.1949,14.1949,0
2018-11-06,14.1357,14.1357,14.1357,14.1357,0
2018-11-07,14.1019,14.1019,14.1019,14.1019,0
2018-11-08,14.0174,14.0174,14.0174,14.0174,0
2018-11-09,13.8652,13.8652,13.8652,13.8652,0
2018-11-12,13.8314,13.8314,13.8314,13.8314,0
2018-11-13,13.4509,13.4509,13.4509,13.4509,0
2018-11-14,13.5693,13.5693,13.5693,13.5693,0
2018-11-15,13.5439,13.5439,13.5439,13.5439,0
2018-11-16,13.6285,13.6285,13.6285,13.6285,0
2018-11-19,13.6285,13.6285,13.6285,13.6285,0
2018-11-20,13.2142,13.2142,13.2142,13.2142,0
2018-11-21,13.3241,13.3241,13.3241,13.3241,0
2018-11-23,12.9352,12.9352,12.9352,12.9352,0
2018-11-26,12.9944,12.9944,12.9944,12.9944,0
2018-11-27,12.9436,12.9436,12.9436,12.9436,0
2018-11-28,12.9014,12.9014,12.9014,12.9014,0
2018-11-29,12.9859,12.9859,12.9859,12.9859,0
2018-11-30,12.9267,12.9267,12.9267,12.9267,0
2018-12-03,13.2226,13.2226,13.2226,13.2226,0
2018-12-04,13.2311,13.2311,13.2311,13.2311,0
2018-12-06,13.1212,13.1212,13.1212,13.1212,0
2018-12-07,13.2734,13.2734,13.2734,13.2734,0
2018-12-10,13.062,13.062,13.062,13.062,0
2018-12-11,13.1381,13.1381,13.1381,13.1381,0
2018-12-12,13.0958,13.0958,13.0958,13.0958,0
2018-12-13,13.2649,13.2649,13.2649,13.2649,0
2018-12-14,13.062,13.062,13.062,13.062,0
2018-12-17,12.9098,12.9098,12.9098,12.9098,0
2018-12-18,12.6393,12.6393,12.6393,12.6393,0
2018-12-19,12.69,12.69,12.69,12.69,0
2018-12-20,12.5717,12.5717,12.5717,12.5717,0
2018-12-21,12.4618,12.4618,12.4618,12.4618,0
2018-12-24,12.3239,12.3239,12.3239,12.3239,0
2018-12-26,12.5979,12.5979,12.5979,12.5979,0
2018-12-27,12.478,12.478,12.478,12.478,0
2018-12-28,12.3753,12.3753,12.3753,12.3753,0
2018-12-31,12.4095,12.4095,12.4095,12.4095,0
2019-01-02,12.4438,12.4438,12.4438,12.4438,0
2019-01-03,12.5465,12.5465,12.5465,12.5465,0
2019-01-04,12.7178,12.7178,12.7178,12.7178,0
2019-01-07,12.812,12.812,12.812,12.812,0
2019-01-08,12.9405,12.9405,12.9405,12.9405,0
2019-01-09,13.1974,13.1974,13.1974,13.1974,0
2019-01-10,13.1632,13.1632,13.1632,13.1632,0
2019-01-11,13.1203,13.1203,13.1203,13.1203,0
2019-01-14,13.009,13.009,13.009,13.009,0
2019-01-15,13.1118,13.1118,13.1118,13.1118,0
2019-01-16,13.1803,13.1803,13.1803,13.1803,0
2019-01-17,13.1888,13.1888,13.1888,13.1888,0
2019-01-18,13.3259,13.3259,13.3259,13.3259,0
2019-01-22,13.2317,13.2317,13.2317,13.2317,0
2019-01-23,13.2145,13.2145,13.2145,13.2145,0
2019-01-24,13.2488,13.2488,13.2488,13.2488,0
2019-01-25,13.3173,13.3173,13.3173,13.3173,0
2019-01-28,13.1375,13.1375,13.1375,13.1375,0
2019-01-29,13.2659,13.2659,13.2659,13.2659,0
2019-01-30,13.3601,13.3601,13.3601,13.3601,0
2019-01-31,13.2916,13.2916,13.2916,13.2916,0
2019-02-01,13.4115,13.4115,13.4115,13.4115,0
2019-02-04,13.4201,13.4201,13.4201,13.4201,0
2019-02-05,13.3601,13.3601,13.3601,13.3601,0
2019-02-06,13.3773,13.3773,13.3773,13.3773,0
2019-02-07,13.2488,13.2488,13.2488,13.2488,0
2019-02-08,13.2659,13.2659,13.2659,13.2659,0
2019-02-11,13.1888,13.1888,13.1888,13.1888,0
2019-02-12,13.2659,13.2659,13.2659,13.2659,0
2019-02-13,13.343,13.343,13.343,13.343,0
2019-02-14,13.3773,13.3773,13.3773,13.3773,0
2019-02-15,13.6256,13.6256,13.6256,13.6256,0
2019-02-19,13.6599,13.6599,13.6599,13.6599,0
2019-02-20,13.7027,13.7027,13.7027,13.7027,0
2019-02-21,13.7455,13.7455,13.7455,13.7455,0
2019-02-22,13.7798,13.7798,13.7798,13.7798,0
2019-02-25,13.5742,13.5742,13.5742,13.5742,0
2019-02-26,13.6342,13.6342,13.6342,13.6342,0
2019-02-27,13.7027,13.7027,13.7027,13.7027,0
2019-02-28,13.6684,13.6684,13.6684,13.6684,0
2019-03-01,13.5143,13.5143,13.5143,13.5143,0
2019-03-04,13.5571,13.5571,13.5571,13.5571,0
2019-03-05,13.6256,13.6256,13.6256,13.6256,0
2019-03-06,13.5485,13.5485,13.5485,13.5485,0
2019-03-07,13.5143,13.5143,13.5143,13.5143,0
2019-03-08,13.5057,13.5057,13.5057,13.5057,0
2019-03-11,13.5229,13.5229,13.5229,13.5229,0
2019-03-12,13.6085,13.6085,13.6085,13.6085,0
2019-03-13,13.6941,13.6941,13.6941,13.6941,0
2019-03-14,13.6342,13.6342,13.6342,13.6342,0
2019-03-15,13.6342,13.6342,13.6342,13.6342,0
2019-03-18,13.7027,13.7027,13.7027,13.7027,0
2019-03-19,13.737,13.737,13.737,13.737,0
2019-03-20,13.8397,13.8397,13.8397,13.8397,0
2019-03-21,13.7712,13.7712,13.7712,13.7712,0
2019-03-22,13.6513,13.6513,13.6513,13.6513,0
2019-03-25,13.7027,13.7027,13.7027,13.7027,0
2019-03-26,13.7284,13.7284,13.7284,13.7284,0
2019-03-27,13.6513,13.6513,13.6513,13.6513,0
2019-03-28,13.6085,13.6085,13.6085,13.6085,0
2019-03-29,13.6171,13.6171,13.6171,13.6171,0
2019-04-01,13.7455,13.7455,13.7455,13.7455,0
2019-04-02,13.7798,13.7798,13.7798,13.7798,0
2019-04-03,13.7969,13.7969,13.7969,13.7969,0
2019-04-04,13.8055,13.8055,13.8055,13.8055,0
2019-04-05,13.8483,13.8483,13.8483,13.8483,0
2019-04-08,13.8997,13.8997,13.8997,13.8997,0
2019-04-09,13.874,13.874,13.874,13.874,0
2019-04-10,13.9939,13.9939,13.9939,13.9939,0
2019-04-11,13.9254,13.9254,13.9254,13.9254,0
2019-04-12,13.9682,13.9682,13.9682,13.9682,0
2019-04-15,13.9425,13.9425,13.9425,13.9425,0
2019-04-16,13.8911,13.8911,13.8911,13.8911,0
2019-04-17,13.8397,13.8397,13.8397,13.8397,0
2019-04-18,13.8825,13.8825,13.8825,13.8825,0
2019-04-22,13.9511,13.9511,13.9511,13.9511,0
2019-04-23,13.9682,13.9682,13.9682,13.9682,0
2019-04-24,13.9168,13.9168,13.9168,13.9168,0
2019-04-25,13.8911,13.8911,13.8911,13.8911,0
2019-04-26,13.7284,13.7284,13.7284,13.7284,0
2019-04-29,13.737,13.737,13.737,13.737,0
2019-04-30,13.7798,13.7798,13.7798,13.7798,0
2019-05-01,13.737,13.737,13.737,13.737,0
2019-05-02,13.5828,13.5828,13.5828,13.5828,0
2019-05-03,13.5914,13.5914,13.5914,13.5914,0
2019-05-06,13.6342,13.6342,13.6342,13.6342,0
2019-05-07,13.4629,13.4629,13.4629,13.4629,0
2019-05-08,13.48,13.48,13.48,13.48,0
2019-05-09,13.4115,13.4115,13.4115,13.4115,0
2019-05-10,13.4372,13.4372,13.4372,13.4372,0
2019-05-13,13.3687,13.3687,13.3687,13.3687,0
2019-05-14,13.5485,13.5485,13.5485,13.5485,0
2019-05-15,13.6684,13.6684,13.6684,13.6684,0
2019-05-16,13.7455,13.7455,13.7455,13.7455,0
2019-05-17,13.6171,13.6171,13.6171,13.6171,0
2019-05-20,13.677,13.677,13.677,13.677,0
2019-05-21,13.6856,13.6856,13.6856,13.6856,0
2019-05-22,13.4886,13.4886,13.4886,13.4886,0
2019-05-23,13.206,13.206,13.206,13.206,0
2019-05-24,13.3858,13.3858,13.3858,13.3858,0
2019-05-28,13.4972,13.4972,13.4972,13.4972,0
2019-05-29,13.4458,13.4458,13.4458,13.4458,0
2019-05-30,13.3087,13.3087,13.3087,13.3087,0
2019-05-31,12.9576,12.9576,12.9576,12.9576,0
2019-06-03,12.9148,12.9148,12.9148,12.9148,0
2019-06-04,12.9919,12.9919,12.9919,12.9919,0
2019-06-05,12.7264,12.7264,12.7264,12.7264,0
2019-06-06,12.9491,12.9491,12.9491,12.9491,0
2019-06-07,12.9919,12.9919,12.9919,12.9919,0
2019-06-10,12.9576,12.9576,12.9576,12.9576,0
2019-06-11,13.0433,13.0433,13.0433,13.0433,0
2019-06-12,12.8634,12.8634,12.8634,12.8634,0
2019-06-13,13.0261,13.0261,13.0261,13.0261,0
2019-06-14,13.0775,13.0775,13.0775,13.0775,0
2019-06-17,13.0176,13.0176,13.0176,13.0176,0
2019-06-18,13.1717,13.1717,13.1717,13.1717,0
2019-06-19,13.146,13.146,13.146,13.146,0
2019-06-20,13.4115,13.4115,13.4115,13.4115,0
2019-06-21,13.4458,13.4458,13.4458,13.4458,0
2019-06-24,13.5057,13.5057,13.5057,13.5057,0
2019-06-25,13.5485,13.5485,13.5485,13.5485,0
2019-06-26,13.6171,13.6171,13.6171,13.6171,0
2019-06-27,13.6171,13.6171,13.6171,13.6171,0
2019-06-28,13.4715,13.4715,13.4715,13.4715,0
2019-07-01,13.4629,13.4629,13.4629,13.4629,0
2019-07-02,13.2402,13.2402,13.2402,13.2402,0
2019-07-03,13.3687,13.3687,13.3687,13.3687,0
2019-07-05,13.3944,13.3944,13.3944,13.3944,0
2019-07-08,13.3773,13.3773,13.3773,13.3773,0
2019-07-09,13.4201,13.4201,13.4201,13.4201,0
2019-07-10,13.7113,13.7113,13.7113,13.7113,0
2019-07-11,13.7198,13.7198,13.7198,13.7198,0
2019-07-12,13.7541,13.7541,13.7541,13.7541,0
2019-07-15,13.6085,13.6085,13.6085,13.6085,0
2019-07-16,13.4629,13.4629,13.4629,13.4629,0
2019-07-17,13.343,13.343,13.343,13.343,0
2019-07-18,13.2488,13.2488,13.2488,13.2488,0
2019-07-19,13.3259,13.3259,13.3259,13.3259,0
2019-07-22,13.2831,13.2831,13.2831,13.2831,0
2019-07-23,13.3687,13.3687,13.3687,13.3687,0
2019-07-24,13.3087,13.3087,13.3087,13.3087,0
2019-07-25,13.2574,13.2574,13.2574,13.2574,0
2019-07-26,13.2745,13.2745,13.2745,13.2745,0
2019-07-29,13.3259,13.3259,13.3259,13.3259,0
2019-07-30,13.403,13.403,13.403,13.403,0
2019-07-31,13.3173,13.3173,13.3173,13.3173,0
2019-08-01,12.9491,12.9491,12.9491,12.9491,0
2019-08-02,12.9662,12.9662,12.9662,12.9662,0
2019-08-05,12.8548,12.8548,12.8548,12.8548,0
2019-08-06,12.7863,12.7863,12.7863,12.7863,0
2019-08-07,12.6236,12.6236,12.6236,12.6236,0
2019-08-08,12.6921,12.6921,12.6921,12.6921,0
2019-08-09,12.8035,12.8035,12.8035,12.8035,0
2019-08-12,12.7093,12.7093,12.7093,12.7093,0
2019-08-13,13.009,13.009,13.009,13.009,0
2019-08-14,12.812,12.812,12.812,12.812,0
2019-08-15,12.7093,12.7093,12.7093,12.7093,0
2019-08-16,12.7007,12.7007,12.7007,12.7007,0
2019-08-19,12.7606,12.7606,12.7606,12.7606,0
2019-08-20,12.7949,12.7949,12.7949,12.7949,0
2019-08-21,12.8377,12.8377,12.8377,12.8377,0
2019-08-22,12.7778,12.7778,12.7778,12.7778,0
2019-08-23,12.6836,12.6836,12.6836,12.6836,0
2019-08-26,12.675,12.675,12.675,12.675,0
2019-08-27,12.7606,12.7606,12.7606,12.7606,0
2019-08-28,12.872,12.872,12.872,12.872,0
2019-08-29,12.9062,12.9062,12.9062,12.9062,0
2019-08-30,12.7007,12.7007,12.7007,12.7007,0
2019-09-03,12.6322,12.6322,12.6322,12.6322,0
2019-09-04,12.9319,12.9319,12.9319,12.9319,0
2019-09-05,12.9148,12.9148,12.9148,12.9148,0
2019-09-06,12.9491,12.9491,12.9491,12.9491,0
2019-09-09,13.069,13.069,13.069,13.069,0
2019-09-10,13.0861,13.0861,13.0861,13.0861,0
2019-09-11,12.9919,12.9919,12.9919,12.9919,0
2019-09-12,12.9405,12.9405,12.9405,12.9405,0
2019-09-13,12.9405,12.9405,12.9405,12.9405,0
2019-09-16,13.5143,13.5143,13.5143,13.5143,0
2019-09-17,13.2574,13.2574,13.2574,13.2574,0
2019-09-18,13.1717,13.1717,13.1717,13.1717,0
2019-09-19,13.2402,13.2402,13.2402,13.2402,0
2019-09-20,13.2574,13.2574,13.2574,13.2574,0
2019-09-23,13.2916,13.2916,13.2916,13.2916,0
2019-09-24,13.1375,13.1375,13.1375,13.1375,0
2019-09-25,13.0604,13.0604,13.0604,13.0604,0
2019-09-26,13.0604,13.0604,13.0604,13.0604,0
2019-09-27,13.009,13.009,13.009,13.009,0
2019-09-30,12.8805,12.8805,12.8805,12.8805,0
2019-10-01,12.872,12.872,12.872,12.872,0
2019-10-02,12.7606,12.7606,12.7606,12.7606,0
2019-10-03,12.7435,12.7435,12.7435,12.7435,0
2019-10-04,12.8463,12.8463,12.8463,12.8463,0
2019-10-07,12.8292,12.8292,12.8292,12.8292,0
2019-10-08,12.8206,12.8206,12.8206,12.8206,0
2019-10-09,12.8548,12.8548,12.8548,12.8548,0
2019-10-10,12.9405,12.9405,12.9405,12.9405,0
2019-10-11,13.0946,13.0946,13.0946,13.0946,0
2019-10-14,13.0347,13.0347,13.0347,13.0347,0
2019-10-15,13.0004,13.0004,13.0004,13.0004,0
2019-10-16,13.0176,13.0176,13.0176,13.0176,0
2019-10-17,13.069,13.069,13.069,13.069,0
2019-10-18,13.0604,13.0604,13.0604,13.0604,0
2019-10-21,13.0433,13.0433,13.0433,13.0433,0
2019-10-22,13.0604,13.0604,13.0604,13.0604,0
2019-10-23,13.2231,13.2231,13.2231,13.2231,0
2019-10-24,13.2916,13.2916,13.2916,13.2916,0
2019-10-25,13.3687,13.3687,13.3687,13.3687,0
2019-10-28,13.3173,13.3173,13.3173,13.3173,0
2019-10-29,13.2916,13.2916,13.2916,13.2916,0
2019-10-30,13.206,13.206,13.206,13.206,0
2019-10-31,13.1289,13.1289,13.1289,13.1289,0
2019-11-01,13.3687,13.3687,13.3687,13.3687,0
2019-11-04,13.4543,13.4543,13.4543,13.4543,0
2019-11-05,13.4886,13.4886,13.4886,13.4886,0
2019-11-06,13.343,13.343,13.343,13.343,0
2019-11-07,13.3344,13.3344,13.3344,13.3344,0
2019-11-08,13.3687,13.3687,13.3687,13.3687,0
2019-11-11,13.2831,13.2831,13.2831,13.2831,0
2019-11-12,13.2916,13.2916,13.2916,13.2916,0
2019-11-13,13.3173,13.3173,13.3173,13.3173,0
2019-11-14,13.2745,13.2745,13.2745,13.2745,0
2019-11-15,13.343,13.343,13.343,13.343,0
2019-11-18,13.206,13.206,13.206,13.206,0
2019-11-19,13.0861,13.0861,13.0861,13.0861,0
2019-11-20,13.2574,13.2574,13.2574,13.2574,0
2019-11-21,13.3773,13.3773,13.3773,13.3773,0
2019-11-22,13.3687,13.3687,13.3687,13.3687,0
2019-11-25,13.3687,13.3687,13.3687,13.3687,0
2019-11-26,13.4458,13.4458,13.4458,13.4458,0
2019-11-27,13.3773,13.3773,13.3773,13.3773,0
2019-11-29,13.1118,13.1118,13.1118,13.1118,0
2019-12-02,13.0946,13.0946,13.0946,13.0946,0
2019-12-03,13.1032,13.1032,13.1032,13.1032,0
2019-12-04,13.3087,13.3087,13.3087,13.3087,0
2019-12-05,13.3344,13.3344,13.3344,13.3344,0
2019-12-06,13.4201,13.4201,13.4201,13.4201,0
2019-12-09,13.403,13.403,13.403,13.403,0
2019-12-10,13.4629,13.4629,13.4629,13.4629,0
2019-12-11,13.403,13.403,13.403,13.403,0
2019-12-12,13.5229,13.5229,13.5229,13.5229,0
2019-12-13,13.5914,13.5914,13.5914,13.5914,0
2019-12-16,13.6856,13.6856,13.6856,13.6856,0
2019-12-17,13.7455,13.7455,13.7455,13.7455,0
2019-12-18,13.7541,13.7541,13.7541,13.7541,0
2019-12-19,13.814,13.814,13.814,13.814,0
2019-12-20,13.7969,13.7969,13.7969,13.7969,0
2019-12-23,13.8004,13.8004,13.8004,13.8004,0
2019-12-24,13.8613,13.8613,13.8613,13.8613,0
2019-12-26,13.9657,13.9657,13.9657,13.9657,0
2019-12-27,13.9918,13.9918,13.9918,13.9918,0
2019-12-30,13.9657,13.9657,13.9657,13.9657,0
2019-12-31,13.8787,13.8787,13.8787,13.8787,0
2020-01-02,13.8961,13.8961,13.8961,13.8961,0
2020-01-03,14.0614,14.0614,14.0614,14.0614,0
2020-01-06,14.0875,14.0875,14.0875,14.0875,0
2020-01-07,14.0788,14.0788,14.0788,14.0788,0
2020-01-08,13.87,13.87,13.87,13.87,0
2020-01-09,13.8091,13.8091,13.8091,13.8091,0
2020-01-10,13.8091,13.8091,13.8091,13.8091,0
2020-01-13,13.7047,13.7047,13.7047,13.7047,0
2020-01-14,13.7656,13.7656,13.7656,13.7656,0
2020-01-15,13.696,13.696,13.696,13.696,0
2020-01-16,13.6786,13.6786,13.6786,13.6786,0
2020-01-17,13.7221,13.7221,13.7221,13.7221,0
2020-01-21,13.6438,13.6438,13.6438,13.6438,0
2020-01-22,13.461,13.461,13.461,13.461,0
2020-01-23,13.3479,13.3479,13.3479,13.3479,0
2020-01-24,13.1478,13.1478,13.1478,13.1478,0
2020-01-27,12.9041,12.9041,12.9041,12.9041,0
2020-01-28,12.9651,12.9651,12.9651,12.9651,0
2020-01-29,12.9041,12.9041,12.9041,12.9041,0
2020-01-30,12.791,12.791,12.791,12.791,0
2020-01-31,12.6866,12.6866,12.6866,12.6866,0
2020-02-03,12.4517,12.4517,12.4517,12.4517,0
2020-02-04,12.4691,12.4691,12.4691,12.4691,0
2020-02-05,12.6605,12.6605,12.6605,12.6605,0
2020-02-06,12.7127,12.7127,12.7127,12.7127,0
2020-02-07,12.6431,12.6431,12.6431,12.6431,0
2020-02-10,12.53,12.53,12.53,12.53,0
2020-02-11,12.5735,12.5735,12.5735,12.5735,0
2020-02-12,12.7475,12.7475,12.7475,12.7475,0
2020-02-13,12.7562,12.7562,12.7562,12.7562,0
2020-02-14,12.7475,12.7475,12.7475,12.7475,0
2020-02-18,12.8432,12.8432,12.8432,12.8432,0
2020-02-19,12.9651,12.9651,12.9651,12.9651,0
2020-02-20,12.9128,12.9128,12.9128,12.9128,0
2020-02-21,12.8606,12.8606,12.8606,12.8606,0
2020-02-24,12.617,12.617,12.617,12.617,0
2020-02-25,12.3821,12.3821,12.3821,12.3821,0
2020-02-26,12.2602,12.2602,12.2602,12.2602,0
2020-02-27,12.0514,12.0514,12.0514,12.0514,0
2020-02-28,11.8426,11.8426,11.8426,11.8426,0
2020-03-02,12.1123,12.1123,12.1123,12.1123,0
2020-03-03,12.1384,12.1384,12.1384,12.1384,0
2020-03-04,12.1471,12.1471,12.1471,12.1471,0
2020-03-05,12.0166,12.0166,12.0166,12.0166,0
2020-03-06,11.625,11.625,11.625,11.625,0
2020-03-09,10.7201,10.7201,10.7201,10.7201,0
2020-03-10,11.0595,11.0595,11.0595,11.0595,0
2020-03-11,10.8593,10.8593,10.8593,10.8593,0
2020-03-12,10.4243,10.4243,10.4243,10.4243,0
2020-03-13,10.5374,10.5374,10.5374,10.5374,0
2020-03-16,9.9022,9.9022,9.9022,9.9022,0
2020-03-17,9.7455,9.7455,9.7455,9.7455,0
2020-03-18,9.4236,9.4236,9.4236,9.4236,0
2020-03-19,9.6237,9.6237,9.6237,9.6237,0
2020-03-20,9.5193,9.5193,9.5193,9.5193,0
2020-03-23,9.6324,9.6324,9.6324,9.6324,0
2020-03-24,9.8413,9.8413,9.8413,9.8413,0
2020-03-25,10.0066,10.0066,10.0066,10.0066,0
2020-03-26,9.9718,9.9718,9.9718,9.9718,0
2020-03-27,9.937,9.937,9.937,9.937,0
2020-03-30,9.9109,9.9109,9.9109,9.9109,0
2020-03-31,9.7891,9.7891,9.7891,9.7891,0
2020-04-01,9.5106,9.5106,9.5106,9.5106,0
2020-04-02,9.6933,9.6933,9.6933,9.6933,0
2020-04-03,9.937,9.937,9.937,9.937,0
2020-04-06,9.9892,9.9892,9.9892,9.9892,0
2020-04-07,10.0588,10.0588,10.0588,10.0588,0
2020-04-08,10.0327,10.0327,10.0327,10.0327,0
2020-04-09,10.0588,10.0588,10.0588,10.0588,0
2020-04-13,10.2328,10.2328,10.2328,10.2328,0
2020-04-14,10.1458,10.1458,10.1458,10.1458,0
2020-04-15,9.937,9.937,9.937,9.937,0
2020-04-16,9.9109,9.9109,9.9109,9.9109,0
2020-04-17,9.9544,9.9544,9.9544,9.9544,0
2020-04-20,9.7891,9.7891,9.7891,9.7891,0
2020-04-21,9.3279,9.3279,9.3279,9.3279,0
2020-04-22,9.4584,9.4584,9.4584,9.4584,0
2020-04-23,9.4323,9.4323,9.4323,9.4323,0
2020-04-24,9.3105,9.3105,9.3105,9.3105,0
2020-04-27,9.1364,9.1364,9.1364,9.1364,0
2020-04-28,9.1452,9.1452,9.1452,9.1452,0
2020-04-29,9.3105,9.3105,9.3105,9.3105,0
2020-04-30,9.4845,9.4845,9.4845,9.4845,0
2020-05-01,9.3627,9.3627,9.3627,9.3627,0
2020-05-04,9.4758,9.4758,9.4758,9.4758,0
2020-05-05,9.7194,9.7194,9.7194,9.7194,0
2020-05-06,9.528,9.528,9.528,9.528,0
2020-05-07,9.5889,9.5889,9.5889,9.5889,0
2020-05-08,9.7891,9.7891,9.7891,9.7891,0
2020-05-11,9.6585,9.6585,9.6585,9.6585,0
2020-05-12,9.5802,9.5802,9.5802,9.5802,0
2020-05-13,9.4845,9.4845,9.4845,9.4845,0
2020-05-14,9.6498,9.6498,9.6498,9.6498,0
2020-05-15,9.7455,9.7455,9.7455,9.7455,0
2020-05-18,10.024,10.024,10.024,10.024,0
2020-05-19,9.9979,9.9979,9.9979,9.9979,0
2020-05-20,10.1719,10.1719,10.1719,10.1719,0
2020-05-21,10.1284,10.1284,10.1284,10.1284,0
2020-05-22,10.0501,10.0501,10.0501,10.0501,0
2020-05-26,10.1545,10.1545,10.1545,10.1545,0
2020-05-27,10.024,10.024,10.024,10.024,0
2020-05-28,10.0762,10.0762,10.0762,10.0762,0
2020-05-29,10.2502,10.2502,10.2502,10.2502,0
2020-06-01,10.3111,10.3111,10.3111,10.3111,0
2020-06-02,10.4243,10.4243,10.4243,10.4243,0
2020-06-03,10.4243,10.4243,10.4243,10.4243,0
2020-06-04,10.5113,10.5113,10.5113,10.5113,0
2020-06-05,10.7201,10.7201,10.7201,10.7201,0
2020-06-08,10.6505,10.6505,10.6505,10.6505,0
2020-06-09,10.6853,10.6853,10.6853,10.6853,0
2020-06-10,10.7549,10.7549,10.7549,10.7549,0
2020-06-11,10.4068,10.4068,10.4068,10.4068,0
2020-06-12,10.4504,10.4504,10.4504,10.4504,0
2020-06-15,10.5461,10.5461,10.5461,10.5461,0
2020-06-16,10.6331,10.6331,10.6331,10.6331,0
2020-06-17,10.5809,10.5809,10.5809,10.5809,0
2020-06-18,10.6418,10.6418,10.6418,10.6418,0
2020-06-19,10.7288,10.7288,10.7288,10.7288,0
2020-06-22,10.8419,10.8419,10.8419,10.8419,0
2020-06-23,10.7897,10.7897,10.7897,10.7897,0
2020-06-24,10.52,10.52,10.52,10.52,0
2020-06-25,10.6157,10.6157,10.6157,10.6157,0
2020-06-26,10.4852,10.4852,10.4852,10.4852,0
2020-06-29,10.6592,10.6592,10.6592,10.6592,0
2020-06-30,10.7114,10.7114,10.7114,10.7114,0
2020-07-01,10.7984,10.7984,10.7984,10.7984,0
2020-07-02,10.8419,10.8419,10.8419,10.8419,0
2020-07-06,10.9289,10.9289,10.9289,10.9289,0
2020-07-07,10.9376,10.9376,10.9376,10.9376,0
2020-07-08,11.0769,11.0769,11.0769,11.0769,0
2020-07-09,10.9463,10.9463,10.9463,10.9463,0
2020-07-10,11.0159,11.0159,11.0159,11.0159,0
2020-07-13,10.9028,10.9028,10.9028,10.9028,0
2020-07-14,10.955,10.955,10.955,10.955,0
2020-07-15,11.0856,11.0856,11.0856,11.0856,0
2020-07-16,10.9985,10.9985,10.9985,10.9985,0
2020-07-17,11.0159,11.0159,11.0159,11.0159,0
2020-07-20,11.0072,11.0072,11.0072,11.0072,0
2020-07-21,11.1639,11.1639,11.1639,11.1639,0
2020-07-22,11.2335,11.2335,11.2335,11.2335,0
2020-07-23,11.2074,11.2074,11.2074,11.2074,0
2020-07-24,11.2248,11.2248,11.2248,11.2248,0
2020-07-27,11.3292,11.3292,11.3292,11.3292,0
2020-07-28,11.2683,11.2683,11.2683,11.2683,0
2020-07-29,11.3292,11.3292,11.3292,11.3292,0
2020-07-30,11.1987,11.1987,11.1987,11.1987,0
2020-07-31,11.2596,11.2596,11.2596,11.2596,0
2020-08-03,11.3727,11.3727,11.3727,11.3727,0
2020-08-04,11.4336,11.4336,11.4336,11.4336,0
2020-08-05,11.5293,11.5293,11.5293,11.5293,0
2020-08-06,11.6163,11.6163,11.6163,11.6163,0
2020-08-07,11.4597,11.4597,11.4597,11.4597,0
2020-08-10,11.5206,11.5206,11.5206,11.5206,0
2020-08-11,11.3379,11.3379,11.3379,11.3379,0
2020-08-12,11.4597,11.4597,11.4597,11.4597,0
2020-08-13,11.5206,11.5206,11.5206,11.5206,0
2020-08-14,11.5206,11.5206,11.5206,11.5206,0
2020-08-17,11.7121,11.7121,11.7121,11.7121,0
2020-08-18,11.7382,11.7382,11.7382,11.7382,0
2020-08-19,11.7034,11.7034,11.7034,11.7034,0
2020-08-20,11.686,11.686,11.686,11.686,0
2020-08-21,11.5728,11.5728,11.5728,11.5728,0
2020-08-24,11.6337,11.6337,11.6337,11.6337,0
2020-08-25,11.7295,11.7295,11.7295,11.7295,0
2020-08-26,11.7556,11.7556,11.7556,11.7556,0
2020-08-27,11.7121,11.7121,11.7121,11.7121,0
2020-08-28,11.7904,11.7904,11.7904,11.7904,0
2020-08-31,11.7817,11.7817,11.7817,11.7817,0
2020-09-01,11.7991,11.7991,11.7991,11.7991,0
2020-09-02,11.6424,11.6424,11.6424,11.6424,0
2020-09-03,11.538,11.538,11.538,11.538,0
2020-09-04,11.4336,11.4336,11.4336,11.4336,0
2020-09-08,11.1552,11.1552,11.1552,11.1552,0
2020-09-09,11.2596,11.2596,11.2596,11.2596,0
2020-09-10,11.1465,11.1465,11.1465,11.1465,0
2020-09-11,11.2248,11.2248,11.2248,11.2248,0
2020-09-14,11.2335,11.2335,11.2335,11.2335,0
2020-09-15,11.2944,11.2944,11.2944,11.2944,0
2020-09-16,11.5032,11.5032,11.5032,11.5032,0
2020-09-17,11.6337,11.6337,11.6337,11.6337,0
2020-09-18,11.686,11.686,11.686,11.686,0
2020-09-21,11.3988,11.3988,11.3988,11.3988,0
2020-09-22,11.3466,11.3466,11.3466,11.3466,0
2020-09-23,11.2161,11.2161,11.2161,11.2161,0
2020-09-24,11.2683,11.2683,11.2683,11.2683,0
2020-09-25,11.2683,11.2683,11.2683,11.2683,0
2020-09-28,11.364,11.364,11.364,11.364,0
2020-09-29,11.2335,11.2335,11.2335,11.2335,0
2020-09-30,11.364,11.364,11.364,11.364,0
2020-10-01,11.2248,11.2248,11.2248,11.2248,0
2020-10-02,11.0856,11.0856,11.0856,11.0856,0
2020-10-05,11.3727,11.3727,11.3727,11.3727,0
2020-10-06,11.4162,11.4162,11.4162,11.4162,0
2020-10-07,11.4597,11.4597,11.4597,11.4597,0
2020-10-08,11.5728,11.5728,11.5728,11.5728,0
2020-10-09,11.6076,11.6076,11.6076,11.6076,0
2020-10-12,11.4858,11.4858,11.4858,11.4858,0
2020-10-13,11.5119,11.5119,11.5119,11.5119,0
2020-10-14,11.5902,11.5902,11.5902,11.5902,0
2020-10-15,11.625,11.625,11.625,11.625,0
2020-10-16,11.5467,11.5467,11.5467,11.5467,0
2020-10-19,11.5554,11.5554,11.5554,11.5554,0
2020-10-20,11.686,11.686,11.686,11.686,0
2020-10-21,11.5902,11.5902,11.5902,11.5902,0
2020-10-22,11.625,11.625,11.625,11.625,0
2020-10-23,11.538,11.538,11.538,11.538,0
2020-10-26,11.3727,11.3727,11.3727,11.3727,0
2020-10-27,11.451,11.451,11.451,11.451,0
2020-10-28,11.1465,11.1465,11.1465,11.1465,0
2020-10-29,11.0072,11.0072,11.0072,11.0072,0
2020-10-30,11.0072,11.0072,11.0072,11.0072,0
2020-11-02,11.2074,11.2074,11.2074,11.2074,0
2020-11-03,11.277,11.277,11.277,11.277,0
2020-11-04,11.3988,11.3988,11.3988,11.3988,0
2020-11-05,11.451,11.451,11.451,11.451,0
2020-11-06,11.4075,11.4075,11.4075,11.4075,0
2020-11-09,11.5467,11.5467,11.5467,11.5467,0
2020-11-10,11.773,11.773,11.773,11.773,0
2020-11-11,11.7643,11.7643,11.7643,11.7643,0
2020-11-12,11.6685,11.6685,11.6685,11.6685,0
2020-11-13,11.6163,11.6163,11.6163,11.6163,0
2020-11-16,11.7208,11.7208,11.7208,11.7208,0
2020-11-17,11.7556,11.7556,11.7556,11.7556,0
2020-11-18,11.773,11.773,11.773,11.773,0
2020-11-19,11.773,11.773,11.773,11.773,0
2020-11-20,11.8339,11.8339,11.8339,11.8339,0
2020-11-23,11.8687,11.8687,11.8687,11.8687,0
2020-11-24,12.121,12.121,12.121,12.121,0
2020-11-25,12.2254,12.2254,12.2254,12.2254,0
2020-11-27,12.1993,12.1993,12.1993,12.1993,0
2020-11-30,12.1297,12.1297,12.1297,12.1297,0
2020-12-01,12.0949,12.0949,12.0949,12.0949,0
2020-12-02,12.1471,12.1471,12.1471,12.1471,0
2020-12-03,12.1645,12.1645,12.1645,12.1645,0
2020-12-04,12.2167,12.2167,12.2167,12.2167,0
2020-12-07,12.2167,12.2167,12.2167,12.2167,0
2020-12-08,12.2341,12.2341,12.2341,12.2341,0
2020-12-09,12.2428,12.2428,12.2428,12.2428,0
2020-12-10,12.4256,12.4256,12.4256,12.4256,0
2020-12-11,12.3908,12.3908,12.3908,12.3908,0
2020-12-14,12.4256,12.4256,12.4256,12.4256,0
2020-12-15,12.5213,12.5213,12.5213,12.5213,0
2020-12-16,12.5909,12.5909,12.5909,12.5909,0
2020-12-17,12.7388,12.7388,12.7388,12.7388,0
2020-12-18,12.7823,12.7823,12.7823,12.7823,0
2020-12-21,12.6518,12.6518,12.6518,12.6518,0
2020-12-22,12.5126,12.5126,12.5126,12.5126,0
2020-12-23,12.6692,12.6692,12.6692,12.6692,0
2020-12-24,12.704,12.704,12.704,12.704,0
2020-12-28,12.6257,12.6257,12.6257,12.6257,0
2020-12-29,12.6605,12.6605,12.6605,12.6605,0
2020-12-30,12.7388,12.7388,12.7388,12.7388,0
2020-12-31,12.791,12.791,12.791,12.791,0
2021-01-04,12.7214,12.7214,12.7214,12.7214,0
2021-01-05,13.0782,13.0782,13.0782,13.0782,0
2021-01-06,13.0956,13.0956,13.0956,13.0956,0
2021-01-07,13.1565,13.1565,13.1565,13.1565,0
2021-01-08,13.2609,13.2609,13.2609,13.2609,0
2021-01-11,13.1652,13.1652,13.1652,13.1652,0
2021-01-12,13.4175,13.4175,13.4175,13.4175,0
2021-01-13,13.3827,13.3827,13.3827,13.3827,0
2021-01-14,13.5045,13.5045,13.5045,13.5045,0
2021-01-15,13.3131,13.3131,13.3131,13.3131,0
2021-01-19,13.3566,13.3566,13.3566,13.3566,0
2021-01-20,13.3653,13.3653,13.3653,13.3653,0
2021-01-21,13.3566,13.3566,13.3566,13.3566,0
2021-01-22,13.1304,13.1304,13.1304,13.1304,0
2021-01-25,13.2696,13.2696,13.2696,13.2696,0
2021-01-26,13.2957,13.2957,13.2957,13.2957,0
2021-01-27,13.2609,13.2609,13.2609,13.2609,0
2021-01-28,13.2,13.2,13.2,13.2,0
2021-01-29,13.2174,13.2174,13.2174,13.2174,0
2021-02-01,13.4697,13.4697,13.4697,13.4697,0
2021-02-02,13.5742,13.5742,13.5742,13.5742,0
2021-02-03,13.6699,13.6699,13.6699,13.6699,0
2021-02-04,13.7395,13.7395,13.7395,13.7395,0
2021-02-05,13.8091,13.8091,13.8091,13.8091,0
2021-02-08,14.0266,14.0266,14.0266,14.0266,0
2021-02-09,14.0788,14.0788,14.0788,14.0788,0
2021-02-10,14.0527,14.0527,14.0527,14.0527,0
2021-02-11,14.0266,14.0266,14.0266,14.0266,0
2021-02-12,14.2007,14.2007,14.2007,14.2007,0
2021-02-16,14.3921,14.3921,14.3921,14.3921,0
2021-02-17,14.4356,14.4356,14.4356,14.4356,0
2021-02-18,14.3834,14.3834,14.3834,14.3834,0
2021-02-19,14.3747,14.3747,14.3747,14.3747,0
2021-02-22,14.6966,14.6966,14.6966,14.6966,0
2021-02-23,14.7662,14.7662,14.7662,14.7662,0
2021-02-24,14.9925,14.9925,14.9925,14.9925,0
2021-02-25,14.8707,14.8707,14.8707,14.8707,0
2021-02-26,14.5574,14.5574,14.5574,14.5574,0
2021-03-01,14.4356,14.4356,14.4356,14.4356,0
2021-03-02,14.4965,14.4965,14.4965,14.4965,0
2021-03-03,14.5835,14.5835,14.5835,14.5835,0
2021-03-04,14.8097,14.8097,14.8097,14.8097,0
2021-03-05,15.1143,15.1143,15.1143,15.1143,0
2021-03-08,14.9055,14.9055,14.9055,14.9055,0
2021-03-09,14.9055,14.9055,14.9055,14.9055,0
2021-03-10,15.0012,15.0012,15.0012,15.0012,0
2021-03-11,15.2274,15.2274,15.2274,15.2274,0
2021-03-12,15.1578,15.1578,15.1578,15.1578,0
2021-03-15,15.1056,15.1056,15.1056,15.1056,0
2021-03-16,15.0447,15.0447,15.0447,15.0447,0
2021-03-17,15.0447,15.0447,15.0447,15.0447,0
2021-03-18,14.3312,14.3312,14.3312,14.3312,0
2021-03-19,14.6444,14.6444,14.6444,14.6444,0
2021-03-22,14.6183,14.6183,14.6183,14.6183,0
2021-03-23,14.2094,14.2094,14.2094,14.2094,0
2021-03-24,14.5835,14.5835,14.5835,14.5835,0
2021-03-25,14.2529,14.2529,14.2529,14.2529,0
2021-03-26,14.5922,14.5922,14.5922,14.5922,0
2021-03-29,14.6096,14.6096,14.6096,14.6096,0
2021-03-30,14.3747,14.3747,14.3747,14.3747,0
2021-03-31,14.453,14.453,14.453,14.453,0
2021-04-01,14.6966,14.6966,14.6966,14.6966,0
2021-04-05,14.4791,14.4791,14.4791,14.4791,0
2021-04-06,14.5313,14.5313,14.5313,14.5313,0
2021-04-07,14.5748,14.5748,14.5748,14.5748,0
2021-04-08,14.6531,14.6531,14.6531,14.6531,0
2021-04-09,14.6009,14.6009,14.6009,14.6009,0
2021-04-12,14.6096,14.6096,14.6096,14.6096,0
2021-04-13,14.7662,14.7662,14.7662,14.7662,0
2021-04-14,15.1056,15.1056,15.1056,15.1056,0
2021-04-15,15.2013,15.2013,15.2013,15.2013,0
2021-04-16,15.1752,15.1752,15.1752,15.1752,0
2021-04-19,15.1926,15.1926,15.1926,15.1926,0
2021-04-20,15.1665,15.1665,15.1665,15.1665,0
2021-04-21,15.1056,15.1056,15.1056,15.1056,0
2021-04-22,15.2274,15.2274,15.2274,15.2274,0
2021-04-23,15.3492,15.3492,15.3492,15.3492,0
2021-04-26,15.4536,15.4536,15.4536,15.4536,0
2021-04-27,15.5842,15.5842,15.5842,15.5842,0
2021-04-28,15.6103,15.6103,15.6103,15.6103,0
2021-04-29,15.7147,15.7147,15.7147,15.7147,0
2021-04-30,15.5842,15.5842,15.5842,15.5842,0
2021-05-03,15.7582,15.7582,15.7582,15.7582,0
2021-05-04,16.0018,16.0018,16.0018,16.0018,0
2021-05-05,16.0627,16.0627,16.0627,16.0627,0
2021-05-06,16.1411,16.1411,16.1411,16.1411,0
2021-05-07,16.2977,16.2977,16.2977,16.2977,0
2021-05-10,16.1846,16.1846,16.1846,16.1846,0
2021-05-11,16.3586,16.3586,16.3586,16.3586,0
2021-05-12,16.3412,16.3412,16.3412,16.3412,0
2021-05-13,15.8887,15.8887,15.8887,15.8887,0
2021-05-14,16.0192,16.0192,16.0192,16.0192,0
2021-05-17,16.2194,16.2194,16.2194,16.2194,0
2021-05-18,16.1411,16.1411,16.1411,16.1411,0
2021-05-19,15.8104,15.8104,15.8104,15.8104,0
2021-05-20,15.6451,15.6451,15.6451,15.6451,0
2021-05-21,15.793,15.793,15.793,15.793,0
2021-05-24,16.0105,16.0105,16.0105,16.0105,0
2021-05-25,15.9583,15.9583,15.9583,15.9583,0
2021-05-26,15.9844,15.9844,15.9844,15.9844,0
2021-05-27,16.2368,16.2368,16.2368,16.2368,0
2021-05-28,16.1846,16.1846,16.1846,16.1846,0
2021-06-01,16.4717,16.4717,16.4717,16.4717,0
2021-06-02,16.5587,16.5587,16.5587,16.5587,0
2021-06-03,16.4195,16.4195,16.4195,16.4195,0
2021-06-04,16.6022,16.6022,16.6022,16.6022,0
2021-06-07,16.6283,16.6283,16.6283,16.6283,0
2021-06-08,16.7937,16.7937,16.7937,16.7937,0
2021-06-09,16.7154,16.7154,16.7154,16.7154,0
2021-06-10,16.7763,16.7763,16.7763,16.7763,0
2021-06-11,16.724,16.724,16.724,16.724,0
2021-06-14,16.6283,16.6283,16.6283,16.6283,0
2021-06-15,16.5587,16.5587,16.5587,16.5587,0
2021-06-16,16.463,16.463,16.463,16.463,0
2021-06-17,16.0366,16.0366,16.0366,16.0366,0
2021-06-18,16.202,16.202,16.202,16.202,0
2021-06-21,16.4021,16.4021,16.4021,16.4021,0
2021-06-22,16.4282,16.4282,16.4282,16.4282,0
2021-06-23,16.5326,16.5326,16.5326,16.5326,0
2021-06-24,16.5935,16.5935,16.5935,16.5935,0
2021-06-25,16.5239,16.5239,16.5239,16.5239,0
2021-06-28,16.5152,16.5152,16.5152,16.5152,0
2021-06-29,16.5935,16.5935,16.5935,16.5935,0
2021-06-30,16.7502,16.7502,16.7502,16.7502,0
2021-07-01,16.8111,16.8111,16.8111,16.8111,0
2021-07-02,16.9677,16.9677,16.9677,16.9677,0
2021-07-06,16.5065,16.5065,16.5065,16.5065,0
2021-07-07,16.3064,16.3064,16.3064,16.3064,0
2021-07-08,16.4456,16.4456,16.4456,16.4456,0
2021-07-09,16.637,16.637,16.637,16.637,0
2021-07-12,16.6631,16.6631,16.6631,16.6631,0
2021-07-13,16.8024,16.8024,16.8024,16.8024,0
2021-07-14,16.637,16.637,16.637,16.637,0
2021-07-15,16.55,16.55,16.55,16.55,0
2021-07-16,16.55,16.55,16.55,16.55,0
2021-07-19,15.8887,15.8887,15.8887,15.8887,0
2021-07-20,16.1237,16.1237,16.1237,16.1237,0
2021-07-21,16.4456,16.4456,16.4456,16.4456,0
2021-07-22,16.5761,16.5761,16.5761,16.5761,0
2021-07-23,16.6631,16.6631,16.6631,16.6631,0
2021-07-26,16.785,16.785,16.785,16.785,0
2021-07-27,16.6892,16.6892,16.6892,16.6892,0
2021-07-28,16.7676,16.7676,16.7676,16.7676,0
2021-07-29,17.0634,17.0634,17.0634,17.0634,0
2021-07-30,16.9677,16.9677,16.9677,16.9677,0
2021-08-02,16.785,16.785,16.785,16.785,0
2021-08-03,16.7066,16.7066,16.7066,16.7066,0
2021-08-04,16.4369,16.4369,16.4369,16.4369,0
2021-08-05,16.6805,16.6805,16.6805,16.6805,0
2021-08-06,16.5413,16.5413,16.5413,16.5413,0
2021-08-09,16.3064,16.3064,16.3064,16.3064,0
2021-08-10,16.6022,16.6022,16.6022,16.6022,0
2021-08-11,16.7502,16.7502,16.7502,16.7502,0
2021-08-12,16.6892,16.6892,16.6892,16.6892,0
2021-08-13,16.5935,16.5935,16.5935,16.5935,0
2021-08-16,16.55,16.55,16.55,16.55,0
2021-08-17,16.3673,16.3673,16.3673,16.3673,0
2021-08-18,16.1759,16.1759,16.1759,16.1759,0
2021-08-19,15.9496,15.9496,15.9496,15.9496,0
2021-08-20,15.5755,15.5755,15.5755,15.5755,0
2021-08-23,16.1411,16.1411,16.1411,16.1411,0
2021-08-24,16.4804,16.4804,16.4804,16.4804,0
2021-08-25,16.6283,16.6283,16.6283,16.6283,0
2021-08-26,16.4978,16.4978,16.4978,16.4978,0
2021-08-27,16.7066,16.7066,16.7066,16.7066,0
2021-08-30,16.7676,16.7676,16.7676,16.7676,0
2021-08-31,16.6892,16.6892,16.6892,16.6892,0
2021-09-01,16.6109,16.6109,16.6109,16.6109,0
2021-09-02,16.8024,16.8024,16.8024,16.8024,0
2021-09-03,16.8198,16.8198,16.8198,16.8198,0
2021-09-07,16.6283,16.6283,16.6283,16.6283,0
2021-09-08,16.7502,16.7502,16.7502,16.7502,0
2021-09-09,16.6283,16.6283,16.6283,16.6283,0
2021-09-10,16.8459,16.8459,16.8459,16.8459,0
2021-09-13,16.9764,16.9764,16.9764,16.9764,0
2021-09-14,16.9677,16.9677,16.9677,16.9677,0
2021-09-15,17.2461,17.2461,17.2461,17.2461,0
2021-09-16,17.1243,17.1243,17.1243,17.1243,0
2021-09-17,16.9851,16.9851,16.9851,16.9851,0
2021-09-20,16.785,16.785,16.785,16.785,0
2021-09-21,16.8024,16.8024,16.8024,16.8024,0
2021-09-22,16.9938,16.9938,16.9938,16.9938,0
2021-09-23,17.2548,17.2548,17.2548,17.2548,0
2021-09-24,17.3331,17.3331,17.3331,17.3331,0
2021-09-27,17.5681,17.5681,17.5681,17.5681,0
2021-09-28,17.4289,17.4289,17.4289,17.4289,0
2021-09-29,17.4463,17.4463,17.4463,17.4463,0
2021-09-30,17.5594,17.5594,17.5594,17.5594,0
2021-10-01,17.7943,17.7943,17.7943,17.7943,0
2021-10-04,18.0815,18.0815,18.0815,18.0815,0
2021-10-05,18.3077,18.3077,18.3077,18.3077,0
2021-10-06,18.0032,18.0032,18.0032,18.0032,0
2021-10-07,18.2294,18.2294,18.2294,18.2294,0
2021-10-08,18.2903,18.2903,18.2903,18.2903,0
2021-10-11,18.4121,18.4121,18.4121,18.4121,0
2021-10-12,18.4121,18.4121,18.4121,18.4121,0
2021-10-13,18.5165,18.5165,18.5165,18.5165,0
2021-10-14,18.708,18.708,18.708,18.708,0
2021-10-15,18.8646,18.8646,18.8646,18.8646,0
2021-10-18,18.7515,18.7515,18.7515,18.7515,0
2021-10-19,18.795,18.795,18.795,18.795,0
2021-10-20,19.0038,19.0038,19.0038,19.0038,0
2021-10-21,18.7167,18.7167,18.7167,18.7167,0
2021-10-22,18.8037,18.8037,18.8037,18.8037,0
2021-10-25,18.8994,18.8994,18.8994,18.8994,0
2021-10-26,18.9255,18.9255,18.9255,18.9255,0
2021-10-27,18.5774,18.5774,18.5774,18.5774,0
2021-10-28,18.6732,18.6732,18.6732,18.6732,0
2021-10-29,18.5774,18.5774,18.5774,18.5774,0
2021-11-01,18.7167,18.7167,18.7167,18.7167,0
2021-11-02,18.7689,18.7689,18.7689,18.7689,0
2021-11-03,18.2903,18.2903,18.2903,18.2903,0
2021-11-04,18.1772,18.1772,18.1772,18.1772,0
2021-11-05,18.4295,18.4295,18.4295,18.4295,0
2021-11-08,18.5426,18.5426,18.5426,18.5426,0
2021-11-09,18.6906,18.6906,18.6906,18.6906,0
2021-11-10,18.4556,18.4556,18.4556,18.4556,0
2021-11-11,18.5861,18.5861,18.5861,18.5861,0
2021-11-12,18.56,18.56,18.56,18.56,0
2021-11-15,18.5687,18.5687,18.5687,18.5687,0
2021-11-16,18.5426,18.5426,18.5426,18.5426,0
2021-11-17,18.3773,18.3773,18.3773,18.3773,0
2021-11-18,18.4382,18.4382,18.4382,18.4382,0
2021-11-19,18.1424,18.1424,18.1424,18.1424,0
2021-11-22,18.2729,18.2729,18.2729,18.2729,0
2021-11-23,18.6035,18.6035,18.6035,18.6035,0
2021-11-24,18.5339,18.5339,18.5339,18.5339,0
2021-11-26,17.4289,17.4289,17.4289,17.4289,0
2021-11-29,17.4289,17.4289,17.4289,17.4289,0
2021-11-30,16.9503,16.9503,16.9503,16.9503,0
2021-12-01,16.8024,16.8024,16.8024,16.8024,0
2021-12-02,16.9503,16.9503,16.9503,16.9503,0
2021-12-03,16.9677,16.9677,16.9677,16.9677,0
2021-12-06,17.2635,17.2635,17.2635,17.2635,0
2021-12-07,17.5246,17.5246,17.5246,17.5246,0
2021-12-08,17.7595,17.7595,17.7595,17.7595,0
2021-12-09,17.4898,17.4898,17.4898,17.4898,0
2021-12-10,17.6899,17.6899,17.6899,17.6899,0
2021-12-13,17.6029,17.6029,17.6029,17.6029,0
2021-12-14,17.4463,17.4463,17.4463,17.4463,0
2021-12-15,17.5333,17.5333,17.5333,17.5333,0
2021-12-16,17.6377,17.6377,17.6377,17.6377,0
2021-12-17,17.4289,17.4289,17.4289,17.4289,0
2021-12-20,17.307,17.307,17.307,17.307,0
2021-12-21,17.6725,17.6725,17.6725,17.6725,0
2021-12-22,17.8813,17.8813,17.8813,17.8813,0
2021-12-23,17.9771,17.9771,17.9771,17.9771,0
2021-12-27,18.2033,18.2033,18.2033,18.2033,0
2021-12-28,18.1685,18.1685,18.1685,18.1685,0
2021-12-29,18.2555,18.2555,18.2555,18.2555,0
2021-12-30,18.1685,18.1685,18.1685,18.1685,0
2021-12-31,18.0815,18.0815,18.0815,18.0815,0
2022-01-03,18.1511,18.1511,18.1511,18.1511,0
2022-01-04,18.3686,18.3686,18.3686,18.3686,0
2022-01-05,18.2903,18.2903,18.2903,18.2903,0
2022-01-06,18.4469,18.4469,18.4469,18.4469,0
2022-01-07,18.4817,18.4817,18.4817,18.4817,0
2022-01-10,18.4034,18.4034,18.4034,18.4034,0
2022-01-11,18.7602,18.7602,18.7602,18.7602,0
2022-01-12,18.9081,18.9081,18.9081,18.9081,0
2022-01-13,18.708,18.708,18.708,18.708,0
2022-01-14,18.9516,18.9516,18.9516,18.9516,0
2022-01-18,19.0995,19.0995,19.0995,19.0995,0
2022-01-19,19.2039,19.2039,19.2039,19.2039,0
2022-01-20,19.1343,19.1343,19.1343,19.1343,0
2022-01-21,19.1517,19.1517,19.1517,19.1517,0
2022-01-24,19.1082,19.1082,19.1082,19.1082,0
2022-01-25,19.2823,19.2823,19.2823,19.2823,0
2022-01-26,19.3258,19.3258,19.3258,19.3258,0
2022-01-27,19.4215,19.4215,19.4215,19.4215,0
2022-01-28,19.4389,19.4389,19.4389,19.4389,0
2022-01-31,19.5085,19.5085,19.5085,19.5085,0
2022-02-01,19.5868,19.5868,19.5868,19.5868,0
2022-02-02,19.6651,19.6651,19.6651,19.6651,0
2022-02-03,19.7086,19.7086,19.7086,19.7086,0
2022-02-04,19.8652,19.8652,19.8652,19.8652,0
2022-02-07,19.9088,19.9088,19.9088,19.9088,0
2022-02-08,19.7347,19.7347,19.7347,19.7347,0
2022-02-09,19.9349,19.9349,19.9349,19.9349,0
2022-02-10,19.8304,19.8304,19.8304,19.8304,0
2022-02-11,20.1263,20.1263,20.1263,20.1263,0
2022-02-14,20.2307,20.2307,20.2307,20.2307,0
2022-02-15,19.9001,19.9001,19.9001,19.9001,0
2022-02-16,19.9262,19.9262,19.9262,19.9262,0
2022-02-17,20.0915,20.0915,20.0915,20.0915,0
2022-02-18,20.1698,20.1698,20.1698,20.1698,0
2022-02-22,20.4569,20.4569,20.4569,20.4569,0
2022-02-23,20.6484,20.6484,20.6484,20.6484,0
2022-02-24,20.7354,20.7354,20.7354,20.7354,0
2022-02-25,20.4221,20.4221,20.4221,20.4221,0
2022-02-28,20.7702,20.7702,20.7702,20.7702,0
2022-03-01,21.6055,21.6055,21.6055,21.6055,0
2022-03-02,22.3103,22.3103,22.3103,22.3103,0
2022-03-03,22.554,22.554,22.554,22.554,0
2022-03-04,23.5024,23.5024,23.5024,23.5024,0
2022-03-07,24.0158,24.0158,24.0158,24.0158,0
2022-03-08,24.4248,24.4248,24.4248,24.4248,0
2022-03-09,22.4844,22.4844,22.4844,22.4844,0
2022-03-10,22.2146,22.2146,22.2146,22.2146,0
2022-03-11,22.5975,22.5975,22.5975,22.5975,0
2022-03-14,21.9362,21.9362,21.9362,21.9362,0
2022-03-15,21.3967,21.3967,21.3967,21.3967,0
2022-03-16,21.214,21.214,21.214,21.214,0
2022-03-17,22.232,22.232,22.232,22.232,0
2022-03-18,22.3364,22.3364,22.3364,22.3364,0
2022-03-21,23.1718,23.1718,23.1718,23.1718,0
2022-03-22,23.1196,23.1196,23.1196,23.1196,0
2022-03-23,23.6939,23.6939,23.6939,23.6939,0
2022-03-24,23.4589,23.4589,23.4589,23.4589,0
2022-03-25,23.6329,23.6329,23.6329,23.6329,0
2022-03-28,22.6062,22.6062,22.6062,22.6062,0
2022-03-29,22.6932,22.6932,22.6932,22.6932,0
2022-03-30,23.1022,23.1022,23.1022,23.1022,0
2022-03-31,22.6758,22.6758,22.6758,22.6758,0
2022-04-01,22.8237,22.8237,22.8237,22.8237,0
2022-04-04,23.2588,23.2588,23.2588,23.2588,0
2022-04-05,23.0674,23.0674,23.0674,23.0674,0
2022-04-06,22.8846,22.8846,22.8846,22.8846,0
2022-04-07,22.9629,22.9629,22.9629,22.9629,0
2022-04-08,23.2501,23.2501,23.2501,23.2501,0
2022-04-11,23.0587,23.0587,23.0587,23.0587,0
2022-04-12,23.7461,23.7461,23.7461,23.7461,0
2022-04-13,24.2682,24.2682,24.2682,24.2682,0
2022-04-14,24.4509,24.4509,24.4509,24.4509,0
2022-04-18,24.7293,24.7293,24.7293,24.7293,0
2022-04-19,24.0941,24.0941,24.0941,24.0941,0
2022-04-20,24.1202,24.1202,24.1202,24.1202,0
2022-04-21,24.0854,24.0854,24.0854,24.0854,0
2022-04-22,23.6242,23.6242,23.6242,23.6242,0
2022-04-25,23.4502,23.4502,23.4502,23.4502,0
2022-04-26,23.7722,23.7722,23.7722,23.7722,0
2022-04-27,23.9375,23.9375,23.9375,23.9375,0
2022-04-28,24.1376,24.1376,24.1376,24.1376,0
2022-04-29,23.9549,23.9549,23.9549,23.9549,0
2022-05-02,24.3204,24.3204,24.3204,24.3204,0
2022-05-03,23.981,23.981,23.981,23.981,0
2022-05-04,24.7293,24.7293,24.7293,24.7293,0
2022-05-05,24.5988,24.5988,24.5988,24.5988,0
2022-05-06,24.6249,24.6249,24.6249,24.6249,0
2022-05-09,23.5111,23.5111,23.5111,23.5111,0
2022-05-10,23.3719,23.3719,23.3719,23.3719,0
2022-05-11,23.9462,23.9462,23.9462,23.9462,0
2022-05-12,24.0593,24.0593,24.0593,24.0593,0
2022-05-13,24.39,24.39,24.39,24.39,0
2022-05-16,24.7902,24.7902,24.7902,24.7902,0
2022-05-17,24.5205,24.5205,24.5205,24.5205,0
2022-05-18,23.9897,23.9897,23.9897,23.9897,0
2022-05-19,24.2943,24.2943,24.2943,24.2943,0
2022-05-20,24.3291,24.3291,24.3291,24.3291,0
2022-05-23,24.5118,24.5118,24.5118,24.5118,0
2022-05-24,24.4944,24.4944,24.4944,24.4944,0
2022-05-25,24.6684,24.6684,24.6684,24.6684,0
2022-05-26,24.9382,24.9382,24.9382,24.9382,0
2022-05-27,25.234,25.234,25.234,25.234,0
2022-05-31,25.06,25.06,25.06,25.06,0
2022-06-01,25.1818,25.1818,25.1818,25.1818,0
2022-06-02,25.7561,25.7561,25.7561,25.7561,0
2022-06-03,25.9997,25.9997,25.9997,25.9997,0
2022-06-06,26.1128,26.1128,26.1128,26.1128,0
2022-06-07,26.2869,26.2869,26.2869,26.2869,0
2022-06-08,26.5218,26.5218,26.5218,26.5218,0
2022-06-09,26.5653,26.5653,26.5653,26.5653,0
2022-06-10,26.3043,26.3043,26.3043,26.3043,0
2022-06-13,26.0084,26.0084,26.0084,26.0084,0
2022-06-14,25.7213,25.7213,25.7213,25.7213,0
2022-06-15,25.7387,25.7387,25.7387,25.7387,0
2022-06-16,25.8518,25.8518,25.8518,25.8518,0
2022-06-17,24.9295,24.9295,24.9295,24.9295,0
2022-06-21,24.8685,24.8685,24.8685,24.8685,0
2022-06-22,24.4248,24.4248,24.4248,24.4248,0
2022-06-23,23.8766,23.8766,23.8766,23.8766,0
2022-06-24,24.1028,24.1028,24.1028,24.1028,0
2022-06-27,24.0506,24.0506,24.0506,24.0506,0
2022-06-28,24.3378,24.3378,24.3378,24.3378,0
2022-06-29,23.9201,23.9201,23.9201,23.9201,0
2022-06-30,23.1805,23.1805,23.1805,23.1805,0
2022-07-01,23.2936,23.2936,23.2936,23.2936,0
2022-07-05,21.7273,21.7273,21.7273,21.7273,0
2022-07-06,21.4054,21.4054,21.4054,21.4054,0
2022-07-07,22.2929,22.2929,22.2929,22.2929,0
2022-07-08,22.6845,22.6845,22.6845,22.6845,0
2022-07-11,22.641,22.641,22.641,22.641,0
2022-07-12,21.6142,21.6142,21.6142,21.6142,0
2022-07-13,21.736,21.736,21.736,21.736,0
2022-07-14,21.5359,21.5359,21.5359,21.5359,0
2022-07-15,21.8144,21.8144,21.8144,21.8144,0
2022-07-18,22.2233,22.2233,22.2233,22.2233,0
2022-07-19,22.3103,22.3103,22.3103,22.3103,0
2022-07-20,22.2929,22.2929,22.2929,22.2929,0
2022-07-21,21.9188,21.9188,21.9188,21.9188,0
2022-07-22,21.6577,21.6577,21.6577,21.6577,0
2022-07-25,22.0493,22.0493,22.0493,22.0493,0
2022-07-26,22.0928,22.0928,22.0928,22.0928,0
2022-07-27,22.5975,22.5975,22.5975,22.5975,0
2022-07-28,22.6149,22.6149,22.6149,22.6149,0
2022-07-29,22.7193,22.7193,22.7193,22.7193,0
2022-08-01,22.2581,22.2581,22.2581,22.2581,0
2022-08-02,22.145,22.145,22.145,22.145,0
2022-08-03,21.9536,21.9536,21.9536,21.9536,0
2022-08-04,21.7186,21.7186,21.7186,21.7186,0
2022-08-05,21.6403,21.6403,21.6403,21.6403,0
2022-08-08,21.9014,21.9014,21.9014,21.9014,0
2022-08-09,22.0841,22.0841,22.0841,22.0841,0
2022-08-10,22.3886,22.3886,22.3886,22.3886,0
2022-08-11,22.8237,22.8237,22.8237,22.8237,0
2022-08-12,22.7019,22.7019,22.7019,22.7019,0
2022-08-15,22.4235,22.4235,22.4235,22.4235,0
2022-08-16,22.1711,22.1711,22.1711,22.1711,0
2022-08-17,22.2581,22.2581,22.2581,22.2581,0
2022-08-18,22.5975,22.5975,22.5975,22.5975,0
2022-08-19,22.5888,22.5888,22.5888,22.5888,0
2022-08-22,22.7889,22.7889,22.7889,22.7889,0
2022-08-23,23.1631,23.1631,23.1631,23.1631,0
2022-08-24,23.4067,23.4067,23.4067,23.4067,0
2022-08-25,23.0761,23.0761,23.0761,23.0761,0
2022-08-26,23.1718,23.1718,23.1718,23.1718,0
2022-08-29,23.5111,23.5111,23.5111,23.5111,0
2022-08-30,22.8585,22.8585,22.8585,22.8585,0
2022-08-31,22.3799,22.3799,22.3799,22.3799,0
2022-09-01,21.9014,21.9014,21.9014,21.9014,0
2022-09-02,22.0493,22.0493,22.0493,22.0493,0
2022-09-06,21.9188,21.9188,21.9188,21.9188,0
2022-09-07,21.3967,21.3967,21.3967,21.3967,0
2022-09-08,21.4837,21.4837,21.4837,21.4837,0
2022-09-09,22.0928,22.0928,22.0928,22.0928,0
2022-09-12,22.3974,22.3974,22.3974,22.3974,0
2022-09-13,22.2842,22.2842,22.2842,22.2842,0
2022-09-14,22.3799,22.3799,22.3799,22.3799,0
2022-09-15,21.7273,21.7273,21.7273,21.7273,0
2022-09-16,21.649,21.649,21.649,21.649,0
2022-09-19,21.7186,21.7186,21.7186,21.7186,0
2022-09-20,21.6925,21.6925,21.6925,21.6925,0
2022-09-21,21.562,21.562,21.562,21.562,0
2022-09-22,21.6229,21.6229,21.6229,21.6229,0
2022-09-23,20.892,20.892,20.892,20.892,0
2022-09-26,20.4047,20.4047,20.4047,20.4047,0
2022-09-27,20.6223,20.6223,20.6223,20.6223,0
2022-09-28,21.1966,21.1966,21.1966,21.1966,0
2022-09-29,21.066,21.066,21.066,21.066,0
2022-09-30,20.805,20.805,20.805,20.805,0
2022-10-03,21.2749,21.2749,21.2749,21.2749,0
2022-10-04,21.8492,21.8492,21.8492,21.8492,0
2022-10-05,22.2407,22.2407,22.2407,22.2407,0
2022-10-06,22.3799,22.3799,22.3799,22.3799,0
2022-10-07,22.6149,22.6149,22.6149,22.6149,0
2022-10-10,22.3625,22.3625,22.3625,22.3625,0
2022-10-11,22.0406,22.0406,22.0406,22.0406,0
2022-10-12,22.0406,22.0406,22.0406,22.0406,0
2022-10-13,22.3451,22.3451,22.3451,22.3451,0
2022-10-14,21.9014,21.9014,21.9014,21.9014,0
2022-10-17,21.8492,21.8492,21.8492,21.8492,0
2022-10-18,21.6142,21.6142,21.6142,21.6142,0
2022-10-19,21.6055,21.6055,21.6055,21.6055,0
2022-10-20,21.6229,21.6229,21.6229,21.6229,0
2022-10-21,21.649,21.649,21.649,21.649,0
2022-10-24,21.7099,21.7099,21.7099,21.7099,0
2022-10-25,21.8318,21.8318,21.8318,21.8318,0
2022-10-26,22.2407,22.2407,22.2407,22.2407,0
2022-10-27,22.2755,22.2755,22.2755,22.2755,0
2022-10-28,22.0145,22.0145,22.0145,22.0145,0
2022-10-31,21.8579,21.8579,21.8579,21.8579,0
2022-11-01,22.1885,22.1885,22.1885,22.1885,0
2022-11-02,22.3886,22.3886,22.3886,22.3886,0
2022-11-03,22.3712,22.3712,22.3712,22.3712,0
2022-11-04,23.1283,23.1283,23.1283,23.1283,0
2022-11-07,22.9281,22.9281,22.9281,22.9281,0
2022-11-08,22.6497,22.6497,22.6497,22.6497,0
2022-11-09,22.1276,22.1276,22.1276,22.1276,0
2022-11-10,22.3277,22.3277,22.3277,22.3277,0
2022-11-11,22.7541,22.7541,22.7541,22.7541,0
2022-11-14,22.4148,22.4148,22.4148,22.4148,0
2022-11-15,22.6758,22.6758,22.6758,22.6758,0
2022-11-16,22.4235,22.4235,22.4235,22.4235,0
2022-11-17,22.0493,22.0493,22.0493,22.0493,0
2022-11-18,21.8927,21.8927,21.8927,21.8927,0
2022-11-21,21.8144,21.8144,21.8144,21.8144,0
2022-11-22,22.0406,22.0406,22.0406,22.0406,0
2022-11-23,21.736,21.736,21.736,21.736,0
2022-11-25,21.5446,21.5446,21.5446,21.5446,0
2022-11-28,21.4141,21.4141,21.4141,21.4141,0
2022-11-29,21.6925,21.6925,21.6925,21.6925,0
2022-11-30,22.1798,22.1798,22.1798,22.1798,0
2022-12-01,22.0667,22.0667,22.0667,22.0667,0
2022-12-02,21.8318,21.8318,21.8318,21.8318,0
2022-12-05,21.2662,21.2662,21.2662,21.2662,0
2022-12-06,20.9268,20.9268,20.9268,20.9268,0
2022-12-07,20.8224,20.8224,20.8224,20.8224,0
2022-12-08,20.7876,20.7876,20.7876,20.7876,0
2022-12-09,20.8137,20.8137,20.8137,20.8137,0
2022-12-12,21.0399,21.0399,21.0399,21.0399,0
2022-12-13,21.388,21.388,21.388,21.388,0
2022-12-14,21.5533,21.5533,21.5533,21.5533,0
2022-12-15,21.2923,21.2923,21.2923,21.2923,0
2022-12-16,21.0225,21.0225,21.0225,21.0225,0
2022-12-19,20.9831,20.9831,20.9831,20.9831,0
2022-12-20,21.0794,21.0794,21.0794,21.0794,0
2022-12-21,21.3508,21.3508,21.3508,21.3508,0
2022-12-22,21.0794,21.0794,21.0794,21.0794,0
2022-12-23,21.4646,21.4646,21.4646,21.4646,0
2022-12-27,21.6572,21.6572,21.6572,21.6572,0
2022-12-28,21.4121,21.4121,21.4121,21.4121,0
2022-12-29,21.3858,21.3858,21.3858,21.3858,0
2022-12-30,21.5784,21.5784,21.5784,21.5784,0
2023-01-03,21.0619,21.0619,21.0619,21.0619,0
2023-01-04,20.6855,20.6855,20.6855,20.6855,0
2023-01-05,20.5805,20.5805,20.5805,20.5805,0
2023-01-06,20.6943,20.6943,20.6943,20.6943,0
2023-01-09,20.9394,20.9394,20.9394,20.9394,0
2023-01-10,20.9394,20.9394,20.9394,20.9394,0
2023-01-11,21.3158,21.3158,21.3158,21.3158,0
2023-01-12,21.4909,21.4909,21.4909,21.4909,0
2023-01-13,21.701,21.701,21.701,21.701,0
2023-01-17,21.8498,21.8498,21.8498,21.8498,0
2023-01-18,21.6134,21.6134,21.6134,21.6134,0
2023-01-19,21.8323,21.8323,21.8323,21.8323,0
2023-01-20,21.9636,21.9636,21.9636,21.9636,0
2023-01-23,22.0161,22.0161,22.0161,22.0161,0
2023-01-24,21.8935,21.8935,21.8935,21.8935,0
2023-01-25,21.8323,21.8323,21.8323,21.8323,0
2023-01-26,21.9286,21.9286,21.9286,21.9286,0
2023-01-27,21.6835,21.6835,21.6835,21.6835,0
2023-01-30,21.4033,21.4033,21.4033,21.4033,0
2023-01-31,21.771,21.771,21.771,21.771,0
2023-02-01,21.3596,21.3596,21.3596,21.3596,0
2023-02-02,21.202,21.202,21.202,21.202,0
2023-02-03,20.668,20.668,20.668,20.668,0
2023-02-06,20.7293,20.7293,20.7293,20.7293,0
2023-02-07,21.1232,21.1232,21.1232,21.1232,0
2023-02-08,21.167,21.167,21.167,21.167,0
2023-02-09,21.0006,21.0006,21.0006,21.0006,0
2023-02-10,21.2983,21.2983,21.2983,21.2983,0
2023-02-13,21.2545,21.2545,21.2545,21.2545,0
2023-02-14,21.3245,21.3245,21.3245,21.3245,0
2023-02-15,21.0969,21.0969,21.0969,21.0969,0
2023-02-16,21.0357,21.0357,21.0357,21.0357,0
2023-02-17,20.8781,20.8781,20.8781,20.8781,0
2023-02-21,20.9044,20.9044,20.9044,20.9044,0
2023-02-22,20.633,20.633,20.633,20.633,0
2023-02-23,20.7906,20.7906,20.7906,20.7906,0
2023-02-24,20.7205,20.7205,20.7205,20.7205,0
2023-02-27,20.738,20.738,20.738,20.738,0
2023-02-28,20.7993,20.7993,20.7993,20.7993,0
2023-03-01,21.1582,21.1582,21.1582,21.1582,0
2023-03-02,21.0794,21.0794,21.0794,21.0794,0
2023-03-03,21.4121,21.4121,21.4121,21.4121,0
2023-03-06,21.307,21.307,21.307,21.307,0
2023-03-07,20.8693,20.8693,20.8693,20.8693,0
2023-03-08,20.7555,20.7555,20.7555,20.7555,0
2023-03-09,20.5017,20.5017,20.5017,20.5017,0
2023-03-10,20.7205,20.7205,20.7205,20.7205,0
2023-03-13,20.5892,20.5892,20.5892,20.5892,0
2023-03-14,20.3266,20.3266,20.3266,20.3266,0
2023-03-15,19.8539,19.8539,19.8539,19.8539,0
2023-03-16,19.9152,19.9152,19.9152,19.9152,0
2023-03-17,19.8539,19.8539,19.8539,19.8539,0
2023-03-20,19.9327,19.9327,19.9327,19.9327,0
2023-03-21,20.0027,20.0027,20.0027,20.0027,0
2023-03-22,20.0552,20.0552,20.0552,20.0552,0
2023-03-23,20.0027,20.0027,20.0027,20.0027,0
2023-03-24,20.099,20.099,20.099,20.099,0
2023-03-27,20.4754,20.4754,20.4754,20.4754,0
2023-03-28,20.5717,20.5717,20.5717,20.5717,0
2023-03-29,20.4404,20.4404,20.4404,20.4404,0
2023-03-30,20.5892,20.5892,20.5892,20.5892,0
2023-03-31,20.7818,20.7818,20.7818,20.7818,0
2023-04-03,21.1232,21.1232,21.1232,21.1232,0
2023-04-04,21.0969,21.0969,21.0969,21.0969,0
2023-04-05,21.1757,21.1757,21.1757,21.1757,0
2023-04-06,21.1145,21.1145,21.1145,21.1145,0
2023-04-10,21.1145,21.1145,21.1145,21.1145,0
2023-04-11,21.2283,21.2283,21.2283,21.2283,0
2023-04-12,21.3946,21.3946,21.3946,21.3946,0
2023-04-13,21.3946,21.3946,21.3946,21.3946,0
2023-04-14,21.4208,21.4208,21.4208,21.4208,0
2023-04-17,21.3333,21.3333,21.3333,21.3333,0
2023-04-18,21.3771,21.3771,21.3771,21.3771,0
2023-04-19,21.0794,21.0794,21.0794,21.0794,0
2023-04-20,20.8956,20.8956,20.8956,20.8956,0
2023-04-21,20.8518,20.8518,20.8518,20.8518,0
2023-04-24,21.0182,21.0182,21.0182,21.0182,0
2023-04-25,20.7205,20.7205,20.7205,20.7205,0
2023-04-26,20.4054,20.4054,20.4054,20.4054,0
2023-04-27,20.4316,20.4316,20.4316,20.4316,0
2023-04-28,20.6242,20.6242,20.6242,20.6242,0
2023-05-01,20.4492,20.4492,20.4492,20.4492,0
2023-05-02,19.9852,19.9852,19.9852,19.9852,0
2023-05-03,19.7313,19.7313,19.7313,19.7313,0
2023-05-04,19.8101,19.8101,19.8101,19.8101,0
2023-05-05,20.2566,20.2566,20.2566,20.2566,0
2023-05-08,20.3529,20.3529,20.3529,20.3529,0
2023-05-09,20.4141,20.4141,20.4141,20.4141,0
2023-05-10,20.3529,20.3529,20.3529,20.3529,0
2023-05-11,20.0027,20.0027,20.0027,20.0027,0
2023-05-12,19.8451,19.8451,19.8451,19.8451,0
2023-05-15,20.0727,20.0727,20.0727,20.0727,0
2023-05-16,19.8539,19.8539,19.8539,19.8539,0
2023-05-17,20.0902,20.0902,20.0902,20.0902,0
2023-05-18,19.9064,19.9064,19.9064,19.9064,0
2023-05-19,19.8801,19.8801,19.8801,19.8801,0
2023-05-22,19.8977,19.8977,19.8977,19.8977,0
2023-05-23,19.9764,19.9764,19.9764,19.9764,0
2023-05-24,19.9852,19.9852,19.9852,19.9852,0
2023-05-25,19.6701,19.6701,19.6701,19.6701,0
2023-05-26,19.9852,19.9852,19.9852,19.9852,0
2023-05-30,19.5212,19.5212,19.5212,19.5212,0
2023-05-31,19.3024,19.3024,19.3024,19.3024,0
2023-06-01,19.6175,19.6175,19.6175,19.6175,0
2023-06-02,19.8714,19.8714,19.8714,19.8714,0
2023-06-05,19.8189,19.8189,19.8189,19.8189,0
2023-06-06,19.8451,19.8451,19.8451,19.8451,0
2023-06-07,19.9239,19.9239,19.9239,19.9239,0
2023-06-08,19.9589,19.9589,19.9589,19.9589,0
2023-06-09,19.8364,19.8364,19.8364,19.8364,0
2023-06-12,19.565,19.565,19.565,19.565,0
2023-06-13,19.8276,19.8276,19.8276,19.8276,0
2023-06-14,19.8714,19.8714,19.8714,19.8714,0
2023-06-15,20.2916,20.2916,20.2916,20.2916,0
2023-06-16,20.5454,20.5454,20.5454,20.5454,0
2023-06-20,20.3616,20.3616,20.3616,20.3616,0
2023-06-21,20.6592,20.6592,20.6592,20.6592,0
2023-06-22,20.2741,20.2741,20.2741,20.2741,0
2023-06-23,20.0552,20.0552,20.0552,20.0552,0
2023-06-26,20.0815,20.0815,20.0815,20.0815,0
2023-06-27,19.7576,19.7576,19.7576,19.7576,0
2023-06-28,19.6963,19.6963,19.6963,19.6963,0
2023-06-29,19.7051,19.7051,19.7051,19.7051,0
2023-06-30,19.8714,19.8714,19.8714,19.8714,0
2023-07-03,19.8714,19.8714,19.8714,19.8714,0
2023-07-05,19.9939,19.9939,19.9939,19.9939,0
2023-07-06,19.9502,19.9502,19.9502,19.9502,0
2023-07-07,20.1165,20.1165,20.1165,20.1165,0
2023-07-10,20.1603,20.1603,20.1603,20.1603,0
2023-07-11,20.3966,20.3966,20.3966,20.3966,0
2023-07-12,20.5454,20.5454,20.5454,20.5454,0
2023-07-13,20.8343,20.8343,20.8343,20.8343,0
2023-07-14,20.6943,20.6943,20.6943,20.6943,0
2023-07-17,20.5279,20.5279,20.5279,20.5279,0
2023-07-18,20.7993,20.7993,20.7993,20.7993,0
2023-07-19,20.9131,20.9131,20.9131,20.9131,0
2023-07-20,20.9744,20.9744,20.9744,20.9744,0
2023-07-21,21.0882,21.0882,21.0882,21.0882,0
2023-07-24,21.4646,21.4646,21.4646,21.4646,0
2023-07-25,21.5434,21.5434,21.5434,21.5434,0
2023-07-26,21.4383,21.4383,21.4383,21.4383,0
2023-07-27,21.3858,21.3858,21.3858,21.3858,0
2023-07-28,21.5171,21.5171,21.5171,21.5171,0
2023-07-31,21.6047,21.6047,21.6047,21.6047,0
2023-08-01,21.4909,21.4909,21.4909,21.4909,0
2023-08-02,21.167,21.167,21.167,21.167,0
2023-08-03,21.3683,21.3683,21.3683,21.3683,0
2023-08-04,21.4033,21.4033,21.4033,21.4033,0
2023-08-07,21.4121,21.4121,21.4121,21.4121,0
2023-08-08,21.3858,21.3858,21.3858,21.3858,0
2023-08-09,21.5346,21.5346,21.5346,21.5346,0
2023-08-10,21.4208,21.4208,21.4208,21.4208,0
2023-08-11,21.3858,21.3858,21.3858,21.3858,0
2023-08-14,21.2808,21.2808,21.2808,21.2808,0
2023-08-15,21.0269,21.0269,21.0269,21.0269,0
2023-08-16,20.9394,20.9394,20.9394,20.9394,0
2023-08-17,20.9919,20.9919,20.9919,20.9919,0
2023-08-18,21.1407,21.1407,21.1407,21.1407,0
2023-08-21,21.0882,21.0882,21.0882,21.0882,0
2023-08-22,21.0969,21.0969,21.0969,21.0969,0
2023-08-23,21.1407,21.1407,21.1407,21.1407,0
2023-08-24,21.1582,21.1582,21.1582,21.1582,0
2023-08-25,21.3683,21.3683,21.3683,21.3683,0
2023-08-28,21.3333,21.3333,21.3333,21.3333,0
2023-08-29,21.4121,21.4121,21.4121,21.4121,0
2023-08-30,21.4383,21.4383,21.4383,21.4383,0
2023-08-31,21.5259,21.5259,21.5259,21.5259,0
2023-09-01,21.7797,21.7797,21.7797,21.7797,0
2023-09-05,21.8848,21.8848,21.8848,21.8848,0
2023-09-06,21.9373,21.9373,21.9373,21.9373,0
2023-09-07,21.8935,21.8935,21.8935,21.8935,0
2023-09-08,21.9373,21.9373,21.9373,21.9373,0
2023-09-11,22.0686,22.0686,22.0686,22.0686,0
2023-09-12,22.1474,22.1474,22.1474,22.1474,0
2023-09-13,22.2174,22.2174,22.2174,22.2174,0
2023-09-14,22.4013,22.4013,22.4013,22.4013,0
2023-09-15,22.3488,22.3488,22.3488,22.3488,0
2023-09-18,22.34,22.34,22.34,22.34,0
2023-09-19,22.3575,22.3575,22.3575,22.3575,0
2023-09-20,22.1737,22.1737,22.1737,22.1737,0
2023-09-21,22.1036,22.1036,22.1036,22.1036,0
2023-09-22,22.1211,22.1211,22.1211,22.1211,0
2023-09-25,22.0161,22.0161,22.0161,22.0161,0
2023-09-26,21.9898,21.9898,21.9898,21.9898,0
2023-09-27,22.1124,22.1124,22.1124,22.1124,0
2023-09-28,22.0861,22.0861,22.0861,22.0861,0
2023-09-29,21.8498,21.8498,21.8498,21.8498,0
2023-10-02,21.6835,21.6835,21.6835,21.6835,0
2023-10-03,21.5872,21.5872,21.5872,21.5872,0
2023-10-04,20.9831,20.9831,20.9831,20.9831,0
2023-10-05,20.8606,20.8606,20.8606,20.8606,0
2023-10-06,20.9394,20.9394,20.9394,20.9394,0
2023-10-09,21.3771,21.3771,21.3771,21.3771,0
2023-10-10,21.3245,21.3245,21.3245,21.3245,0
2023-10-11,21.202,21.202,21.202,21.202,0
2023-10-12,21.1932,21.1932,21.1932,21.1932,0
2023-10-13,21.7535,21.7535,21.7535,21.7535,0
2023-10-16,21.6835,21.6835,21.6835,21.6835,0
2023-10-17,21.7447,21.7447,21.7447,21.7447,0
2023-10-18,21.9373,21.9373,21.9373,21.9373,0
2023-10-19,22.1649,22.1649,22.1649,22.1649,0
2023-10-20,21.9986,21.9986,21.9986,21.9986,0
2023-10-23,21.8585,21.8585,21.8585,21.8585,0
2023-10-24,21.6222,21.6222,21.6222,21.6222,0
2023-10-25,21.7797,21.7797,21.7797,21.7797,0
2023-10-26,21.5959,21.5959,21.5959,21.5959,0
2023-10-27,21.8848,21.8848,21.8848,21.8848,0
2023-10-30,21.5346,21.5346,21.5346,21.5346,0
2023-10-31,21.4559,21.4559,21.4559,21.4559,0
2023-11-01,21.4909,21.4909,21.4909,21.4909,0
2023-11-02,21.7185,21.7185,21.7185,21.7185,0
2023-11-03,21.6047,21.6047,21.6047,21.6047,0
2023-11-06,21.6922,21.6922,21.6922,21.6922,0
2023-11-07,21.2283,21.2283,21.2283,21.2283,0
2023-11-08,20.9919,20.9919,20.9919,20.9919,0
2023-11-09,20.9394,20.9394,20.9394,20.9394,0
2023-11-10,21.0444,21.0444,21.0444,21.0444,0
2023-11-13,21.3508,21.3508,21.3508,21.3508,0
2023-11-14,21.3158,21.3158,21.3158,21.3158,0
2023-11-15,21.1757,21.1757,21.1757,21.1757,0
2023-11-16,20.668,20.668,20.668,20.668,0
2023-11-17,20.9656,20.9656,20.9656,20.9656,0
2023-11-20,21.2283,21.2283,21.2283,21.2283,0
2023-11-21,21.3508,21.3508,21.3508,21.3508,0
2023-11-22,21.167,21.167,21.167,21.167,0
2023-11-24,21.0269,21.0269,21.0269,21.0269,0
2023-11-27,20.8868,20.8868,20.8868,20.8868,0
2023-11-28,21.1407,21.1407,21.1407,21.1407,0
2023-11-29,21.2895,21.2895,21.2895,21.2895,0
2023-11-30,20.9306,20.9306,20.9306,20.9306,0
2023-12-01,20.8343,20.8343,20.8343,20.8343,0
2023-12-04,20.6943,20.6943,20.6943,20.6943,0
2023-12-05,20.5104,20.5104,20.5104,20.5104,0
2023-12-06,20.0115,20.0115,20.0115,20.0115,0
2023-12-07,20.0465,20.0465,20.0465,20.0465,0
2023-12-08,20.134,20.134,20.134,20.134,0
2023-12-11,20.064,20.064,20.064,20.064,0
2023-12-12,19.7576,19.7576,19.7576,19.7576,0
2023-12-13,19.9852,19.9852,19.9852,19.9852,0
2023-12-14,20.3178,20.3178,20.3178,20.3178,0
2023-12-15,20.3529,20.3529,20.3529,20.3529,0
2023-12-18,20.4989,20.4989,20.4989,20.4989,0
2023-12-19,20.655,20.655,20.655,20.655,0
2023-12-20,20.4162,20.4162,20.4162,20.4162,0
2023-12-21,20.453,20.453,20.453,20.453,0
2023-12-22,20.4162,20.4162,20.4162,20.4162,0
2023-12-26,20.6183,20.6183,20.6183,20.6183,0
2023-12-27,20.5264,20.5264,20.5264,20.5264,0
2023-12-28,20.3519,20.3519,20.3519,20.3519,0
2023-12-29,20.2417,20.2417,20.2417,20.2417,0
2024-01-02,20.0764,20.0764,20.0764,20.0764,0
2024-01-03,20.3336,20.3336,20.3336,20.3336,0
2024-01-04,20.2234,20.2234,20.2234,20.2234,0
2024-01-05,20.3244,20.3244,20.3244,20.3244,0
2024-01-08,20.0305,20.0305,20.0305,20.0305,0
2024-01-09,20.1774,20.1774,20.1774,20.1774,0
2024-01-10,20.0397,20.0397,20.0397,20.0397,0
2024-01-11,20.1866,20.1866,20.1866,20.1866,0
2024-01-12,20.2601,20.2601,20.2601,20.2601,0
2024-01-16,20.0856,20.0856,20.0856,20.0856,0
2024-01-17,20.058,20.058,20.058,20.058,0
2024-01-18,20.1866,20.1866,20.1866,20.1866,0
2024-01-19,20.1499,20.1499,20.1499,20.1499,0
2024-01-22,20.2325,20.2325,20.2325,20.2325,0
2024-01-23,20.3428,20.3428,20.3428,20.3428,0
2024-01-24,20.5173,20.5173,20.5173,20.5173,0
2024-01-25,20.6734,20.6734,20.6734,20.6734,0
2024-01-26,20.7652,20.7652,20.7652,20.7652,0
2024-01-29,20.5907,20.5907,20.5907,20.5907,0
2024-01-30,20.7285,20.7285,20.7285,20.7285,0
2024-01-31,20.5081,20.5081,20.5081,20.5081,0
2024-02-01,20.2601,20.2601,20.2601,20.2601,0
2024-02-02,20.0305,20.0305,20.0305,20.0305,0
2024-02-05,20.1132,20.1132,20.1132,20.1132,0
2024-02-06,20.1866,20.1866,20.1866,20.1866,0
2024-02-07,20.2785,20.2785,20.2785,20.2785,0
2024-02-08,20.3887,20.3887,20.3887,20.3887,0
2024-02-09,20.4438,20.4438,20.4438,20.4438,0
2024-02-12,20.453,20.453,20.453,20.453,0
2024-02-13,20.3336,20.3336,20.3336,20.3336,0
2024-02-14,20.1407,20.1407,20.1407,20.1407,0
2024-02-15,20.1866,20.1866,20.1866,20.1866,0
2024-02-16,20.2325,20.2325,20.2325,20.2325,0
2024-02-20,20.1223,20.1223,20.1223,20.1223,0
2024-02-21,20.205,20.205,20.205,20.205,0
2024-02-22,20.2601,20.2601,20.2601,20.2601,0
2024-02-23,19.9662,19.9662,19.9662,19.9662,0
2024-02-26,20.1499,20.1499,20.1499,20.1499,0
2024-02-27,20.306,20.306,20.306,20.306,0
2024-02-28,20.2234,20.2234,20.2234,20.2234,0
2024-02-29,20.1958,20.1958,20.1958,20.1958,0
2024-03-01,20.2968,20.2968,20.2968,20.2968,0
2024-03-04,20.3611,20.3611,20.3611,20.3611,0
2024-03-05,20.205,20.205,20.205,20.205,0
2024-03-06,20.3703,20.3703,20.3703,20.3703,0
2024-03-07,20.4254,20.4254,20.4254,20.4254,0
2024-03-08,20.3611,20.3611,20.3611,20.3611,0
2024-03-11,20.5356,20.5356,20.5356,20.5356,0
2024-03-12,20.4805,20.4805,20.4805,20.4805,0
2024-03-13,20.7652,20.7652,20.7652,20.7652,0
2024-03-14,20.8295,20.8295,20.8295,20.8295,0
2024-03-15,20.903,20.903,20.903,20.903,0
2024-03-18,21.0958,21.0958,21.0958,21.0958,0
2024-03-19,21.0867,21.0867,21.0867,21.0867,0
2024-03-20,21.0316,21.0316,21.0316,21.0316,0
2024-03-21,21.004,21.004,21.004,21.004,0
2024-03-22,20.8571,20.8571,20.8571,20.8571,0
2024-03-25,21.0316,21.0316,21.0316,21.0316,0
2024-03-26,20.8662,20.8662,20.8662,20.8662,0
2024-03-27,20.8479,20.8479,20.8479,20.8479,0
2024-03-28,21.0958,21.0958,21.0958,21.0958,0
2024-04-01,21.1969,21.1969,21.1969,21.1969,0
2024-04-02,21.3897,21.3897,21.3897,21.3897,0
2024-04-03,21.6469,21.6469,21.6469,21.6469,0
2024-04-04,21.702,21.702,21.702,21.702,0
2024-04-05,21.8122,21.8122,21.8122,21.8122,0
2024-04-08,21.803,21.803,21.803,21.803,0
2024-04-09,21.6836,21.6836,21.6836,21.6836,0
2024-04-10,21.7938,21.7938,21.7938,21.7938,0
2024-04-11,21.7571,21.7571,21.7571,21.7571,0
2024-04-12,21.7847,21.7847,21.7847,21.7847,0
2024-04-15,21.8122,21.8122,21.8122,21.8122,0
2024-04-16,21.7755,21.7755,21.7755,21.7755,0
2024-04-17,21.4357,21.4357,21.4357,21.4357,0
2024-04-18,21.4265,21.4265,21.4265,21.4265,0
2024-04-19,21.5275,21.5275,21.5275,21.5275,0
2024-04-22,21.5275,21.5275,21.5275,21.5275,0
2024-04-23,21.6193,21.6193,21.6193,21.6193,0
2024-04-24,21.5918,21.5918,21.5918,21.5918,0
2024-04-25,21.7112,21.7112,21.7112,21.7112,0
2024-04-26,21.7296,21.7296,21.7296,21.7296,0
2024-04-29,21.7112,21.7112,21.7112,21.7112,0
2024-04-30,21.4357,21.4357,21.4357,21.4357,0
2024-05-01,21.1234,21.1234,21.1234,21.1234,0
2024-05-02,21.1969,21.1969,21.1969,21.1969,0
2024-05-03,21.2244,21.2244,21.2244,21.2244,0
2024-05-06,21.4632,21.4632,21.4632,21.4632,0
2024-05-07,21.4448,21.4448,21.4448,21.4448,0
2024-05-08,21.3346,21.3346,21.3346,21.3346,0
2024-05-09,21.4173,21.4173,21.4173,21.4173,0
2024-05-10,21.3806,21.3806,21.3806,21.3806,0
2024-05-13,21.5183,21.5183,21.5183,21.5183,0
2024-05-14,21.4265,21.4265,21.4265,21.4265,0
2024-05-15,21.5,21.5,21.5,21.5,0
2024-05-16,21.5551,21.5551,21.5551,21.5551,0
2024-05-17,21.7755,21.7755,21.7755,21.7755,0
2024-05-20,21.9683,21.9683,21.9683,21.9683,0
2024-05-21,21.8765,21.8765,21.8765,21.8765,0
2024-05-22,21.5642,21.5642,21.5642,21.5642,0
2024-05-23,21.454,21.454,21.454,21.454,0
2024-05-24,21.601,21.601,21.601,21.601,0
2024-05-28,21.9867,21.9867,21.9867,21.9867,0
2024-05-29,21.7571,21.7571,21.7571,21.7571,0
2024-05-30,21.4724,21.4724,21.4724,21.4724,0
2024-05-31,21.3714,21.3714,21.3714,21.3714,0
2024-06-03,21.0683,21.0683,21.0683,21.0683,0
2024-06-04,20.8571,20.8571,20.8571,20.8571,0
2024-06-05,20.9305,20.9305,20.9305,20.9305,0
2024-06-06,21.2061,21.2061,21.2061,21.2061,0
2024-06-07,20.903,20.903,20.903,20.903,0
2024-06-10,21.2061,21.2061,21.2061,21.2061,0
2024-06-11,21.1785,21.1785,21.1785,21.1785,0
2024-06-12,21.252,21.252,21.252,21.252,0
2024-06-13,21.2703,21.2703,21.2703,21.2703,0
2024-06-14,21.1877,21.1877,21.1877,21.1877,0
2024-06-17,21.2612,21.2612,21.2612,21.2612,0
2024-06-18,21.4357,21.4357,21.4357,21.4357,0
2024-06-20,21.4816,21.4816,21.4816,21.4816,0
2024-06-21,21.3071,21.3071,21.3071,21.3071,0
2024-06-24,21.4816,21.4816,21.4816,21.4816,0
2024-06-25,21.2795,21.2795,21.2795,21.2795,0
2024-06-26,21.3163,21.3163,21.3163,21.3163,0
2024-06-27,21.4265,21.4265,21.4265,21.4265,0
2024-06-28,21.3346,21.3346,21.3346,21.3346,0
2024-07-01,21.6102,21.6102,21.6102,21.6102,0
2024-07-02,21.6377,21.6377,21.6377,21.6377,0
2024-07-03,21.7571,21.7571,21.7571,21.7571,0
2024-07-05,21.8398,21.8398,21.8398,21.8398,0
2024-07-08,21.5459,21.5459,21.5459,21.5459,0
2024-07-09,21.3989,21.3989,21.3989,21.3989,0
2024-07-10,21.3989,21.3989,21.3989,21.3989,0
2024-07-11,21.4724,21.4724,21.4724,21.4724,0
2024-07-12,21.3897,21.3897,21.3897,21.3897,0
2024-07-15,21.2336,21.2336,21.2336,21.2336,0
2024-07-16,21.1785,21.1785,21.1785,21.1785,0
2024-07-17,21.1785,21.1785,21.1785,21.1785,0
2024-07-18,21.0224,21.0224,21.0224,21.0224,0
2024-07-19,20.7377,20.7377,20.7377,20.7377,0
2024-07-22,20.7928,20.7928,20.7928,20.7928,0
2024-07-23,20.5999,20.5999,20.5999,20.5999,0
2024-07-24,20.5907,20.5907,20.5907,20.5907,0
2024-07-25,20.6366,20.6366,20.6366,20.6366,0
2024-07-26,20.4254,20.4254,20.4254,20.4254,0
2024-07-29,20.3336,20.3336,20.3336,20.3336,0
2024-07-30,20.2693,20.2693,20.2693,20.2693,0
2024-07-31,20.7377,20.7377,20.7377,20.7377,0
2024-08-01,20.4897,20.4897,20.4897,20.4897,0
2024-08-02,20.1132,20.1132,20.1132,20.1132,0
2024-08-05,20.0764,20.0764,20.0764,20.0764,0
2024-08-06,19.9111,19.9111,19.9111,19.9111,0
2024-08-07,20.0948,20.0948,20.0948,20.0948,0
2024-08-08,20.2785,20.2785,20.2785,20.2785,0
2024-08-09,20.3979,20.3979,20.3979,20.3979,0
2024-08-12,20.6826,20.6826,20.6826,20.6826,0
2024-08-13,20.4897,20.4897,20.4897,20.4897,0
2024-08-14,20.3611,20.3611,20.3611,20.3611,0
2024-08-15,20.5264,20.5264,20.5264,20.5264,0
2024-08-16,20.3979,20.3979,20.3979,20.3979,0
2024-08-19,20.2877,20.2877,20.2877,20.2877,0
2024-08-20,20.205,20.205,20.205,20.205,0
2024-08-21,20.104,20.104,20.104,20.104,0
2024-08-22,20.0856,20.0856,20.0856,20.0856,0
2024-08-23,20.4438,20.4438,20.4438,20.4438,0
2024-08-26,20.655,20.655,20.655,20.655,0
2024-08-27,20.554,20.554,20.554,20.554,0
2024-08-28,20.306,20.306,20.306,20.306,0
2024-08-29,20.5356,20.5356,20.5356,20.5356,0
2024-08-30,20.306,20.306,20.306,20.306,0
2024-09-03,19.9019,19.9019,19.9019,19.9019,0
2024-09-04,19.755,19.755,19.755,19.755,0
2024-09-05,19.8009,19.8009,19.8009,19.8009,0
2024-09-06,19.5346,19.5346,19.5346,19.5346,0
2024-09-09,19.5897,19.5897,19.5897,19.5897,0
2024-09-10,19.305,19.305,19.305,19.305,0
2024-09-11,19.4795,19.4795,19.4795,19.4795,0
2024-09-12,19.856,19.856,19.856,19.856,0
2024-09-13,19.8927,19.8927,19.8927,19.8927,0
2024-09-16,20.0397,20.0397,20.0397,20.0397,0
2024-09-17,20.1774,20.1774,20.1774,20.1774,0
2024-09-18,20.0489,20.0489,20.0489,20.0489,0
2024-09-19,20.407,20.407,20.407,20.407,0
2024-09-20,20.407,20.407,20.407,20.407,0
2024-09-23,20.4162,20.4162,20.4162,20.4162,0
2024-09-24,20.756,20.756,20.756,20.756,0
2024-09-25,20.5815,20.5815,20.5815,20.5815,0
2024-09-26,20.3979,20.3979,20.3979,20.3979,0
2024-09-27,20.4989,20.4989,20.4989,20.4989,0
2024-09-30,20.453,20.453,20.453,20.453,0
2024-10-01,20.8111,20.8111,20.8111,20.8111,0
2024-10-02,20.9856,20.9856,20.9856,20.9856,0
2024-10-03,21.2887,21.2887,21.2887,21.2887,0
2024-10-04,21.3438,21.3438,21.3438,21.3438,0
2024-10-07,21.6377,21.6377,21.6377,21.6377,0
2024-10-08,21.1326,21.1326,21.1326,21.1326,0
2024-10-09,20.9489,20.9489,20.9489,20.9489,0
2024-10-10,21.3622,21.3622,21.3622,21.3622,0
2024-10-11,21.3806,21.3806,21.3806,21.3806,0
2024-10-14,21.0499,21.0499,21.0499,21.0499,0
2024-10-15,20.6458,20.6458,20.6458,20.6458,0
2024-10-16,20.5907,20.5907,20.5907,20.5907,0
2024-10-17,20.6183,20.6183,20.6183,20.6183,0
2024-10-18,20.5081,20.5081,20.5081,20.5081,0
2024-10-21,20.5724,20.5724,20.5724,20.5724,0
2024-10-22,20.9305,20.9305,20.9305,20.9305,0
2024-10-23,20.8111,20.8111,20.8111,20.8111,0
2024-10-24,20.802,20.802,20.802,20.802,0
2024-10-25,20.9489,20.9489,20.9489,20.9489,0
2024-10-28,20.3887,20.3887,20.3887,20.3887,0
2024-10-29,20.3519,20.3519,20.3519,20.3519,0
2024-10-30,20.6091,20.6091,20.6091,20.6091,0
2024-10-31,20.7469,20.7469,20.7469,20.7469,0
2024-11-01,20.5264,20.5264,20.5264,20.5264,0
2024-11-04,20.8754,20.8754,20.8754,20.8754,0
2024-11-05,21.004,21.004,21.004,21.004,0
2024-11-06,20.7744,20.7744,20.7744,20.7744,0
2024-11-07,20.9856,20.9856,20.9856,20.9856,0
2024-11-08,20.6642,20.6642,20.6642,20.6642,0
2024-11-11,20.3336,20.3336,20.3336,20.3336,0
2024-11-12,20.2234,20.2234,20.2234,20.2234,0
2024-11-13,20.1591,20.1591,20.1591,20.1591,0
2024-11-14,20.1407,20.1407,20.1407,20.1407,0
2024-11-15,20.0397,20.0397,20.0397,20.0397,0
2024-11-18,20.4989,20.4989,20.4989,20.4989,0
2024-11-19,20.5632,20.5632,20.5632,20.5632,0
2024-11-20,20.554,20.554,20.554,20.554,0
2024-11-21,20.7009,20.7009,20.7009,20.7009,0
2024-11-22,20.7193,20.7193,20.7193,20.7193,0
2024-11-25,20.4254,20.4254,20.4254,20.4254,0
2024-11-26,20.4254,20.4254,20.4254,20.4254,0
2024-11-27,20.3152,20.3152,20.3152,20.3152,0
2024-11-29,20.3336,20.3336,20.3336,20.3336,0
2024-12-02,20.1866,20.1866,20.1866,20.1866,0
2024-12-03,20.4162,20.4162,20.4162,20.4162,0
2024-12-04,20.306,20.306,20.306,20.306,0
2024-12-05,20.2785,20.2785,20.2785,20.2785,0
2024-12-06,20.1223,20.1223,20.1223,20.1223,0
2024-12-09,20.3152,20.3152,20.3152,20.3152,0
2024-12-10,20.3611,20.3611,20.3611,20.3611,0
2024-12-11,20.6183,20.6183,20.6183,20.6183,0
2024-12-12,20.5356,20.5356,20.5356,20.5356,0
2024-12-13,20.5264,20.5264,20.5264,20.5264,0
2024-12-16,20.4162,20.4162,20.4162,20.4162,0
2024-12-17,20.2785,20.2785,20.2785,20.2785,0
2024-12-18,20.0948,20.0948,20.0948,20.0948,0
2024-12-19,20.0948,20.0948,20.0948,20.0948,0
2024-12-20,20.2234,20.2234,20.2234,20.2234,0
2024-12-23,20.2388,20.2388,20.2388,20.2388,0
2024-12-24,20.3549,20.3549,20.3549,20.3549,0
2024-12-26,20.2969,20.2969,20.2969,20.2969,0
2024-12-27,20.3936,20.3936,20.3936,20.3936,0
2024-12-30,20.5774,20.5774,20.5774,20.5774,0
2024-12-31,20.6839,20.6839,20.6839,20.6839,0
2025-01-02,20.887,20.887,20.887,20.887,0
2025-01-03,20.7806,20.7806,20.7806,20.7806,0
2025-01-06,20.8193,20.8193,20.8193,20.8193,0
2025-01-07,20.916,20.916,20.916,20.916,0
2025-01-08,20.8774,20.8774,20.8774,20.8774,0
2025-01-10,21.4385,21.4385,21.4385,21.4385,0
2025-01-13,21.5933,21.5933,21.5933,21.5933,0
2025-01-14,21.5836,21.5836,21.5836,21.5836,0
2025-01-15,21.9319,21.9319,21.9319,21.9319,0
2025-01-16,21.8351,21.8351,21.8351,21.8351,0
2025-01-17,21.7384,21.7384,21.7384,21.7384,0
2025-01-21,21.632,21.632,21.632,21.632,0
2025-01-22,21.6126,21.6126,21.6126,21.6126,0
2025-01-23,21.5352,21.5352,21.5352,21.5352,0
2025-01-24,21.5449,21.5449,21.5449,21.5449,0
2025-01-27,21.216,21.216,21.216,21.216,0
2025-01-28,21.2353,21.2353,21.2353,21.2353,0
2025-01-29,21.274,21.274,21.274,21.274,0
2025-01-30,21.2934,21.2934,21.2934,21.2934,0
2025-01-31,21.2547,21.2547,21.2547,21.2547,0
2025-02-03,21.4191,21.4191,21.4191,21.4191,0
2025-02-04,21.4772,21.4772,21.4772,21.4772,0
2025-02-05,21.3417,21.3417,21.3417,21.3417,0
2025-02-06,21.3514,21.3514,21.3514,21.3514,0
2025-02-07,21.3611,21.3611,21.3611,21.3611,0
2025-02-10,21.6707,21.6707,21.6707,21.6707,0
2025-02-11,21.8351,21.8351,21.8351,21.8351,0
2025-02-12,21.5933,21.5933,21.5933,21.5933,0
2025-02-13,21.6997,21.6997,21.6997,21.6997,0
2025-02-14,21.7094,21.7094,21.7094,21.7094,0
2025-02-18,22.0286,22.0286,22.0286,22.0286,0
2025-02-19,22.2027,22.2027,22.2027,22.2027,0
2025-02-20,22.2318,22.2318,22.2318,22.2318,0
2025-02-21,21.9222,21.9222,21.9222,21.9222,0
2025-02-24,21.8448,21.8448,21.8448,21.8448,0
2025-02-25,21.6029,21.6029,21.6029,21.6029,0
2025-02-26,21.4191,21.4191,21.4191,21.4191,0
2025-02-27,21.4481,21.4481,21.4481,21.4481,0
2025-02-28,21.2837,21.2837,21.2837,21.2837,0
2025-03-03,21.1482,21.1482,21.1482,21.1482,0
2025-03-04,21.216,21.216,21.216,21.216,0
2025-03-05,21.1579,21.1579,21.1579,21.1579,0
2025-03-06,21.0515,21.0515,21.0515,21.0515,0
2025-03-07,21.2353,21.2353,21.2353,21.2353,0
2025-03-10,21.0999,21.0999,21.0999,21.0999,0
2025-03-11,21.216,21.216,21.216,21.216,0
2025-03-12,21.216,21.216,21.216,21.216,0
2025-03-13,21.1386,21.1386,21.1386,21.1386,0
2025-03-14,21.2547,21.2547,21.2547,21.2547,0
2025-03-17,21.3998,21.3998,21.3998,21.3998,0
2025-03-18,21.3514,21.3514,21.3514,21.3514,0
2025-03-19,21.4868,21.4868,21.4868,21.4868,0
2025-03-20,21.5255,21.5255,21.5255,21.5255,0
2025-03-21,21.3998,21.3998,21.3998,21.3998,0
2025-03-24,21.4772,21.4772,21.4772,21.4772,0
2025-03-25,21.5062,21.5062,21.5062,21.5062,0
2025-03-26,21.4772,21.4772,21.4772,21.4772,0
2025-03-27,21.5352,21.5352,21.5352,21.5352,0
2025-03-28,21.4675,21.4675,21.4675,21.4675,0
2025-03-31,21.7674,21.7674,21.7674,21.7674,0
2025-04-01,21.7771,21.7771,21.7771,21.7771,0
2025-04-02,21.9125,21.9125,21.9125,21.9125,0
2025-04-03,21.0321,21.0321,21.0321,21.0321,0
2025-04-04,20.2679,20.2679,20.2679,20.2679,0
2025-04-07,19.9486,19.9486,19.9486,19.9486,0
2025-04-08,19.5036,19.5036,19.5036,19.5036,0
2025-04-09,20.2098,20.2098,20.2098,20.2098,0
2025-04-10,19.9583,19.9583,19.9583,19.9583,0
2025-04-11,20.2485,20.2485,20.2485,20.2485,0
2025-04-14,20.2582,20.2582,20.2582,20.2582,0
2025-04-15,20.2098,20.2098,20.2098,20.2098,0
2025-04-16,20.4614,20.4614,20.4614,20.4614,0
2025-04-17,20.6742,20.6742,20.6742,20.6742,0
2025-04-21,20.5,20.5,20.5,20.5,0
2025-04-22,20.5968,20.5968,20.5968,20.5968,0
2025-04-23,20.442,20.442,20.442,20.442,0
2025-04-24,20.6258,20.6258,20.6258,20.6258,0
2025-04-25,20.6548,20.6548,20.6548,20.6548,0
2025-04-28,20.5387,20.5387,20.5387,20.5387,0
2025-04-29,20.2775,20.2775,20.2775,20.2775,0
2025-04-30,19.9002,19.9002,19.9002,19.9002,0
2025-05-01,19.997,19.997,19.997,19.997,0
2025-05-02,20.0841,20.0841,20.0841,20.0841,0
2025-05-05,19.968,19.968,19.968,19.968,0
2025-05-06,20.2679,20.2679,20.2679,20.2679,0
2025-05-07,20.0163,20.0163,20.0163,20.0163,0
2025-05-08,20.2775,20.2775,20.2775,20.2775,0
2025-05-09,20.4323,20.4323,20.4323,20.4323,0
2025-05-12,20.5678,20.5678,20.5678,20.5678,0
2025-05-13,20.887,20.887,20.887,20.887,0
2025-05-14,20.7806,20.7806,20.7806,20.7806,0
2025-05-15,20.5774,20.5774,20.5774,20.5774,0
2025-05-16,20.5,20.5,20.5,20.5,0
2025-05-19,20.471,20.471,20.471,20.471,0
2025-05-20,20.7322,20.7322,20.7322,20.7322,0
2025-05-21,20.7032,20.7032,20.7032,20.7032,0
2025-05-22,20.5968,20.5968,20.5968,20.5968,0
2025-05-23,20.7129,20.7129,20.7129,20.7129,0
2025-05-27,20.5291,20.5291,20.5291,20.5291,0
2025-05-28,20.4614,20.4614,20.4614,20.4614,0
2025-05-29,20.3549,20.3549,20.3549,20.3549,0
2025-05-30,20.2001,20.2001,20.2001,20.2001,0
2025-06-02,20.6258,20.6258,20.6258,20.6258,0
2025-06-03,20.7613,20.7613,20.7613,20.7613,0
2025-06-04,20.6839,20.6839,20.6839,20.6839,0
2025-06-05,20.7806,20.7806,20.7806,20.7806,0
2025-06-06,20.9451,20.9451,20.9451,20.9451,0
2025-06-09,20.9644,20.9644,20.9644,20.9644,0
2025-06-10,20.916,20.916,20.916,20.916,0
2025-06-11,21.2547,21.2547,21.2547,21.2547,0
2025-06-12,21.2547,21.2547,21.2547,21.2547,0
2025-06-13,21.9125,21.9125,21.9125,21.9125,0
2025-06-16,21.8641,21.8641,21.8641,21.8641,0
2025-06-17,22.3285,22.3285,22.3285,22.3285,0
2025-06-18,22.3866,22.3866,22.3866,22.3866,0
2025-06-20,22.5027,22.5027,22.5027,22.5027,0
2025-06-23,21.6707,21.6707,21.6707,21.6707,0
2025-06-24,21.1482,21.1482,21.1482,21.1482,0
2025-06-25,21.1192,21.1192,21.1192,21.1192,0
2025-06-26,21.1966,21.1966,21.1966,21.1966,0
2025-06-27,21.0902,21.0902,21.0902,21.0902,0
2025-06-30,21.0999,21.0999,21.0999,21.0999,0
2025-07-01,21.216,21.216,21.216,21.216,0
2025-07-02,21.5642,21.5642,21.5642,21.5642,0
2025-07-03,21.5546,21.5546,21.5546,21.5546,0
2025-07-07,21.5352,21.5352,21.5352,21.5352,0
2025-07-08,21.6029,21.6029,21.6029,21.6029,0
2025-07-09,21.5642,21.5642,21.5642,21.5642,0
2025-07-10,21.4965,21.4965,21.4965,21.4965,0
2025-07-11,21.7771,21.7771,21.7771,21.7771,0
2025-07-14,21.5933,21.5933,21.5933,21.5933,0
2025-07-15,21.5546,21.5546,21.5546,21.5546,0
2025-07-16,21.5836,21.5836,21.5836,21.5836,0
2025-07-17,21.7577,21.7577,21.7577,21.7577,0
2025-07-18,21.7964,21.7964,21.7964,21.7964,0
2025-07-21,21.748,21.748,21.748,21.748,0
2025-07-22,21.7094,21.7094,21.7094,21.7094,0
2025-07-23,21.6513,21.6513,21.6513,21.6513,0
2025-07-24,21.6707,21.6707,21.6707,21.6707,0
2025-07-25,21.4481,21.4481,21.4481,21.4481,0
2025-07-28,21.6707,21.6707,21.6707,21.6707,0
2025-07-29,21.9512,21.9512,21.9512,21.9512,0
2025-07-30,21.9028,21.9028,21.9028,21.9028,0
2025-07-31,21.719,21.719,21.719,21.719,0
2025-08-01,21.3707,21.3707,21.3707,21.3707,0
2025-08-04,21.2934,21.2934,21.2934,21.2934,0
2025-08-05,21.1095,21.1095,21.1095,21.1095,0
2025-08-06,21.0612,21.0612,21.0612,21.0612,0
2025-08-07,21.1289,21.1289,21.1289,21.1289,0
2025-08-08,21.1289,21.1289,21.1289,21.1289,0
2025-08-11,21.1579,21.1579,21.1579,21.1579,0
2025-08-12,21.0708,21.0708,21.0708,21.0708,0
2025-08-13,21.0418,21.0418,21.0418,21.0418,0
2025-08-14,21.1289,21.1289,21.1289,21.1289,0
2025-08-15,21.0612,21.0612,21.0612,21.0612,0
2025-08-18,21.0805,21.0805,21.0805,21.0805,0
2025-08-19,20.916,20.916,20.916,20.916,0
2025-08-20,21.1482,21.1482,21.1482,21.1482,0
2025-08-21,21.274,21.274,21.274,21.274,0
2025-08-22,21.3611,21.3611,21.3611,21.3611,0
2025-08-25,21.4675,21.4675,21.4675,21.4675,0
2025-08-26,21.303,21.303,21.303,21.303,0
2025-08-27,21.3224,21.3224,21.3224,21.3224,0
2025-08-28,21.4578,21.4578,21.4578,21.4578,0
2025-08-29,21.4868,21.4868,21.4868,21.4868,0
2025-09-02,21.8351,21.8351,21.8351,21.8351,0
2025-09-03,21.6416,21.6416,21.6416,21.6416,0
2025-09-04,21.4868,21.4868,21.4868,21.4868,0
2025-09-05,21.3127,21.3127,21.3127,21.3127,0
2025-09-08,21.4578,21.4578,21.4578,21.4578,0
2025-09-09,21.5159,21.5159,21.5159,21.5159,0
2025-09-10,21.661,21.661,21.661,21.661,0
2025-09-11,21.4965,21.4965,21.4965,21.4965,0
2025-09-12,21.6223,21.6223,21.6223,21.6223,0
2025-09-15,21.8158,21.8158,21.8158,21.8158,0
2025-09-16,22.0383,22.0383,22.0383,22.0383,0
2025-09-17,21.8061,21.8061,21.8061,21.8061,0
2025-09-18,21.7094,21.7094,21.7094,21.7094,0
2025-09-19,21.5352,21.5352,21.5352,21.5352,0
2025-09-22,21.5352,21.5352,21.5352,21.5352,0
2025-09-23,21.7577,21.7577,21.7577,21.7577,0
2025-09-24,21.9028,21.9028,21.9028,21.9028,0
2025-09-25,22.0576,22.0576,22.0576,22.0576,0
2025-09-26,22.0673,22.0673,22.0673,22.0673,0
2025-09-29,21.8835,21.8835,21.8835,21.8835,0
2025-09-30,21.7964,21.7964,21.7964,21.7964,0
2025-10-01,21.7577,21.7577,21.7577,21.7577,0
2025-10-02,21.6126,21.6126,21.6126,21.6126,0
2025-10-03,21.6803,21.6803,21.6803,21.6803,0
2025-10-06,21.9028,21.9028,21.9028,21.9028,0
2025-10-07,21.9899,21.9899,21.9899,21.9899,0
2025-10-08,22.0189,22.0189,22.0189,22.0189,0
2025-10-09,21.8158,21.8158,21.8158,21.8158,0
2025-10-10,21.3514,21.3514,21.3514,21.3514,0
2025-10-13,21.6223,21.6223,21.6223,21.6223,0
2025-10-14,21.3804,21.3804,21.3804,21.3804,0
2025-10-15,21.4578,21.4578,21.4578,21.4578,0
2025-10-16,21.4191,21.4191,21.4191,21.4191,0
2025-10-17,21.3998,21.3998,21.3998,21.3998,0
2025-10-20,21.6126,21.6126,21.6126,21.6126,0
2025-10-21,21.3901,21.3901,21.3901,21.3901,0
2025-10-22,21.7287,21.7287,21.7287,21.7287,0
2025-10-23,22.0963,22.0963,22.0963,22.0963,0
2025-10-24,22.106,22.106,22.106,22.106,0
2025-10-27,22.0576,22.0576,22.0576,22.0576,0
2025-10-28,21.8545,21.8545,21.8545,21.8545,0
2025-10-29,21.9706,21.9706,21.9706,21.9706,0
2025-10-30,21.9802,21.9802,21.9802,21.9802,0
2025-10-31,22.135,22.135,22.135,22.135,0
2025-11-03,22.2995,22.2995,22.2995,22.2995,0
2025-11-04,22.1447,22.1447,22.1447,22.1447,0
2025-11-05,22.077,22.077,22.077,22.077,0
2025-11-06,22.106,22.106,22.106,22.106,0
2025-11-07,22.1544,22.1544,22.1544,22.1544,0
2025-11-10,22.3962,22.3962,22.3962,22.3962,0
2025-11-11,22.5413,22.5413,22.5413,22.5413,0
2025-11-12,22.2898,22.2898,22.2898,22.2898,0
2025-11-13,22.1737,22.1737,22.1737,22.1737,0
2025-11-14,22.2221,22.2221,22.2221,22.2221,0
2025-11-17,22.1931,22.1931,22.1931,22.1931,0
2025-11-18,22.3769,22.3769,22.3769,22.3769,0
2025-11-19,22.1544,22.1544,22.1544,22.1544,0
2025-11-20,21.9415,21.9415,21.9415,21.9415,0
2025-11-21,21.7964,21.7964,21.7964,21.7964,0
2025-11-24,21.9028,21.9028,21.9028,21.9028,0
2025-11-25,21.7867,21.7867,21.7867,21.7867,0
2025-11-26,22.0189,22.0189,22.0189,22.0189,0
2025-11-28,22.3092,22.3092,22.3092,22.3092,0
2025-12-01,22.3672,22.3672,22.3672,22.3672,0
2025-12-02,22.2705,22.2705,22.2705,22.2705,0
2025-12-03,22.3769,22.3769,22.3769,22.3769,0
2025-12-04,22.4349,22.4349,22.4349,22.4349,0
2025-12-05,22.5704,22.5704,22.5704,22.5704,0
2025-12-08,22.2898,22.2898,22.2898,22.2898,0
2025-12-09,22.2414,22.2414,22.2414,22.2414,0
2025-12-10,22.3769,22.3769,22.3769,22.3769,0
2025-12-11,22.3575,22.3575,22.3575,22.3575,0
2025-12-12,22.1737,22.1737,22.1737,22.1737,0
2025-12-15,22.0673,22.0673,22.0673,22.0673,0
2025-12-16,21.8448,21.8448,21.8448,21.8448,0
2025-12-17,22.106,22.106,22.106,22.106,0
2025-12-18,21.9512,21.9512,21.9512,21.9512,0
2025-12-19,22.106,22.106,22.106,22.106,0
2025-12-22,22.39,22.39,22.39,22.39,0
2025-12-23,22.64,22.64,22.64,22.64,0
2025-12-24,22.63,22.63,22.63,22.63,0
2025-12-26,22.7,22.7,22.7,22.7,0
2025-12-29,22.49,22.49,22.49,22.49,0
2025-12-30,22.64,22.64,22.64,22.64,0
2025-12-31,22.36,22.36,22.36,22.36,0
2026-01-02,22.39,22.39,22.39,22.39,0
2026-01-05,22.81,22.81,22.81,22.81,0
2026-01-06,22.8,22.8,22.8,22.8,0
2026-01-07,22.59,22.59,22.59,22.59,0
2026-01-08,22.88,22.88,22.88,22.88,0
2026-01-09,22.9,22.9,22.9,22.9,0
2026-01-12,23.19,23.19,23.19,23.19,0
2026-01-13,23.37,23.37,23.37,23.37,0
2026-01-14,23.39,23.39,23.39,23.39,0
2026-01-15,23.2,23.2,23.2,23.2,0
2026-01-16,23.16,23.16,23.16,23.16,0
2026-01-20,23.48,23.48,23.48,23.48,0
2026-01-21,23.75,23.75,23.75,23.75,0
2026-01-22,23.74,23.74,23.74,23.74,0
2026-01-23,24.18,24.18,24.18,24.18,0
2026-01-26,24.29,24.29,24.29,24.29,0
2026-01-27,24.62,24.62,24.62,24.62,0
2026-01-28,24.94,24.94,24.94,24.94,0
2026-01-29,25.3,25.3,25.3,25.3,0
2026-01-30,24.43,24.43,24.43,24.43,0
2026-02-02,23.54,23.54,23.54,23.54,0
2026-02-03,24.15,24.15,24.15,24.15,0
2026-02-04,24.19,24.19,24.19,24.19,0
2026-02-05,23.76,23.76,23.76,23.76,0
2026-02-06,24.01,24.01,24.01,24.01,0
2026-02-09,24.25,24.25,24.25,24.25,0
2026-02-10,24.14,24.14,24.14,24.14,0
2026-02-11,24.37,24.37,24.37,24.37,0
2026-02-12,23.8,23.8,23.8,23.8,0
2026-02-13,23.88,23.88,23.88,23.88,0
2026-02-17,23.59,23.59,23.59,23.59,0
2026-02-18,24.21,24.21,24.21,24.21,0
2026-02-19,24.43,24.43,24.43,24.43,0
2026-02-20,24.6,24.6,24.6,24.6,0
2026-02-23,24.75,24.75,24.75,24.75,0
2026-02-24,24.72,24.72,24.72,24.72,0
2026-02-25,24.75,24.75,24.75,24.75,0
2026-02-26,24.76,24.76,24.76,24.76,0
2026-02-27,25.1,25.1,25.1,25.1,0
2026-03-02,25.81,25.81,25.81,25.81,0
2026-03-03,25.91,25.91,25.91,25.91,0
2026-03-04,26.14,26.14,26.14,26.14,0
2026-03-05,26.52,26.52,26.52,26.52,0
2026-03-06,27.51,27.51,27.51,27.51,0
2026-03-09,27.14,27.14,27.14,27.14,0
2026-03-10,27.6,27.6,27.6,27.6,0
2026-03-11,28.13,28.13,28.13,28.13,0
2026-03-12,28.86,28.86,28.86,28.86,0
2026-03-13,28.71,28.71,28.71,28.71,0
2026-03-16,28.31,28.31,28.31,28.31,0
2026-03-17,28.76,28.76,28.76,28.76,0
2026-03-18,29.27,29.27,29.27,29.27,0
2026-03-19,28.84,28.84,28.84,28.84,0
2026-03-20,28.94,28.94,28.94,28.94,0
2026-03-23,27.75,27.75,27.75,27.75,0
2026-03-24,28.24,28.24,28.24,28.24,0
2026-03-25,28.17,28.17,28.17,28.17,0
2026-03-26,28.44,28.44,28.44,28.44,0
2026-03-27,29.1,29.1,29.1,29.1,0
2026-03-30,29.26,29.26,29.26,29.26,0
2026-03-31,28.95,28.95,28.95,28.95,0
2026-04-01,28.68,28.68,28.68,28.68,0
2026-04-02,29.33,29.33,29.33,29.33,0
2026-04-06,29.48,29.48,29.48,29.48,0
2026-04-07,29.37,29.37,29.37,29.37,0
2026-04-08,28.56,28.56,28.56,28.56,0
2026-04-09,28.71,28.71,28.71,28.71,0
2026-04-10,28.5,28.5,28.5,28.5,0
2026-04-13,28.96,28.96,28.96,28.96,0
2026-04-14,28.84,28.84,28.84,28.84,0
2026-04-15,28.89,28.89,28.89,28.89,0
2026-04-16,29.11,29.11,29.11,29.11,0
2026-04-17,28.29,28.29,28.29,28.29,0
2026-04-20,28.67,28.67,28.67,28.67,0
2026-04-21,29.21,29.21,29.21,29.21,0
2026-04-22,29.51,29.51,29.51,29.51,0
2026-04-23,29.89,29.89,29.89,29.89,0
2026-04-24,29.86,29.86,29.86,29.86,0
2026-04-27,30.09,30.09,30.09,30.09,0
2026-04-28,30.34,30.34,30.34,30.34,0
2026-04-29,31.08,31.08,31.08,31.08,0
2026-04-30,31.1,31.1,31.1,31.1,0
2026-05-01,30.81,30.81,30.81,30.81,0
2026-05-04,31.33,31.33,31.33,31.33,0
2026-05-05,31.2,31.2,31.2,31.2,0
2026-05-06,30.21,30.21,30.21,30.21,0
2026-05-07,30.25,30.25,30.25,30.25,0
2026-05-08,30.3,30.3,30.3,30.3,0
2026-05-11,31.06,31.06,31.06,31.06,0
2026-05-12,31.69,31.69,31.69,31.69,0
2026-05-13,31.37,31.37,31.37,31.37,0
2026-05-14,31.15,31.15,31.15,31.15,0
2026-05-15,31.19,31.19,31.19,31.19,0
2026-05-18,31.38,31.38,31.38,31.38,0
2026-05-19,31.61,31.61,31.61,31.61,0
2026-05-20,30.88,30.88,30.88,30.88,0
2026-05-21,30.7,30.7,30.7,30.7,0
2026-05-22,30.54,30.54,30.54,30.54,0
2026-05-26,30.03,30.03,30.03,30.03,0
2026-05-27,29.49,29.49,29.49,29.49,0
2026-05-28,29.72,29.72,29.72,29.72,0
2026-05-29,29.48,29.48,29.48,29.48,0
2026-06-01,29.99,29.99,29.99,29.99,0
2026-06-02,30.12,30.12,30.12,30.12,0
2026-06-03,30.29,30.29,30.29,30.29,0
2026-06-04,29.88,29.88,29.88,29.88,0
2026-06-05,29.23,29.23,29.23,29.23,0
2026-06-08,29.47,29.47,29.47,29.47,0
2026-06-09,29.07,29.07,29.07,29.07,0
2026-06-10,29.17,29.17,29.17,29.17,0
2026-06-11,28.85,28.85,28.85,28.85,0
2026-06-12,28.55,28.55,28.55,28.55,0
2026-06-15,28.22,28.22,28.22,28.22,0
2026-06-16,27.9,27.9,27.9,27.9,0
2026-06-17,27.71,27.71,27.71,27.71,0
2026-06-18,27.63,27.63,27.63,27.63,0
2026-06-22,27.41,27.41,27.41,27.41,0
2026-06-23,27.12,27.12,27.12,27.12,0
2026-06-24,26.45,26.45,26.45,26.45,0
2026-06-25,26.93,26.93,26.93,26.93,0
2026-06-26,26.57,26.57,26.57,26.57,0
2026-06-29,26.56,26.56,26.56,26.56,0
2026-06-30,26.66,26.66,26.66,26.66,0
2026-07-01,26.45,26.45,26.45,26.45,0
2026-07-02,26.57,26.57,26.57,26.57,0
2026-07-06,27.0,27.0,27.0,27.0,0
2026-07-07,27.35,27.35,27.35,27.35,0
2026-07-08,27.8,27.8,27.8,27.8,0
2026-07-09,27.58,27.58,27.58,27.58,0
2026-07-10,27.52,27.52,27.52,27.52,0
2026-07-13,28.33,28.33,28.33,28.33,0
2026-07-14,28.63,28.63,28.63,28.63,0
2026-07-15,28.79,28.79,28.79,28.79,0
2026-07-16,28.46,28.46,28.46,28.46,0
2026-07-17,28.98,28.98,28.98,28.98,0
2026-07-20,29.14,29.14,29.14,29.14,0
2026-07-21,29.57,29.57,29.57,29.57,0
2026-07-22,29.86,29.86,29.86,29.86,0
2026-07-23,30.31,30.31,30.31,30.31,0
2026-07-24,30.1,30.1,30.1,30.1,0
2026-07-27,29.01,29.01,29.01,29.01,0
2026-07-28,28.6,28.6,28.6,28.6,0
2026-07-29,29.42,29.42,29.42,29.42,0
2026-07-30,29.32,29.32,29.32,29.32,0
2026-07-31,29.45,29.45,29.45,29.45,0
2026-08-03,28.88,28.88,28.88,28.88,0
2026-08-04,28.31,28.31,28.31,28.31,0
2026-08-05,28.48,28.48,28.48,28.48,0
2026-08-06,28.86,28.86,28.86,28.86,0
2026-08-07,28.91,28.91,28.91,28.91,0
2026-08-10,29.93,29.93,29.93,29.93,0
2026-08-11,29.97,29.97,29.97,29.97,0
2026-08-12,30.11,30.11,30.11,30.11,0
2026-08-13,29.78,29.78,29.78,29.78,0
2026-08-14,30.0,30.0,30.0,30.0,0
2026-08-17,30.56,30.56,30.56,30.56,0
2026-08-18,30.48,30.48,30.48,30.48,0
2026-08-19,30.76,30.76,30.76,30.76,0
2026-08-20,31.11,31.11,31.11,31.11,0
2026-08-21,31.26,31.26,31.26,31.26,0
2026-08-24,30.94,30.94,30.94,30.94,0
2026-08-25,30.43,30.43,30.43,30.43,0
2026-08-26,30.5,30.5,30.5,30.5,0
2026-08-27,30.86,30.86,30.86,30.86,0
