datetime,open,high,low,close,volume
2002-07-30,40.2828,40.2828,40.2828,40.2828,0
2002-07-31,40.6522,40.6522,40.6522,40.6522,0
2002-08-01,40.8197,40.8197,40.8197,40.8197,0
2002-08-02,41.135,41.135,41.135,41.135,0
2002-08-05,41.342,41.342,41.342,41.342,0
2002-08-06,41.007,41.007,41.007,41.007,0
2002-08-07,41.135,41.135,41.135,41.135,0
2002-08-08,40.9922,40.9922,40.9922,40.9922,0
2002-08-09,41.2976,41.2976,41.2976,41.2976,0
2002-08-12,41.3813,41.3813,41.3813,41.3813,0
2002-08-13,41.7114,41.7114,41.7114,41.7114,0
2002-08-14,41.5883,41.5883,41.5883,41.5883,0
2002-08-15,41.3469,41.3469,41.3469,41.3469,0
2002-08-16,41.0759,41.0759,41.0759,41.0759,0
2002-08-19,41.1153,41.1153,41.1153,41.1153,0
2002-08-20,41.4947,41.4947,41.4947,41.4947,0
2002-08-21,41.3912,41.3912,41.3912,41.3912,0
2002-08-22,41.1695,41.1695,41.1695,41.1695,0
2002-08-23,41.3567,41.3567,41.3567,41.3567,0
2002-08-26,41.3764,41.3764,41.3764,41.3764,0
2002-08-27,41.2533,41.2533,41.2533,41.2533,0
2002-08-28,41.406,41.406,41.406,41.406,0
2002-08-29,41.5981,41.5981,41.5981,41.5981,0
2002-08-30,41.677,41.677,41.677,41.677,0
2002-09-03,42.1317,42.1317,42.1317,42.1317,0
2002-09-04,42.1169,42.1169,42.1169,42.1169,0
2002-09-05,42.285,42.285,42.285,42.285,0
2002-09-06,41.9587,41.9587,41.9587,41.9587,0
2002-09-09,41.8994,41.8994,41.8994,41.8994,0
2002-09-10,42.0477,42.0477,42.0477,42.0477,0
2002-09-11,41.8944,41.8944,41.8944,41.8944,0
2002-09-12,42.1119,42.1119,42.1119,42.1119,0
2002-09-13,42.3097,42.3097,42.3097,42.3097,0
2002-09-16,42.3245,42.3245,42.3245,42.3245,0
2002-09-17,42.4629,42.4629,42.4629,42.4629,0
2002-09-18,42.5124,42.5124,42.5124,42.5124,0
2002-09-19,42.7249,42.7249,42.7249,42.7249,0
2002-09-20,42.7101,42.7101,42.7101,42.7101,0
2002-09-23,42.9523,42.9523,42.9523,42.9523,0
2002-09-24,43.1056,43.1056,43.1056,43.1056,0
2002-09-25,42.7793,42.7793,42.7793,42.7793,0
2002-09-26,42.7496,42.7496,42.7496,42.7496,0
2002-09-27,43.0314,43.0314,43.0314,43.0314,0
2002-09-30,43.2835,43.2835,43.2835,43.2835,0
2002-10-01,42.9057,42.9057,42.9057,42.9057,0
2002-10-02,43.0495,43.0495,43.0495,43.0495,0
2002-10-03,43.0247,43.0247,43.0247,43.0247,0
2002-10-04,43.0693,43.0693,43.0693,43.0693,0
2002-10-07,43.2379,43.2379,43.2379,43.2379,0
2002-10-08,43.1586,43.1586,43.1586,43.1586,0
2002-10-09,43.3767,43.3767,43.3767,43.3767,0
2002-10-10,43.1288,43.1288,43.1288,43.1288,0
2002-10-11,42.8214,42.8214,42.8214,42.8214,0
2002-10-14,42.7867,42.7867,42.7867,42.7867,0
2002-10-15,42.0678,42.0678,42.0678,42.0678,0
2002-10-16,42.0678,42.0678,42.0678,42.0678,0
2002-10-17,41.8447,41.8447,41.8447,41.8447,0
2002-10-18,41.9687,41.9687,41.9687,41.9687,0
2002-10-21,41.6464,41.6464,41.6464,41.6464,0
2002-10-22,41.6266,41.6266,41.6266,41.6266,0
2002-10-23,41.7158,41.7158,41.7158,41.7158,0
2002-10-24,41.9142,41.9142,41.9142,41.9142,0
2002-10-25,42.0976,42.0976,42.0976,42.0976,0
2002-10-28,42.1472,42.1472,42.1472,42.1472,0
2002-10-29,42.5289,42.5289,42.5289,42.5289,0
2002-10-30,42.524,42.524,42.524,42.524,0
2002-10-31,42.7421,42.7421,42.7421,42.7421,0
2002-11-01,42.4859,42.4859,42.4859,42.4859,0
2002-11-04,42.3516,42.3516,42.3516,42.3516,0
2002-11-05,42.2371,42.2371,42.2371,42.2371,0
2002-11-06,42.3764,42.3764,42.3764,42.3764,0
2002-11-07,42.7894,42.7894,42.7894,42.7894,0
2002-11-08,42.8938,42.8938,42.8938,42.8938,0
2002-11-11,43.0033,43.0033,43.0033,43.0033,0
2002-11-12,42.869,42.869,42.869,42.869,0
2002-11-13,42.9187,42.9187,42.9187,42.9187,0
2002-11-14,42.3814,42.3814,42.3814,42.3814,0
2002-11-15,42.4113,42.4113,42.4113,42.4113,0
2002-11-18,42.4511,42.4511,42.4511,42.4511,0
2002-11-19,42.4859,42.4859,42.4859,42.4859,0
2002-11-20,42.2521,42.2521,42.2521,42.2521,0
2002-11-21,42.0083,42.0083,42.0083,42.0083,0
2002-11-22,41.9585,41.9585,41.9585,41.9585,0
2002-11-25,41.8939,41.8939,41.8939,41.8939,0
2002-11-26,42.272,42.272,42.272,42.272,0
2002-11-27,41.7894,41.7894,41.7894,41.7894,0
2002-11-29,41.8491,41.8491,41.8491,41.8491,0
2002-12-02,41.8341,41.8341,41.8341,41.8341,0
2002-12-03,41.8291,41.8291,41.8291,41.8291,0
2002-12-04,41.9743,41.9743,41.9743,41.9743,0
2002-12-05,42.0894,42.0894,42.0894,42.0894,0
2002-12-06,42.2596,42.2596,42.2596,42.2596,0
2002-12-09,42.4198,42.4198,42.4198,42.4198,0
2002-12-10,42.3848,42.3848,42.3848,42.3848,0
2002-12-11,42.5249,42.5249,42.5249,42.5249,0
2002-12-12,42.5599,42.5599,42.5599,42.5599,0
2002-12-13,42.4048,42.4048,42.4048,42.4048,0
2002-12-16,42.2296,42.2296,42.2296,42.2296,0
2002-12-17,42.3296,42.3296,42.3296,42.3296,0
2002-12-18,42.59,42.59,42.59,42.59,0
2002-12-19,42.8102,42.8102,42.8102,42.8102,0
2002-12-20,42.8102,42.8102,42.8102,42.8102,0
2002-12-23,42.7852,42.7852,42.7852,42.7852,0
2002-12-24,42.9454,42.9454,42.9454,42.9454,0
2002-12-26,43.0105,43.0105,43.0105,43.0105,0
2002-12-27,43.2658,43.2658,43.2658,43.2658,0
2002-12-30,43.3459,43.3459,43.3459,43.3459,0
2002-12-31,43.3338,43.3338,43.3338,43.3338,0
2003-01-02,42.6497,42.6497,42.6497,42.6497,0
2003-01-03,42.7201,42.7201,42.7201,42.7201,0
2003-01-06,42.6145,42.6145,42.6145,42.6145,0
2003-01-07,42.7503,42.7503,42.7503,42.7503,0
2003-01-08,42.8509,42.8509,42.8509,42.8509,0
2003-01-09,42.3328,42.3328,42.3328,42.3328,0
2003-01-10,42.3781,42.3781,42.3781,42.3781,0
2003-01-13,42.4535,42.4535,42.4535,42.4535,0
2003-01-14,42.5542,42.5542,42.5542,42.5542,0
2003-01-15,42.6497,42.6497,42.6497,42.6497,0
2003-01-16,42.6346,42.6346,42.6346,42.6346,0
2003-01-17,42.8107,42.8107,42.8107,42.8107,0
2003-01-21,42.9566,42.9566,42.9566,42.9566,0
2003-01-22,43.1326,43.1326,43.1326,43.1326,0
2003-01-23,43.0421,43.0421,43.0421,43.0421,0
2003-01-24,43.1276,43.1276,43.1276,43.1276,0
2003-01-27,42.9968,42.9968,42.9968,42.9968,0
2003-01-28,43.0018,43.0018,43.0018,43.0018,0
2003-01-29,42.8157,42.8157,42.8157,42.8157,0
2003-01-30,42.9817,42.9817,42.9817,42.9817,0
2003-01-31,43.0018,43.0018,43.0018,43.0018,0
2003-02-03,42.9352,42.9352,42.9352,42.9352,0
2003-02-04,43.0765,43.0765,43.0765,43.0765,0
2003-02-05,42.91,42.91,42.91,42.91,0
2003-02-06,43.0765,43.0765,43.0765,43.0765,0
2003-02-07,43.0967,43.0967,43.0967,43.0967,0
2003-02-10,43.0159,43.0159,43.0159,43.0159,0
2003-02-11,43.0563,43.0563,43.0563,43.0563,0
2003-02-12,43.243,43.243,43.243,43.243,0
2003-02-13,43.3995,43.3995,43.3995,43.3995,0
2003-02-14,43.2481,43.2481,43.2481,43.2481,0
2003-02-18,43.2481,43.2481,43.2481,43.2481,0
2003-02-19,43.4096,43.4096,43.4096,43.4096,0
2003-02-20,43.5609,43.5609,43.5609,43.5609,0
2003-02-21,43.3995,43.3995,43.3995,43.3995,0
2003-02-24,43.571,43.571,43.571,43.571,0
2003-02-25,43.6316,43.6316,43.6316,43.6316,0
2003-02-26,43.7628,43.7628,43.7628,43.7628,0
2003-02-27,43.8032,43.8032,43.8032,43.8032,0
2003-02-28,43.9495,43.9495,43.9495,43.9495,0
2003-03-03,44.0406,44.0406,44.0406,44.0406,0
2003-03-04,44.1267,44.1267,44.1267,44.1267,0
2003-03-05,44.2076,44.2076,44.2076,44.2076,0
2003-03-06,44.1165,44.1165,44.1165,44.1165,0
2003-03-07,44.2633,44.2633,44.2633,44.2633,0
2003-03-10,44.4101,44.4101,44.4101,44.4101,0
2003-03-11,44.3999,44.3999,44.3999,44.3999,0
2003-03-12,44.2987,44.2987,44.2987,44.2987,0
2003-03-13,43.8079,43.8079,43.8079,43.8079,0
2003-03-14,43.9495,43.9495,43.9495,43.9495,0
2003-03-17,43.6054,43.6054,43.6054,43.6054,0
2003-03-18,43.3676,43.3676,43.3676,43.3676,0
2003-03-19,43.1601,43.1601,43.1601,43.1601,0
2003-03-20,43.1905,43.1905,43.1905,43.1905,0
2003-03-21,42.7957,42.7957,42.7957,42.7957,0
2003-03-24,43.2107,43.2107,43.2107,43.2107,0
2003-03-25,43.2158,43.2158,43.2158,43.2158,0
2003-03-26,43.317,43.317,43.317,43.317,0
2003-03-27,43.3979,43.3979,43.3979,43.3979,0
2003-03-28,43.4689,43.4689,43.4689,43.4689,0
2003-03-31,43.7825,43.7825,43.7825,43.7825,0
2003-04-01,43.7262,43.7262,43.7262,43.7262,0
2003-04-02,43.4166,43.4166,43.4166,43.4166,0
2003-04-03,43.4928,43.4928,43.4928,43.4928,0
2003-04-04,43.4166,43.4166,43.4166,43.4166,0
2003-04-07,43.3151,43.3151,43.3151,43.3151,0
2003-04-08,43.4775,43.4775,43.4775,43.4775,0
2003-04-09,43.6247,43.6247,43.6247,43.6247,0
2003-04-10,43.508,43.508,43.508,43.508,0
2003-04-11,43.3963,43.3963,43.3963,43.3963,0
2003-04-14,43.2745,43.2745,43.2745,43.2745,0
2003-04-15,43.4268,43.4268,43.4268,43.4268,0
2003-04-16,43.5232,43.5232,43.5232,43.5232,0
2003-04-17,43.4674,43.4674,43.4674,43.4674,0
2003-04-21,43.3862,43.3862,43.3862,43.3862,0
2003-04-22,43.3963,43.3963,43.3963,43.3963,0
2003-04-23,43.376,43.376,43.376,43.376,0
2003-04-24,43.6298,43.6298,43.6298,43.6298,0
2003-04-25,43.7008,43.7008,43.7008,43.7008,0
2003-04-28,43.6552,43.6552,43.6552,43.6552,0
2003-04-29,43.579,43.579,43.579,43.579,0
2003-04-30,43.8429,43.8429,43.8429,43.8429,0
2003-05-01,43.8796,43.8796,43.8796,43.8796,0
2003-05-02,43.6401,43.6401,43.6401,43.6401,0
2003-05-05,43.7778,43.7778,43.7778,43.7778,0
2003-05-06,44.0477,44.0477,44.0477,44.0477,0
2003-05-07,44.3535,44.3535,44.3535,44.3535,0
2003-05-08,44.3993,44.3993,44.3993,44.3993,0
2003-05-09,44.4707,44.4707,44.4707,44.4707,0
2003-05-12,44.6592,44.6592,44.6592,44.6592,0
2003-05-13,44.7,44.7,44.7,44.7,0
2003-05-14,44.9446,44.9446,44.9446,44.9446,0
2003-05-15,44.8986,44.8986,44.8986,44.8986,0
2003-05-16,45.1381,45.1381,45.1381,45.1381,0
2003-05-19,45.1279,45.1279,45.1279,45.1279,0
2003-05-20,45.4285,45.4285,45.4285,45.4285,0
2003-05-21,45.2859,45.2859,45.2859,45.2859,0
2003-05-22,45.4999,45.4999,45.4999,45.4999,0
2003-05-23,45.449,45.449,45.449,45.449,0
2003-05-27,45.2808,45.2808,45.2808,45.2808,0
2003-05-28,45.2909,45.2909,45.2909,45.2909,0
2003-05-29,45.5305,45.5305,45.5305,45.5305,0
2003-05-30,45.505,45.505,45.505,45.505,0
2003-06-02,45.3282,45.3282,45.3282,45.3282,0
2003-06-03,45.6296,45.6296,45.6296,45.6296,0
2003-06-04,45.7625,45.7625,45.7625,45.7625,0
2003-06-05,45.599,45.599,45.599,45.599,0
2003-06-06,45.5479,45.5479,45.5479,45.5479,0
2003-06-09,45.7983,45.7983,45.7983,45.7983,0
2003-06-10,46.0537,46.0537,46.0537,46.0537,0
2003-06-11,45.9566,45.9566,45.9566,45.9566,0
2003-06-12,46.1354,46.1354,46.1354,46.1354,0
2003-06-13,46.304,46.304,46.304,46.304,0
2003-06-16,46.0639,46.0639,46.0639,46.0639,0
2003-06-17,45.8136,45.8136,45.8136,45.8136,0
2003-06-18,45.5377,45.5377,45.5377,45.5377,0
2003-06-19,45.6041,45.6041,45.6041,45.6041,0
2003-06-20,45.5326,45.5326,45.5326,45.5326,0
2003-06-23,45.7063,45.7063,45.7063,45.7063,0
2003-06-24,45.9208,45.9208,45.9208,45.9208,0
2003-06-25,45.5735,45.5735,45.5735,45.5735,0
2003-06-26,45.1239,45.1239,45.1239,45.1239,0
2003-06-27,45.083,45.083,45.083,45.083,0
2003-06-30,45.1903,45.1903,45.1903,45.1903,0
2003-07-01,45.3102,45.3102,45.3102,45.3102,0
2003-07-02,45.3566,45.3566,45.3566,45.3566,0
2003-07-03,45.0682,45.0682,45.0682,45.0682,0
2003-07-07,44.8263,44.8263,44.8263,44.8263,0
2003-07-08,44.8418,44.8418,44.8418,44.8418,0
2003-07-09,44.9241,44.9241,44.9241,44.9241,0
2003-07-10,45.0271,45.0271,45.0271,45.0271,0
2003-07-11,45.1867,45.1867,45.1867,45.1867,0
2003-07-14,44.9241,44.9241,44.9241,44.9241,0
2003-07-15,44.3116,44.3116,44.3116,44.3116,0
2003-07-16,44.327,44.327,44.327,44.327,0
2003-07-17,44.2343,44.2343,44.2343,44.2343,0
2003-07-18,44.1211,44.1211,44.1211,44.1211,0
2003-07-21,43.5446,43.5446,43.5446,43.5446,0
2003-07-22,43.699,43.699,43.699,43.699,0
2003-07-23,43.8328,43.8328,43.8328,43.8328,0
2003-07-24,43.663,43.663,43.663,43.663,0
2003-07-25,43.6063,43.6063,43.6063,43.6063,0
2003-07-28,43.2871,43.2871,43.2871,43.2871,0
2003-07-29,42.8651,42.8651,42.8651,42.8651,0
2003-07-30,43.2099,43.2099,43.2099,43.2099,0
2003-07-31,42.9217,42.9217,42.9217,42.9217,0
2003-08-01,43.0967,43.0967,43.0967,43.0967,0
2003-08-04,43.4134,43.4134,43.4134,43.4134,0
2003-08-05,43.1226,43.1226,43.1226,43.1226,0
2003-08-06,43.5639,43.5639,43.5639,43.5639,0
2003-08-07,43.7197,43.7197,43.7197,43.7197,0
2003-08-08,43.7145,43.7145,43.7145,43.7145,0
2003-08-11,43.5328,43.5328,43.5328,43.5328,0
2003-08-12,43.4549,43.4549,43.4549,43.4549,0
2003-08-13,42.972,42.972,42.972,42.972,0
2003-08-14,43.0603,43.0603,43.0603,43.0603,0
2003-08-15,43.0447,43.0447,43.0447,43.0447,0
2003-08-18,43.1745,43.1745,43.1745,43.1745,0
2003-08-19,43.5172,43.5172,43.5172,43.5172,0
2003-08-20,43.3095,43.3095,43.3095,43.3095,0
2003-08-21,43.1485,43.1485,43.1485,43.1485,0
2003-08-22,43.1797,43.1797,43.1797,43.1797,0
2003-08-25,42.9928,42.9928,42.9928,42.9928,0
2003-08-26,43.1485,43.1485,43.1485,43.1485,0
2003-08-27,43.0447,43.0447,43.0447,43.0447,0
2003-08-28,43.3459,43.3459,43.3459,43.3459,0
2003-08-29,43.2265,43.2265,43.2265,43.2265,0
2003-09-02,43.0504,43.0504,43.0504,43.0504,0
2003-09-03,43.1605,43.1605,43.1605,43.1605,0
2003-09-04,43.4382,43.4382,43.4382,43.4382,0
2003-09-05,43.9884,43.9884,43.9884,43.9884,0
2003-09-08,43.784,43.784,43.784,43.784,0
2003-09-09,43.9936,43.9936,43.9936,43.9936,0
2003-09-10,44.2924,44.2924,44.2924,44.2924,0
2003-09-11,44.1351,44.1351,44.1351,44.1351,0
2003-09-12,44.3133,44.3133,44.3133,44.3133,0
2003-09-15,44.3919,44.3919,44.3919,44.3919,0
2003-09-16,44.3552,44.3552,44.3552,44.3552,0
2003-09-17,44.6016,44.6016,44.6016,44.6016,0
2003-09-18,44.5963,44.5963,44.5963,44.5963,0
2003-09-19,44.5963,44.5963,44.5963,44.5963,0
2003-09-22,44.4024,44.4024,44.4024,44.4024,0
2003-09-23,44.5072,44.5072,44.5072,44.5072,0
2003-09-24,44.7326,44.7326,44.7326,44.7326,0
2003-09-25,44.7955,44.7955,44.7955,44.7955,0
2003-09-26,45.136,45.136,45.136,45.136,0
2003-09-29,44.9422,44.9422,44.9422,44.9422,0
2003-09-30,45.3771,45.3771,45.3771,45.3771,0
2003-10-01,45.5785,45.5785,45.5785,45.5785,0
2003-10-02,45.4147,45.4147,45.4147,45.4147,0
2003-10-03,44.7858,44.7858,44.7858,44.7858,0
2003-10-06,44.9179,44.9179,44.9179,44.9179,0
2003-10-07,44.6589,44.6589,44.6589,44.6589,0
2003-10-08,44.7382,44.7382,44.7382,44.7382,0
2003-10-09,44.5955,44.5955,44.5955,44.5955,0
2003-10-10,44.7277,44.7277,44.7277,44.7277,0
2003-10-13,44.6589,44.6589,44.6589,44.6589,0
2003-10-14,44.4792,44.4792,44.4792,44.4792,0
2003-10-15,44.3206,44.3206,44.3206,44.3206,0
2003-10-16,44.0775,44.0775,44.0775,44.0775,0
2003-10-17,44.3154,44.3154,44.3154,44.3154,0
2003-10-20,44.3471,44.3471,44.3471,44.3471,0
2003-10-21,44.4263,44.4263,44.4263,44.4263,0
2003-10-22,44.7487,44.7487,44.7487,44.7487,0
2003-10-23,44.606,44.606,44.606,44.606,0
2003-10-24,44.9179,44.9179,44.9179,44.9179,0
2003-10-27,44.7963,44.7963,44.7963,44.7963,0
2003-10-28,45.0077,45.0077,45.0077,45.0077,0
2003-10-29,44.717,44.717,44.717,44.717,0
2003-10-30,44.5532,44.5532,44.5532,44.5532,0
2003-10-31,44.7117,44.7117,44.7117,44.7117,0
2003-11-03,44.5415,44.5415,44.5415,44.5415,0
2003-11-04,44.7006,44.7006,44.7006,44.7006,0
2003-11-05,44.5415,44.5415,44.5415,44.5415,0
2003-11-06,44.3136,44.3136,44.3136,44.3136,0
2003-11-07,44.2393,44.2393,44.2393,44.2393,0
2003-11-10,44.2234,44.2234,44.2234,44.2234,0
2003-11-11,44.2923,44.2923,44.2923,44.2923,0
2003-11-12,44.4355,44.4355,44.4355,44.4355,0
2003-11-13,44.8226,44.8226,44.8226,44.8226,0
2003-11-14,45.0665,45.0665,45.0665,45.0665,0
2003-11-17,45.1195,45.1195,45.1195,45.1195,0
2003-11-18,45.3051,45.3051,45.3051,45.3051,0
2003-11-19,44.9975,44.9975,44.9975,44.9975,0
2003-11-20,45.2785,45.2785,45.2785,45.2785,0
2003-11-21,45.2574,45.2574,45.2574,45.2574,0
2003-11-24,45.0188,45.0188,45.0188,45.0188,0
2003-11-25,45.1301,45.1301,45.1301,45.1301,0
2003-11-26,45.0188,45.0188,45.0188,45.0188,0
2003-11-28,44.7218,44.7218,44.7218,44.7218,0
2003-12-01,44.4485,44.4485,44.4485,44.4485,0
2003-12-02,44.5761,44.5761,44.5761,44.5761,0
2003-12-03,44.4591,44.4591,44.4591,44.4591,0
2003-12-04,44.5548,44.5548,44.5548,44.5548,0
2003-12-05,45.0972,45.0972,45.0972,45.0972,0
2003-12-08,44.9271,44.9271,44.9271,44.9271,0
2003-12-09,44.7038,44.7038,44.7038,44.7038,0
2003-12-10,44.8154,44.8154,44.8154,44.8154,0
2003-12-11,45.0865,45.0865,45.0865,45.0865,0
2003-12-12,45.0865,45.0865,45.0865,45.0865,0
2003-12-15,45.0653,45.0653,45.0653,45.0653,0
2003-12-16,45.6076,45.6076,45.6076,45.6076,0
2003-12-17,45.7258,45.7258,45.7258,45.7258,0
2003-12-18,45.8816,45.8816,45.8816,45.8816,0
2003-12-19,45.8869,45.8869,45.8869,45.8869,0
2003-12-22,45.7634,45.7634,45.7634,45.7634,0
2003-12-23,45.4519,45.4519,45.4519,45.4519,0
2003-12-24,45.7365,45.7365,45.7365,45.7365,0
2003-12-26,45.8816,45.8816,45.8816,45.8816,0
2003-12-29,45.6023,45.6023,45.6023,45.6023,0
2003-12-30,45.554,45.554,45.554,45.554,0
2003-12-31,45.6342,45.6342,45.6342,45.6342,0
2004-01-02,45.2679,45.2679,45.2679,45.2679,0
2004-01-05,45.2301,45.2301,45.2301,45.2301,0
2004-01-06,45.5696,45.5696,45.5696,45.5696,0
2004-01-07,45.6719,45.6719,45.6719,45.6719,0
2004-01-08,45.6719,45.6719,45.6719,45.6719,0
2004-01-09,46.2107,46.2107,46.2107,46.2107,0
2004-01-12,46.2107,46.2107,46.2107,46.2107,0
2004-01-13,46.4586,46.4586,46.4586,46.4586,0
2004-01-14,46.5501,46.5501,46.5501,46.5501,0
2004-01-15,46.5771,46.5771,46.5771,46.5771,0
2004-01-16,46.3831,46.3831,46.3831,46.3831,0
2004-01-20,46.3023,46.3023,46.3023,46.3023,0
2004-01-21,46.437,46.437,46.437,46.437,0
2004-01-22,46.6363,46.6363,46.6363,46.6363,0
2004-01-23,46.2862,46.2862,46.2862,46.2862,0
2004-01-26,46.0922,46.0922,46.0922,46.0922,0
2004-01-27,46.2754,46.2754,46.2754,46.2754,0
2004-01-28,45.9413,45.9413,45.9413,45.9413,0
2004-01-29,45.8875,45.8875,45.8875,45.8875,0
2004-01-30,46.0976,46.0976,46.0976,46.0976,0
2004-02-02,46.0517,46.0517,46.0517,46.0517,0
2004-02-03,46.23,46.23,46.23,46.23,0
2004-02-04,46.1543,46.1543,46.1543,46.1543,0
2004-02-05,45.9814,45.9814,45.9814,45.9814,0
2004-02-06,46.2624,46.2624,46.2624,46.2624,0
2004-02-09,46.3705,46.3705,46.3705,46.3705,0
2004-02-10,46.2408,46.2408,46.2408,46.2408,0
2004-02-11,46.4839,46.4839,46.4839,46.4839,0
2004-02-12,46.4569,46.4569,46.4569,46.4569,0
2004-02-13,46.5759,46.5759,46.5759,46.5759,0
2004-02-17,46.5759,46.5759,46.5759,46.5759,0
2004-02-18,46.565,46.565,46.565,46.565,0
2004-02-19,46.5974,46.5974,46.5974,46.5974,0
2004-02-20,46.4407,46.4407,46.4407,46.4407,0
2004-02-23,46.592,46.592,46.592,46.592,0
2004-02-24,46.6731,46.6731,46.6731,46.6731,0
2004-02-25,46.7271,46.7271,46.7271,46.7271,0
2004-02-26,46.6569,46.6569,46.6569,46.6569,0
2004-02-27,46.8406,46.8406,46.8406,46.8406,0
2004-03-01,46.8899,46.8899,46.8899,46.8899,0
2004-03-02,46.6189,46.6189,46.6189,46.6189,0
2004-03-03,46.5756,46.5756,46.5756,46.5756,0
2004-03-04,46.7219,46.7219,46.7219,46.7219,0
2004-03-05,47.3018,47.3018,47.3018,47.3018,0
2004-03-08,47.5674,47.5674,47.5674,47.5674,0
2004-03-09,47.7462,47.7462,47.7462,47.7462,0
2004-03-10,47.7408,47.7408,47.7408,47.7408,0
2004-03-11,47.7462,47.7462,47.7462,47.7462,0
2004-03-12,47.5999,47.5999,47.5999,47.5999,0
2004-03-15,47.627,47.627,47.627,47.627,0
2004-03-16,47.8601,47.8601,47.8601,47.8601,0
2004-03-17,47.8275,47.8275,47.8275,47.8275,0
2004-03-18,47.6758,47.6758,47.6758,47.6758,0
2004-03-19,47.6108,47.6108,47.6108,47.6108,0
2004-03-22,47.7896,47.7896,47.7896,47.7896,0
2004-03-23,47.8601,47.8601,47.8601,47.8601,0
2004-03-24,47.8275,47.8275,47.8275,47.8275,0
2004-03-25,47.7625,47.7625,47.7625,47.7625,0
2004-03-26,47.4589,47.4589,47.4589,47.4589,0
2004-03-29,47.2584,47.2584,47.2584,47.2584,0
2004-03-30,47.2747,47.2747,47.2747,47.2747,0
2004-03-31,47.4481,47.4481,47.4481,47.4481,0
2004-04-01,47.3318,47.3318,47.3318,47.3318,0
2004-04-02,46.4567,46.4567,46.4567,46.4567,0
2004-04-05,46.2284,46.2284,46.2284,46.2284,0
2004-04-06,46.3915,46.3915,46.3915,46.3915,0
2004-04-07,46.3969,46.3969,46.3969,46.3969,0
2004-04-08,46.31,46.31,46.31,46.31,0
2004-04-12,46.1632,46.1632,46.1632,46.1632,0
2004-04-13,45.8045,45.8045,45.8045,45.8045,0
2004-04-14,45.7718,45.7718,45.7718,45.7718,0
2004-04-15,45.7066,45.7066,45.7066,45.7066,0
2004-04-16,45.8751,45.8751,45.8751,45.8751,0
2004-04-19,45.7556,45.7556,45.7556,45.7556,0
2004-04-20,45.424,45.424,45.424,45.424,0
2004-04-21,45.5164,45.5164,45.5164,45.5164,0
2004-04-22,45.6958,45.6958,45.6958,45.6958,0
2004-04-23,45.5055,45.5055,45.5055,45.5055,0
2004-04-26,45.5001,45.5001,45.5001,45.5001,0
2004-04-27,45.6795,45.6795,45.6795,45.6795,0
2004-04-28,45.3805,45.3805,45.3805,45.3805,0
2004-04-29,45.2772,45.2772,45.2772,45.2772,0
2004-04-30,45.3859,45.3859,45.3859,45.3859,0
2004-05-03,45.3685,45.3685,45.3685,45.3685,0
2004-05-04,45.2376,45.2376,45.2376,45.2376,0
2004-05-05,45.134,45.134,45.134,45.134,0
2004-05-06,45.0904,45.0904,45.0904,45.0904,0
2004-05-07,44.5342,44.5342,44.5342,44.5342,0
2004-05-10,44.5233,44.5233,44.5233,44.5233,0
2004-05-11,44.6105,44.6105,44.6105,44.6105,0
2004-05-12,44.5451,44.5451,44.5451,44.5451,0
2004-05-13,44.4087,44.4087,44.4087,44.4087,0
2004-05-14,44.6323,44.6323,44.6323,44.6323,0
2004-05-17,44.9213,44.9213,44.9213,44.9213,0
2004-05-18,44.8341,44.8341,44.8341,44.8341,0
2004-05-19,44.6269,44.6269,44.6269,44.6269,0
2004-05-20,44.8505,44.8505,44.8505,44.8505,0
2004-05-21,44.7523,44.7523,44.7523,44.7523,0
2004-05-24,44.785,44.785,44.785,44.785,0
2004-05-25,44.8014,44.8014,44.8014,44.8014,0
2004-05-26,45.025,45.025,45.025,45.025,0
2004-05-27,45.2703,45.2703,45.2703,45.2703,0
2004-05-28,45.1449,45.1449,45.1449,45.1449,0
2004-06-01,44.92,44.92,44.92,44.92,0
2004-06-02,44.8435,44.8435,44.8435,44.8435,0
2004-06-03,44.9146,44.9146,44.9146,44.9146,0
2004-06-04,44.7285,44.7285,44.7285,44.7285,0
2004-06-07,44.7942,44.7942,44.7942,44.7942,0
2004-06-08,44.7832,44.7832,44.7832,44.7832,0
2004-06-09,44.6519,44.6519,44.6519,44.6519,0
2004-06-10,44.7012,44.7012,44.7012,44.7012,0
2004-06-14,44.4823,44.4823,44.4823,44.4823,0
2004-06-15,45.0732,45.0732,45.0732,45.0732,0
2004-06-16,44.9747,44.9747,44.9747,44.9747,0
2004-06-17,45.1006,45.1006,45.1006,45.1006,0
2004-06-18,45.0076,45.0076,45.0076,45.0076,0
2004-06-21,45.0787,45.0787,45.0787,45.0787,0
2004-06-22,45.0185,45.0185,45.0185,45.0185,0
2004-06-23,45.0842,45.0842,45.0842,45.0842,0
2004-06-24,45.2593,45.2593,45.2593,45.2593,0
2004-06-25,45.2812,45.2812,45.2812,45.2812,0
2004-06-28,44.9474,44.9474,44.9474,44.9474,0
2004-06-29,45.1608,45.1608,45.1608,45.1608,0
2004-06-30,45.4398,45.4398,45.4398,45.4398,0
2004-07-01,45.5293,45.5293,45.5293,45.5293,0
2004-07-02,45.9191,45.9191,45.9191,45.9191,0
2004-07-06,45.8312,45.8312,45.8312,45.8312,0
2004-07-07,45.8532,45.8532,45.8532,45.8532,0
2004-07-08,45.8587,45.8587,45.8587,45.8587,0
2004-07-09,45.9355,45.9355,45.9355,45.9355,0
2004-07-12,45.9904,45.9904,45.9904,45.9904,0
2004-07-13,45.8916,45.8916,45.8916,45.8916,0
2004-07-14,45.8696,45.8696,45.8696,45.8696,0
2004-07-15,45.8477,45.8477,45.8477,45.8477,0
2004-07-16,46.2923,46.2923,46.2923,46.2923,0
2004-07-19,46.2813,46.2813,46.2813,46.2813,0
2004-07-20,45.9794,45.9794,45.9794,45.9794,0
2004-07-21,45.8806,45.8806,45.8806,45.8806,0
2004-07-22,45.9355,45.9355,45.9355,45.9355,0
2004-07-23,46.0453,46.0453,46.0453,46.0453,0
2004-07-26,45.8861,45.8861,45.8861,45.8861,0
2004-07-27,45.5623,45.5623,45.5623,45.5623,0
2004-07-28,45.6336,45.6336,45.6336,45.6336,0
2004-07-29,45.6775,45.6775,45.6775,45.6775,0
2004-07-30,45.9904,45.9904,45.9904,45.9904,0
2004-08-02,46.0362,46.0362,46.0362,46.0362,0
2004-08-03,46.1463,46.1463,46.1463,46.1463,0
2004-08-04,46.1187,46.1187,46.1187,46.1187,0
2004-08-05,46.2564,46.2564,46.2564,46.2564,0
2004-08-06,46.8898,46.8898,46.8898,46.8898,0
2004-08-09,46.7356,46.7356,46.7356,46.7356,0
2004-08-10,46.5428,46.5428,46.5428,46.5428,0
2004-08-11,46.7025,46.7025,46.7025,46.7025,0
2004-08-12,46.7631,46.7631,46.7631,46.7631,0
2004-08-13,46.8457,46.8457,46.8457,46.8457,0
2004-08-16,46.7961,46.7961,46.7961,46.7961,0
2004-08-17,47.0164,47.0164,47.0164,47.0164,0
2004-08-18,46.8622,46.8622,46.8622,46.8622,0
2004-08-19,46.9779,46.9779,46.9779,46.9779,0
2004-08-20,46.8843,46.8843,46.8843,46.8843,0
2004-08-23,46.7245,46.7245,46.7245,46.7245,0
2004-08-24,46.7686,46.7686,46.7686,46.7686,0
2004-08-25,46.7741,46.7741,46.7741,46.7741,0
2004-08-26,46.9779,46.9779,46.9779,46.9779,0
2004-08-27,46.9228,46.9228,46.9228,46.9228,0
2004-08-30,47.088,47.088,47.088,47.088,0
2004-08-31,47.2918,47.2918,47.2918,47.2918,0
2004-09-01,47.2841,47.2841,47.2841,47.2841,0
2004-09-02,47.03,47.03,47.03,47.03,0
2004-09-03,46.9029,46.9029,46.9029,46.9029,0
2004-09-07,46.9305,46.9305,46.9305,46.9305,0
2004-09-08,47.2012,47.2012,47.2012,47.2012,0
2004-09-09,47.1184,47.1184,47.1184,47.1184,0
2004-09-10,47.2123,47.2123,47.2123,47.2123,0
2004-09-13,47.3283,47.3283,47.3283,47.3283,0
2004-09-14,47.3393,47.3393,47.3393,47.3393,0
2004-09-15,47.2896,47.2896,47.2896,47.2896,0
2004-09-16,47.5492,47.5492,47.5492,47.5492,0
2004-09-17,47.3835,47.3835,47.3835,47.3835,0
2004-09-20,47.6543,47.6543,47.6543,47.6543,0
2004-09-21,47.6873,47.6873,47.6873,47.6873,0
2004-09-22,47.8807,47.8807,47.8807,47.8807,0
2004-09-23,47.715,47.715,47.715,47.715,0
2004-09-24,47.7095,47.7095,47.7095,47.7095,0
2004-09-27,47.8421,47.8421,47.8421,47.8421,0
2004-09-28,47.7923,47.7923,47.7923,47.7923,0
2004-09-29,47.494,47.494,47.494,47.494,0
2004-09-30,47.4443,47.4443,47.4443,47.4443,0
2004-10-01,47.2542,47.2542,47.2542,47.2542,0
2004-10-04,47.2709,47.2709,47.2709,47.2709,0
2004-10-05,47.2709,47.2709,47.2709,47.2709,0
2004-10-06,47.1157,47.1157,47.1157,47.1157,0
2004-10-07,47.0326,47.0326,47.0326,47.0326,0
2004-10-08,47.4315,47.4315,47.4315,47.4315,0
2004-10-11,47.5091,47.5091,47.5091,47.5091,0
2004-10-12,47.5091,47.5091,47.5091,47.5091,0
2004-10-13,47.6809,47.6809,47.6809,47.6809,0
2004-10-14,47.8471,47.8471,47.8471,47.8471,0
2004-10-15,47.6864,47.6864,47.6864,47.6864,0
2004-10-18,47.7585,47.7585,47.7585,47.7585,0
2004-10-19,47.7418,47.7418,47.7418,47.7418,0
2004-10-20,47.958,47.958,47.958,47.958,0
2004-10-21,47.8914,47.8914,47.8914,47.8914,0
2004-10-22,48.0244,48.0244,48.0244,48.0244,0
2004-10-25,48.0798,48.0798,48.0798,48.0798,0
2004-10-26,47.9967,47.9967,47.9967,47.9967,0
2004-10-27,47.703,47.703,47.703,47.703,0
2004-10-28,47.7751,47.7751,47.7751,47.7751,0
2004-10-29,47.9136,47.9136,47.9136,47.9136,0
2004-11-01,47.6774,47.6774,47.6774,47.6774,0
2004-11-02,47.7941,47.7941,47.7941,47.7941,0
2004-11-03,47.7774,47.7774,47.7774,47.7774,0
2004-11-04,47.7496,47.7496,47.7496,47.7496,0
2004-11-05,47.3939,47.3939,47.3939,47.3939,0
2004-11-08,47.3273,47.3273,47.3273,47.3273,0
2004-11-09,47.3384,47.3384,47.3384,47.3384,0
2004-11-10,47.2439,47.2439,47.2439,47.2439,0
2004-11-11,47.2327,47.2327,47.2327,47.2327,0
2004-11-12,47.4106,47.4106,47.4106,47.4106,0
2004-11-15,47.4328,47.4328,47.4328,47.4328,0
2004-11-16,47.3828,47.3828,47.3828,47.3828,0
2004-11-17,47.6329,47.6329,47.6329,47.6329,0
2004-11-18,47.6718,47.6718,47.6718,47.6718,0
2004-11-19,47.4106,47.4106,47.4106,47.4106,0
2004-11-22,47.4439,47.4439,47.4439,47.4439,0
2004-11-23,47.3995,47.3995,47.3995,47.3995,0
2004-11-24,47.4662,47.4662,47.4662,47.4662,0
2004-11-26,47.2939,47.2939,47.2939,47.2939,0
2004-11-29,47.0104,47.0104,47.0104,47.0104,0
2004-11-30,46.966,46.966,46.966,46.966,0
2004-12-01,46.9503,46.9503,46.9503,46.9503,0
2004-12-02,46.8444,46.8444,46.8444,46.8444,0
2004-12-03,47.3128,47.3128,47.3128,47.3128,0
2004-12-06,47.4019,47.4019,47.4019,47.4019,0
2004-12-07,47.3964,47.3964,47.3964,47.3964,0
2004-12-08,47.7476,47.7476,47.7476,47.7476,0
2004-12-09,47.6361,47.6361,47.6361,47.6361,0
2004-12-10,47.7086,47.7086,47.7086,47.7086,0
2004-12-13,47.7421,47.7421,47.7421,47.7421,0
2004-12-14,47.8257,47.8257,47.8257,47.8257,0
2004-12-15,47.9985,47.9985,47.9985,47.9985,0
2004-12-16,47.6305,47.6305,47.6305,47.6305,0
2004-12-17,47.5692,47.5692,47.5692,47.5692,0
2004-12-20,47.625,47.625,47.625,47.625,0
2004-12-21,47.6919,47.6919,47.6919,47.6919,0
2004-12-22,47.6417,47.6417,47.6417,47.6417,0
2004-12-23,47.5804,47.5804,47.5804,47.5804,0
2004-12-27,47.3796,47.3796,47.3796,47.3796,0
2004-12-28,47.3741,47.3741,47.3741,47.3741,0
2004-12-29,47.2793,47.2793,47.2793,47.2793,0
2004-12-30,47.4577,47.4577,47.4577,47.4577,0
2004-12-31,47.5142,47.5142,47.5142,47.5142,0
2005-01-03,47.6093,47.6093,47.6093,47.6093,0
2005-01-04,47.3128,47.3128,47.3128,47.3128,0
2005-01-05,47.3911,47.3911,47.3911,47.3911,0
2005-01-06,47.4359,47.4359,47.4359,47.4359,0
2005-01-07,47.3968,47.3968,47.3968,47.3968,0
2005-01-10,47.3911,47.3911,47.3911,47.3911,0
2005-01-11,47.4862,47.4862,47.4862,47.4862,0
2005-01-12,47.5589,47.5589,47.5589,47.5589,0
2005-01-13,47.7491,47.7491,47.7491,47.7491,0
2005-01-14,47.7211,47.7211,47.7211,47.7211,0
2005-01-18,47.7044,47.7044,47.7044,47.7044,0
2005-01-19,47.7323,47.7323,47.7323,47.7323,0
2005-01-20,47.8162,47.8162,47.8162,47.8162,0
2005-01-21,47.9113,47.9113,47.9113,47.9113,0
2005-01-24,47.9057,47.9057,47.9057,47.9057,0
2005-01-25,47.7267,47.7267,47.7267,47.7267,0
2005-01-26,47.7379,47.7379,47.7379,47.7379,0
2005-01-27,47.6652,47.6652,47.6652,47.6652,0
2005-01-28,47.9113,47.9113,47.9113,47.9113,0
2005-01-31,47.9281,47.9281,47.9281,47.9281,0
2005-02-01,47.895,47.895,47.895,47.895,0
2005-02-02,47.9006,47.9006,47.9006,47.9006,0
2005-02-03,47.822,47.822,47.822,47.822,0
2005-02-04,48.0689,48.0689,48.0689,48.0689,0
2005-02-07,48.1643,48.1643,48.1643,48.1643,0
2005-02-08,48.2092,48.2092,48.2092,48.2092,0
2005-02-09,48.4448,48.4448,48.4448,48.4448,0
2005-02-10,48.1419,48.1419,48.1419,48.1419,0
2005-02-11,48.0801,48.0801,48.0801,48.0801,0
2005-02-14,48.1419,48.1419,48.1419,48.1419,0
2005-02-15,48.0689,48.0689,48.0689,48.0689,0
2005-02-16,47.895,47.895,47.895,47.895,0
2005-02-17,47.7884,47.7884,47.7884,47.7884,0
2005-02-18,47.5471,47.5471,47.5471,47.5471,0
2005-02-22,47.5527,47.5527,47.5527,47.5527,0
2005-02-23,47.592,47.592,47.592,47.592,0
2005-02-24,47.5135,47.5135,47.5135,47.5135,0
2005-02-25,47.5808,47.5808,47.5808,47.5808,0
2005-02-28,47.2722,47.2722,47.2722,47.2722,0
2005-03-01,47.2728,47.2728,47.2728,47.2728,0
2005-03-02,47.2672,47.2672,47.2672,47.2672,0
2005-03-03,47.2391,47.2391,47.2391,47.2391,0
2005-03-04,47.4528,47.4528,47.4528,47.4528,0
2005-03-07,47.4641,47.4641,47.4641,47.4641,0
2005-03-08,47.2391,47.2391,47.2391,47.2391,0
2005-03-09,46.879,46.879,46.879,46.879,0
2005-03-10,46.9634,46.9634,46.9634,46.9634,0
2005-03-11,46.7665,46.7665,46.7665,46.7665,0
2005-03-14,46.879,46.879,46.879,46.879,0
2005-03-15,46.789,46.789,46.789,46.789,0
2005-03-16,46.8959,46.8959,46.8959,46.8959,0
2005-03-17,47.0759,47.0759,47.0759,47.0759,0
2005-03-18,46.9578,46.9578,46.9578,46.9578,0
2005-03-21,46.9015,46.9015,46.9015,46.9015,0
2005-03-22,46.5584,46.5584,46.5584,46.5584,0
2005-03-23,46.6652,46.6652,46.6652,46.6652,0
2005-03-24,46.7046,46.7046,46.7046,46.7046,0
2005-03-28,46.5527,46.5527,46.5527,46.5527,0
2005-03-29,46.744,46.744,46.744,46.744,0
2005-03-30,46.8508,46.8508,46.8508,46.8508,0
2005-03-31,47.0815,47.0815,47.0815,47.0815,0
2005-04-01,47.1769,47.1769,47.1769,47.1769,0
2005-04-04,47.1544,47.1544,47.1544,47.1544,0
2005-04-05,47.16,47.16,47.16,47.16,0
2005-04-06,47.3011,47.3011,47.3011,47.3011,0
2005-04-07,47.1205,47.1205,47.1205,47.1205,0
2005-04-08,47.1713,47.1713,47.1713,47.1713,0
2005-04-11,47.3124,47.3124,47.3124,47.3124,0
2005-04-12,47.5607,47.5607,47.5607,47.5607,0
2005-04-13,47.5834,47.5834,47.5834,47.5834,0
2005-04-14,47.7075,47.7075,47.7075,47.7075,0
2005-04-15,48.018,48.018,48.018,48.018,0
2005-04-18,47.9164,47.9164,47.9164,47.9164,0
2005-04-19,48.1929,48.1929,48.1929,48.1929,0
2005-04-20,48.1647,48.1647,48.1647,48.1647,0
2005-04-21,47.8204,47.8204,47.8204,47.8204,0
2005-04-22,48.0236,48.0236,48.0236,48.0236,0
2005-04-25,48.0236,48.0236,48.0236,48.0236,0
2005-04-26,48.001,48.001,48.001,48.001,0
2005-04-27,48.1478,48.1478,48.1478,48.1478,0
2005-04-28,48.4413,48.4413,48.4413,48.4413,0
2005-04-29,48.2663,48.2663,48.2663,48.2663,0
2005-05-02,48.3156,48.3156,48.3156,48.3156,0
2005-05-03,48.3778,48.3778,48.3778,48.3778,0
2005-05-04,48.3665,48.3665,48.3665,48.3665,0
2005-05-05,48.5194,48.5194,48.5194,48.5194,0
2005-05-06,48.174,48.174,48.174,48.174,0
2005-05-09,48.1683,48.1683,48.1683,48.1683,0
2005-05-10,48.3383,48.3383,48.3383,48.3383,0
2005-05-11,48.4005,48.4005,48.4005,48.4005,0
2005-05-12,48.4458,48.4458,48.4458,48.4458,0
2005-05-13,48.5704,48.5704,48.5704,48.5704,0
2005-05-16,48.576,48.576,48.576,48.576,0
2005-05-17,48.6383,48.6383,48.6383,48.6383,0
2005-05-18,48.7969,48.7969,48.7969,48.7969,0
2005-05-19,48.6497,48.6497,48.6497,48.6497,0
2005-05-20,48.6439,48.6439,48.6439,48.6439,0
2005-05-23,48.8648,48.8648,48.8648,48.8648,0
2005-05-24,48.995,48.995,48.995,48.995,0
2005-05-25,48.8195,48.8195,48.8195,48.8195,0
2005-05-26,48.8478,48.8478,48.8478,48.8478,0
2005-05-27,48.8988,48.8988,48.8988,48.8988,0
2005-05-31,49.1536,49.1536,49.1536,49.1536,0
2005-06-01,49.4569,49.4569,49.4569,49.4569,0
2005-06-02,49.4398,49.4398,49.4398,49.4398,0
2005-06-03,49.1558,49.1558,49.1558,49.1558,0
2005-06-06,49.2865,49.2865,49.2865,49.2865,0
2005-06-07,49.4284,49.4284,49.4284,49.4284,0
2005-06-08,49.3376,49.3376,49.3376,49.3376,0
2005-06-09,49.3092,49.3092,49.3092,49.3092,0
2005-06-10,48.9968,48.9968,48.9968,48.9968,0
2005-06-13,48.8662,48.8662,48.8662,48.8662,0
2005-06-14,48.8095,48.8095,48.8095,48.8095,0
2005-06-15,48.7923,48.7923,48.7923,48.7923,0
2005-06-16,48.9457,48.9457,48.9457,48.9457,0
2005-06-17,48.8889,48.8889,48.8889,48.8889,0
2005-06-20,48.8151,48.8151,48.8151,48.8151,0
2005-06-21,48.9684,48.9684,48.9684,48.9684,0
2005-06-22,49.3376,49.3376,49.3376,49.3376,0
2005-06-23,49.2865,49.2865,49.2865,49.2865,0
2005-06-24,49.4057,49.4057,49.4057,49.4057,0
2005-06-27,49.4455,49.4455,49.4455,49.4455,0
2005-06-28,49.2354,49.2354,49.2354,49.2354,0
2005-06-29,49.2183,49.2183,49.2183,49.2183,0
2005-06-30,49.3887,49.3887,49.3887,49.3887,0
2005-07-01,48.9637,48.9637,48.9637,48.9637,0
2005-07-05,48.7644,48.7644,48.7644,48.7644,0
2005-07-06,48.8669,48.8669,48.8669,48.8669,0
2005-07-07,48.9809,48.9809,48.9809,48.9809,0
2005-07-08,48.8042,48.8042,48.8042,48.8042,0
2005-07-11,48.7815,48.7815,48.7815,48.7815,0
2005-07-12,48.6561,48.6561,48.6561,48.6561,0
2005-07-13,48.6105,48.6105,48.6105,48.6105,0
2005-07-14,48.5479,48.5479,48.5479,48.5479,0
2005-07-15,48.5593,48.5593,48.5593,48.5593,0
2005-07-18,48.4795,48.4795,48.4795,48.4795,0
2005-07-19,48.5479,48.5479,48.5479,48.5479,0
2005-07-20,48.639,48.639,48.639,48.639,0
2005-07-21,48.2801,48.2801,48.2801,48.2801,0
2005-07-22,48.508,48.508,48.508,48.508,0
2005-07-25,48.4226,48.4226,48.4226,48.4226,0
2005-07-26,48.4567,48.4567,48.4567,48.4567,0
2005-07-27,48.3884,48.3884,48.3884,48.3884,0
2005-07-28,48.5991,48.5991,48.5991,48.5991,0
2005-07-29,48.3086,48.3086,48.3086,48.3086,0
2005-08-01,48.212,48.212,48.212,48.212,0
2005-08-02,48.1663,48.1663,48.1663,48.1663,0
2005-08-03,48.2863,48.2863,48.2863,48.2863,0
2005-08-04,48.252,48.252,48.252,48.252,0
2005-08-05,47.9948,47.9948,47.9948,47.9948,0
2005-08-08,47.8691,47.8691,47.8691,47.8691,0
2005-08-09,48.0063,48.0063,48.0063,48.0063,0
2005-08-10,47.9834,47.9834,47.9834,47.9834,0
2005-08-11,48.1892,48.1892,48.1892,48.1892,0
2005-08-12,48.3835,48.3835,48.3835,48.3835,0
2005-08-15,48.3206,48.3206,48.3206,48.3206,0
2005-08-16,48.5492,48.5492,48.5492,48.5492,0
2005-08-17,48.3606,48.3606,48.3606,48.3606,0
2005-08-18,48.6178,48.6178,48.6178,48.6178,0
2005-08-19,48.5892,48.5892,48.5892,48.5892,0
2005-08-22,48.6293,48.6293,48.6293,48.6293,0
2005-08-23,48.7207,48.7207,48.7207,48.7207,0
2005-08-24,48.7435,48.7435,48.7435,48.7435,0
2005-08-25,48.7721,48.7721,48.7721,48.7721,0
2005-08-26,48.6921,48.6921,48.6921,48.6921,0
2005-08-29,48.7264,48.7264,48.7264,48.7264,0
2005-08-30,48.955,48.955,48.955,48.955,0
2005-08-31,49.275,49.275,49.275,49.275,0
2005-09-01,49.3232,49.3232,49.3232,49.3232,0
2005-09-02,49.3347,49.3347,49.3347,49.3347,0
2005-09-06,49.1798,49.1798,49.1798,49.1798,0
2005-09-07,49.0193,49.0193,49.0193,49.0193,0
2005-09-08,49.0193,49.0193,49.0193,49.0193,0
2005-09-09,49.0594,49.0594,49.0594,49.0594,0
2005-09-12,48.9046,48.9046,48.9046,48.9046,0
2005-09-13,49.0537,49.0537,49.0537,49.0537,0
2005-09-14,48.9505,48.9505,48.9505,48.9505,0
2005-09-15,48.8015,48.8015,48.8015,48.8015,0
2005-09-16,48.6123,48.6123,48.6123,48.6123,0
2005-09-19,48.7097,48.7097,48.7097,48.7097,0
2005-09-20,48.6696,48.6696,48.6696,48.6696,0
2005-09-21,48.8932,48.8932,48.8932,48.8932,0
2005-09-22,48.9276,48.9276,48.9276,48.9276,0
2005-09-23,48.6581,48.6581,48.6581,48.6581,0
2005-09-26,48.532,48.532,48.532,48.532,0
2005-09-27,48.5606,48.5606,48.5606,48.5606,0
2005-09-28,48.6581,48.6581,48.6581,48.6581,0
2005-09-29,48.5492,48.5492,48.5492,48.5492,0
2005-09-30,48.4116,48.4116,48.4116,48.4116,0
2005-10-03,48.2258,48.2258,48.2258,48.2258,0
2005-10-04,48.2488,48.2488,48.2488,48.2488,0
2005-10-05,48.3638,48.3638,48.3638,48.3638,0
2005-10-06,48.3006,48.3006,48.3006,48.3006,0
2005-10-07,48.3638,48.3638,48.3638,48.3638,0
2005-10-10,48.3754,48.3754,48.3754,48.3754,0
2005-10-11,48.2833,48.2833,48.2833,48.2833,0
2005-10-12,48.0993,48.0993,48.0993,48.0993,0
2005-10-13,48.0245,48.0245,48.0245,48.0245,0
2005-10-14,48.0245,48.0245,48.0245,48.0245,0
2005-10-17,47.967,47.967,47.967,47.967,0
2005-10-18,48.036,48.036,48.036,48.036,0
2005-10-19,48.0935,48.0935,48.0935,48.0935,0
2005-10-20,48.1223,48.1223,48.1223,48.1223,0
2005-10-21,48.3351,48.3351,48.3351,48.3351,0
2005-10-24,48.128,48.128,48.128,48.128,0
2005-10-25,47.9037,47.9037,47.9037,47.9037,0
2005-10-26,47.7196,47.7196,47.7196,47.7196,0
2005-10-27,47.8289,47.8289,47.8289,47.8289,0
2005-10-28,47.7772,47.7772,47.7772,47.7772,0
2005-10-31,47.8116,47.8116,47.8116,47.8116,0
2005-11-01,47.7817,47.7817,47.7817,47.7817,0
2005-11-02,47.6835,47.6835,47.6835,47.6835,0
2005-11-03,47.5161,47.5161,47.5161,47.5161,0
2005-11-04,47.4931,47.4931,47.4931,47.4931,0
2005-11-07,47.5796,47.5796,47.5796,47.5796,0
2005-11-08,47.8163,47.8163,47.8163,47.8163,0
2005-11-09,47.5624,47.5624,47.5624,47.5624,0
2005-11-10,47.8336,47.8336,47.8336,47.8336,0
2005-11-11,47.8913,47.8913,47.8913,47.8913,0
2005-11-14,47.6777,47.6777,47.6777,47.6777,0
2005-11-15,47.8394,47.8394,47.8394,47.8394,0
2005-11-16,48.0818,48.0818,48.0818,48.0818,0
2005-11-17,48.1742,48.1742,48.1742,48.1742,0
2005-11-18,48.0587,48.0587,48.0587,48.0587,0
2005-11-21,48.151,48.151,48.151,48.151,0
2005-11-22,48.3184,48.3184,48.3184,48.3184,0
2005-11-23,48.1915,48.1915,48.1915,48.1915,0
2005-11-25,48.3358,48.3358,48.3358,48.3358,0
2005-11-28,48.3993,48.3993,48.3993,48.3993,0
2005-11-29,48.1337,48.1337,48.1337,48.1337,0
2005-11-30,48.1107,48.1107,48.1107,48.1107,0
2005-12-01,48.0024,48.0024,48.0024,48.0024,0
2005-12-02,48.0429,48.0429,48.0429,48.0429,0
2005-12-05,47.8981,47.8981,47.8981,47.8981,0
2005-12-06,48.124,48.124,48.124,48.124,0
2005-12-07,48.095,48.095,48.095,48.095,0
2005-12-08,48.3035,48.3035,48.3035,48.3035,0
2005-12-09,48.0892,48.0892,48.0892,48.0892,0
2005-12-12,47.9792,47.9792,47.9792,47.9792,0
2005-12-13,48.095,48.095,48.095,48.095,0
2005-12-14,48.3962,48.3962,48.3962,48.3962,0
2005-12-15,48.3325,48.3325,48.3325,48.3325,0
2005-12-16,48.4194,48.4194,48.4194,48.4194,0
2005-12-19,48.4483,48.4483,48.4483,48.4483,0
2005-12-20,48.3672,48.3672,48.3672,48.3672,0
2005-12-21,48.3035,48.3035,48.3035,48.3035,0
2005-12-22,48.4947,48.4947,48.4947,48.4947,0
2005-12-23,48.6105,48.6105,48.6105,48.6105,0
2005-12-27,48.8422,48.8422,48.8422,48.8422,0
2005-12-28,48.6922,48.6922,48.6922,48.6922,0
2005-12-29,48.7503,48.7503,48.7503,48.7503,0
2005-12-30,48.7678,48.7678,48.7678,48.7678,0
2006-01-03,48.7619,48.7619,48.7619,48.7619,0
2006-01-04,48.8491,48.8491,48.8491,48.8491,0
2006-01-05,48.8607,48.8607,48.8607,48.8607,0
2006-01-06,48.7968,48.7968,48.7968,48.7968,0
2006-01-09,48.82,48.82,48.82,48.82,0
2006-01-10,48.6225,48.6225,48.6225,48.6225,0
2006-01-11,48.5004,48.5004,48.5004,48.5004,0
2006-01-12,48.6748,48.6748,48.6748,48.6748,0
2006-01-13,48.8898,48.8898,48.8898,48.8898,0
2006-01-17,48.948,48.948,48.948,48.948,0
2006-01-18,48.9654,48.9654,48.9654,48.9654,0
2006-01-19,48.8433,48.8433,48.8433,48.8433,0
2006-01-20,48.9247,48.9247,48.9247,48.9247,0
2006-01-23,48.9131,48.9131,48.9131,48.9131,0
2006-01-24,48.8317,48.8317,48.8317,48.8317,0
2006-01-25,48.5295,48.5295,48.5295,48.5295,0
2006-01-26,48.4249,48.4249,48.4249,48.4249,0
2006-01-27,48.4597,48.4597,48.4597,48.4597,0
2006-01-30,48.3551,48.3551,48.3551,48.3551,0
2006-01-31,48.4249,48.4249,48.4249,48.4249,0
2006-02-01,48.2756,48.2756,48.2756,48.2756,0
2006-02-02,48.2756,48.2756,48.2756,48.2756,0
2006-02-03,48.4214,48.4214,48.4214,48.4214,0
2006-02-06,48.3514,48.3514,48.3514,48.3514,0
2006-02-07,48.2931,48.2931,48.2931,48.2931,0
2006-02-08,48.264,48.264,48.264,48.264,0
2006-02-09,48.3106,48.3106,48.3106,48.3106,0
2006-02-10,48.1707,48.1707,48.1707,48.1707,0
2006-02-13,48.1707,48.1707,48.1707,48.1707,0
2006-02-14,48.1007,48.1007,48.1007,48.1007,0
2006-02-15,48.1881,48.1881,48.1881,48.1881,0
2006-02-16,48.1648,48.1648,48.1648,48.1648,0
2006-02-17,48.328,48.328,48.328,48.328,0
2006-02-21,48.2698,48.2698,48.2698,48.2698,0
2006-02-22,48.4505,48.4505,48.4505,48.4505,0
2006-02-23,48.3339,48.3339,48.3339,48.3339,0
2006-02-24,48.2756,48.2756,48.2756,48.2756,0
2006-02-27,48.1823,48.1823,48.1823,48.1823,0
2006-02-28,48.3747,48.3747,48.3747,48.3747,0
2006-03-01,48.2794,48.2794,48.2794,48.2794,0
2006-03-02,48.0864,48.0864,48.0864,48.0864,0
2006-03-03,47.9694,47.9694,47.9694,47.9694,0
2006-03-06,47.8173,47.8173,47.8173,47.8173,0
2006-03-07,47.8407,47.8407,47.8407,47.8407,0
2006-03-08,47.8641,47.8641,47.8641,47.8641,0
2006-03-09,47.9109,47.9109,47.9109,47.9109,0
2006-03-10,47.8173,47.8173,47.8173,47.8173,0
2006-03-13,47.7764,47.7764,47.7764,47.7764,0
2006-03-14,48.0513,48.0513,48.0513,48.0513,0
2006-03-15,47.9635,47.9635,47.9635,47.9635,0
2006-03-16,48.2677,48.2677,48.2677,48.2677,0
2006-03-17,48.1682,48.1682,48.1682,48.1682,0
2006-03-20,48.2618,48.2618,48.2618,48.2618,0
2006-03-21,48.063,48.063,48.063,48.063,0
2006-03-22,48.1215,48.1215,48.1215,48.1215,0
2006-03-23,47.9986,47.9986,47.9986,47.9986,0
2006-03-24,48.2092,48.2092,48.2092,48.2092,0
2006-03-27,48.1039,48.1039,48.1039,48.1039,0
2006-03-28,47.8699,47.8699,47.8699,47.8699,0
2006-03-29,47.8231,47.8231,47.8231,47.8231,0
2006-03-30,47.6827,47.6827,47.6827,47.6827,0
2006-03-31,47.7179,47.7179,47.7179,47.7179,0
2006-04-03,47.665,47.665,47.665,47.665,0
2006-04-04,47.6709,47.6709,47.6709,47.6709,0
2006-04-05,47.7824,47.7824,47.7824,47.7824,0
2006-04-06,47.6474,47.6474,47.6474,47.6474,0
2006-04-07,47.4303,47.4303,47.4303,47.4303,0
2006-04-10,47.489,47.489,47.489,47.489,0
2006-04-11,47.577,47.577,47.577,47.577,0
2006-04-12,47.4656,47.4656,47.4656,47.4656,0
2006-04-13,47.2132,47.2132,47.2132,47.2132,0
2006-04-17,47.3951,47.3951,47.3951,47.3951,0
2006-04-18,47.5477,47.5477,47.5477,47.5477,0
2006-04-19,47.4127,47.4127,47.4127,47.4127,0
2006-04-20,47.3716,47.3716,47.3716,47.3716,0
2006-04-21,47.4714,47.4714,47.4714,47.4714,0
2006-04-24,47.5301,47.5301,47.5301,47.5301,0
2006-04-25,47.2308,47.2308,47.2308,47.2308,0
2006-04-26,47.2073,47.2073,47.2073,47.2073,0
2006-04-27,47.3365,47.3365,47.3365,47.3365,0
2006-04-28,47.4186,47.4186,47.4186,47.4186,0
2006-05-01,47.1618,47.1618,47.1618,47.1618,0
2006-05-02,47.2384,47.2384,47.2384,47.2384,0
2006-05-03,47.1736,47.1736,47.1736,47.1736,0
2006-05-04,47.1442,47.1442,47.1442,47.1442,0
2006-05-05,47.2561,47.2561,47.2561,47.2561,0
2006-05-08,47.2796,47.2796,47.2796,47.2796,0
2006-05-09,47.2619,47.2619,47.2619,47.2619,0
2006-05-10,47.2855,47.2855,47.2855,47.2855,0
2006-05-11,47.2031,47.2031,47.2031,47.2031,0
2006-05-12,47.0264,47.0264,47.0264,47.0264,0
2006-05-15,47.1265,47.1265,47.1265,47.1265,0
2006-05-16,47.3032,47.3032,47.3032,47.3032,0
2006-05-17,47.1677,47.1677,47.1677,47.1677,0
2006-05-18,47.5034,47.5034,47.5034,47.5034,0
2006-05-19,47.474,47.474,47.474,47.474,0
2006-05-22,47.5387,47.5387,47.5387,47.5387,0
2006-05-23,47.5211,47.5211,47.5211,47.5211,0
2006-05-24,47.5917,47.5917,47.5917,47.5917,0
2006-05-25,47.5152,47.5152,47.5152,47.5152,0
2006-05-26,47.5564,47.5564,47.5564,47.5564,0
2006-05-30,47.5152,47.5152,47.5152,47.5152,0
2006-05-31,47.3679,47.3679,47.3679,47.3679,0
2006-06-01,47.4472,47.4472,47.4472,47.4472,0
2006-06-02,47.8136,47.8136,47.8136,47.8136,0
2006-06-05,47.7191,47.7191,47.7191,47.7191,0
2006-06-06,47.7604,47.7604,47.7604,47.7604,0
2006-06-07,47.6954,47.6954,47.6954,47.6954,0
2006-06-08,47.7604,47.7604,47.7604,47.7604,0
2006-06-09,47.8786,47.8786,47.8786,47.8786,0
2006-06-12,47.855,47.855,47.855,47.855,0
2006-06-13,47.92,47.92,47.92,47.92,0
2006-06-14,47.6008,47.6008,47.6008,47.6008,0
2006-06-15,47.4944,47.4944,47.4944,47.4944,0
2006-06-16,47.4649,47.4649,47.4649,47.4649,0
2006-06-19,47.4117,47.4117,47.4117,47.4117,0
2006-06-20,47.3762,47.3762,47.3762,47.3762,0
2006-06-21,47.3703,47.3703,47.3703,47.3703,0
2006-06-22,47.2166,47.2166,47.2166,47.2166,0
2006-06-23,47.1752,47.1752,47.1752,47.1752,0
2006-06-26,47.1457,47.1457,47.1457,47.1457,0
2006-06-27,47.2698,47.2698,47.2698,47.2698,0
2006-06-28,47.1161,47.1161,47.1161,47.1161,0
2006-06-29,47.3112,47.3112,47.3112,47.3112,0
2006-06-30,47.4767,47.4767,47.4767,47.4767,0
2006-07-03,47.4541,47.4541,47.4541,47.4541,0
2006-07-05,47.2821,47.2821,47.2821,47.2821,0
2006-07-06,47.4304,47.4304,47.4304,47.4304,0
2006-07-07,47.5787,47.5787,47.5787,47.5787,0
2006-07-10,47.6144,47.6144,47.6144,47.6144,0
2006-07-11,47.6678,47.6678,47.6678,47.6678,0
2006-07-12,47.7093,47.7093,47.7093,47.7093,0
2006-07-13,47.8161,47.8161,47.8161,47.8161,0
2006-07-14,47.8517,47.8517,47.8517,47.8517,0
2006-07-17,47.8102,47.8102,47.8102,47.8102,0
2006-07-18,47.6262,47.6262,47.6262,47.6262,0
2006-07-19,47.9289,47.9289,47.9289,47.9289,0
2006-07-20,48.0297,48.0297,48.0297,48.0297,0
2006-07-21,48.0001,48.0001,48.0001,48.0001,0
2006-07-24,48.0001,48.0001,48.0001,48.0001,0
2006-07-25,47.9526,47.9526,47.9526,47.9526,0
2006-07-26,48.0713,48.0713,48.0713,48.0713,0
2006-07-27,48.0654,48.0654,48.0654,48.0654,0
2006-07-28,48.1959,48.1959,48.1959,48.1959,0
2006-07-31,48.273,48.273,48.273,48.273,0
2006-08-01,48.2844,48.2844,48.2844,48.2844,0
2006-08-02,48.326,48.326,48.326,48.326,0
2006-08-03,48.338,48.338,48.338,48.338,0
2006-08-04,48.5763,48.5763,48.5763,48.5763,0
2006-08-07,48.5107,48.5107,48.5107,48.5107,0
2006-08-08,48.5167,48.5167,48.5167,48.5167,0
2006-08-09,48.4929,48.4929,48.4929,48.4929,0
2006-08-10,48.5048,48.5048,48.5048,48.5048,0
2006-08-11,48.3499,48.3499,48.3499,48.3499,0
2006-08-14,48.2665,48.2665,48.2665,48.2665,0
2006-08-15,48.4988,48.4988,48.4988,48.4988,0
2006-08-16,48.7014,48.7014,48.7014,48.7014,0
2006-08-17,48.6895,48.6895,48.6895,48.6895,0
2006-08-18,48.8205,48.8205,48.8205,48.8205,0
2006-08-21,48.8801,48.8801,48.8801,48.8801,0
2006-08-22,48.898,48.898,48.898,48.898,0
2006-08-23,48.8503,48.8503,48.8503,48.8503,0
2006-08-24,48.898,48.898,48.898,48.898,0
2006-08-25,48.9635,48.9635,48.9635,48.9635,0
2006-08-28,48.9576,48.9576,48.9576,48.9576,0
2006-08-29,48.9992,48.9992,48.9992,48.9992,0
2006-08-30,49.0588,49.0588,49.0588,49.0588,0
2006-08-31,49.1243,49.1243,49.1243,49.1243,0
2006-09-01,49.1973,49.1973,49.1973,49.1973,0
2006-09-05,49.0359,49.0359,49.0359,49.0359,0
2006-09-06,49.0,49.0,49.0,49.0,0
2006-09-07,49.0359,49.0359,49.0359,49.0359,0
2006-09-08,49.0837,49.0837,49.0837,49.0837,0
2006-09-11,48.994,48.994,48.994,48.994,0
2006-09-12,49.1315,49.1315,49.1315,49.1315,0
2006-09-13,49.1794,49.1794,49.1794,49.1794,0
2006-09-14,49.0837,49.0837,49.0837,49.0837,0
2006-09-15,49.0538,49.0538,49.0538,49.0538,0
2006-09-18,48.982,48.982,48.982,48.982,0
2006-09-19,49.2751,49.2751,49.2751,49.2751,0
2006-09-20,49.287,49.287,49.287,49.287,0
2006-09-21,49.6398,49.6398,49.6398,49.6398,0
2006-09-22,49.7893,49.7893,49.7893,49.7893,0
2006-09-25,49.9568,49.9568,49.9568,49.9568,0
2006-09-26,49.8312,49.8312,49.8312,49.8312,0
2006-09-27,49.8192,49.8192,49.8192,49.8192,0
2006-09-28,49.7714,49.7714,49.7714,49.7714,0
2006-09-29,49.7176,49.7176,49.7176,49.7176,0
2006-10-02,49.8052,49.8052,49.8052,49.8052,0
2006-10-03,49.7992,49.7992,49.7992,49.7992,0
2006-10-04,50.0273,50.0273,50.0273,50.0273,0
2006-10-05,49.8532,49.8532,49.8532,49.8532,0
2006-10-06,49.5831,49.5831,49.5831,49.5831,0
2006-10-09,49.6432,49.6432,49.6432,49.6432,0
2006-10-10,49.343,49.343,49.343,49.343,0
2006-10-11,49.283,49.283,49.283,49.283,0
2006-10-12,49.313,49.313,49.313,49.313,0
2006-10-13,49.229,49.229,49.229,49.229,0
2006-10-16,49.313,49.313,49.313,49.313,0
2006-10-17,49.367,49.367,49.367,49.367,0
2006-10-18,49.355,49.355,49.355,49.355,0
2006-10-19,49.313,49.313,49.313,49.313,0
2006-10-20,49.301,49.301,49.301,49.301,0
2006-10-23,49.1629,49.1629,49.1629,49.1629,0
2006-10-24,49.229,49.229,49.229,49.229,0
2006-10-25,49.409,49.409,49.409,49.409,0
2006-10-26,49.5771,49.5771,49.5771,49.5771,0
2006-10-27,49.7392,49.7392,49.7392,49.7392,0
2006-10-30,49.7632,49.7632,49.7632,49.7632,0
2006-10-31,49.9853,49.9853,49.9853,49.9853,0
2006-11-01,50.1589,50.1589,50.1589,50.1589,0
2006-11-02,50.0202,50.0202,50.0202,50.0202,0
2006-11-03,49.6406,49.6406,49.6406,49.6406,0
2006-11-06,49.6889,49.6889,49.6889,49.6889,0
2006-11-07,49.8576,49.8576,49.8576,49.8576,0
2006-11-08,49.966,49.966,49.966,49.966,0
2006-11-09,49.96,49.96,49.96,49.96,0
2006-11-10,50.0684,50.0684,50.0684,50.0684,0
2006-11-13,50.0444,50.0444,50.0444,50.0444,0
2006-11-14,50.1468,50.1468,50.1468,50.1468,0
2006-11-15,50.0082,50.0082,50.0082,50.0082,0
2006-11-16,49.8816,49.8816,49.8816,49.8816,0
2006-11-17,50.0624,50.0624,50.0624,50.0624,0
2006-11-20,50.0925,50.0925,50.0925,50.0925,0
2006-11-21,50.1648,50.1648,50.1648,50.1648,0
2006-11-22,50.2432,50.2432,50.2432,50.2432,0
2006-11-24,50.2974,50.2974,50.2974,50.2974,0
2006-11-27,50.3456,50.3456,50.3456,50.3456,0
2006-11-28,50.4359,50.4359,50.4359,50.4359,0
2006-11-29,50.3757,50.3757,50.3757,50.3757,0
2006-11-30,50.6408,50.6408,50.6408,50.6408,0
2006-12-01,50.7581,50.7581,50.7581,50.7581,0
2006-12-04,50.7521,50.7521,50.7521,50.7521,0
2006-12-05,50.6856,50.6856,50.6856,50.6856,0
2006-12-06,50.6069,50.6069,50.6069,50.6069,0
2006-12-07,50.5888,50.5888,50.5888,50.5888,0
2006-12-08,50.359,50.359,50.359,50.359,0
2006-12-11,50.5162,50.5162,50.5162,50.5162,0
2006-12-12,50.6069,50.6069,50.6069,50.6069,0
2006-12-13,50.347,50.347,50.347,50.347,0
2006-12-14,50.2683,50.2683,50.2683,50.2683,0
2006-12-15,50.2804,50.2804,50.2804,50.2804,0
2006-12-18,50.3047,50.3047,50.3047,50.3047,0
2006-12-19,50.2925,50.2925,50.2925,50.2925,0
2006-12-20,50.2804,50.2804,50.2804,50.2804,0
2006-12-21,50.4618,50.4618,50.4618,50.4618,0
2006-12-22,50.2321,50.2321,50.2321,50.2321,0
2006-12-26,50.2683,50.2683,50.2683,50.2683,0
2006-12-27,50.1343,50.1343,50.1343,50.1343,0
2006-12-28,50.0191,50.0191,50.0191,50.0191,0
2006-12-29,49.9948,49.9948,49.9948,49.9948,0
2007-01-03,50.1404,50.1404,50.1404,50.1404,0
2007-01-04,50.3223,50.3223,50.3223,50.3223,0
2007-01-05,50.1586,50.1586,50.1586,50.1586,0
2007-01-08,50.195,50.195,50.195,50.195,0
2007-01-09,50.1828,50.1828,50.1828,50.1828,0
2007-01-10,50.0979,50.0979,50.0979,50.0979,0
2007-01-11,49.9645,49.9645,49.9645,49.9645,0
2007-01-12,49.8614,49.8614,49.8614,49.8614,0
2007-01-16,49.9584,49.9584,49.9584,49.9584,0
2007-01-17,49.8614,49.8614,49.8614,49.8614,0
2007-01-18,49.9281,49.9281,49.9281,49.9281,0
2007-01-19,49.8493,49.8493,49.8493,49.8493,0
2007-01-22,49.9402,49.9402,49.9402,49.9402,0
2007-01-23,49.7947,49.7947,49.7947,49.7947,0
2007-01-24,49.8008,49.8008,49.8008,49.8008,0
2007-01-25,49.6067,49.6067,49.6067,49.6067,0
2007-01-26,49.6007,49.6007,49.6007,49.6007,0
2007-01-29,49.5642,49.5642,49.5642,49.5642,0
2007-01-30,49.6128,49.6128,49.6128,49.6128,0
2007-01-31,49.7947,49.7947,49.7947,49.7947,0
2007-02-01,49.7588,49.7588,49.7588,49.7588,0
2007-02-02,49.8014,49.8014,49.8014,49.8014,0
2007-02-05,49.8562,49.8562,49.8562,49.8562,0
2007-02-06,49.9962,49.9962,49.9962,49.9962,0
2007-02-07,50.1058,50.1058,50.1058,50.1058,0
2007-02-08,50.118,50.118,50.118,50.118,0
2007-02-09,49.9657,49.9657,49.9657,49.9657,0
2007-02-12,49.8988,49.8988,49.8988,49.8988,0
2007-02-13,49.8623,49.8623,49.8623,49.8623,0
2007-02-14,50.1484,50.1484,50.1484,50.1484,0
2007-02-15,50.2275,50.2275,50.2275,50.2275,0
2007-02-16,50.2823,50.2823,50.2823,50.2823,0
2007-02-20,50.3432,50.3432,50.3432,50.3432,0
2007-02-21,50.3371,50.3371,50.3371,50.3371,0
2007-02-22,50.2092,50.2092,50.2092,50.2092,0
2007-02-23,50.4101,50.4101,50.4101,50.4101,0
2007-02-26,50.5684,50.5684,50.5684,50.5684,0
2007-02-27,50.9945,50.9945,50.9945,50.9945,0
2007-02-28,50.818,50.818,50.818,50.818,0
2007-03-01,50.8638,50.8638,50.8638,50.8638,0
2007-03-02,51.0287,51.0287,51.0287,51.0287,0
2007-03-05,51.0592,51.0592,51.0592,51.0592,0
2007-03-06,50.992,50.992,50.992,50.992,0
2007-03-07,51.0837,51.0837,51.0837,51.0837,0
2007-03-08,51.0776,51.0776,51.0776,51.0776,0
2007-03-09,50.7905,50.7905,50.7905,50.7905,0
2007-03-12,50.931,50.931,50.931,50.931,0
2007-03-13,51.157,51.157,51.157,51.157,0
2007-03-14,51.0898,51.0898,51.0898,51.0898,0
2007-03-15,51.0348,51.0348,51.0348,51.0348,0
2007-03-16,51.0287,51.0287,51.0287,51.0287,0
2007-03-19,50.9615,50.9615,50.9615,50.9615,0
2007-03-20,51.0348,51.0348,51.0348,51.0348,0
2007-03-21,51.1081,51.1081,51.1081,51.1081,0
2007-03-22,50.9371,50.9371,50.9371,50.9371,0
2007-03-23,50.8577,50.8577,50.8577,50.8577,0
2007-03-26,50.9004,50.9004,50.9004,50.9004,0
2007-03-27,50.8882,50.8882,50.8882,50.8882,0
2007-03-28,50.8821,50.8821,50.8821,50.8821,0
2007-03-29,50.8089,50.8089,50.8089,50.8089,0
2007-03-30,50.7477,50.7477,50.7477,50.7477,0
2007-04-02,50.8042,50.8042,50.8042,50.8042,0
2007-04-03,50.7613,50.7613,50.7613,50.7613,0
2007-04-04,50.841,50.841,50.841,50.841,0
2007-04-05,50.7122,50.7122,50.7122,50.7122,0
2007-04-09,50.4792,50.4792,50.4792,50.4792,0
2007-04-10,50.5835,50.5835,50.5835,50.5835,0
2007-04-11,50.5222,50.5222,50.5222,50.5222,0
2007-04-12,50.5712,50.5712,50.5712,50.5712,0
2007-04-13,50.4853,50.4853,50.4853,50.4853,0
2007-04-16,50.5405,50.5405,50.5405,50.5405,0
2007-04-17,50.7551,50.7551,50.7551,50.7551,0
2007-04-18,50.8716,50.8716,50.8716,50.8716,0
2007-04-19,50.8654,50.8654,50.8654,50.8654,0
2007-04-20,50.8103,50.8103,50.8103,50.8103,0
2007-04-23,50.9145,50.9145,50.9145,50.9145,0
2007-04-24,51.0126,51.0126,51.0126,51.0126,0
2007-04-25,50.982,50.982,50.982,50.982,0
2007-04-26,50.8348,50.8348,50.8348,50.8348,0
2007-04-27,50.8348,50.8348,50.8348,50.8348,0
2007-04-30,51.0555,51.0555,51.0555,51.0555,0
2007-05-01,51.058,51.058,51.058,51.058,0
2007-05-02,50.9965,50.9965,50.9965,50.9965,0
2007-05-03,50.9411,50.9411,50.9411,50.9411,0
2007-05-04,51.0703,51.0703,51.0703,51.0703,0
2007-05-07,51.1134,51.1134,51.1134,51.1134,0
2007-05-08,51.1134,51.1134,51.1134,51.1134,0
2007-05-09,50.9472,50.9472,50.9472,50.9472,0
2007-05-10,51.0765,51.0765,51.0765,51.0765,0
2007-05-11,50.9719,50.9719,50.9719,50.9719,0
2007-05-14,50.898,50.898,50.898,50.898,0
2007-05-15,50.8919,50.8919,50.8919,50.8919,0
2007-05-16,50.8611,50.8611,50.8611,50.8611,0
2007-05-17,50.7257,50.7257,50.7257,50.7257,0
2007-05-18,50.578,50.578,50.578,50.578,0
2007-05-21,50.6457,50.6457,50.6457,50.6457,0
2007-05-22,50.5041,50.5041,50.5041,50.5041,0
2007-05-23,50.4057,50.4057,50.4057,50.4057,0
2007-05-24,50.4733,50.4733,50.4733,50.4733,0
2007-05-25,50.4179,50.4179,50.4179,50.4179,0
2007-05-29,50.3133,50.3133,50.3133,50.3133,0
2007-05-30,50.3625,50.3625,50.3625,50.3625,0
2007-05-31,50.3441,50.3441,50.3441,50.3441,0
2007-06-01,50.1272,50.1272,50.1272,50.1272,0
2007-06-04,50.2076,50.2076,50.2076,50.2076,0
2007-06-05,50.0469,50.0469,50.0469,50.0469,0
2007-06-06,50.0716,50.0716,50.0716,50.0716,0
2007-06-07,49.5711,49.5711,49.5711,49.5711,0
2007-06-08,49.6637,49.6637,49.6637,49.6637,0
2007-06-11,49.534,49.534,49.534,49.534,0
2007-06-12,49.1817,49.1817,49.1817,49.1817,0
2007-06-13,49.3424,49.3424,49.3424,49.3424,0
2007-06-14,49.3548,49.3548,49.3548,49.3548,0
2007-06-15,49.5711,49.5711,49.5711,49.5711,0
2007-06-18,49.5463,49.5463,49.5463,49.5463,0
2007-06-19,49.7873,49.7873,49.7873,49.7873,0
2007-06-20,49.6266,49.6266,49.6266,49.6266,0
2007-06-21,49.5649,49.5649,49.5649,49.5649,0
2007-06-22,49.7132,49.7132,49.7132,49.7132,0
2007-06-25,49.8739,49.8739,49.8739,49.8739,0
2007-06-26,49.8862,49.8862,49.8862,49.8862,0
2007-06-27,49.88,49.88,49.88,49.88,0
2007-06-28,49.8491,49.8491,49.8491,49.8491,0
2007-06-29,50.1087,50.1087,50.1087,50.1087,0
2007-07-02,50.185,50.185,50.185,50.185,0
2007-07-03,50.0361,50.0361,50.0361,50.0361,0
2007-07-05,49.7569,49.7569,49.7569,49.7569,0
2007-07-06,49.639,49.639,49.639,49.639,0
2007-07-09,49.8189,49.8189,49.8189,49.8189,0
2007-07-10,50.1602,50.1602,50.1602,50.1602,0
2007-07-11,49.9864,49.9864,49.9864,49.9864,0
2007-07-12,49.8438,49.8438,49.8438,49.8438,0
2007-07-13,49.9555,49.9555,49.9555,49.9555,0
2007-07-16,50.1539,50.1539,50.1539,50.1539,0
2007-07-17,50.0485,50.0485,50.0485,50.0485,0
2007-07-18,50.2284,50.2284,50.2284,50.2284,0
2007-07-19,50.2222,50.2222,50.2222,50.2222,0
2007-07-20,50.4703,50.4703,50.4703,50.4703,0
2007-07-23,50.4517,50.4517,50.4517,50.4517,0
2007-07-24,50.5882,50.5882,50.5882,50.5882,0
2007-07-25,50.6564,50.6564,50.6564,50.6564,0
2007-07-26,51.0597,51.0597,51.0597,51.0597,0
2007-07-27,51.1589,51.1589,51.1589,51.1589,0
2007-07-30,51.0286,51.0286,51.0286,51.0286,0
2007-07-31,51.2395,51.2395,51.2395,51.2395,0
2007-08-01,51.0975,51.0975,51.0975,51.0975,0
2007-08-02,51.1349,51.1349,51.1349,51.1349,0
2007-08-03,51.465,51.465,51.465,51.465,0
2007-08-06,51.2595,51.2595,51.2595,51.2595,0
2007-08-07,51.2532,51.2532,51.2532,51.2532,0
2007-08-08,50.8983,50.8983,50.8983,50.8983,0
2007-08-09,51.1847,51.1847,51.1847,51.1847,0
2007-08-10,51.11,51.11,51.11,51.11,0
2007-08-13,51.1909,51.1909,51.1909,51.1909,0
2007-08-14,51.3778,51.3778,51.3778,51.3778,0
2007-08-15,51.4712,51.4712,51.4712,51.4712,0
2007-08-16,51.6705,51.6705,51.6705,51.6705,0
2007-08-17,51.7079,51.7079,51.7079,51.7079,0
2007-08-20,51.8199,51.8199,51.8199,51.8199,0
2007-08-21,52.0442,52.0442,52.0442,52.0442,0
2007-08-22,51.876,51.876,51.876,51.876,0
2007-08-23,51.8946,51.8946,51.8946,51.8946,0
2007-08-24,51.9133,51.9133,51.9133,51.9133,0
2007-08-27,52.0566,52.0566,52.0566,52.0566,0
2007-08-28,52.3243,52.3243,52.3243,52.3243,0
2007-08-29,52.1251,52.1251,52.1251,52.1251,0
2007-08-30,52.3867,52.3867,52.3867,52.3867,0
2007-08-31,52.3991,52.3991,52.3991,52.3991,0
2007-09-04,52.3016,52.3016,52.3016,52.3016,0
2007-09-05,52.6267,52.6267,52.6267,52.6267,0
2007-09-06,52.5142,52.5142,52.5142,52.5142,0
2007-09-07,53.0769,53.0769,53.0769,53.0769,0
2007-09-10,53.1957,53.1957,53.1957,53.1957,0
2007-09-11,53.0831,53.0831,53.0831,53.0831,0
2007-09-12,52.9518,52.9518,52.9518,52.9518,0
2007-09-13,52.6392,52.6392,52.6392,52.6392,0
2007-09-14,52.708,52.708,52.708,52.708,0
2007-09-17,52.7392,52.7392,52.7392,52.7392,0
2007-09-18,52.683,52.683,52.683,52.683,0
2007-09-19,52.4954,52.4954,52.4954,52.4954,0
2007-09-20,51.9014,51.9014,51.9014,51.9014,0
2007-09-21,52.164,52.164,52.164,52.164,0
2007-09-24,52.2328,52.2328,52.2328,52.2328,0
2007-09-25,52.239,52.239,52.239,52.239,0
2007-09-26,52.2578,52.2578,52.2578,52.2578,0
2007-09-27,52.4266,52.4266,52.4266,52.4266,0
2007-09-28,52.4454,52.4454,52.4454,52.4454,0
2007-10-01,52.5081,52.5081,52.5081,52.5081,0
2007-10-02,52.6211,52.6211,52.6211,52.6211,0
2007-10-03,52.5835,52.5835,52.5835,52.5835,0
2007-10-04,52.6776,52.6776,52.6776,52.6776,0
2007-10-05,52.2132,52.2132,52.2132,52.2132,0
2007-10-08,52.4014,52.4014,52.4014,52.4014,0
2007-10-09,52.2383,52.2383,52.2383,52.2383,0
2007-10-10,52.2885,52.2885,52.2885,52.2885,0
2007-10-11,52.2947,52.2947,52.2947,52.2947,0
2007-10-12,52.119,52.119,52.119,52.119,0
2007-10-15,52.1693,52.1693,52.1693,52.1693,0
2007-10-16,52.3136,52.3136,52.3136,52.3136,0
2007-10-17,52.6336,52.6336,52.6336,52.6336,0
2007-10-18,52.8345,52.8345,52.8345,52.8345,0
2007-10-19,53.2863,53.2863,53.2863,53.2863,0
2007-10-22,53.1859,53.1859,53.1859,53.1859,0
2007-10-23,53.1733,53.1733,53.1733,53.1733,0
2007-10-24,53.4432,53.4432,53.4432,53.4432,0
2007-10-25,53.3993,53.3993,53.3993,53.3993,0
2007-10-26,53.2675,53.2675,53.2675,53.2675,0
2007-10-29,53.3114,53.3114,53.3114,53.3114,0
2007-10-30,53.3679,53.3679,53.3679,53.3679,0
2007-10-31,53.0102,53.0102,53.0102,53.0102,0
2007-11-01,53.4428,53.4428,53.4428,53.4428,0
2007-11-02,53.5877,53.5877,53.5877,53.5877,0
2007-11-05,53.5247,53.5247,53.5247,53.5247,0
2007-11-06,53.4303,53.4303,53.4303,53.4303,0
2007-11-07,53.6255,53.6255,53.6255,53.6255,0
2007-11-08,53.7451,53.7451,53.7451,53.7451,0
2007-11-09,54.0663,54.0663,54.0663,54.0663,0
2007-11-12,54.1608,54.1608,54.1608,54.1608,0
2007-11-13,53.8837,53.8837,53.8837,53.8837,0
2007-11-14,53.9215,53.9215,53.9215,53.9215,0
2007-11-15,54.2237,54.2237,54.2237,54.2237,0
2007-11-16,54.2237,54.2237,54.2237,54.2237,0
2007-11-19,54.6142,54.6142,54.6142,54.6142,0
2007-11-20,54.4694,54.4694,54.4694,54.4694,0
2007-11-21,54.8976,54.8976,54.8976,54.8976,0
2007-11-23,54.7339,54.7339,54.7339,54.7339,0
2007-11-26,55.4833,55.4833,55.4833,55.4833,0
2007-11-27,54.9669,54.9669,54.9669,54.9669,0
2007-11-28,54.7717,54.7717,54.7717,54.7717,0
2007-11-29,55.0803,55.0803,55.0803,55.0803,0
2007-11-30,55.1558,55.1558,55.1558,55.1558,0
2007-12-03,55.3739,55.3739,55.3739,55.3739,0
2007-12-04,55.4244,55.4244,55.4244,55.4244,0
2007-12-05,55.2159,55.2159,55.2159,55.2159,0
2007-12-06,54.9252,54.9252,54.9252,54.9252,0
2007-12-07,54.5713,54.5713,54.5713,54.5713,0
2007-12-10,54.4449,54.4449,54.4449,54.4449,0
2007-12-11,55.1906,55.1906,55.1906,55.1906,0
2007-12-12,54.7293,54.7293,54.7293,54.7293,0
2007-12-13,54.3249,54.3249,54.3249,54.3249,0
2007-12-14,54.1669,54.1669,54.1669,54.1669,0
2007-12-17,54.4892,54.4892,54.4892,54.4892,0
2007-12-18,54.5966,54.5966,54.5966,54.5966,0
2007-12-19,55.0326,55.0326,55.0326,55.0326,0
2007-12-20,54.9441,54.9441,54.9441,54.9441,0
2007-12-21,54.546,54.546,54.546,54.546,0
2007-12-24,54.3881,54.3881,54.3881,54.3881,0
2007-12-26,54.129,54.129,54.129,54.129,0
2007-12-27,54.4924,54.4924,54.4924,54.4924,0
2007-12-28,54.93,54.93,54.93,54.93,0
2007-12-31,55.1837,55.1837,55.1837,55.1837,0
2008-01-02,55.5769,55.5769,55.5769,55.5769,0
2008-01-03,55.6911,55.6911,55.6911,55.6911,0
2008-01-04,55.8369,55.8369,55.8369,55.8369,0
2008-01-07,55.9384,55.9384,55.9384,55.9384,0
2008-01-08,56.0589,56.0589,56.0589,56.0589,0
2008-01-09,55.9701,55.9701,55.9701,55.9701,0
2008-01-10,55.8179,55.8179,55.8179,55.8179,0
2008-01-11,56.1731,56.1731,56.1731,56.1731,0
2008-01-14,56.1984,56.1984,56.1984,56.1984,0
2008-01-15,56.5663,56.5663,56.5663,56.5663,0
2008-01-16,56.4585,56.4585,56.4585,56.4585,0
2008-01-17,56.9151,56.9151,56.9151,56.9151,0
2008-01-18,56.8327,56.8327,56.8327,56.8327,0
2008-01-22,57.4669,57.4669,57.4669,57.4669,0
2008-01-23,57.2005,57.2005,57.2005,57.2005,0
2008-01-24,56.6804,56.6804,56.6804,56.6804,0
2008-01-25,57.2069,57.2069,57.2069,57.2069,0
2008-01-28,56.9976,56.9976,56.9976,56.9976,0
2008-01-29,56.7693,56.7693,56.7693,56.7693,0
2008-01-30,56.7439,56.7439,56.7439,56.7439,0
2008-01-31,57.0356,57.0356,57.0356,57.0356,0
2008-02-01,57.2208,57.2208,57.2208,57.2208,0
2008-02-04,56.9026,56.9026,56.9026,56.9026,0
2008-02-05,57.3035,57.3035,57.3035,57.3035,0
2008-02-06,57.2017,57.2017,57.2017,57.2017,0
2008-02-07,56.5591,56.5591,56.5591,56.5591,0
2008-02-08,57.0363,57.0363,57.0363,57.0363,0
2008-02-11,57.1635,57.1635,57.1635,57.1635,0
2008-02-12,57.0427,57.0427,57.0427,57.0427,0
2008-02-13,56.8008,56.8008,56.8008,56.8008,0
2008-02-14,56.4891,56.4891,56.4891,56.4891,0
2008-02-15,56.61,56.61,56.61,56.61,0
2008-02-19,56.2028,56.2028,56.2028,56.2028,0
2008-02-20,56.1519,56.1519,56.1519,56.1519,0
2008-02-21,56.7309,56.7309,56.7309,56.7309,0
2008-02-22,56.5718,56.5718,56.5718,56.5718,0
2008-02-25,56.1965,56.1965,56.1965,56.1965,0
2008-02-26,56.3364,56.3364,56.3364,56.3364,0
2008-02-27,56.47,56.47,56.47,56.47,0
2008-02-28,57.1317,57.1317,57.1317,57.1317,0
2008-02-29,57.7425,57.7425,57.7425,57.7425,0
2008-03-03,57.5957,57.5957,57.5957,57.5957,0
2008-03-04,57.3787,57.3787,57.3787,57.3787,0
2008-03-05,57.1298,57.1298,57.1298,57.1298,0
2008-03-06,57.5893,57.5893,57.5893,57.5893,0
2008-03-07,57.7871,57.7871,57.7871,57.7871,0
2008-03-10,58.2019,58.2019,58.2019,58.2019,0
2008-03-11,57.5702,57.5702,57.5702,57.5702,0
2008-03-12,58.2338,58.2338,58.2338,58.2338,0
2008-03-13,57.9276,57.9276,57.9276,57.9276,0
2008-03-14,58.5274,58.5274,58.5274,58.5274,0
2008-03-17,58.821,58.821,58.821,58.821,0
2008-03-18,58.4189,58.4189,58.4189,58.4189,0
2008-03-19,58.9231,58.9231,58.9231,58.9231,0
2008-03-20,59.0507,59.0507,59.0507,59.0507,0
2008-03-24,58.0105,58.0105,58.0105,58.0105,0
2008-03-25,58.2147,58.2147,58.2147,58.2147,0
2008-03-26,58.2594,58.2594,58.2594,58.2594,0
2008-03-27,58.1828,58.1828,58.1828,58.1828,0
2008-03-28,58.4125,58.4125,58.4125,58.4125,0
2008-03-31,58.5146,58.5146,58.5146,58.5146,0
2008-04-01,58.003,58.003,58.003,58.003,0
2008-04-02,57.8109,57.8109,57.8109,57.8109,0
2008-04-03,57.8109,57.8109,57.8109,57.8109,0
2008-04-04,58.2527,58.2527,58.2527,58.2527,0
2008-04-07,57.8685,57.8685,57.8685,57.8685,0
2008-04-08,57.8749,57.8749,57.8749,57.8749,0
2008-04-09,58.2207,58.2207,58.2207,58.2207,0
2008-04-10,57.9902,57.9902,57.9902,57.9902,0
2008-04-11,58.2399,58.2399,58.2399,58.2399,0
2008-04-14,58.0927,58.0927,58.0927,58.0927,0
2008-04-15,57.8301,57.8301,57.8301,57.8301,0
2008-04-16,57.4395,57.4395,57.4395,57.4395,0
2008-04-17,57.305,57.305,57.305,57.305,0
2008-04-18,57.2474,57.2474,57.2474,57.2474,0
2008-04-21,57.2538,57.2538,57.2538,57.2538,0
2008-04-22,57.2986,57.2986,57.2986,57.2986,0
2008-04-23,57.241,57.241,57.241,57.241,0
2008-04-24,56.7927,56.7927,56.7927,56.7927,0
2008-04-25,56.7159,56.7159,56.7159,56.7159,0
2008-04-28,56.8183,56.8183,56.8183,56.8183,0
2008-04-29,56.9208,56.9208,56.9208,56.9208,0
2008-04-30,57.1001,57.1001,57.1001,57.1001,0
2008-05-01,57.0937,57.0937,57.0937,57.0937,0
2008-05-02,56.6312,56.6312,56.6312,56.6312,0
2008-05-05,56.7147,56.7147,56.7147,56.7147,0
2008-05-06,56.5348,56.5348,56.5348,56.5348,0
2008-05-07,56.7597,56.7597,56.7597,56.7597,0
2008-05-08,57.1258,57.1258,57.1258,57.1258,0
2008-05-09,57.19,57.19,57.19,57.19,0
2008-05-12,57.0937,57.0937,57.0937,57.0937,0
2008-05-13,56.6184,56.6184,56.6184,56.6184,0
2008-05-14,56.5991,56.5991,56.5991,56.5991,0
2008-05-15,56.9138,56.9138,56.9138,56.9138,0
2008-05-16,56.8175,56.8175,56.8175,56.8175,0
2008-05-19,56.9459,56.9459,56.9459,56.9459,0
2008-05-20,57.1194,57.1194,57.1194,57.1194,0
2008-05-21,56.9845,56.9845,56.9845,56.9845,0
2008-05-22,56.6119,56.6119,56.6119,56.6119,0
2008-05-23,56.8624,56.8624,56.8624,56.8624,0
2008-05-27,56.5862,56.5862,56.5862,56.5862,0
2008-05-28,56.1622,56.1622,56.1622,56.1622,0
2008-05-29,55.8989,55.8989,55.8989,55.8989,0
2008-05-30,56.0852,56.0852,56.0852,56.0852,0
2008-06-02,56.4184,56.4184,56.4184,56.4184,0
2008-06-03,56.715,56.715,56.715,56.715,0
2008-06-04,56.5087,56.5087,56.5087,56.5087,0
2008-06-05,56.2121,56.2121,56.2121,56.2121,0
2008-06-06,56.7021,56.7021,56.7021,56.7021,0
2008-06-09,56.296,56.296,56.296,56.296,0
2008-06-10,55.9608,55.9608,55.9608,55.9608,0
2008-06-11,56.0187,56.0187,56.0187,56.0187,0
2008-06-12,55.5289,55.5289,55.5289,55.5289,0
2008-06-13,55.3999,55.3999,55.3999,55.3999,0
2008-06-16,55.4064,55.4064,55.4064,55.4064,0
2008-06-17,55.5933,55.5933,55.5933,55.5933,0
2008-06-18,55.8963,55.8963,55.8963,55.8963,0
2008-06-19,55.574,55.574,55.574,55.574,0
2008-06-20,55.8318,55.8318,55.8318,55.8318,0
2008-06-23,55.8061,55.8061,55.8061,55.8061,0
2008-06-24,56.1026,56.1026,56.1026,56.1026,0
2008-06-25,56.0961,56.0961,56.0961,56.0961,0
2008-06-26,56.412,56.412,56.412,56.412,0
2008-06-27,56.6892,56.6892,56.6892,56.6892,0
2008-06-30,56.7279,56.7279,56.7279,56.7279,0
2008-07-01,56.5739,56.5739,56.5739,56.5739,0
2008-07-02,56.7098,56.7098,56.7098,56.7098,0
2008-07-03,56.7291,56.7291,56.7291,56.7291,0
2008-07-07,56.9943,56.9943,56.9943,56.9943,0
2008-07-08,57.1367,57.1367,57.1367,57.1367,0
2008-07-09,57.4083,57.4083,57.4083,57.4083,0
2008-07-10,57.4277,57.4277,57.4277,57.4277,0
2008-07-11,56.8909,56.8909,56.8909,56.8909,0
2008-07-14,57.1949,57.1949,57.1949,57.1949,0
2008-07-15,57.4018,57.4018,57.4018,57.4018,0
2008-07-16,56.8779,56.8779,56.8779,56.8779,0
2008-07-17,56.6063,56.6063,56.6063,56.6063,0
2008-07-18,56.4122,56.4122,56.4122,56.4122,0
2008-07-21,56.5416,56.5416,56.5416,56.5416,0
2008-07-22,56.3476,56.3476,56.3476,56.3476,0
2008-07-23,56.257,56.257,56.257,56.257,0
2008-07-24,56.7421,56.7421,56.7421,56.7421,0
2008-07-25,56.4122,56.4122,56.4122,56.4122,0
2008-07-28,56.7357,56.7357,56.7357,56.7357,0
2008-07-29,56.5739,56.5739,56.5739,56.5739,0
2008-07-30,56.6839,56.6839,56.6839,56.6839,0
2008-07-31,57.1367,57.1367,57.1367,57.1367,0
2008-08-01,57.1652,57.1652,57.1652,57.1652,0
2008-08-04,57.1263,57.1263,57.1263,57.1263,0
2008-08-05,56.8342,56.8342,56.8342,56.8342,0
2008-08-06,56.8537,56.8537,56.8537,56.8537,0
2008-08-07,57.3858,57.3858,57.3858,57.3858,0
2008-08-08,57.3599,57.3599,57.3599,57.3599,0
2008-08-11,57.0808,57.0808,57.0808,57.0808,0
2008-08-12,57.4767,57.4767,57.4767,57.4767,0
2008-08-13,57.3534,57.3534,57.3534,57.3534,0
2008-08-14,57.5286,57.5286,57.5286,57.5286,0
2008-08-15,57.7428,57.7428,57.7428,57.7428,0
2008-08-18,57.8856,57.8856,57.8856,57.8856,0
2008-08-19,57.8013,57.8013,57.8013,57.8013,0
2008-08-20,57.97,57.97,57.97,57.97,0
2008-08-21,57.8467,57.8467,57.8467,57.8467,0
2008-08-22,57.6779,57.6779,57.6779,57.6779,0
2008-08-25,58.0609,58.0609,58.0609,58.0609,0
2008-08-26,58.0803,58.0803,58.0803,58.0803,0
2008-08-27,58.1647,58.1647,58.1647,58.1647,0
2008-08-28,58.0803,58.0803,58.0803,58.0803,0
2008-08-29,58.0089,58.0089,58.0089,58.0089,0
2008-09-02,58.3247,58.3247,58.3247,58.3247,0
2008-09-03,58.468,58.468,58.468,58.468,0
2008-09-04,58.761,58.761,58.761,58.761,0
2008-09-05,58.6308,58.6308,58.6308,58.6308,0
2008-09-08,58.6373,58.6373,58.6373,58.6373,0
2008-09-09,58.9043,58.9043,58.9043,58.9043,0
2008-09-10,58.7545,58.7545,58.7545,58.7545,0
2008-09-11,58.6503,58.6503,58.6503,58.6503,0
2008-09-12,58.3573,58.3573,58.3573,58.3573,0
2008-09-15,59.4772,59.4772,59.4772,59.4772,0
2008-09-16,59.3081,59.3081,59.3081,59.3081,0
2008-09-17,59.8419,59.8419,59.8419,59.8419,0
2008-09-18,59.1387,59.1387,59.1387,59.1387,0
2008-09-19,58.0838,58.0838,58.0838,58.0838,0
2008-09-22,57.9601,57.9601,57.9601,57.9601,0
2008-09-23,57.9601,57.9601,57.9601,57.9601,0
2008-09-24,58.1098,58.1098,58.1098,58.1098,0
2008-09-25,57.934,57.934,57.934,57.934,0
2008-09-26,57.895,57.895,57.895,57.895,0
2008-09-29,58.7024,58.7024,58.7024,58.7024,0
2008-09-30,57.9276,57.9276,57.9276,57.9276,0
2008-10-01,58.3359,58.3359,58.3359,58.3359,0
2008-10-02,58.6626,58.6626,58.6626,58.6626,0
2008-10-03,58.8848,58.8848,58.8848,58.8848,0
2008-10-06,59.3618,59.3618,59.3618,59.3618,0
2008-10-07,59.316,59.316,59.316,59.316,0
2008-10-08,58.5581,58.5581,58.5581,58.5581,0
2008-10-09,57.97,57.97,57.97,57.97,0
2008-10-10,57.2905,57.2905,57.2905,57.2905,0
2008-10-13,56.8984,56.8984,56.8984,56.8984,0
2008-10-14,56.6305,56.6305,56.6305,56.6305,0
2008-10-15,57.0945,57.0945,57.0945,57.0945,0
2008-10-16,57.1075,57.1075,57.1075,57.1075,0
2008-10-17,57.4668,57.4668,57.4668,57.4668,0
2008-10-20,57.5257,57.5257,57.5257,57.5257,0
2008-10-21,58.1333,58.1333,58.1333,58.1333,0
2008-10-22,58.5777,58.5777,58.5777,58.5777,0
2008-10-23,58.6561,58.6561,58.6561,58.6561,0
2008-10-24,58.4078,58.4078,58.4078,58.4078,0
2008-10-27,58.3751,58.3751,58.3751,58.3751,0
2008-10-28,57.9047,57.9047,57.9047,57.9047,0
2008-10-29,57.9896,57.9896,57.9896,57.9896,0
2008-10-30,57.5453,57.5453,57.5453,57.5453,0
2008-10-31,57.4277,57.4277,57.4277,57.4277,0
2008-11-03,57.5195,57.5195,57.5195,57.5195,0
2008-11-04,58.2081,58.2081,58.2081,58.2081,0
2008-11-05,58.5163,58.5163,58.5163,58.5163,0
2008-11-06,58.3392,58.3392,58.3392,58.3392,0
2008-11-07,58.1294,58.1294,58.1294,58.1294,0
2008-11-10,58.1884,58.1884,58.1884,58.1884,0
2008-11-11,58.4048,58.4048,58.4048,58.4048,0
2008-11-12,58.7655,58.7655,58.7655,58.7655,0
2008-11-13,58.3392,58.3392,58.3392,58.3392,0
2008-11-14,58.9163,58.9163,58.9163,58.9163,0
2008-11-17,59.1655,59.1655,59.1655,59.1655,0
2008-11-18,59.6246,59.6246,59.6246,59.6246,0
2008-11-19,60.2673,60.2673,60.2673,60.2673,0
2008-11-20,61.4805,61.4805,61.4805,61.4805,0
2008-11-21,60.9165,60.9165,60.9165,60.9165,0
2008-11-24,60.3459,60.3459,60.3459,60.3459,0
2008-11-25,61.3821,61.3821,61.3821,61.3821,0
2008-11-26,61.7559,61.7559,61.7559,61.7559,0
2008-11-28,61.8805,61.8805,61.8805,61.8805,0
2008-12-01,62.7181,62.7181,62.7181,62.7181,0
2008-12-02,63.0471,63.0471,63.0471,63.0471,0
2008-12-03,63.1457,63.1457,63.1457,63.1457,0
2008-12-04,63.5406,63.5406,63.5406,63.5406,0
2008-12-05,62.8694,62.8694,62.8694,62.8694,0
2008-12-08,62.6326,62.6326,62.6326,62.6326,0
2008-12-09,63.1655,63.1655,63.1655,63.1655,0
2008-12-10,63.1063,63.1063,63.1063,63.1063,0
2008-12-11,63.4879,63.4879,63.4879,63.4879,0
2008-12-12,63.6656,63.6656,63.6656,63.6656,0
2008-12-15,63.8038,63.8038,63.8038,63.8038,0
2008-12-16,64.817,64.817,64.817,64.817,0
2008-12-17,65.2578,65.2578,65.2578,65.2578,0
2008-12-18,65.6987,65.6987,65.6987,65.6987,0
2008-12-19,65.4816,65.4816,65.4816,65.4816,0
2008-12-22,65.3105,65.3105,65.3105,65.3105,0
2008-12-23,65.2777,65.2777,65.2777,65.2777,0
2008-12-24,65.2118,65.2118,65.2118,65.2118,0
2008-12-26,65.5606,65.5606,65.5606,65.5606,0
2008-12-29,65.7052,65.7052,65.7052,65.7052,0
2008-12-30,65.7977,65.7977,65.7977,65.7977,0
2008-12-31,65.0711,65.0711,65.0711,65.0711,0
2009-01-02,64.14,64.14,64.14,64.14,0
2009-01-05,64.0277,64.0277,64.0277,64.0277,0
2009-01-06,63.9881,63.9881,63.9881,63.9881,0
2009-01-07,64.0013,64.0013,64.0013,64.0013,0
2009-01-08,64.173,64.173,64.173,64.173,0
2009-01-09,64.4702,64.4702,64.4702,64.4702,0
2009-01-12,64.873,64.873,64.873,64.873,0
2009-01-13,64.9193,64.9193,64.9193,64.9193,0
2009-01-14,65.2825,65.2825,65.2825,65.2825,0
2009-01-15,65.2297,65.2297,65.2297,65.2297,0
2009-01-16,64.6287,64.6287,64.6287,64.6287,0
2009-01-20,64.5297,64.5297,64.5297,64.5297,0
2009-01-21,63.9551,63.9551,63.9551,63.9551,0
2009-01-22,63.5324,63.5324,63.5324,63.5324,0
2009-01-23,63.5456,63.5456,63.5456,63.5456,0
2009-01-26,63.3871,63.3871,63.3871,63.3871,0
2009-01-27,63.8031,63.8031,63.8031,63.8031,0
2009-01-28,63.3937,63.3937,63.3937,63.3937,0
2009-01-29,62.5682,62.5682,62.5682,62.5682,0
2009-01-30,62.5418,62.5418,62.5418,62.5418,0
2009-02-02,63.049,63.049,63.049,63.049,0
2009-02-03,62.506,62.506,62.506,62.506,0
2009-02-04,62.1881,62.1881,62.1881,62.1881,0
2009-02-05,62.3338,62.3338,62.3338,62.3338,0
2009-02-06,61.9563,61.9563,61.9563,61.9563,0
2009-02-09,61.8305,61.8305,61.8305,61.8305,0
2009-02-10,62.6583,62.6583,62.6583,62.6583,0
2009-02-11,63.1418,63.1418,63.1418,63.1418,0
2009-02-12,63.1219,63.1219,63.1219,63.1219,0
2009-02-13,62.6252,62.6252,62.6252,62.6252,0
2009-02-17,63.6782,63.6782,63.6782,63.6782,0
2009-02-18,63.2146,63.2146,63.2146,63.2146,0
2009-02-19,62.8636,62.8636,62.8636,62.8636,0
2009-02-20,63.0425,63.0425,63.0425,63.0425,0
2009-02-23,63.102,63.102,63.102,63.102,0
2009-02-24,62.8636,62.8636,62.8636,62.8636,0
2009-02-25,62.2941,62.2941,62.2941,62.2941,0
2009-02-26,62.1351,62.1351,62.1351,62.1351,0
2009-02-27,62.0821,62.0821,62.0821,62.0821,0
2009-03-02,62.705,62.705,62.705,62.705,0
2009-03-03,62.6253,62.6253,62.6253,62.6253,0
2009-03-04,62.3066,62.3066,62.3066,62.3066,0
2009-03-05,63.0371,63.0371,63.0371,63.0371,0
2009-03-06,62.7382,62.7382,62.7382,62.7382,0
2009-03-09,62.7648,62.7648,62.7648,62.7648,0
2009-03-10,62.3066,62.3066,62.3066,62.3066,0
2009-03-11,62.7515,62.7515,62.7515,62.7515,0
2009-03-12,62.9308,62.9308,62.9308,62.9308,0
2009-03-13,62.8843,62.8843,62.8843,62.8843,0
2009-03-16,62.5257,62.5257,62.5257,62.5257,0
2009-03-17,62.4062,62.4062,62.4062,62.4062,0
2009-03-18,64.5444,64.5444,64.5444,64.5444,0
2009-03-19,64.3252,64.3252,64.3252,64.3252,0
2009-03-20,64.3252,64.3252,64.3252,64.3252,0
2009-03-23,64.1061,64.1061,64.1061,64.1061,0
2009-03-24,64.0132,64.0132,64.0132,64.0132,0
2009-03-25,63.628,63.628,63.628,63.628,0
2009-03-26,63.794,63.794,63.794,63.794,0
2009-03-27,63.7541,63.7541,63.7541,63.7541,0
2009-03-30,64.0264,64.0264,64.0264,64.0264,0
2009-03-31,64.1394,64.1394,64.1394,64.1394,0
2009-04-01,64.2965,64.2965,64.2965,64.2965,0
2009-04-02,63.877,63.877,63.877,63.877,0
2009-04-03,63.1444,63.1444,63.1444,63.1444,0
2009-04-06,62.9979,62.9979,62.9979,62.9979,0
2009-04-07,63.1577,63.1577,63.1577,63.1577,0
2009-04-08,63.4707,63.4707,63.4707,63.4707,0
2009-04-09,63.0978,63.0978,63.0978,63.0978,0
2009-04-13,63.4707,63.4707,63.4707,63.4707,0
2009-04-14,63.797,63.797,63.797,63.797,0
2009-04-15,63.857,63.857,63.857,63.857,0
2009-04-16,63.6039,63.6039,63.6039,63.6039,0
2009-04-17,63.0911,63.0911,63.0911,63.0911,0
2009-04-20,63.5307,63.5307,63.5307,63.5307,0
2009-04-21,63.2842,63.2842,63.2842,63.2842,0
2009-04-22,63.1311,63.1311,63.1311,63.1311,0
2009-04-23,63.1178,63.1178,63.1178,63.1178,0
2009-04-24,62.8713,62.8713,62.8713,62.8713,0
2009-04-27,63.1311,63.1311,63.1311,63.1311,0
2009-04-28,62.8248,62.8248,62.8248,62.8248,0
2009-04-29,62.4852,62.4852,62.4852,62.4852,0
2009-04-30,62.3786,62.3786,62.3786,62.3786,0
2009-05-01,62.1782,62.1782,62.1782,62.1782,0
2009-05-04,62.2383,62.2383,62.2383,62.2383,0
2009-05-05,62.225,62.225,62.225,62.225,0
2009-05-06,62.2517,62.2517,62.2517,62.2517,0
2009-05-07,61.7307,61.7307,61.7307,61.7307,0
2009-05-08,61.8042,61.8042,61.8042,61.8042,0
2009-05-11,62.3852,62.3852,62.3852,62.3852,0
2009-05-12,62.3452,62.3452,62.3452,62.3452,0
2009-05-13,62.6324,62.6324,62.6324,62.6324,0
2009-05-14,62.6391,62.6391,62.6391,62.6391,0
2009-05-15,62.4855,62.4855,62.4855,62.4855,0
2009-05-18,62.1181,62.1181,62.1181,62.1181,0
2009-05-19,62.0312,62.0312,62.0312,62.0312,0
2009-05-20,62.225,62.225,62.225,62.225,0
2009-05-21,61.5436,61.5436,61.5436,61.5436,0
2009-05-22,61.183,61.183,61.183,61.183,0
2009-05-26,60.7755,60.7755,60.7755,60.7755,0
2009-05-27,60.0876,60.0876,60.0876,60.0876,0
2009-05-28,60.4015,60.4015,60.4015,60.4015,0
2009-05-29,61.0828,61.0828,61.0828,61.0828,0
2009-06-01,60.0859,60.0859,60.0859,60.0859,0
2009-06-02,60.2869,60.2869,60.2869,60.2869,0
2009-06-03,60.6554,60.6554,60.6554,60.6554,0
2009-06-04,59.952,59.952,59.952,59.952,0
2009-06-05,59.3557,59.3557,59.3557,59.3557,0
2009-06-08,59.0543,59.0543,59.0543,59.0543,0
2009-06-09,59.3088,59.3088,59.3088,59.3088,0
2009-06-10,58.9538,58.9538,58.9538,58.9538,0
2009-06-11,59.3557,59.3557,59.3557,59.3557,0
2009-06-12,59.6706,59.6706,59.6706,59.6706,0
2009-06-15,59.9386,59.9386,59.9386,59.9386,0
2009-06-16,60.2735,60.2735,60.2735,60.2735,0
2009-06-17,60.1128,60.1128,60.1128,60.1128,0
2009-06-18,59.3825,59.3825,59.3825,59.3825,0
2009-06-19,59.6572,59.6572,59.6572,59.6572,0
2009-06-22,59.9788,59.9788,59.9788,59.9788,0
2009-06-23,60.173,60.173,60.173,60.173,0
2009-06-24,59.9453,59.9453,59.9453,59.9453,0
2009-06-25,60.6955,60.6955,60.6955,60.6955,0
2009-06-26,60.776,60.776,60.776,60.776,0
2009-06-29,60.9032,60.9032,60.9032,60.9032,0
2009-06-30,60.7425,60.7425,60.7425,60.7425,0
2009-07-01,60.7035,60.7035,60.7035,60.7035,0
2009-07-02,60.9051,60.9051,60.9051,60.9051,0
2009-07-06,60.9454,60.9454,60.9454,60.9454,0
2009-07-07,61.1872,61.1872,61.1872,61.1872,0
2009-07-08,61.8926,61.8926,61.8926,61.8926,0
2009-07-09,61.5298,61.5298,61.5298,61.5298,0
2009-07-10,61.9127,61.9127,61.9127,61.9127,0
2009-07-13,61.691,61.691,61.691,61.691,0
2009-07-14,61.2812,61.2812,61.2812,61.2812,0
2009-07-15,60.4886,60.4886,60.4886,60.4886,0
2009-07-16,60.8513,60.8513,60.8513,60.8513,0
2009-07-17,60.4415,60.4415,60.4415,60.4415,0
2009-07-20,60.6632,60.6632,60.6632,60.6632,0
2009-07-21,61.3417,61.3417,61.3417,61.3417,0
2009-07-22,60.9789,60.9789,60.9789,60.9789,0
2009-07-23,60.3877,60.3877,60.3877,60.3877,0
2009-07-24,60.5154,60.5154,60.5154,60.5154,0
2009-07-27,60.2333,60.2333,60.2333,60.2333,0
2009-07-28,60.3542,60.3542,60.3542,60.3542,0
2009-07-29,60.3944,60.3944,60.3944,60.3944,0
2009-07-30,60.6363,60.6363,60.6363,60.6363,0
2009-07-31,61.2477,61.2477,61.2477,61.2477,0
2009-08-03,60.5968,60.5968,60.5968,60.5968,0
2009-08-04,60.4216,60.4216,60.4216,60.4216,0
2009-08-05,60.078,60.078,60.078,60.078,0
2009-08-06,60.078,60.078,60.078,60.078,0
2009-08-07,59.6806,59.6806,59.6806,59.6806,0
2009-08-10,60.0645,60.0645,60.0645,60.0645,0
2009-08-11,60.4822,60.4822,60.4822,60.4822,0
2009-08-12,60.3139,60.3139,60.3139,60.3139,0
2009-08-13,60.7855,60.7855,60.7855,60.7855,0
2009-08-14,60.9741,60.9741,60.9741,60.9741,0
2009-08-17,61.3918,61.3918,61.3918,61.3918,0
2009-08-18,61.1762,61.1762,61.1762,61.1762,0
2009-08-19,61.4053,61.4053,61.4053,61.4053,0
2009-08-20,61.567,61.567,61.567,61.567,0
2009-08-21,60.9404,60.9404,60.9404,60.9404,0
2009-08-24,61.3177,61.3177,61.3177,61.3177,0
2009-08-25,61.4794,61.4794,61.4794,61.4794,0
2009-08-26,61.5603,61.5603,61.5603,61.5603,0
2009-08-27,61.3918,61.3918,61.3918,61.3918,0
2009-08-28,61.5333,61.5333,61.5333,61.5333,0
2009-08-31,61.7153,61.7153,61.7153,61.7153,0
2009-09-01,61.8753,61.8753,61.8753,61.8753,0
2009-09-02,62.2132,62.2132,62.2132,62.2132,0
2009-09-03,61.9902,61.9902,61.9902,61.9902,0
2009-09-04,61.6187,61.6187,61.6187,61.6187,0
2009-09-08,61.4768,61.4768,61.4768,61.4768,0
2009-09-09,61.5308,61.5308,61.5308,61.5308,0
2009-09-10,61.9902,61.9902,61.9902,61.9902,0
2009-09-11,62.1726,62.1726,62.1726,62.1726,0
2009-09-14,61.8078,61.8078,61.8078,61.8078,0
2009-09-15,61.6794,61.6794,61.6794,61.6794,0
2009-09-16,61.6321,61.6321,61.6321,61.6321,0
2009-09-17,61.9362,61.9362,61.9362,61.9362,0
2009-09-18,61.6051,61.6051,61.6051,61.6051,0
2009-09-21,61.5645,61.5645,61.5645,61.5645,0
2009-09-22,61.7267,61.7267,61.7267,61.7267,0
2009-09-23,61.8619,61.8619,61.8619,61.8619,0
2009-09-24,62.0307,62.0307,62.0307,62.0307,0
2009-09-25,62.2807,62.2807,62.2807,62.2807,0
2009-09-28,62.3889,62.3889,62.3889,62.3889,0
2009-09-29,62.3619,62.3619,62.3619,62.3619,0
2009-09-30,62.4091,62.4091,62.4091,62.4091,0
2009-10-01,62.8786,62.8786,62.8786,62.8786,0
2009-10-02,62.8515,62.8515,62.8515,62.8515,0
2009-10-05,62.8448,62.8448,62.8448,62.8448,0
2009-10-06,62.6415,62.6415,62.6415,62.6415,0
2009-10-07,63.0412,63.0412,63.0412,63.0412,0
2009-10-08,62.8109,62.8109,62.8109,62.8109,0
2009-10-09,62.2079,62.2079,62.2079,62.2079,0
2009-10-12,62.3908,62.3908,62.3908,62.3908,0
2009-10-13,62.5331,62.5331,62.5331,62.5331,0
2009-10-14,62.1063,62.1063,62.1063,62.1063,0
2009-10-15,61.903,61.903,61.903,61.903,0
2009-10-16,62.1875,62.1875,62.1875,62.1875,0
2009-10-19,62.2824,62.2824,62.2824,62.2824,0
2009-10-20,62.4247,62.4247,62.4247,62.4247,0
2009-10-21,62.2824,62.2824,62.2824,62.2824,0
2009-10-22,62.0995,62.0995,62.0995,62.0995,0
2009-10-23,61.7947,61.7947,61.7947,61.7947,0
2009-10-26,61.4424,61.4424,61.4424,61.4424,0
2009-10-27,61.9708,61.9708,61.9708,61.9708,0
2009-10-28,62.1605,62.1605,62.1605,62.1605,0
2009-10-29,61.8624,61.8624,61.8624,61.8624,0
2009-10-30,62.3231,62.3231,62.3231,62.3231,0
2009-11-02,62.1591,62.1591,62.1591,62.1591,0
2009-11-03,62.0156,62.0156,62.0156,62.0156,0
2009-11-04,61.8448,61.8448,61.8448,61.8448,0
2009-11-05,61.8585,61.8585,61.8585,61.8585,0
2009-11-06,62.043,62.043,62.043,62.043,0
2009-11-09,62.0702,62.0702,62.0702,62.0702,0
2009-11-10,62.1182,62.1182,62.1182,62.1182,0
2009-11-11,62.2957,62.2957,62.2957,62.2957,0
2009-11-12,62.3163,62.3163,62.3163,62.3163,0
2009-11-13,62.3641,62.3641,62.3641,62.3641,0
2009-11-16,62.6988,62.6988,62.6988,62.6988,0
2009-11-17,62.8355,62.8355,62.8355,62.8355,0
2009-11-18,62.6784,62.6784,62.6784,62.6784,0
2009-11-19,62.7535,62.7535,62.7535,62.7535,0
2009-11-20,62.7467,62.7467,62.7467,62.7467,0
2009-11-23,62.6579,62.6579,62.6579,62.6579,0
2009-11-24,62.9789,62.9789,62.9789,62.9789,0
2009-11-25,63.1907,63.1907,63.1907,63.1907,0
2009-11-27,63.4777,63.4777,63.4777,63.4777,0
2009-11-30,63.5802,63.5802,63.5802,63.5802,0
2009-12-01,63.2296,63.2296,63.2296,63.2296,0
2009-12-02,63.0995,63.0995,63.0995,63.0995,0
2009-12-03,62.8051,62.8051,62.8051,62.8051,0
2009-12-04,62.3395,62.3395,62.3395,62.3395,0
2009-12-07,62.5106,62.5106,62.5106,62.5106,0
2009-12-08,62.7298,62.7298,62.7298,62.7298,0
2009-12-09,62.6065,62.6065,62.6065,62.6065,0
2009-12-10,62.3942,62.3942,62.3942,62.3942,0
2009-12-11,62.0861,62.0861,62.0861,62.0861,0
2009-12-14,62.0861,62.0861,62.0861,62.0861,0
2009-12-15,61.8875,61.8875,61.8875,61.8875,0
2009-12-16,61.8875,61.8875,61.8875,61.8875,0
2009-12-17,62.4353,62.4353,62.4353,62.4353,0
2009-12-18,62.1272,62.1272,62.1272,62.1272,0
2009-12-21,61.4903,61.4903,61.4903,61.4903,0
2009-12-22,61.2164,61.2164,61.2164,61.2164,0
2009-12-23,61.1891,61.1891,61.1891,61.1891,0
2009-12-24,60.9699,60.9699,60.9699,60.9699,0
2009-12-28,60.8056,60.8056,60.8056,60.8056,0
2009-12-29,60.9661,60.9661,60.9661,60.9661,0
2009-12-30,61.0758,61.0758,61.0758,61.0758,0
2009-12-31,60.7809,60.7809,60.7809,60.7809,0
2010-01-04,60.9318,60.9318,60.9318,60.9318,0
2010-01-05,61.1994,61.1994,61.1994,61.1994,0
2010-01-06,60.9524,60.9524,60.9524,60.9524,0
2010-01-07,60.9524,60.9524,60.9524,60.9524,0
2010-01-08,61.0279,61.0279,61.0279,61.0279,0
2010-01-11,61.069,61.069,61.069,61.069,0
2010-01-12,61.5081,61.5081,61.5081,61.5081,0
2010-01-13,61.2131,61.2131,61.2131,61.2131,0
2010-01-14,61.5013,61.5013,61.5013,61.5013,0
2010-01-15,61.7756,61.7756,61.7756,61.7756,0
2010-01-19,61.6658,61.6658,61.6658,61.6658,0
2010-01-20,61.8785,61.8785,61.8785,61.8785,0
2010-01-21,62.1049,62.1049,62.1049,62.1049,0
2010-01-22,62.1598,62.1598,62.1598,62.1598,0
2010-01-25,62.0226,62.0226,62.0226,62.0226,0
2010-01-26,62.1461,62.1461,62.1461,62.1461,0
2010-01-27,62.002,62.002,62.002,62.002,0
2010-01-28,61.9814,61.9814,61.9814,61.9814,0
2010-01-29,62.2216,62.2216,62.2216,62.2216,0
2010-02-01,62.0082,62.0082,62.0082,62.0082,0
2010-02-02,62.1114,62.1114,62.1114,62.1114,0
2010-02-03,61.8154,61.8154,61.8154,61.8154,0
2010-02-04,62.3247,62.3247,62.3247,62.3247,0
2010-02-05,62.5244,62.5244,62.5244,62.5244,0
2010-02-08,62.4693,62.4693,62.4693,62.4693,0
2010-02-09,62.132,62.132,62.132,62.132,0
2010-02-10,61.96,61.96,61.96,61.96,0
2010-02-11,61.8843,61.8843,61.8843,61.8843,0
2010-02-12,62.0288,62.0288,62.0288,62.0288,0
2010-02-16,62.1664,62.1664,62.1664,62.1664,0
2010-02-17,61.836,61.836,61.836,61.836,0
2010-02-18,61.6158,61.6158,61.6158,61.6158,0
2010-02-19,61.6502,61.6502,61.6502,61.6502,0
2010-02-22,61.6021,61.6021,61.6021,61.6021,0
2010-02-23,62.0701,62.0701,62.0701,62.0701,0
2010-02-24,62.1045,62.1045,62.1045,62.1045,0
2010-02-25,62.3317,62.3317,62.3317,62.3317,0
2010-02-26,62.428,62.428,62.428,62.428,0
2010-03-01,62.4929,62.4929,62.4929,62.4929,0
2010-03-02,62.5274,62.5274,62.5274,62.5274,0
2010-03-03,62.4653,62.4653,62.4653,62.4653,0
2010-03-04,62.5757,62.5757,62.5757,62.5757,0
2010-03-05,62.2789,62.2789,62.2789,62.2789,0
2010-03-08,62.1133,62.1133,62.1133,62.1133,0
2010-03-09,62.272,62.272,62.272,62.272,0
2010-03-10,62.1685,62.1685,62.1685,62.1685,0
2010-03-11,62.1133,62.1133,62.1133,62.1133,0
2010-03-12,62.2099,62.2099,62.2099,62.2099,0
2010-03-15,62.2099,62.2099,62.2099,62.2099,0
2010-03-16,62.4515,62.4515,62.4515,62.4515,0
2010-03-17,62.5274,62.5274,62.5274,62.5274,0
2010-03-18,62.3618,62.3618,62.3618,62.3618,0
2010-03-19,62.2789,62.2789,62.2789,62.2789,0
2010-03-22,62.4859,62.4859,62.4859,62.4859,0
2010-03-23,62.3549,62.3549,62.3549,62.3549,0
2010-03-24,61.7338,61.7338,61.7338,61.7338,0
2010-03-25,61.506,61.506,61.506,61.506,0
2010-03-26,61.6509,61.6509,61.6509,61.6509,0
2010-03-29,61.5612,61.5612,61.5612,61.5612,0
2010-03-30,61.6233,61.6233,61.6233,61.6233,0
2010-03-31,61.7683,61.7683,61.7683,61.7683,0
2010-04-01,61.6402,61.6402,61.6402,61.6402,0
2010-04-05,61.0865,61.0865,61.0865,61.0865,0
2010-04-06,61.2665,61.2665,61.2665,61.2665,0
2010-04-07,61.6471,61.6471,61.6471,61.6471,0
2010-04-08,61.5779,61.5779,61.5779,61.5779,0
2010-04-09,61.6471,61.6471,61.6471,61.6471,0
2010-04-12,61.8132,61.8132,61.8132,61.8132,0
2010-04-13,61.9308,61.9308,61.9308,61.9308,0
2010-04-14,61.7648,61.7648,61.7648,61.7648,0
2010-04-15,61.8686,61.8686,61.8686,61.8686,0
2010-04-16,62.2424,62.2424,62.2424,62.2424,0
2010-04-19,62.09,62.09,62.09,62.09,0
2010-04-20,62.1178,62.1178,62.1178,62.1178,0
2010-04-21,62.3185,62.3185,62.3185,62.3185,0
2010-04-22,62.1731,62.1731,62.1731,62.1731,0
2010-04-23,62.0001,62.0001,62.0001,62.0001,0
2010-04-26,62.0416,62.0416,62.0416,62.0416,0
2010-04-27,62.623,62.623,62.623,62.623,0
2010-04-28,62.3047,62.3047,62.3047,62.3047,0
2010-04-29,62.4084,62.4084,62.4084,62.4084,0
2010-04-30,62.7891,62.7891,62.7891,62.7891,0
2010-05-03,62.6246,62.6246,62.6246,62.6246,0
2010-05-04,63.0481,63.0481,63.0481,63.0481,0
2010-05-05,63.291,63.291,63.291,63.291,0
2010-05-06,63.9853,63.9853,63.9853,63.9853,0
2010-05-07,63.8117,63.8117,63.8117,63.8117,0
2010-05-10,63.3257,63.3257,63.3257,63.3257,0
2010-05-11,63.4021,63.4021,63.4021,63.4021,0
2010-05-12,63.2425,63.2425,63.2425,63.2425,0
2010-05-13,63.416,63.416,63.416,63.416,0
2010-05-14,63.8256,63.8256,63.8256,63.8256,0
2010-05-17,63.6867,63.6867,63.6867,63.6867,0
2010-05-18,64.1518,64.1518,64.1518,64.1518,0
2010-05-19,64.2074,64.2074,64.2074,64.2074,0
2010-05-20,64.8322,64.8322,64.8322,64.8322,0
2010-05-21,64.8669,64.8669,64.8669,64.8669,0
2010-05-24,64.8669,64.8669,64.8669,64.8669,0
2010-05-25,65.0891,65.0891,65.0891,65.0891,0
2010-05-26,64.9571,64.9571,64.9571,64.9571,0
2010-05-27,64.3393,64.3393,64.3393,64.3393,0
2010-05-28,64.6309,64.6309,64.6309,64.6309,0
2010-06-01,64.7144,64.7144,64.7144,64.7144,0
2010-06-02,64.3454,64.3454,64.3454,64.3454,0
2010-06-03,64.2549,64.2549,64.2549,64.2549,0
2010-06-04,65.146,65.146,65.146,65.146,0
2010-06-07,65.4106,65.4106,65.4106,65.4106,0
2010-06-08,65.2087,65.2087,65.2087,65.2087,0
2010-06-09,65.2156,65.2156,65.2156,65.2156,0
2010-06-10,64.61,64.61,64.61,64.61,0
2010-06-11,65.0207,65.0207,65.0207,65.0207,0
2010-06-14,64.965,64.965,64.965,64.965,0
2010-06-15,64.7631,64.7631,64.7631,64.7631,0
2010-06-16,64.9441,64.9441,64.9441,64.9441,0
2010-06-17,65.2504,65.2504,65.2504,65.2504,0
2010-06-18,65.1181,65.1181,65.1181,65.1181,0
2010-06-21,65.0694,65.0694,65.0694,65.0694,0
2010-06-22,65.4593,65.4593,65.4593,65.4593,0
2010-06-23,65.7029,65.7029,65.7029,65.7029,0
2010-06-24,65.6473,65.6473,65.6473,65.6473,0
2010-06-25,65.7516,65.7516,65.7516,65.7516,0
2010-06-28,66.2181,66.2181,66.2181,66.2181,0
2010-06-29,66.5035,66.5035,66.5035,66.5035,0
2010-06-30,66.6009,66.6009,66.6009,66.6009,0
2010-07-01,66.5716,66.5716,66.5716,66.5716,0
2010-07-02,66.453,66.453,66.453,66.453,0
2010-07-06,66.6135,66.6135,66.6135,66.6135,0
2010-07-07,66.4041,66.4041,66.4041,66.4041,0
2010-07-08,66.2437,66.2437,66.2437,66.2437,0
2010-07-09,66.0692,66.0692,66.0692,66.0692,0
2010-07-12,66.1808,66.1808,66.1808,66.1808,0
2010-07-13,65.8527,65.8527,65.8527,65.8527,0
2010-07-14,66.1808,66.1808,66.1808,66.1808,0
2010-07-15,66.5228,66.5228,66.5228,66.5228,0
2010-07-16,66.9067,66.9067,66.9067,66.9067,0
2010-07-19,66.7322,66.7322,66.7322,66.7322,0
2010-07-20,66.8019,66.8019,66.8019,66.8019,0
2010-07-21,67.2278,67.2278,67.2278,67.2278,0
2010-07-22,66.8578,66.8578,66.8578,66.8578,0
2010-07-23,66.6414,66.6414,66.6414,66.6414,0
2010-07-26,66.6205,66.6205,66.6205,66.6205,0
2010-07-27,66.3902,66.3902,66.3902,66.3902,0
2010-07-28,66.6763,66.6763,66.6763,66.6763,0
2010-07-29,66.816,66.816,66.816,66.816,0
2010-07-30,67.2068,67.2068,67.2068,67.2068,0
2010-08-02,66.999,66.999,66.999,66.999,0
2010-08-03,67.3139,67.3139,67.3139,67.3139,0
2010-08-04,67.034,67.034,67.034,67.034,0
2010-08-05,67.3558,67.3558,67.3558,67.3558,0
2010-08-06,67.7967,67.7967,67.7967,67.7967,0
2010-08-09,67.7828,67.7828,67.7828,67.7828,0
2010-08-10,68.1257,68.1257,68.1257,68.1257,0
2010-08-11,68.5105,68.5105,68.5105,68.5105,0
2010-08-12,68.3356,68.3356,68.3356,68.3356,0
2010-08-13,68.6295,68.6295,68.6295,68.6295,0
2010-08-16,69.1263,69.1263,69.1263,69.1263,0
2010-08-17,68.7765,68.7765,68.7765,68.7765,0
2010-08-18,68.7065,68.7065,68.7065,68.7065,0
2010-08-19,69.0143,69.0143,69.0143,69.0143,0
2010-08-20,68.7905,68.7905,68.7905,68.7905,0
2010-08-23,68.8814,68.8814,68.8814,68.8814,0
2010-08-24,69.4273,69.4273,69.4273,69.4273,0
2010-08-25,69.1123,69.1123,69.1123,69.1123,0
2010-08-26,69.4273,69.4273,69.4273,69.4273,0
2010-08-27,68.6295,68.6295,68.6295,68.6295,0
2010-08-30,69.1543,69.1543,69.1543,69.1543,0
2010-08-31,69.4622,69.4622,69.4622,69.4622,0
2010-09-01,68.9621,68.9621,68.9621,68.9621,0
2010-09-02,68.6744,68.6744,68.6744,68.6744,0
2010-09-03,68.2815,68.2815,68.2815,68.2815,0
2010-09-07,68.8217,68.8217,68.8217,68.8217,0
2010-09-08,68.6324,68.6324,68.6324,68.6324,0
2010-09-09,68.0921,68.0921,68.0921,68.0921,0
2010-09-10,67.8957,67.8957,67.8957,67.8957,0
2010-09-13,68.2184,68.2184,68.2184,68.2184,0
2010-09-14,68.5622,68.5622,68.5622,68.5622,0
2010-09-15,68.3236,68.3236,68.3236,68.3236,0
2010-09-16,68.0852,68.0852,68.0852,68.0852,0
2010-09-17,68.2395,68.2395,68.2395,68.2395,0
2010-09-20,68.4499,68.4499,68.4499,68.4499,0
2010-09-21,69.0884,69.0884,69.0884,69.0884,0
2010-09-22,69.1936,69.1936,69.1936,69.1936,0
2010-09-23,69.2918,69.2918,69.2918,69.2918,0
2010-09-24,68.948,68.948,68.948,68.948,0
2010-09-27,69.4812,69.4812,69.4812,69.4812,0
2010-09-28,69.7127,69.7127,69.7127,69.7127,0
2010-09-29,69.5444,69.5444,69.5444,69.5444,0
2010-09-30,69.4602,69.4602,69.4602,69.4602,0
2010-10-01,69.4974,69.4974,69.4974,69.4974,0
2010-10-04,69.7436,69.7436,69.7436,69.7436,0
2010-10-05,69.7576,69.7576,69.7576,69.7576,0
2010-10-06,70.2076,70.2076,70.2076,70.2076,0
2010-10-07,70.278,70.278,70.278,70.278,0
2010-10-08,70.3061,70.3061,70.3061,70.3061,0
2010-10-11,70.3764,70.3764,70.3764,70.3764,0
2010-10-12,70.1725,70.1725,70.1725,70.1725,0
2010-10-13,70.1725,70.1725,70.1725,70.1725,0
2010-10-14,69.7717,69.7717,69.7717,69.7717,0
2010-10-15,69.4693,69.4693,69.4693,69.4693,0
2010-10-18,69.7999,69.7999,69.7999,69.7999,0
2010-10-19,70.0389,70.0389,70.0389,70.0389,0
2010-10-20,69.9967,69.9967,69.9967,69.9967,0
2010-10-21,69.61,69.61,69.61,69.61,0
2010-10-22,69.6311,69.6311,69.6311,69.6311,0
2010-10-25,69.61,69.61,69.61,69.61,0
2010-10-26,69.1458,69.1458,69.1458,69.1458,0
2010-10-27,68.745,68.745,68.745,68.745,0
2010-10-28,69.1458,69.1458,69.1458,69.1458,0
2010-10-29,69.4552,69.4552,69.4552,69.4552,0
2010-11-01,69.3389,69.3389,69.3389,69.3389,0
2010-11-02,69.5716,69.5716,69.5716,69.5716,0
2010-11-03,69.7971,69.7971,69.7971,69.7971,0
2010-11-04,70.361,70.361,70.361,70.361,0
2010-11-05,70.0649,70.0649,70.0649,70.0649,0
2010-11-08,70.0861,70.0861,70.0861,70.0861,0
2010-11-09,69.494,69.494,69.494,69.494,0
2010-11-10,69.7548,69.7548,69.7548,69.7548,0
2010-11-11,69.6773,69.6773,69.6773,69.6773,0
2010-11-12,69.0993,69.0993,69.0993,69.0993,0
2010-11-15,68.211,68.211,68.211,68.211,0
2010-11-16,68.7186,68.7186,68.7186,68.7186,0
2010-11-17,68.5213,68.5213,68.5213,68.5213,0
2010-11-18,68.3591,68.3591,68.3591,68.3591,0
2010-11-19,68.5001,68.5001,68.5001,68.5001,0
2010-11-22,68.8667,68.8667,68.8667,68.8667,0
2010-11-23,69.0077,69.0077,69.0077,69.0077,0
2010-11-24,68.2675,68.2675,68.2675,68.2675,0
2010-11-26,68.5636,68.5636,68.5636,68.5636,0
2010-11-29,68.7116,68.7116,68.7116,68.7116,0
2010-11-30,68.8314,68.8314,68.8314,68.8314,0
2010-12-01,67.9262,67.9262,67.9262,67.9262,0
2010-12-02,67.7567,67.7567,67.7567,67.7567,0
2010-12-03,67.7637,67.7637,67.7637,67.7637,0
2010-12-06,68.1877,68.1877,68.1877,68.1877,0
2010-12-07,67.0572,67.0572,67.0572,67.0572,0
2010-12-08,66.4848,66.4848,66.4848,66.4848,0
2010-12-09,66.6261,66.6261,66.6261,66.6261,0
2010-12-10,66.0608,66.0608,66.0608,66.0608,0
2010-12-13,66.2728,66.2728,66.2728,66.2728,0
2010-12-14,65.5732,65.5732,65.5732,65.5732,0
2010-12-15,65.3047,65.3047,65.3047,65.3047,0
2010-12-16,65.6934,65.6934,65.6934,65.6934,0
2010-12-17,66.2587,66.2587,66.2587,66.2587,0
2010-12-20,66.2516,66.2516,66.2516,66.2516,0
2010-12-21,66.3929,66.3929,66.3929,66.3929,0
2010-12-22,66.2092,66.2092,66.2092,66.2092,0
2010-12-23,65.9761,65.9761,65.9761,65.9761,0
2010-12-27,66.2304,66.2304,66.2304,66.2304,0
2010-12-28,65.5346,65.5346,65.5346,65.5346,0
2010-12-29,66.2715,66.2715,66.2715,66.2715,0
2010-12-30,66.1368,66.1368,66.1368,66.1368,0
2010-12-31,66.4699,66.4699,66.4699,66.4699,0
2011-01-03,66.2644,66.2644,66.2644,66.2644,0
2011-01-04,66.4202,66.4202,66.4202,66.4202,0
2011-01-05,65.7047,65.7047,65.7047,65.7047,0
2011-01-06,66.0447,66.0447,66.0447,66.0447,0
2011-01-07,66.484,66.484,66.484,66.484,0
2011-01-10,66.7108,66.7108,66.7108,66.7108,0
2011-01-11,66.4486,66.4486,66.4486,66.4486,0
2011-01-12,66.2573,66.2573,66.2573,66.2573,0
2011-01-13,66.7037,66.7037,66.7037,66.7037,0
2011-01-14,66.5195,66.5195,66.5195,66.5195,0
2011-01-18,66.3565,66.3565,66.3565,66.3565,0
2011-01-19,66.5265,66.5265,66.5265,66.5265,0
2011-01-20,66.0093,66.0093,66.0093,66.0093,0
2011-01-21,66.229,66.229,66.229,66.229,0
2011-01-24,66.2361,66.2361,66.2361,66.2361,0
2011-01-25,66.569,66.569,66.569,66.569,0
2011-01-26,66.1653,66.1653,66.1653,66.1653,0
2011-01-27,66.4132,66.4132,66.4132,66.4132,0
2011-01-28,66.7178,66.7178,66.7178,66.7178,0
2011-01-31,66.4557,66.4557,66.4557,66.4557,0
2011-02-01,66.1467,66.1467,66.1467,66.1467,0
2011-02-02,65.9904,65.9904,65.9904,65.9904,0
2011-02-03,65.6141,65.6141,65.6141,65.6141,0
2011-02-04,65.2092,65.2092,65.2092,65.2092,0
2011-02-07,65.1808,65.1808,65.1808,65.1808,0
2011-02-08,64.7333,64.7333,64.7333,64.7333,0
2011-02-09,65.1026,65.1026,65.1026,65.1026,0
2011-02-10,64.8895,64.8895,64.8895,64.8895,0
2011-02-11,65.1879,65.1879,65.1879,65.1879,0
2011-02-14,65.2092,65.2092,65.2092,65.2092,0
2011-02-15,65.3583,65.3583,65.3583,65.3583,0
2011-02-16,65.266,65.266,65.266,65.266,0
2011-02-17,65.5075,65.5075,65.5075,65.5075,0
2011-02-18,65.4933,65.4933,65.4933,65.4933,0
2011-02-22,66.1254,66.1254,66.1254,66.1254,0
2011-02-23,65.9621,65.9621,65.9621,65.9621,0
2011-02-24,66.1325,66.1325,66.1325,66.1325,0
2011-02-25,66.3456,66.3456,66.3456,66.3456,0
2011-02-28,66.3172,66.3172,66.3172,66.3172,0
2011-03-01,66.3926,66.3926,66.3926,66.3926,0
2011-03-02,66.0438,66.0438,66.0438,66.0438,0
2011-03-03,65.5953,65.5953,65.5953,65.5953,0
2011-03-04,66.0652,66.0652,66.0652,66.0652,0
2011-03-07,65.9014,65.9014,65.9014,65.9014,0
2011-03-08,65.7448,65.7448,65.7448,65.7448,0
2011-03-09,66.1293,66.1293,66.1293,66.1293,0
2011-03-10,66.6916,66.6916,66.6916,66.6916,0
2011-03-11,66.5351,66.5351,66.5351,66.5351,0
2011-03-14,66.6846,66.6846,66.6846,66.6846,0
2011-03-15,66.9266,66.9266,66.9266,66.9266,0
2011-03-16,67.4961,67.4961,67.4961,67.4961,0
2011-03-17,67.2896,67.2896,67.2896,67.2896,0
2011-03-18,67.2469,67.2469,67.2469,67.2469,0
2011-03-21,66.8981,66.8981,66.8981,66.8981,0
2011-03-22,66.9337,66.9337,66.9337,66.9337,0
2011-03-23,66.8483,66.8483,66.8483,66.8483,0
2011-03-24,66.5066,66.5066,66.5066,66.5066,0
2011-03-25,66.3286,66.3286,66.3286,66.3286,0
2011-03-28,66.3499,66.3499,66.3499,66.3499,0
2011-03-29,66.1577,66.1577,66.1577,66.1577,0
2011-03-30,66.3856,66.3856,66.3856,66.3856,0
2011-03-31,66.2147,66.2147,66.2147,66.2147,0
2011-04-01,66.356,66.356,66.356,66.356,0
2011-04-04,66.5059,66.5059,66.5059,66.5059,0
2011-04-05,66.1704,66.1704,66.1704,66.1704,0
2011-04-06,65.8849,65.8849,65.8849,65.8849,0
2011-04-07,65.892,65.892,65.892,65.892,0
2011-04-08,65.6993,65.6993,65.6993,65.6993,0
2011-04-11,65.7849,65.7849,65.7849,65.7849,0
2011-04-12,66.1562,66.1562,66.1562,66.1562,0
2011-04-13,66.4131,66.4131,66.4131,66.4131,0
2011-04-14,66.1918,66.1918,66.1918,66.1918,0
2011-04-15,66.6772,66.6772,66.6772,66.6772,0
2011-04-18,66.8414,66.8414,66.8414,66.8414,0
2011-04-19,66.9271,66.9271,66.9271,66.9271,0
2011-04-20,66.663,66.663,66.663,66.663,0
2011-04-21,66.7129,66.7129,66.7129,66.7129,0
2011-04-25,66.9485,66.9485,66.9485,66.9485,0
2011-04-26,67.2341,67.2341,67.2341,67.2341,0
2011-04-27,67.0412,67.0412,67.0412,67.0412,0
2011-04-28,67.2983,67.2983,67.2983,67.2983,0
2011-04-29,67.4339,67.4339,67.4339,67.4339,0
2011-05-02,67.4131,67.4131,67.4131,67.4131,0
2011-05-03,67.592,67.592,67.592,67.592,0
2011-05-04,67.7638,67.7638,67.7638,67.7638,0
2011-05-05,68.1001,68.1001,68.1001,68.1001,0
2011-05-06,68.1359,68.1359,68.1359,68.1359,0
2011-05-09,68.2361,68.2361,68.2361,68.2361,0
2011-05-10,67.9069,67.9069,67.9069,67.9069,0
2011-05-11,68.1502,68.1502,68.1502,68.1502,0
2011-05-12,67.9999,67.9999,67.9999,67.9999,0
2011-05-13,68.2647,68.2647,68.2647,68.2647,0
2011-05-16,68.4293,68.4293,68.4293,68.4293,0
2011-05-17,68.6298,68.6298,68.6298,68.6298,0
2011-05-18,68.2361,68.2361,68.2361,68.2361,0
2011-05-19,68.3076,68.3076,68.3076,68.3076,0
2011-05-20,68.4722,68.4722,68.4722,68.4722,0
2011-05-23,68.5653,68.5653,68.5653,68.5653,0
2011-05-24,68.6368,68.6368,68.6368,68.6368,0
2011-05-25,68.644,68.644,68.644,68.644,0
2011-05-26,69.0233,69.0233,69.0233,69.0233,0
2011-05-27,69.0162,69.0162,69.0162,69.0162,0
2011-05-31,69.1235,69.1235,69.1235,69.1235,0
2011-06-01,69.6932,69.6932,69.6932,69.6932,0
2011-06-02,69.277,69.277,69.277,69.277,0
2011-06-03,69.5497,69.5497,69.5497,69.5497,0
2011-06-06,69.5066,69.5066,69.5066,69.5066,0
2011-06-07,69.6357,69.6357,69.6357,69.6357,0
2011-06-08,69.7864,69.7864,69.7864,69.7864,0
2011-06-09,69.5066,69.5066,69.5066,69.5066,0
2011-06-10,69.7289,69.7289,69.7289,69.7289,0
2011-06-13,69.5783,69.5783,69.5783,69.5783,0
2011-06-14,69.0259,69.0259,69.0259,69.0259,0
2011-06-15,69.7721,69.7721,69.7721,69.7721,0
2011-06-16,69.9658,69.9658,69.9658,69.9658,0
2011-06-17,69.9155,69.9155,69.9155,69.9155,0
2011-06-20,69.808,69.808,69.808,69.808,0
2011-06-21,69.7146,69.7146,69.7146,69.7146,0
2011-06-22,69.686,69.686,69.686,69.686,0
2011-06-23,70.0518,70.0518,70.0518,70.0518,0
2011-06-24,70.346,70.346,70.346,70.346,0
2011-06-27,70.0734,70.0734,70.0734,70.0734,0
2011-06-28,69.4277,69.4277,69.4277,69.4277,0
2011-06-29,69.0115,69.0115,69.0115,69.0115,0
2011-06-30,68.7748,68.7748,68.7748,68.7748,0
2011-07-01,68.6029,68.6029,68.6029,68.6029,0
2011-07-05,69.0344,69.0344,69.0344,69.0344,0
2011-07-06,69.1567,69.1567,69.1567,69.1567,0
2011-07-07,68.8906,68.8906,68.8906,68.8906,0
2011-07-08,69.6241,69.6241,69.6241,69.6241,0
2011-07-11,70.1563,70.1563,70.1563,70.1563,0
2011-07-12,70.257,70.257,70.257,70.257,0
2011-07-13,70.3721,70.3721,70.3721,70.3721,0
2011-07-14,69.9694,69.9694,69.9694,69.9694,0
2011-07-15,70.257,70.257,70.257,70.257,0
2011-07-18,70.2139,70.2139,70.2139,70.2139,0
2011-07-19,70.48,70.48,70.48,70.48,0
2011-07-20,70.1348,70.1348,70.1348,70.1348,0
2011-07-21,69.7464,69.7464,69.7464,69.7464,0
2011-07-22,70.0126,70.0126,70.0126,70.0126,0
2011-07-25,69.7896,69.7896,69.7896,69.7896,0
2011-07-26,70.0844,70.0844,70.0844,70.0844,0
2011-07-27,69.9694,69.9694,69.9694,69.9694,0
2011-07-28,70.106,70.106,70.106,70.106,0
2011-07-29,70.9547,70.9547,70.9547,70.9547,0
2011-08-01,71.2127,71.2127,71.2127,71.2127,0
2011-08-02,71.8687,71.8687,71.8687,71.8687,0
2011-08-03,71.9265,71.9265,71.9265,71.9265,0
2011-08-04,72.8781,72.8781,72.8781,72.8781,0
2011-08-05,72.0346,72.0346,72.0346,72.0346,0
2011-08-08,73.1809,73.1809,73.1809,73.1809,0
2011-08-09,73.6062,73.6062,73.6062,73.6062,0
2011-08-10,74.5794,74.5794,74.5794,74.5794,0
2011-08-11,73.4837,73.4837,73.4837,73.4837,0
2011-08-12,73.9955,73.9955,73.9955,73.9955,0
2011-08-15,73.7215,73.7215,73.7215,73.7215,0
2011-08-16,74.0604,74.0604,74.0604,74.0604,0
2011-08-17,74.5794,74.5794,74.5794,74.5794,0
2011-08-18,74.9688,74.9688,74.9688,74.9688,0
2011-08-19,75.0481,75.0481,75.0481,75.0481,0
2011-08-22,74.9111,74.9111,74.9111,74.9111,0
2011-08-23,74.6082,74.6082,74.6082,74.6082,0
2011-08-24,73.808,73.808,73.808,73.808,0
2011-08-25,74.2623,74.2623,74.2623,74.2623,0
2011-08-26,74.5001,74.5001,74.5001,74.5001,0
2011-08-29,74.01,74.01,74.01,74.01,0
2011-08-30,74.5218,74.5218,74.5218,74.5218,0
2011-08-31,74.2551,74.2551,74.2551,74.2551,0
2011-09-01,74.8468,74.8468,74.8468,74.8468,0
2011-09-02,75.5332,75.5332,75.5332,75.5332,0
2011-09-06,75.6343,75.6343,75.6343,75.6343,0
2011-09-07,75.2297,75.2297,75.2297,75.2297,0
2011-09-08,75.5982,75.5982,75.5982,75.5982,0
2011-09-09,75.9667,75.9667,75.9667,75.9667,0
2011-09-12,75.7355,75.7355,75.7355,75.7355,0
2011-09-13,75.5115,75.5115,75.5115,75.5115,0
2011-09-14,75.5548,75.5548,75.5548,75.5548,0
2011-09-15,74.9913,74.9913,74.9913,74.9913,0
2011-09-16,75.1358,75.1358,75.1358,75.1358,0
2011-09-19,75.7499,75.7499,75.7499,75.7499,0
2011-09-20,75.8511,75.8511,75.8511,75.8511,0
2011-09-21,76.1763,76.1763,76.1763,76.1763,0
2011-09-22,76.8843,76.8843,76.8843,76.8843,0
2011-09-23,76.2485,76.2485,76.2485,76.2485,0
2011-09-26,75.9305,75.9305,75.9305,75.9305,0
2011-09-27,75.4248,75.4248,75.4248,75.4248,0
2011-09-28,75.4393,75.4393,75.4393,75.4393,0
2011-09-29,75.4393,75.4393,75.4393,75.4393,0
2011-09-30,75.9161,75.9161,75.9161,75.9161,0
2011-10-03,76.6191,76.6191,76.6191,76.6191,0
2011-10-04,76.2282,76.2282,76.2282,76.2282,0
2011-10-05,75.9096,75.9096,75.9096,75.9096,0
2011-10-06,75.3811,75.3811,75.3811,75.3811,0
2011-10-07,74.9902,74.9902,74.9902,74.9902,0
2011-10-10,74.201,74.201,74.201,74.201,0
2011-10-11,74.4471,74.4471,74.4471,74.4471,0
2011-10-12,74.1937,74.1937,74.1937,74.1937,0
2011-10-13,74.4906,74.4906,74.4906,74.4906,0
2011-10-14,74.1214,74.1214,74.1214,74.1214,0
2011-10-17,74.6065,74.6065,74.6065,74.6065,0
2011-10-18,74.5268,74.5268,74.5268,74.5268,0
2011-10-19,74.6427,74.6427,74.6427,74.6427,0
2011-10-20,74.4906,74.4906,74.4906,74.4906,0
2011-10-21,74.3531,74.3531,74.3531,74.3531,0
2011-10-24,74.3169,74.3169,74.3169,74.3169,0
2011-10-25,74.9539,74.9539,74.9539,74.9539,0
2011-10-26,74.4038,74.4038,74.4038,74.4038,0
2011-10-27,73.506,73.506,73.506,73.506,0
2011-10-28,73.9476,73.9476,73.9476,73.9476,0
2011-10-31,74.9395,74.9395,74.9395,74.9395,0
2011-11-01,75.8383,75.8383,75.8383,75.8383,0
2011-11-02,75.6569,75.6569,75.6569,75.6569,0
2011-11-03,75.3015,75.3015,75.3015,75.3015,0
2011-11-04,75.5264,75.5264,75.5264,75.5264,0
2011-11-07,75.6134,75.6134,75.6134,75.6134,0
2011-11-08,75.2724,75.2724,75.2724,75.2724,0
2011-11-09,75.9399,75.9399,75.9399,75.9399,0
2011-11-10,75.5699,75.5699,75.5699,75.5699,0
2011-11-11,75.2217,75.2217,75.2217,75.2217,0
2011-11-14,75.6932,75.6932,75.6932,75.6932,0
2011-11-15,75.5917,75.5917,75.5917,75.5917,0
2011-11-16,75.8673,75.8673,75.8673,75.8673,0
2011-11-17,76.0196,76.0196,76.0196,76.0196,0
2011-11-18,75.7367,75.7367,75.7367,75.7367,0
2011-11-21,75.9471,75.9471,75.9471,75.9471,0
2011-11-22,76.1793,76.1793,76.1793,76.1793,0
2011-11-23,76.4404,76.4404,76.4404,76.4404,0
2011-11-25,75.9544,75.9544,75.9544,75.9544,0
2011-11-28,75.9616,75.9616,75.9616,75.9616,0
2011-11-29,75.8166,75.8166,75.8166,75.8166,0
2011-11-30,75.374,75.374,75.374,75.374,0
2011-12-01,75.3522,75.3522,75.3522,75.3522,0
2011-12-02,75.6866,75.6866,75.6866,75.6866,0
2011-12-05,75.643,75.643,75.643,75.643,0
2011-12-06,75.4467,75.4467,75.4467,75.4467,0
2011-12-07,75.7883,75.7883,75.7883,75.7883,0
2011-12-08,76.1735,76.1735,76.1735,76.1735,0
2011-12-09,75.6502,75.6502,75.6502,75.6502,0
2011-12-12,75.9119,75.9119,75.9119,75.9119,0
2011-12-13,76.2608,76.2608,76.2608,76.2608,0
2011-12-14,76.5806,76.5806,76.5806,76.5806,0
2011-12-15,76.5152,76.5152,76.5152,76.5152,0
2011-12-16,76.8859,76.8859,76.8859,76.8859,0
2011-12-19,77.1475,77.1475,77.1475,77.1475,0
2011-12-20,76.4497,76.4497,76.4497,76.4497,0
2011-12-21,76.2026,76.2026,76.2026,76.2026,0
2011-12-22,76.2971,76.2971,76.2971,76.2971,0
2011-12-23,75.9845,75.9845,75.9845,75.9845,0
2011-12-27,76.0275,76.0275,76.0275,76.0275,0
2011-12-28,76.5081,76.5081,76.5081,76.5081,0
2011-12-29,76.6028,76.6028,76.6028,76.6028,0
2011-12-30,76.8722,76.8722,76.8722,76.8722,0
2012-01-03,76.3843,76.3843,76.3843,76.3843,0
2012-01-04,76.144,76.144,76.144,76.144,0
2012-01-05,76.1586,76.1586,76.1586,76.1586,0
2012-01-06,76.4571,76.4571,76.4571,76.4571,0
2012-01-09,76.4717,76.4717,76.4717,76.4717,0
2012-01-10,76.3188,76.3188,76.3188,76.3188,0
2012-01-11,76.763,76.763,76.763,76.763,0
2012-01-12,76.6028,76.6028,76.6028,76.6028,0
2012-01-13,76.945,76.945,76.945,76.945,0
2012-01-17,77.0178,77.0178,77.0178,77.0178,0
2012-01-18,76.7775,76.7775,76.7775,76.7775,0
2012-01-19,76.3188,76.3188,76.3188,76.3188,0
2012-01-20,76.0566,76.0566,76.0566,76.0566,0
2012-01-23,75.8892,75.8892,75.8892,75.8892,0
2012-01-24,75.9765,75.9765,75.9765,75.9765,0
2012-01-25,76.3407,76.3407,76.3407,76.3407,0
2012-01-26,76.7484,76.7484,76.7484,76.7484,0
2012-01-27,76.9814,76.9814,76.9814,76.9814,0
2012-01-30,77.2436,77.2436,77.2436,77.2436,0
2012-01-31,77.5349,77.5349,77.5349,77.5349,0
2012-02-01,77.2657,77.2657,77.2657,77.2657,0
2012-02-02,77.3751,77.3751,77.3751,77.3751,0
2012-02-03,76.7623,76.7623,76.7623,76.7623,0
2012-02-06,76.9739,76.9739,76.9739,76.9739,0
2012-02-07,76.4778,76.4778,76.4778,76.4778,0
2012-02-08,76.5143,76.5143,76.5143,76.5143,0
2012-02-09,76.3392,76.3392,76.3392,76.3392,0
2012-02-10,76.7696,76.7696,76.7696,76.7696,0
2012-02-13,76.7186,76.7186,76.7186,76.7186,0
2012-02-14,76.8791,76.8791,76.8791,76.8791,0
2012-02-15,76.9374,76.9374,76.9374,76.9374,0
2012-02-16,76.5872,76.5872,76.5872,76.5872,0
2012-02-17,76.507,76.507,76.507,76.507,0
2012-02-21,76.2298,76.2298,76.2298,76.2298,0
2012-02-22,76.5289,76.5289,76.5289,76.5289,0
2012-02-23,76.6383,76.6383,76.6383,76.6383,0
2012-02-24,76.6966,76.6966,76.6966,76.6966,0
2012-02-27,76.952,76.952,76.952,76.952,0
2012-02-28,76.9884,76.9884,76.9884,76.9884,0
2012-02-29,76.682,76.682,76.682,76.682,0
2012-03-01,76.4337,76.4337,76.4337,76.4337,0
2012-03-02,76.7405,76.7405,76.7405,76.7405,0
2012-03-05,76.5871,76.5871,76.5871,76.5871,0
2012-03-06,76.9086,76.9086,76.9086,76.9086,0
2012-03-07,76.7624,76.7624,76.7624,76.7624,0
2012-03-08,76.536,76.536,76.536,76.536,0
2012-03-09,76.4775,76.4775,76.4775,76.4775,0
2012-03-12,76.4556,76.4556,76.4556,76.4556,0
2012-03-13,75.9076,75.9076,75.9076,75.9076,0
2012-03-14,75.0381,75.0381,75.0381,75.0381,0
2012-03-15,75.0161,75.0161,75.0161,75.0161,0
2012-03-16,74.9942,74.9942,74.9942,74.9942,0
2012-03-19,74.5339,74.5339,74.5339,74.5339,0
2012-03-20,74.5705,74.5705,74.5705,74.5705,0
2012-03-21,74.9504,74.9504,74.9504,74.9504,0
2012-03-22,75.0454,75.0454,75.0454,75.0454,0
2012-03-23,75.3231,75.3231,75.3231,75.3231,0
2012-03-26,75.2354,75.2354,75.2354,75.2354,0
2012-03-27,75.6519,75.6519,75.6519,75.6519,0
2012-03-28,75.5204,75.5204,75.5204,75.5204,0
2012-03-29,75.8345,75.8345,75.8345,75.8345,0
2012-03-30,75.4619,75.4619,75.4619,75.4619,0
2012-04-02,75.6426,75.6426,75.6426,75.6426,0
2012-04-03,75.0864,75.0864,75.0864,75.0864,0
2012-04-04,75.4671,75.4671,75.4671,75.4671,0
2012-04-05,75.8037,75.8037,75.8037,75.8037,0
2012-04-09,76.5795,76.5795,76.5795,76.5795,0
2012-04-10,76.9381,76.9381,76.9381,76.9381,0
2012-04-11,76.6381,76.6381,76.6381,76.6381,0
2012-04-12,76.4844,76.4844,76.4844,76.4844,0
2012-04-13,76.9454,76.9454,76.9454,76.9454,0
2012-04-16,76.9235,76.9235,76.9235,76.9235,0
2012-04-17,76.843,76.843,76.843,76.843,0
2012-04-18,76.9967,76.9967,76.9967,76.9967,0
2012-04-19,77.0846,77.0846,77.0846,77.0846,0
2012-04-20,77.0919,77.0919,77.0919,77.0919,0
2012-04-23,77.2455,77.2455,77.2455,77.2455,0
2012-04-24,77.048,77.048,77.048,77.048,0
2012-04-25,76.9528,76.9528,76.9528,76.9528,0
2012-04-26,77.2089,77.2089,77.2089,77.2089,0
2012-04-27,77.2894,77.2894,77.2894,77.2894,0
2012-04-30,77.3553,77.3553,77.3553,77.3553,0
2012-05-01,77.2146,77.2146,77.2146,77.2146,0
2012-05-02,77.3612,77.3612,77.3612,77.3612,0
2012-05-03,77.3538,77.3538,77.3538,77.3538,0
2012-05-04,77.6618,77.6618,77.6618,77.6618,0
2012-05-07,77.6398,77.6398,77.6398,77.6398,0
2012-05-08,77.8157,77.8157,77.8157,77.8157,0
2012-05-09,77.8817,77.8817,77.8817,77.8817,0
2012-05-10,77.7717,77.7717,77.7717,77.7717,0
2012-05-11,78.0283,78.0283,78.0283,78.0283,0
2012-05-14,78.3728,78.3728,78.3728,78.3728,0
2012-05-15,78.3949,78.3949,78.3949,78.3949,0
2012-05-16,78.4535,78.4535,78.4535,78.4535,0
2012-05-17,78.7467,78.7467,78.7467,78.7467,0
2012-05-18,78.6954,78.6954,78.6954,78.6954,0
2012-05-21,78.4901,78.4901,78.4901,78.4901,0
2012-05-22,78.3215,78.3215,78.3215,78.3215,0
2012-05-23,78.5268,78.5268,78.5268,78.5268,0
2012-05-24,78.3581,78.3581,78.3581,78.3581,0
2012-05-25,78.5854,78.5854,78.5854,78.5854,0
2012-05-29,78.5194,78.5194,78.5194,78.5194,0
2012-05-30,79.2671,79.2671,79.2671,79.2671,0
2012-05-31,79.5751,79.5751,79.5751,79.5751,0
2012-06-01,80.2586,80.2586,80.2586,80.2586,0
2012-06-04,79.7961,79.7961,79.7961,79.7961,0
2012-06-05,79.5317,79.5317,79.5317,79.5317,0
2012-06-06,79.0104,79.0104,79.0104,79.0104,0
2012-06-07,79.2013,79.2013,79.2013,79.2013,0
2012-06-08,79.2601,79.2601,79.2601,79.2601,0
2012-06-11,79.473,79.473,79.473,79.473,0
2012-06-12,79.0471,79.0471,79.0471,79.0471,0
2012-06-13,79.4657,79.4657,79.4657,79.4657,0
2012-06-14,79.2528,79.2528,79.2528,79.2528,0
2012-06-15,79.6199,79.6199,79.6199,79.6199,0
2012-06-18,79.5978,79.5978,79.5978,79.5978,0
2012-06-19,79.3262,79.3262,79.3262,79.3262,0
2012-06-20,79.1646,79.1646,79.1646,79.1646,0
2012-06-21,79.3335,79.3335,79.3335,79.3335,0
2012-06-22,78.9884,78.9884,78.9884,78.9884,0
2012-06-25,79.4216,79.4216,79.4216,79.4216,0
2012-06-26,79.2454,79.2454,79.2454,79.2454,0
2012-06-27,79.3556,79.3556,79.3556,79.3556,0
2012-06-28,79.6125,79.6125,79.6125,79.6125,0
2012-06-29,79.2454,79.2454,79.2454,79.2454,0
2012-07-02,79.6131,79.6131,79.6131,79.6131,0
2012-07-03,79.4145,79.4145,79.4145,79.4145,0
2012-07-05,79.6277,79.6277,79.6277,79.6277,0
2012-07-06,79.9072,79.9072,79.9072,79.9072,0
2012-07-09,80.1278,80.1278,80.1278,80.1278,0
2012-07-10,80.1645,80.1645,80.1645,80.1645,0
2012-07-11,80.091,80.091,80.091,80.091,0
2012-07-12,80.2748,80.2748,80.2748,80.2748,0
2012-07-13,80.2087,80.2087,80.2087,80.2087,0
2012-07-16,80.3852,80.3852,80.3852,80.3852,0
2012-07-17,80.1793,80.1793,80.1793,80.1793,0
2012-07-18,80.2601,80.2601,80.2601,80.2601,0
2012-07-19,80.1425,80.1425,80.1425,80.1425,0
2012-07-20,80.4586,80.4586,80.4586,80.4586,0
2012-07-23,80.5911,80.5911,80.5911,80.5911,0
2012-07-24,80.7455,80.7455,80.7455,80.7455,0
2012-07-25,80.7896,80.7896,80.7896,80.7896,0
2012-07-26,80.5396,80.5396,80.5396,80.5396,0
2012-07-27,79.9586,79.9586,79.9586,79.9586,0
2012-07-30,80.216,80.216,80.216,80.216,0
2012-07-31,80.3558,80.3558,80.3558,80.3558,0
2012-08-01,80.0626,80.0626,80.0626,80.0626,0
2012-08-02,80.2541,80.2541,80.2541,80.2541,0
2012-08-03,79.8343,79.8343,79.8343,79.8343,0
2012-08-06,79.8859,79.8859,79.8859,79.8859,0
2012-08-07,79.4662,79.4662,79.4662,79.4662,0
2012-08-08,79.3557,79.3557,79.3557,79.3557,0
2012-08-09,79.2968,79.2968,79.2968,79.2968,0
2012-08-10,79.525,79.525,79.525,79.525,0
2012-08-13,79.4735,79.4735,79.4735,79.4735,0
2012-08-14,79.0832,79.0832,79.0832,79.0832,0
2012-08-15,78.6855,78.6855,78.6855,78.6855,0
2012-08-16,78.4941,78.4941,78.4941,78.4941,0
2012-08-17,78.5899,78.5899,78.5899,78.5899,0
2012-08-20,78.634,78.634,78.634,78.634,0
2012-08-21,78.7003,78.7003,78.7003,78.7003,0
2012-08-22,79.3115,79.3115,79.3115,79.3115,0
2012-08-23,79.4514,79.4514,79.4514,79.4514,0
2012-08-24,79.4146,79.4146,79.4146,79.4146,0
2012-08-27,79.6208,79.6208,79.6208,79.6208,0
2012-08-28,79.6503,79.6503,79.6503,79.6503,0
2012-08-29,79.5987,79.5987,79.5987,79.5987,0
2012-08-30,79.746,79.746,79.746,79.746,0
2012-08-31,80.2614,80.2614,80.2614,80.2614,0
2012-09-04,80.0779,80.0779,80.0779,80.0779,0
2012-09-05,80.0484,80.0484,80.0484,80.0484,0
2012-09-06,79.5026,79.5026,79.5026,79.5026,0
2012-09-07,79.6059,79.6059,79.6059,79.6059,0
2012-09-10,79.6427,79.6427,79.6427,79.6427,0
2012-09-11,79.4953,79.4953,79.4953,79.4953,0
2012-09-12,79.1044,79.1044,79.1044,79.1044,0
2012-09-13,79.333,79.333,79.333,79.333,0
2012-09-14,78.5882,78.5882,78.5882,78.5882,0
2012-09-17,78.7504,78.7504,78.7504,78.7504,0
2012-09-18,78.9496,78.9496,78.9496,78.9496,0
2012-09-19,79.1339,79.1339,79.1339,79.1339,0
2012-09-20,79.1782,79.1782,79.1782,79.1782,0
2012-09-21,79.3478,79.3478,79.3478,79.3478,0
2012-09-24,79.5247,79.5247,79.5247,79.5247,0
2012-09-25,79.8198,79.8198,79.8198,79.8198,0
2012-09-26,80.1516,80.1516,80.1516,80.1516,0
2012-09-27,79.982,79.982,79.982,79.982,0
2012-09-28,79.982,79.982,79.982,79.982,0
2012-10-01,80.1304,80.1304,80.1304,80.1304,0
2012-10-02,80.0787,80.0787,80.0787,80.0787,0
2012-10-03,80.16,80.16,80.16,80.16,0
2012-10-04,79.8424,79.8424,79.8424,79.8424,0
2012-10-05,79.4806,79.4806,79.4806,79.4806,0
2012-10-08,79.739,79.739,79.739,79.739,0
2012-10-09,79.5766,79.5766,79.5766,79.5766,0
2012-10-10,79.7686,79.7686,79.7686,79.7686,0
2012-10-11,79.8424,79.8424,79.8424,79.8424,0
2012-10-12,79.8498,79.8498,79.8498,79.8498,0
2012-10-15,79.872,79.872,79.872,79.872,0
2012-10-16,79.4954,79.4954,79.4954,79.4954,0
2012-10-17,78.9933,78.9933,78.9933,78.9933,0
2012-10-18,78.853,78.853,78.853,78.853,0
2012-10-19,79.1853,79.1853,79.1853,79.1853,0
2012-10-22,78.9194,78.9194,78.9194,78.9194,0
2012-10-23,79.296,79.296,79.296,79.296,0
2012-10-24,79.1262,79.1262,79.1262,79.1262,0
2012-10-25,78.8382,78.8382,78.8382,78.8382,0
2012-10-26,79.3403,79.3403,79.3403,79.3403,0
2012-10-31,79.6652,79.6652,79.6652,79.6652,0
2012-11-01,79.5063,79.5063,79.5063,79.5063,0
2012-11-02,79.5728,79.5728,79.5728,79.5728,0
2012-11-05,79.7651,79.7651,79.7651,79.7651,0
2012-11-06,79.4027,79.4027,79.4027,79.4027,0
2012-11-07,80.0682,80.0682,80.0682,80.0682,0
2012-11-08,80.423,80.423,80.423,80.423,0
2012-11-09,80.4305,80.4305,80.4305,80.4305,0
2012-11-12,80.4822,80.4822,80.4822,80.4822,0
2012-11-13,80.5783,80.5783,80.5783,80.5783,0
2012-11-14,80.6005,80.6005,80.6005,80.6005,0
2012-11-15,80.5636,80.5636,80.5636,80.5636,0
2012-11-16,80.6153,80.6153,80.6153,80.6153,0
2012-11-19,80.4527,80.4527,80.4527,80.4527,0
2012-11-20,80.1199,80.1199,80.1199,80.1199,0
2012-11-21,80.0016,80.0016,80.0016,80.0016,0
2012-11-23,79.9573,79.9573,79.9573,79.9573,0
2012-11-26,80.0904,80.0904,80.0904,80.0904,0
2012-11-27,80.2752,80.2752,80.2752,80.2752,0
2012-11-28,80.3788,80.3788,80.3788,80.3788,0
2012-11-29,80.4601,80.4601,80.4601,80.4601,0
2012-11-30,80.4452,80.4452,80.4452,80.4452,0
2012-12-03,80.4134,80.4134,80.4134,80.4134,0
2012-12-04,80.5541,80.5541,80.5541,80.5541,0
2012-12-05,80.6207,80.6207,80.6207,80.6207,0
2012-12-06,80.6651,80.6651,80.6651,80.6651,0
2012-12-07,80.4357,80.4357,80.4357,80.4357,0
2012-12-10,80.5096,80.5096,80.5096,80.5096,0
2012-12-11,80.3542,80.3542,80.3542,80.3542,0
2012-12-12,80.0137,80.0137,80.0137,80.0137,0
2012-12-13,79.8582,79.8582,79.8582,79.8582,0
2012-12-14,80.0359,80.0359,80.0359,80.0359,0
2012-12-17,79.6139,79.6139,79.6139,79.6139,0
2012-12-18,79.303,79.303,79.303,79.303,0
2012-12-19,79.414,79.414,79.414,79.414,0
2012-12-20,79.4659,79.4659,79.4659,79.4659,0
2012-12-21,79.6805,79.6805,79.6805,79.6805,0
2012-12-24,79.5991,79.5991,79.5991,79.5991,0
2012-12-26,79.7629,79.7629,79.7629,79.7629,0
2012-12-27,79.926,79.926,79.926,79.926,0
2012-12-28,80.1114,80.1114,80.1114,80.1114,0
2012-12-31,79.6888,79.6888,79.6888,79.6888,0
2013-01-02,79.3256,79.3256,79.3256,79.3256,0
2013-01-03,78.9178,78.9178,78.9178,78.9178,0
2013-01-04,78.9549,78.9549,78.9549,78.9549,0
2013-01-07,78.9993,78.9993,78.9993,78.9993,0
2013-01-08,79.1921,79.1921,79.1921,79.1921,0
2013-01-09,79.2366,79.2366,79.2366,79.2366,0
2013-01-10,79.0068,79.0068,79.0068,79.0068,0
2013-01-11,79.2588,79.2588,79.2588,79.2588,0
2013-01-14,79.2291,79.2291,79.2291,79.2291,0
2013-01-15,79.422,79.422,79.422,79.422,0
2013-01-16,79.5257,79.5257,79.5257,79.5257,0
2013-01-17,79.1624,79.1624,79.1624,79.1624,0
2013-01-18,79.3849,79.3849,79.3849,79.3849,0
2013-01-22,79.4516,79.4516,79.4516,79.4516,0
2013-01-23,79.4886,79.4886,79.4886,79.4886,0
2013-01-24,79.3552,79.3552,79.3552,79.3552,0
2013-01-25,78.8288,78.8288,78.8288,78.8288,0
2013-01-28,78.6657,78.6657,78.6657,78.6657,0
2013-01-29,78.5471,78.5471,78.5471,78.5471,0
2013-01-30,78.5916,78.5916,78.5916,78.5916,0
2013-01-31,78.6583,78.6583,78.6583,78.6583,0
2013-02-01,78.3911,78.3911,78.3911,78.3911,0
2013-02-04,78.8439,78.8439,78.8439,78.8439,0
2013-02-05,78.5618,78.5618,78.5618,78.5618,0
2013-02-06,78.7993,78.7993,78.7993,78.7993,0
2013-02-07,78.8364,78.8364,78.8364,78.8364,0
2013-02-08,78.8958,78.8958,78.8958,78.8958,0
2013-02-11,78.8142,78.8142,78.8142,78.8142,0
2013-02-12,78.7325,78.7325,78.7325,78.7325,0
2013-02-13,78.4579,78.4579,78.4579,78.4579,0
2013-02-14,78.7919,78.7919,78.7919,78.7919,0
2013-02-15,78.7177,78.7177,78.7177,78.7177,0
2013-02-19,78.5915,78.5915,78.5915,78.5915,0
2013-02-20,78.7622,78.7622,78.7622,78.7622,0
2013-02-21,78.9181,78.9181,78.9181,78.9181,0
2013-02-22,79.0146,79.0146,79.0146,79.0146,0
2013-02-25,79.6233,79.6233,79.6233,79.6233,0
2013-02-26,79.4749,79.4749,79.4749,79.4749,0
2013-02-27,79.4378,79.4378,79.4378,79.4378,0
2013-02-28,79.5491,79.5491,79.5491,79.5491,0
2013-03-01,79.7475,79.7475,79.7475,79.7475,0
2013-03-04,79.5618,79.5618,79.5618,79.5618,0
2013-03-05,79.48,79.48,79.48,79.48,0
2013-03-06,79.2273,79.2273,79.2273,79.2273,0
2013-03-07,78.9226,78.9226,78.9226,78.9226,0
2013-03-08,78.5212,78.5212,78.5212,78.5212,0
2013-03-11,78.5584,78.5584,78.5584,78.5584,0
2013-03-12,78.7739,78.7739,78.7739,78.7739,0
2013-03-13,78.707,78.707,78.707,78.707,0
2013-03-14,78.7293,78.7293,78.7293,78.7293,0
2013-03-15,79.0043,79.0043,79.0043,79.0043,0
2013-03-18,79.2644,79.2644,79.2644,79.2644,0
2013-03-19,79.5097,79.5097,79.5097,79.5097,0
2013-03-20,79.205,79.205,79.205,79.205,0
2013-03-21,79.4131,79.4131,79.4131,79.4131,0
2013-03-22,79.4428,79.4428,79.4428,79.4428,0
2013-03-25,79.5023,79.5023,79.5023,79.5023,0
2013-03-26,79.584,79.584,79.584,79.584,0
2013-03-27,79.9259,79.9259,79.9259,79.9259,0
2013-03-28,79.7773,79.7773,79.7773,79.7773,0
2013-04-01,79.9894,79.9894,79.9894,79.9894,0
2013-04-02,79.8331,79.8331,79.8331,79.8331,0
2013-04-03,80.168,80.168,80.168,80.168,0
2013-04-04,80.488,80.488,80.488,80.488,0
2013-04-05,80.7411,80.7411,80.7411,80.7411,0
2013-04-08,80.4806,80.4806,80.4806,80.4806,0
2013-04-09,80.5104,80.5104,80.5104,80.5104,0
2013-04-10,80.1754,80.1754,80.1754,80.1754,0
2013-04-11,80.2647,80.2647,80.2647,80.2647,0
2013-04-12,80.7113,80.7113,80.7113,80.7113,0
2013-04-15,80.8899,80.8899,80.8899,80.8899,0
2013-04-16,80.6592,80.6592,80.6592,80.6592,0
2013-04-17,80.808,80.808,80.808,80.808,0
2013-04-18,80.8526,80.8526,80.8526,80.8526,0
2013-04-19,80.808,80.808,80.808,80.808,0
2013-04-22,80.8526,80.8526,80.8526,80.8526,0
2013-04-23,80.8006,80.8006,80.8006,80.8006,0
2013-04-24,80.8378,80.8378,80.8378,80.8378,0
2013-04-25,80.7485,80.7485,80.7485,80.7485,0
2013-04-26,81.0388,81.0388,81.0388,81.0388,0
2013-04-29,81.009,81.009,81.009,81.009,0
2013-04-30,80.9941,80.9941,80.9941,80.9941,0
2013-05-01,81.2586,81.2586,81.2586,81.2586,0
2013-05-02,81.2586,81.2586,81.2586,81.2586,0
2013-05-03,80.5656,80.5656,80.5656,80.5656,0
2013-05-06,80.4613,80.4613,80.4613,80.4613,0
2013-05-07,80.3495,80.3495,80.3495,80.3495,0
2013-05-08,80.4464,80.4464,80.4464,80.4464,0
2013-05-09,80.4315,80.4315,80.4315,80.4315,0
2013-05-10,79.977,79.977,79.977,79.977,0
2013-05-13,79.8354,79.8354,79.8354,79.8354,0
2013-05-14,79.515,79.515,79.515,79.515,0
2013-05-15,79.7236,79.7236,79.7236,79.7236,0
2013-05-16,80.1036,80.1036,80.1036,80.1036,0
2013-05-17,79.6714,79.6714,79.6714,79.6714,0
2013-05-20,79.6118,79.6118,79.6118,79.6118,0
2013-05-21,79.8205,79.8205,79.8205,79.8205,0
2013-05-22,79.1871,79.1871,79.1871,79.1871,0
2013-05-23,79.2691,79.2691,79.2691,79.2691,0
2013-05-24,79.2988,79.2988,79.2988,79.2988,0
2013-05-28,78.3674,78.3674,78.3674,78.3674,0
2013-05-29,78.6879,78.6879,78.6879,78.6879,0
2013-05-30,78.6953,78.6953,78.6953,78.6953,0
2013-05-31,78.4792,78.4792,78.4792,78.4792,0
2013-06-03,78.5926,78.5926,78.5926,78.5926,0
2013-06-04,78.3912,78.3912,78.3912,78.3912,0
2013-06-05,78.7717,78.7717,78.7717,78.7717,0
2013-06-06,78.8687,78.8687,78.8687,78.8687,0
2013-06-07,78.2569,78.2569,78.2569,78.2569,0
2013-06-10,78.0629,78.0629,78.0629,78.0629,0
2013-06-11,78.2569,78.2569,78.2569,78.2569,0
2013-06-12,77.9061,77.9061,77.9061,77.9061,0
2013-06-13,78.4956,78.4956,78.4956,78.4956,0
2013-06-14,78.6001,78.6001,78.6001,78.6001,0
2013-06-17,78.4135,78.4135,78.4135,78.4135,0
2013-06-18,78.3688,78.3688,78.3688,78.3688,0
2013-06-19,77.2943,77.2943,77.2943,77.2943,0
2013-06-20,76.9437,76.9437,76.9437,76.9437,0
2013-06-21,76.1303,76.1303,76.1303,76.1303,0
2013-06-24,75.9438,75.9438,75.9438,75.9438,0
2013-06-25,75.8542,75.8542,75.8542,75.8542,0
2013-06-26,76.1601,76.1601,76.1601,76.1601,0
2013-06-27,76.5705,76.5705,76.5705,76.5705,0
2013-06-28,76.481,76.481,76.481,76.481,0
2013-07-01,76.5101,76.5101,76.5101,76.5101,0
2013-07-02,76.54,76.54,76.54,76.54,0
2013-07-03,76.3906,76.3906,76.3906,76.3906,0
2013-07-05,75.1054,75.1054,75.1054,75.1054,0
2013-07-08,75.5462,75.5462,75.5462,75.5462,0
2013-07-09,75.6733,75.6733,75.6733,75.6733,0
2013-07-10,75.4043,75.4043,75.4043,75.4043,0
2013-07-11,76.1589,76.1589,76.1589,76.1589,0
2013-07-12,76.0992,76.0992,76.0992,76.0992,0
2013-07-15,76.3382,76.3382,76.3382,76.3382,0
2013-07-16,76.3756,76.3756,76.3756,76.3756,0
2013-07-17,76.7119,76.7119,76.7119,76.7119,0
2013-07-18,76.3533,76.3533,76.3533,76.3533,0
2013-07-19,76.7716,76.7716,76.7716,76.7716,0
2013-07-22,76.7643,76.7643,76.7643,76.7643,0
2013-07-23,76.6745,76.6745,76.6745,76.6745,0
2013-07-24,76.1589,76.1589,76.1589,76.1589,0
2013-07-25,76.2711,76.2711,76.2711,76.2711,0
2013-07-26,76.3382,76.3382,76.3382,76.3382,0
2013-07-29,76.1814,76.1814,76.1814,76.1814,0
2013-07-30,76.1589,76.1589,76.1589,76.1589,0
2013-07-31,76.2113,76.2113,76.2113,76.2113,0
2013-08-01,75.5386,75.5386,75.5386,75.5386,0
2013-08-02,76.1821,76.1821,76.1821,76.1821,0
2013-08-05,75.9427,75.9427,75.9427,75.9427,0
2013-08-06,75.9651,75.9651,75.9651,75.9651,0
2013-08-07,76.242,76.242,76.242,76.242,0
2013-08-08,76.3542,76.3542,76.3542,76.3542,0
2013-08-09,76.4065,76.4065,76.4065,76.4065,0
2013-08-12,76.2569,76.2569,76.2569,76.2569,0
2013-08-13,75.5686,75.5686,75.5686,75.5686,0
2013-08-14,75.6359,75.6359,75.6359,75.6359,0
2013-08-15,75.2169,75.2169,75.2169,75.2169,0
2013-08-16,74.9252,74.9252,74.9252,74.9252,0
2013-08-19,74.6034,74.6034,74.6034,74.6034,0
2013-08-20,75.0074,75.0074,75.0074,75.0074,0
2013-08-21,74.536,74.536,74.536,74.536,0
2013-08-22,74.5061,74.5061,74.5061,74.5061,0
2013-08-23,74.9252,74.9252,74.9252,74.9252,0
2013-08-26,75.0748,75.0748,75.0748,75.0748,0
2013-08-27,75.5012,75.5012,75.5012,75.5012,0
2013-08-28,75.1945,75.1945,75.1945,75.1945,0
2013-08-29,75.2693,75.2693,75.2693,75.2693,0
2013-08-30,75.1272,75.1272,75.1272,75.1272,0
2013-09-03,74.7008,74.7008,74.7008,74.7008,0
2013-09-04,74.4535,74.4535,74.4535,74.4535,0
2013-09-05,73.884,73.884,73.884,73.884,0
2013-09-06,74.3336,74.3336,74.3336,74.3336,0
2013-09-09,74.4834,74.4834,74.4834,74.4834,0
2013-09-10,74.1388,74.1388,74.1388,74.1388,0
2013-09-11,74.5134,74.5134,74.5134,74.5134,0
2013-09-12,74.521,74.521,74.521,74.521,0
2013-09-13,74.6183,74.6183,74.6183,74.6183,0
2013-09-16,74.7832,74.7832,74.7832,74.7832,0
2013-09-17,74.933,74.933,74.933,74.933,0
2013-09-18,75.8622,75.8622,75.8622,75.8622,0
2013-09-19,75.5999,75.5999,75.5999,75.5999,0
2013-09-20,75.6749,75.6749,75.6749,75.6749,0
2013-09-23,75.9597,75.9597,75.9597,75.9597,0
2013-09-24,76.2369,76.2369,76.2369,76.2369,0
2013-09-25,76.4467,76.4467,76.4467,76.4467,0
2013-09-26,76.2819,76.2819,76.2819,76.2819,0
2013-09-27,76.3868,76.3868,76.3868,76.3868,0
2013-09-30,76.5142,76.5142,76.5142,76.5142,0
2013-10-01,76.3438,76.3438,76.3438,76.3438,0
2013-10-02,76.4714,76.4714,76.4714,76.4714,0
2013-10-03,76.5764,76.5764,76.5764,76.5764,0
2013-10-04,76.3663,76.3663,76.3663,76.3663,0
2013-10-07,76.4339,76.4339,76.4339,76.4339,0
2013-10-08,76.3963,76.3963,76.3963,76.3963,0
2013-10-09,76.2613,76.2613,76.2613,76.2613,0
2013-10-10,76.0961,76.0961,76.0961,76.0961,0
2013-10-11,76.2087,76.2087,76.2087,76.2087,0
2013-10-14,75.9535,75.9535,75.9535,75.9535,0
2013-10-15,75.9686,75.9686,75.9686,75.9686,0
2013-10-16,76.3363,76.3363,76.3363,76.3363,0
2013-10-17,76.7715,76.7715,76.7715,76.7715,0
2013-10-18,76.779,76.779,76.779,76.779,0
2013-10-21,76.7265,76.7265,76.7265,76.7265,0
2013-10-22,77.2593,77.2593,77.2593,77.2593,0
2013-10-23,77.3944,77.3944,77.3944,77.3944,0
2013-10-24,77.2369,77.2369,77.2369,77.2369,0
2013-10-25,77.3719,77.3719,77.3719,77.3719,0
2013-10-28,77.2969,77.2969,77.2969,77.2969,0
2013-10-29,77.402,77.402,77.402,77.402,0
2013-10-30,77.1993,77.1993,77.1993,77.1993,0
2013-10-31,77.1092,77.1092,77.1092,77.1092,0
2013-11-01,76.6815,76.6815,76.6815,76.6815,0
2013-11-04,76.8319,76.8319,76.8319,76.8319,0
2013-11-05,76.4862,76.4862,76.4862,76.4862,0
2013-11-06,76.7191,76.7191,76.7191,76.7191,0
2013-11-07,76.9221,76.9221,76.9221,76.9221,0
2013-11-08,76.0577,76.0577,76.0577,76.0577,0
2013-11-11,76.0201,76.0201,76.0201,76.0201,0
2013-11-12,75.9525,75.9525,75.9525,75.9525,0
2013-11-13,76.2682,76.2682,76.2682,76.2682,0
2013-11-14,76.6365,76.6365,76.6365,76.6365,0
2013-11-15,76.5763,76.5763,76.5763,76.5763,0
2013-11-18,76.8469,76.8469,76.8469,76.8469,0
2013-11-19,76.5613,76.5613,76.5613,76.5613,0
2013-11-20,76.1404,76.1404,76.1404,76.1404,0
2013-11-21,76.208,76.208,76.208,76.208,0
2013-11-22,76.426,76.426,76.426,76.426,0
2013-11-25,76.4862,76.4862,76.4862,76.4862,0
2013-11-26,76.6515,76.6515,76.6515,76.6515,0
2013-11-27,76.4786,76.4786,76.4786,76.4786,0
2013-11-29,76.4336,76.4336,76.4336,76.4336,0
2013-12-02,76.1052,76.1052,76.1052,76.1052,0
2013-12-03,76.2408,76.2408,76.2408,76.2408,0
2013-12-04,75.8945,75.8945,75.8945,75.8945,0
2013-12-05,75.7063,75.7063,75.7063,75.7063,0
2013-12-06,75.774,75.774,75.774,75.774,0
2013-12-09,75.8644,75.8644,75.8644,75.8644,0
2013-12-10,76.1806,76.1806,76.1806,76.1806,0
2013-12-11,75.887,75.887,75.887,75.887,0
2013-12-12,75.6686,75.6686,75.6686,75.6686,0
2013-12-13,75.7816,75.7816,75.7816,75.7816,0
2013-12-16,75.744,75.744,75.744,75.744,0
2013-12-17,75.9848,75.9848,75.9848,75.9848,0
2013-12-18,75.6987,75.6987,75.6987,75.6987,0
2013-12-19,75.3826,75.3826,75.3826,75.3826,0
2013-12-20,75.6159,75.6159,75.6159,75.6159,0
2013-12-23,75.375,75.375,75.375,75.375,0
2013-12-24,75.0814,75.0814,75.0814,75.0814,0
2013-12-26,75.0166,75.0166,75.0166,75.0166,0
2013-12-27,74.9713,74.9713,74.9713,74.9713,0
2013-12-30,75.1749,75.1749,75.1749,75.1749,0
2013-12-31,74.8356,74.8356,74.8356,74.8356,0
2014-01-02,75.1297,75.1297,75.1297,75.1297,0
2014-01-03,75.0844,75.0844,75.0844,75.0844,0
2014-01-06,75.2956,75.2956,75.2956,75.2956,0
2014-01-07,75.4162,75.4162,75.4162,75.4162,0
2014-01-08,75.0468,75.0468,75.0468,75.0468,0
2014-01-09,75.2428,75.2428,75.2428,75.2428,0
2014-01-10,75.8763,75.8763,75.8763,75.8763,0
2014-01-13,76.0949,76.0949,76.0949,76.0949,0
2014-01-14,75.8084,75.8084,75.8084,75.8084,0
2014-01-15,75.7405,75.7405,75.7405,75.7405,0
2014-01-16,75.9516,75.9516,75.9516,75.9516,0
2014-01-17,76.1326,76.1326,76.1326,76.1326,0
2014-01-21,76.0497,76.0497,76.0497,76.0497,0
2014-01-22,75.8385,75.8385,75.8385,75.8385,0
2014-01-23,76.3513,76.3513,76.3513,76.3513,0
2014-01-24,76.6605,76.6605,76.6605,76.6605,0
2014-01-27,76.4267,76.4267,76.4267,76.4267,0
2014-01-28,76.5398,76.5398,76.5398,76.5398,0
2014-01-29,76.9017,76.9017,76.9017,76.9017,0
2014-01-30,76.8264,76.8264,76.8264,76.8264,0
2014-01-31,77.128,77.128,77.128,77.128,0
2014-02-03,77.5473,77.5473,77.5473,77.5473,0
2014-02-04,77.3131,77.3131,77.3131,77.3131,0
2014-02-05,77.0336,77.0336,77.0336,77.0336,0
2014-02-06,76.8901,76.8901,76.8901,76.8901,0
2014-02-07,77.094,77.094,77.094,77.094,0
2014-02-10,77.1318,77.1318,77.1318,77.1318,0
2014-02-11,76.7919,76.7919,76.7919,76.7919,0
2014-02-12,76.6106,76.6106,76.6106,76.6106,0
2014-02-13,76.9732,76.9732,76.9732,76.9732,0
2014-02-14,76.9203,76.9203,76.9203,76.9203,0
2014-02-18,77.1092,77.1092,77.1092,77.1092,0
2014-02-19,76.9581,76.9581,76.9581,76.9581,0
2014-02-20,76.8749,76.8749,76.8749,76.8749,0
2014-02-21,76.9732,76.9732,76.9732,76.9732,0
2014-02-24,76.8976,76.8976,76.8976,76.8976,0
2014-02-25,77.162,77.162,77.162,77.162,0
2014-02-26,77.3886,77.3886,77.3886,77.3886,0
2014-02-27,77.4793,77.4793,77.4793,77.4793,0
2014-02-28,77.4037,77.4037,77.4037,77.4037,0
2014-03-03,77.7865,77.7865,77.7865,77.7865,0
2014-03-04,77.1888,77.1888,77.1888,77.1888,0
2014-03-05,77.2721,77.2721,77.2721,77.2721,0
2014-03-06,76.9392,76.9392,76.9392,76.9392,0
2014-03-07,76.6062,76.6062,76.6062,76.6062,0
2014-03-10,76.6895,76.6895,76.6895,76.6895,0
2014-03-11,76.7651,76.7651,76.7651,76.7651,0
2014-03-12,77.0678,77.0678,77.0678,77.0678,0
2014-03-13,77.5218,77.5218,77.5218,77.5218,0
2014-03-14,77.5294,77.5294,77.5294,77.5294,0
2014-03-17,77.2191,77.2191,77.2191,77.2191,0
2014-03-18,77.4083,77.4083,77.4083,77.4083,0
2014-03-19,76.6895,76.6895,76.6895,76.6895,0
2014-03-20,76.7046,76.7046,76.7046,76.7046,0
2014-03-21,76.8484,76.8484,76.8484,76.8484,0
2014-03-24,76.8786,76.8786,76.8786,76.8786,0
2014-03-25,76.8333,76.8333,76.8333,76.8333,0
2014-03-26,77.1586,77.1586,77.1586,77.1586,0
2014-03-27,77.2342,77.2342,77.2342,77.2342,0
2014-03-28,76.9619,76.9619,76.9619,76.9619,0
2014-03-31,76.9695,76.9695,76.9695,76.9695,0
2014-04-01,76.8102,76.8102,76.8102,76.8102,0
2014-04-02,76.4767,76.4767,76.4767,76.4767,0
2014-04-03,76.5298,76.5298,76.5298,76.5298,0
2014-04-04,76.9997,76.9997,76.9997,76.9997,0
2014-04-07,77.1817,77.1817,77.1817,77.1817,0
2014-04-08,77.2878,77.2878,77.2878,77.2878,0
2014-04-09,77.2651,77.2651,77.2651,77.2651,0
2014-04-10,77.591,77.591,77.591,77.591,0
2014-04-11,77.7502,77.7502,77.7502,77.7502,0
2014-04-14,77.6289,77.6289,77.6289,77.6289,0
2014-04-15,77.7199,77.7199,77.7199,77.7199,0
2014-04-16,77.5986,77.5986,77.5986,77.5986,0
2014-04-17,77.1589,77.1589,77.1589,77.1589,0
2014-04-21,77.1438,77.1438,77.1438,77.1438,0
2014-04-22,77.1135,77.1135,77.1135,77.1135,0
2014-04-23,77.3106,77.3106,77.3106,77.3106,0
2014-04-24,77.2878,77.2878,77.2878,77.2878,0
2014-04-25,77.3939,77.3939,77.3939,77.3939,0
2014-04-28,77.2802,77.2802,77.2802,77.2802,0
2014-04-29,77.3484,77.3484,77.3484,77.3484,0
2014-04-30,77.5531,77.5531,77.5531,77.5531,0
2014-05-01,77.7764,77.7764,77.7764,77.7764,0
2014-05-02,77.8903,77.8903,77.8903,77.8903,0
2014-05-05,77.8447,77.8447,77.8447,77.8447,0
2014-05-06,77.9359,77.9359,77.9359,77.9359,0
2014-05-07,77.9967,77.9967,77.9967,77.9967,0
2014-05-08,78.0802,78.0802,78.0802,78.0802,0
2014-05-09,78.0194,78.0194,78.0194,78.0194,0
2014-05-12,77.8144,77.8144,77.8144,77.8144,0
2014-05-13,78.1182,78.1182,78.1182,78.1182,0
2014-05-14,78.4751,78.4751,78.4751,78.4751,0
2014-05-15,78.7561,78.7561,78.7561,78.7561,0
2014-05-16,78.589,78.589,78.589,78.589,0
2014-05-19,78.4902,78.4902,78.4902,78.4902,0
2014-05-20,78.7181,78.7181,78.7181,78.7181,0
2014-05-21,78.5966,78.5966,78.5966,78.5966,0
2014-05-22,78.513,78.513,78.513,78.513,0
2014-05-23,78.6725,78.6725,78.6725,78.6725,0
2014-05-27,78.6954,78.6954,78.6954,78.6954,0
2014-05-28,79.1282,79.1282,79.1282,79.1282,0
2014-05-29,79.0295,79.0295,79.0295,79.0295,0
2014-05-30,78.9688,78.9688,78.9688,78.9688,0
2014-06-02,78.6074,78.6074,78.6074,78.6074,0
2014-06-03,78.2118,78.2118,78.2118,78.2118,0
2014-06-04,78.151,78.151,78.151,78.151,0
2014-06-05,78.2651,78.2651,78.2651,78.2651,0
2014-06-06,78.2042,78.2042,78.2042,78.2042,0
2014-06-09,78.0901,78.0901,78.0901,78.0901,0
2014-06-10,77.9532,77.9532,77.9532,77.9532,0
2014-06-11,78.0597,78.0597,78.0597,78.0597,0
2014-06-12,78.364,78.364,78.364,78.364,0
2014-06-13,78.2118,78.2118,78.2118,78.2118,0
2014-06-16,78.2118,78.2118,78.2118,78.2118,0
2014-06-17,77.8847,77.8847,77.8847,77.8847,0
2014-06-18,78.2955,78.2955,78.2955,78.2955,0
2014-06-19,78.0977,78.0977,78.0977,78.0977,0
2014-06-20,78.189,78.189,78.189,78.189,0
2014-06-23,78.1357,78.1357,78.1357,78.1357,0
2014-06-24,78.4552,78.4552,78.4552,78.4552,0
2014-06-25,78.5313,78.5313,78.5313,78.5313,0
2014-06-26,78.7367,78.7367,78.7367,78.7367,0
2014-06-27,78.7367,78.7367,78.7367,78.7367,0
2014-06-30,78.7976,78.7976,78.7976,78.7976,0
2014-07-01,78.54,78.54,78.54,78.54,0
2014-07-02,78.2199,78.2199,78.2199,78.2199,0
2014-07-03,78.0598,78.0598,78.0598,78.0598,0
2014-07-07,78.2503,78.2503,78.2503,78.2503,0
2014-07-08,78.6086,78.6086,78.6086,78.6086,0
2014-07-09,78.6238,78.6238,78.6238,78.6238,0
2014-07-10,78.7914,78.7914,78.7914,78.7914,0
2014-07-11,78.9211,78.9211,78.9211,78.9211,0
2014-07-14,78.7458,78.7458,78.7458,78.7458,0
2014-07-15,78.6772,78.6772,78.6772,78.6772,0
2014-07-16,78.7914,78.7914,78.7914,78.7914,0
2014-07-17,79.2488,79.2488,79.2488,79.2488,0
2014-07-18,79.0887,79.0887,79.0887,79.0887,0
2014-07-21,79.1116,79.1116,79.1116,79.1116,0
2014-07-22,79.2106,79.2106,79.2106,79.2106,0
2014-07-23,79.2031,79.2031,79.2031,79.2031,0
2014-07-24,78.8829,78.8829,78.8829,78.8829,0
2014-07-25,79.1878,79.1878,79.1878,79.1878,0
2014-07-28,79.0963,79.0963,79.0963,79.0963,0
2014-07-29,79.2031,79.2031,79.2031,79.2031,0
2014-07-30,78.6467,78.6467,78.6467,78.6467,0
2014-07-31,78.6238,78.6238,78.6238,78.6238,0
2014-08-01,79.0866,79.0866,79.0866,79.0866,0
2014-08-04,79.1323,79.1323,79.1323,79.1323,0
2014-08-05,79.1706,79.1706,79.1706,79.1706,0
2014-08-06,79.2393,79.2393,79.2393,79.2393,0
2014-08-07,79.5981,79.5981,79.5981,79.5981,0
2014-08-08,79.5294,79.5294,79.5294,79.5294,0
2014-08-11,79.4913,79.4913,79.4913,79.4913,0
2014-08-12,79.3767,79.3767,79.3767,79.3767,0
2014-08-13,79.6363,79.6363,79.6363,79.6363,0
2014-08-14,79.7967,79.7967,79.7967,79.7967,0
2014-08-15,80.1174,80.1174,80.1174,80.1174,0
2014-08-18,79.8654,79.8654,79.8654,79.8654,0
2014-08-19,79.7814,79.7814,79.7814,79.7814,0
2014-08-20,79.5447,79.5447,79.5447,79.5447,0
2014-08-21,79.7127,79.7127,79.7127,79.7127,0
2014-08-22,79.7203,79.7203,79.7203,79.7203,0
2014-08-25,79.7814,79.7814,79.7814,79.7814,0
2014-08-26,79.7662,79.7662,79.7662,79.7662,0
2014-08-27,79.9876,79.9876,79.9876,79.9876,0
2014-08-28,80.0945,80.0945,80.0945,80.0945,0
2014-08-29,80.1021,80.1021,80.1021,80.1021,0
2014-09-02,79.5904,79.5904,79.5904,79.5904,0
2014-09-03,79.7052,79.7052,79.7052,79.7052,0
2014-09-04,79.4221,79.4221,79.4221,79.4221,0
2014-09-05,79.4451,79.4451,79.4451,79.4451,0
2014-09-08,79.3609,79.3609,79.3609,79.3609,0
2014-09-09,79.1773,79.1773,79.1773,79.1773,0
2014-09-10,78.9785,78.9785,78.9785,78.9785,0
2014-09-11,78.8791,78.8791,78.8791,78.8791,0
2014-09-12,78.5807,78.5807,78.5807,78.5807,0
2014-09-15,78.7261,78.7261,78.7261,78.7261,0
2014-09-16,78.7031,78.7031,78.7031,78.7031,0
2014-09-17,78.5042,78.5042,78.5042,78.5042,0
2014-09-18,78.4507,78.4507,78.4507,78.4507,0
2014-09-19,78.749,78.749,78.749,78.749,0
2014-09-22,78.9172,78.9172,78.9172,78.9172,0
2014-09-23,79.0856,79.0856,79.0856,79.0856,0
2014-09-24,78.8637,78.8637,78.8637,78.8637,0
2014-09-25,79.2462,79.2462,79.2462,79.2462,0
2014-09-26,79.0779,79.0779,79.0779,79.0779,0
2014-09-29,79.3303,79.3303,79.3303,79.3303,0
2014-09-30,79.2615,79.2615,79.2615,79.2615,0
2014-10-01,79.9274,79.9274,79.9274,79.9274,0
2014-10-02,79.6899,79.6899,79.6899,79.6899,0
2014-10-03,79.6669,79.6669,79.6669,79.6669,0
2014-10-06,79.7971,79.7971,79.7971,79.7971,0
2014-10-07,80.2646,80.2646,80.2646,80.2646,0
2014-10-08,80.5482,80.5482,80.5482,80.5482,0
2014-10-09,80.4102,80.4102,80.4102,80.4102,0
2014-10-10,80.7244,80.7244,80.7244,80.7244,0
2014-10-13,81.1459,81.1459,81.1459,81.1459,0
2014-10-14,81.3068,81.3068,81.3068,81.3068,0
2014-10-15,81.7666,81.7666,81.7666,81.7666,0
2014-10-16,81.5443,81.5443,81.5443,81.5443,0
2014-10-17,81.3068,81.3068,81.3068,81.3068,0
2014-10-20,81.4217,81.4217,81.4217,81.4217,0
2014-10-21,81.1995,81.1995,81.1995,81.1995,0
2014-10-22,81.1765,81.1765,81.1765,81.1765,0
2014-10-23,80.8393,80.8393,80.8393,80.8393,0
2014-10-24,80.9083,80.9083,80.9083,80.9083,0
2014-10-27,80.9926,80.9926,80.9926,80.9926,0
2014-10-28,80.7934,80.7934,80.7934,80.7934,0
2014-10-29,80.5252,80.5252,80.5252,80.5252,0
2014-10-30,80.6095,80.6095,80.6095,80.6095,0
2014-10-31,80.4792,80.4792,80.4792,80.4792,0
2014-11-03,80.4492,80.4492,80.4492,80.4492,0
2014-11-04,80.4415,80.4415,80.4415,80.4415,0
2014-11-05,80.4646,80.4646,80.4646,80.4646,0
2014-11-06,80.219,80.219,80.219,80.219,0
2014-11-07,80.7332,80.7332,80.7332,80.7332,0
2014-11-10,80.4032,80.4032,80.4032,80.4032,0
2014-11-11,80.4108,80.4108,80.4108,80.4108,0
2014-11-12,80.3801,80.3801,80.3801,80.3801,0
2014-11-13,80.5106,80.5106,80.5106,80.5106,0
2014-11-14,80.6796,80.6796,80.6796,80.6796,0
2014-11-17,80.5874,80.5874,80.5874,80.5874,0
2014-11-18,80.6796,80.6796,80.6796,80.6796,0
2014-11-19,80.4646,80.4646,80.4646,80.4646,0
2014-11-20,80.6105,80.6105,80.6105,80.6105,0
2014-11-21,80.7717,80.7717,80.7717,80.7717,0
2014-11-24,80.8638,80.8638,80.8638,80.8638,0
2014-11-25,81.0634,81.0634,81.0634,81.0634,0
2014-11-26,81.2015,81.2015,81.2015,81.2015,0
2014-11-28,81.5163,81.5163,81.5163,81.5163,0
2014-12-01,81.3164,81.3164,81.3164,81.3164,0
2014-12-02,80.955,80.955,80.955,80.955,0
2014-12-03,80.9857,80.9857,80.9857,80.9857,0
2014-12-04,81.2702,81.2702,81.2702,81.2702,0
2014-12-05,80.8165,80.8165,80.8165,80.8165,0
2014-12-08,81.0856,81.0856,81.0856,81.0856,0
2014-12-09,81.3855,81.3855,81.3855,81.3855,0
2014-12-10,81.7547,81.7547,81.7547,81.7547,0
2014-12-11,81.6162,81.6162,81.6162,81.6162,0
2014-12-12,82.2852,82.2852,82.2852,82.2852,0
2014-12-15,81.9853,81.9853,81.9853,81.9853,0
2014-12-16,82.4005,82.4005,82.4005,82.4005,0
2014-12-17,81.8315,81.8315,81.8315,81.8315,0
2014-12-18,81.3702,81.3702,81.3702,81.3702,0
2014-12-19,81.67,81.67,81.67,81.67,0
2014-12-22,81.67,81.67,81.67,81.67,0
2014-12-23,80.9934,80.9934,80.9934,80.9934,0
2014-12-24,81.0519,81.0519,81.0519,81.0519,0
2014-12-26,81.1598,81.1598,81.1598,81.1598,0
2014-12-29,81.4369,81.4369,81.4369,81.4369,0
2014-12-30,81.5293,81.5293,81.5293,81.5293,0
2014-12-31,81.6217,81.6217,81.6217,81.6217,0
2015-01-02,82.0376,82.0376,82.0376,82.0376,0
2015-01-05,82.5382,82.5382,82.5382,82.5382,0
2015-01-06,83.0926,83.0926,83.0926,83.0926,0
2015-01-07,83.0772,83.0772,83.0772,83.0772,0
2015-01-08,82.7384,82.7384,82.7384,82.7384,0
2015-01-09,83.1466,83.1466,83.1466,83.1466,0
2015-01-12,83.4392,83.4392,83.4392,83.4392,0
2015-01-13,83.5162,83.5162,83.5162,83.5162,0
2015-01-14,83.9012,83.9012,83.9012,83.9012,0
2015-01-15,84.6174,84.6174,84.6174,84.6174,0
2015-01-16,83.9936,83.9936,83.9936,83.9936,0
2015-01-20,84.1862,84.1862,84.1862,84.1862,0
2015-01-21,83.7857,83.7857,83.7857,83.7857,0
2015-01-22,83.5778,83.5778,83.5778,83.5778,0
2015-01-23,84.1246,84.1246,84.1246,84.1246,0
2015-01-26,83.9321,83.9321,83.9321,83.9321,0
2015-01-27,84.0476,84.0476,84.0476,84.0476,0
2015-01-28,84.6944,84.6944,84.6944,84.6944,0
2015-01-29,84.3941,84.3941,84.3941,84.3941,0
2015-01-30,85.1334,85.1334,85.1334,85.1334,0
2015-02-02,85.0269,85.0269,85.0269,85.0269,0
2015-02-03,84.3096,84.3096,84.3096,84.3096,0
2015-02-04,84.4484,84.4484,84.4484,84.4484,0
2015-02-05,84.1399,84.1399,84.1399,84.1399,0
2015-02-06,83.1988,83.1988,83.1988,83.1988,0
2015-02-09,83.1603,83.1603,83.1603,83.1603,0
2015-02-10,82.952,82.952,82.952,82.952,0
2015-02-11,82.9212,82.9212,82.9212,82.9212,0
2015-02-12,82.952,82.952,82.952,82.952,0
2015-02-13,82.6743,82.6743,82.6743,82.6743,0
2015-02-17,82.0881,82.0881,82.0881,82.0881,0
2015-02-18,82.4814,82.4814,82.4814,82.4814,0
2015-02-19,82.2732,82.2732,82.2732,82.2732,0
2015-02-20,82.2269,82.2269,82.2269,82.2269,0
2015-02-23,82.6049,82.6049,82.6049,82.6049,0
2015-02-24,83.1525,83.1525,83.1525,83.1525,0
2015-02-25,83.2296,83.2296,83.2296,83.2296,0
2015-02-26,82.736,82.736,82.736,82.736,0
2015-02-27,83.0291,83.0291,83.0291,83.0291,0
2015-03-02,82.4111,82.4111,82.4111,82.4111,0
2015-03-03,82.2334,82.2334,82.2334,82.2334,0
2015-03-04,82.2952,82.2952,82.2952,82.2952,0
2015-03-05,82.3415,82.3415,82.3415,82.3415,0
2015-03-06,81.4994,81.4994,81.4994,81.4994,0
2015-03-09,81.878,81.878,81.878,81.878,0
2015-03-10,82.2256,82.2256,82.2256,82.2256,0
2015-03-11,82.3724,82.3724,82.3724,82.3724,0
2015-03-12,82.4497,82.4497,82.4497,82.4497,0
2015-03-13,82.326,82.326,82.326,82.326,0
2015-03-16,82.6119,82.6119,82.6119,82.6119,0
2015-03-17,82.7819,82.7819,82.7819,82.7819,0
2015-03-18,83.7322,83.7322,83.7322,83.7322,0
2015-03-19,83.3381,83.3381,83.3381,83.3381,0
2015-03-20,83.6781,83.6781,83.6781,83.6781,0
2015-03-23,83.7862,83.7862,83.7862,83.7862,0
2015-03-24,84.0412,84.0412,84.0412,84.0412,0
2015-03-25,83.6781,83.6781,83.6781,83.6781,0
2015-03-26,83.2068,83.2068,83.2068,83.2068,0
2015-03-27,83.5313,83.5313,83.5313,83.5313,0
2015-03-30,83.5236,83.5236,83.5236,83.5236,0
2015-03-31,83.7399,83.7399,83.7399,83.7399,0
2015-04-01,84.1384,84.1384,84.1384,84.1384,0
2015-04-02,83.8985,83.8985,83.8985,83.8985,0
2015-04-06,84.0069,84.0069,84.0069,84.0069,0
2015-04-07,84.0766,84.0766,84.0766,84.0766,0
2015-04-08,83.9991,83.9991,83.9991,83.9991,0
2015-04-09,83.6586,83.6586,83.6586,83.6586,0
2015-04-10,83.6354,83.6354,83.6354,83.6354,0
2015-04-13,83.8057,83.8057,83.8057,83.8057,0
2015-04-14,84.0533,84.0533,84.0533,84.0533,0
2015-04-15,84.0997,84.0997,84.0997,84.0997,0
2015-04-16,84.1617,84.1617,84.1617,84.1617,0
2015-04-17,84.3318,84.3318,84.3318,84.3318,0
2015-04-20,84.1771,84.1771,84.1771,84.1771,0
2015-04-21,83.9991,83.9991,83.9991,83.9991,0
2015-04-22,83.5116,83.5116,83.5116,83.5116,0
2015-04-23,83.767,83.767,83.767,83.767,0
2015-04-24,84.061,84.061,84.061,84.061,0
2015-04-27,83.9294,83.9294,83.9294,83.9294,0
2015-04-28,83.5426,83.5426,83.5426,83.5426,0
2015-04-29,83.2331,83.2331,83.2331,83.2331,0
2015-04-30,83.2098,83.2098,83.2098,83.2098,0
2015-05-01,82.7549,82.7549,82.7549,82.7549,0
2015-05-04,82.5844,82.5844,82.5844,82.5844,0
2015-05-05,82.4449,82.4449,82.4449,82.4449,0
2015-05-06,82.0419,82.0419,82.0419,82.0419,0
2015-05-07,82.3906,82.3906,82.3906,82.3906,0
2015-05-08,82.7084,82.7084,82.7084,82.7084,0
2015-05-11,81.8947,81.8947,81.8947,81.8947,0
2015-05-12,81.9566,81.9566,81.9566,81.9566,0
2015-05-13,81.8481,81.8481,81.8481,81.8481,0
2015-05-14,82.1271,82.1271,82.1271,82.1271,0
2015-05-15,82.7162,82.7162,82.7162,82.7162,0
2015-05-18,82.1581,82.1581,82.1581,82.1581,0
2015-05-19,81.7938,81.7938,81.7938,81.7938,0
2015-05-20,81.9722,81.9722,81.9722,81.9722,0
2015-05-21,82.4604,82.4604,82.4604,82.4604,0
2015-05-22,82.2744,82.2744,82.2744,82.2744,0
2015-05-26,82.7859,82.7859,82.7859,82.7859,0
2015-05-27,82.7394,82.7394,82.7394,82.7394,0
2015-05-28,82.8169,82.8169,82.8169,82.8169,0
2015-05-29,82.8634,82.8634,82.8634,82.8634,0
2015-06-01,82.4978,82.4978,82.4978,82.4978,0
2015-06-02,81.9234,81.9234,81.9234,81.9234,0
2015-06-03,81.2247,81.2247,81.2247,81.2247,0
2015-06-04,81.6207,81.6207,81.6207,81.6207,0
2015-06-05,81.0307,81.0307,81.0307,81.0307,0
2015-06-08,81.1471,81.1471,81.1471,81.1471,0
2015-06-09,80.8832,80.8832,80.8832,80.8832,0
2015-06-10,80.5727,80.5727,80.5727,80.5727,0
2015-06-11,81.2092,81.2092,81.2092,81.2092,0
2015-06-12,81.1627,81.1627,81.1627,81.1627,0
2015-06-15,81.3567,81.3567,81.3567,81.3567,0
2015-06-16,81.6672,81.6672,81.6672,81.6672,0
2015-06-17,81.7138,81.7138,81.7138,81.7138,0
2015-06-18,81.6517,81.6517,81.6517,81.6517,0
2015-06-19,82.0864,82.0864,82.0864,82.0864,0
2015-06-22,81.3955,81.3955,81.3955,81.3955,0
2015-06-23,81.1471,81.1471,81.1471,81.1471,0
2015-06-24,81.3878,81.3878,81.3878,81.3878,0
2015-06-25,81.1859,81.1859,81.1859,81.1859,0
2015-06-26,80.7978,80.7978,80.7978,80.7978,0
2015-06-29,81.7371,81.7371,81.7371,81.7371,0
2015-06-30,81.512,81.512,81.512,81.512,0
2015-07-01,81.0859,81.0859,81.0859,81.0859,0
2015-07-02,81.3736,81.3736,81.3736,81.3736,0
2015-07-06,81.9489,81.9489,81.9489,81.9489,0
2015-07-07,82.1666,82.1666,82.1666,82.1666,0
2015-07-08,82.4931,82.4931,82.4931,82.4931,0
2015-07-09,81.9178,81.9178,81.9178,81.9178,0
2015-07-10,81.3502,81.3502,81.3502,81.3502,0
2015-07-13,81.1326,81.1326,81.1326,81.1326,0
2015-07-14,81.3891,81.3891,81.3891,81.3891,0
2015-07-15,81.7001,81.7001,81.7001,81.7001,0
2015-07-16,81.669,81.669,81.669,81.669,0
2015-07-17,81.6768,81.6768,81.6768,81.6768,0
2015-07-20,81.5135,81.5135,81.5135,81.5135,0
2015-07-21,81.739,81.739,81.739,81.739,0
2015-07-22,81.8401,81.8401,81.8401,81.8401,0
2015-07-23,82.1743,82.1743,82.1743,82.1743,0
2015-07-24,82.2521,82.2521,82.2521,82.2521,0
2015-07-27,82.5241,82.5241,82.5241,82.5241,0
2015-07-28,82.291,82.291,82.291,82.291,0
2015-07-29,82.1743,82.1743,82.1743,82.1743,0
2015-07-30,82.2676,82.2676,82.2676,82.2676,0
2015-07-31,82.7496,82.7496,82.7496,82.7496,0
2015-08-03,83.0019,83.0019,83.0019,83.0019,0
2015-08-04,82.5737,82.5737,82.5737,82.5737,0
2015-08-05,82.2544,82.2544,82.2544,82.2544,0
2015-08-06,82.5425,82.5425,82.5425,82.5425,0
2015-08-07,82.8695,82.8695,82.8695,82.8695,0
2015-08-10,82.527,82.527,82.527,82.527,0
2015-08-11,83.072,83.072,83.072,83.072,0
2015-08-12,83.0408,83.0408,83.0408,83.0408,0
2015-08-13,82.8228,82.8228,82.8228,82.8228,0
2015-08-14,82.7372,82.7372,82.7372,82.7372,0
2015-08-17,82.8851,82.8851,82.8851,82.8851,0
2015-08-18,82.7528,82.7528,82.7528,82.7528,0
2015-08-19,83.2588,83.2588,83.2588,83.2588,0
2015-08-20,83.4847,83.4847,83.4847,83.4847,0
2015-08-21,83.8195,83.8195,83.8195,83.8195,0
2015-08-24,83.9596,83.9596,83.9596,83.9596,0
2015-08-25,83.5002,83.5002,83.5002,83.5002,0
2015-08-26,82.9864,82.9864,82.9864,82.9864,0
2015-08-27,82.9396,82.9396,82.9396,82.9396,0
2015-08-28,82.9552,82.9552,82.9552,82.9552,0
2015-08-31,82.8151,82.8151,82.8151,82.8151,0
2015-09-01,83.187,83.187,83.187,83.187,0
2015-09-02,82.9609,82.9609,82.9609,82.9609,0
2015-09-03,83.1636,83.1636,83.1636,83.1636,0
2015-09-04,83.421,83.421,83.421,83.421,0
2015-09-08,83.0544,83.0544,83.0544,83.0544,0
2015-09-09,83.0856,83.0856,83.0856,83.0856,0
2015-09-10,82.8985,82.8985,82.8985,82.8985,0
2015-09-11,83.1169,83.1169,83.1169,83.1169,0
2015-09-14,83.1948,83.1948,83.1948,83.1948,0
2015-09-15,82.5398,82.5398,82.5398,82.5398,0
2015-09-16,82.5164,82.5164,82.5164,82.5164,0
2015-09-17,83.2026,83.2026,83.2026,83.2026,0
2015-09-18,83.5925,83.5925,83.5925,83.5925,0
2015-09-21,83.1169,83.1169,83.1169,83.1169,0
2015-09-22,83.5302,83.5302,83.5302,83.5302,0
2015-09-23,83.4366,83.4366,83.4366,83.4366,0
2015-09-24,83.5614,83.5614,83.5614,83.5614,0
2015-09-25,83.343,83.343,83.343,83.343,0
2015-09-28,83.8187,83.8187,83.8187,83.8187,0
2015-09-29,84.1073,84.1073,84.1073,84.1073,0
2015-09-30,84.1229,84.1229,84.1229,84.1229,0
2015-10-01,84.1884,84.1884,84.1884,84.1884,0
2015-10-02,84.5946,84.5946,84.5946,84.5946,0
2015-10-05,84.1259,84.1259,84.1259,84.1259,0
2015-10-06,84.2978,84.2978,84.2978,84.2978,0
2015-10-07,84.0869,84.0869,84.0869,84.0869,0
2015-10-08,83.8682,83.8682,83.8682,83.8682,0
2015-10-09,83.9151,83.9151,83.9151,83.9151,0
2015-10-12,84.1963,84.1963,84.1963,84.1963,0
2015-10-13,84.2744,84.2744,84.2744,84.2744,0
2015-10-14,84.7351,84.7351,84.7351,84.7351,0
2015-10-15,84.4462,84.4462,84.4462,84.4462,0
2015-10-16,84.3759,84.3759,84.3759,84.3759,0
2015-10-19,84.3368,84.3368,84.3368,84.3368,0
2015-10-20,84.0479,84.0479,84.0479,84.0479,0
2015-10-21,84.3368,84.3368,84.3368,84.3368,0
2015-10-22,84.4228,84.4228,84.4228,84.4228,0
2015-10-23,83.9463,83.9463,83.9463,83.9463,0
2015-10-26,84.165,84.165,84.165,84.165,0
2015-10-27,84.3759,84.3759,84.3759,84.3759,0
2015-10-28,83.9385,83.9385,83.9385,83.9385,0
2015-10-29,83.423,83.423,83.423,83.423,0
2015-10-30,83.587,83.587,83.587,83.587,0
2015-11-02,83.3469,83.3469,83.3469,83.3469,0
2015-11-03,83.1279,83.1279,83.1279,83.1279,0
2015-11-04,83.0419,83.0419,83.0419,83.0419,0
2015-11-05,82.9871,82.9871,82.9871,82.9871,0
2015-11-06,82.4239,82.4239,82.4239,82.4239,0
2015-11-09,82.2831,82.2831,82.2831,82.2831,0
2015-11-10,82.4395,82.4395,82.4395,82.4395,0
2015-11-11,82.4004,82.4004,82.4004,82.4004,0
2015-11-12,82.4473,82.4473,82.4473,82.4473,0
2015-11-13,82.7603,82.7603,82.7603,82.7603,0
2015-11-16,82.8697,82.8697,82.8697,82.8697,0
2015-11-17,82.8463,82.8463,82.8463,82.8463,0
2015-11-18,82.8072,82.8072,82.8072,82.8072,0
2015-11-19,82.9871,82.9871,82.9871,82.9871,0
2015-11-20,82.8775,82.8775,82.8775,82.8775,0
2015-11-23,82.9871,82.9871,82.9871,82.9871,0
2015-11-24,83.0653,83.0653,83.0653,83.0653,0
2015-11-25,83.1122,83.1122,83.1122,83.1122,0
2015-11-27,83.1983,83.1983,83.1983,83.1983,0
2015-11-30,83.2296,83.2296,83.2296,83.2296,0
2015-12-01,83.6722,83.6722,83.6722,83.6722,0
2015-12-02,83.4372,83.4372,83.4372,83.4372,0
2015-12-03,82.5597,82.5597,82.5597,82.5597,0
2015-12-04,82.8653,82.8653,82.8653,82.8653,0
2015-12-07,83.1316,83.1316,83.1316,83.1316,0
2015-12-08,83.1787,83.1787,83.1787,83.1787,0
2015-12-09,83.304,83.304,83.304,83.304,0
2015-12-10,83.1238,83.1238,83.1238,83.1238,0
2015-12-11,83.7897,83.7897,83.7897,83.7897,0
2015-12-14,83.1708,83.1708,83.1708,83.1708,0
2015-12-15,82.9593,82.9593,82.9593,82.9593,0
2015-12-16,82.74,82.74,82.74,82.74,0
2015-12-17,83.0846,83.0846,83.0846,83.0846,0
2015-12-18,83.3823,83.3823,83.3823,83.3823,0
2015-12-21,83.4216,83.4216,83.4216,83.4216,0
2015-12-22,83.1864,83.1864,83.1864,83.1864,0
2015-12-23,82.9985,82.9985,82.9985,82.9985,0
2015-12-24,83.1507,83.1507,83.1507,83.1507,0
2015-12-28,83.1664,83.1664,83.1664,83.1664,0
2015-12-29,82.727,82.727,82.727,82.727,0
2015-12-30,82.7583,82.7583,82.7583,82.7583,0
2015-12-31,82.8525,82.8525,82.8525,82.8525,0
2016-01-04,83.2056,83.2056,83.2056,83.2056,0
2016-01-05,83.182,83.182,83.182,83.182,0
2016-01-06,83.6842,83.6842,83.6842,83.6842,0
2016-01-07,83.8647,83.8647,83.8647,83.8647,0
2016-01-08,84.0766,84.0766,84.0766,84.0766,0
2016-01-11,83.8098,83.8098,83.8098,83.8098,0
2016-01-12,84.1865,84.1865,84.1865,84.1865,0
2016-01-13,84.516,84.516,84.516,84.516,0
2016-01-14,84.3434,84.3434,84.3434,84.3434,0
2016-01-15,84.7357,84.7357,84.7357,84.7357,0
2016-01-19,84.6259,84.6259,84.6259,84.6259,0
2016-01-20,85.0417,85.0417,85.0417,85.0417,0
2016-01-21,84.8299,84.8299,84.8299,84.8299,0
2016-01-22,84.6415,84.6415,84.6415,84.6415,0
2016-01-25,84.924,84.924,84.924,84.924,0
2016-01-26,84.9868,84.9868,84.9868,84.9868,0
2016-01-27,85.0496,85.0496,85.0496,85.0496,0
2016-01-28,85.1594,85.1594,85.1594,85.1594,0
2016-01-29,85.6145,85.6145,85.6145,85.6145,0
2016-02-01,85.4173,85.4173,85.4173,85.4173,0
2016-02-02,86.0223,86.0223,86.0223,86.0223,0
2016-02-03,85.928,85.928,85.928,85.928,0
2016-02-04,86.1324,86.1324,86.1324,86.1324,0
2016-02-05,86.2424,86.2424,86.2424,86.2424,0
2016-02-08,86.8868,86.8868,86.8868,86.8868,0
2016-02-09,86.9025,86.9025,86.9025,86.9025,0
2016-02-10,87.1618,87.1618,87.1618,87.1618,0
2016-02-11,87.5625,87.5625,87.5625,87.5625,0
2016-02-12,86.8946,86.8946,86.8946,86.8946,0
2016-02-16,86.6353,86.6353,86.6353,86.6353,0
2016-02-17,86.4231,86.4231,86.4231,86.4231,0
2016-02-18,86.8239,86.8239,86.8239,86.8239,0
2016-02-19,86.8239,86.8239,86.8239,86.8239,0
2016-02-22,86.7374,86.7374,86.7374,86.7374,0
2016-02-23,86.9103,86.9103,86.9103,86.9103,0
2016-02-24,86.9103,86.9103,86.9103,86.9103,0
2016-02-25,87.1696,87.1696,87.1696,87.1696,0
2016-02-26,86.7453,86.7453,86.7453,86.7453,0
2016-02-29,86.8868,86.8868,86.8868,86.8868,0
2016-03-01,86.2076,86.2076,86.2076,86.2076,0
2016-03-02,86.0582,86.0582,86.0582,86.0582,0
2016-03-03,86.1604,86.1604,86.1604,86.1604,0
2016-03-04,85.8693,85.8693,85.8693,85.8693,0
2016-03-07,85.6961,85.6961,85.6961,85.6961,0
2016-03-08,86.1919,86.1919,86.1919,86.1919,0
2016-03-09,85.8535,85.8535,85.8535,85.8535,0
2016-03-10,85.5466,85.5466,85.5466,85.5466,0
2016-03-11,85.3027,85.3027,85.3027,85.3027,0
2016-03-14,85.3656,85.3656,85.3656,85.3656,0
2016-03-15,85.3499,85.3499,85.3499,85.3499,0
2016-03-16,85.7985,85.7985,85.7985,85.7985,0
2016-03-17,85.8929,85.8929,85.8929,85.8929,0
2016-03-18,86.0424,86.0424,86.0424,86.0424,0
2016-03-21,85.7985,85.7985,85.7985,85.7985,0
2016-03-22,85.6174,85.6174,85.6174,85.6174,0
2016-03-23,86.0109,86.0109,86.0109,86.0109,0
2016-03-24,85.9243,85.9243,85.9243,85.9243,0
2016-03-28,86.0502,86.0502,86.0502,86.0502,0
2016-03-29,86.6326,86.6326,86.6326,86.6326,0
2016-03-30,86.5146,86.5146,86.5146,86.5146,0
2016-03-31,86.8293,86.8293,86.8293,86.8293,0
2016-04-01,86.8041,86.8041,86.8041,86.8041,0
2016-04-04,86.9065,86.9065,86.9065,86.9065,0
2016-04-05,87.2533,87.2533,87.2533,87.2533,0
2016-04-06,87.0642,87.0642,87.0642,87.0642,0
2016-04-07,87.5134,87.5134,87.5134,87.5134,0
2016-04-08,87.3794,87.3794,87.3794,87.3794,0
2016-04-11,87.3636,87.3636,87.3636,87.3636,0
2016-04-12,87.0169,87.0169,87.0169,87.0169,0
2016-04-13,87.08,87.08,87.08,87.08,0
2016-04-14,86.875,86.875,86.875,86.875,0
2016-04-15,87.1351,87.1351,87.1351,87.1351,0
2016-04-18,87.0484,87.0484,87.0484,87.0484,0
2016-04-19,86.9065,86.9065,86.9065,86.9065,0
2016-04-20,86.4652,86.4652,86.4652,86.4652,0
2016-04-21,86.3233,86.3233,86.3233,86.3233,0
2016-04-22,86.2287,86.2287,86.2287,86.2287,0
2016-04-25,86.1342,86.1342,86.1342,86.1342,0
2016-04-26,85.9529,85.9529,85.9529,85.9529,0
2016-04-27,86.4258,86.4258,86.4258,86.4258,0
2016-04-28,86.7253,86.7253,86.7253,86.7253,0
2016-04-29,86.6937,86.6937,86.6937,86.6937,0
2016-05-02,86.4419,86.4419,86.4419,86.4419,0
2016-05-03,86.955,86.955,86.955,86.955,0
2016-05-04,87.1129,87.1129,87.1129,87.1129,0
2016-05-05,87.3496,87.3496,87.3496,87.3496,0
2016-05-06,87.1444,87.1444,87.1444,87.1444,0
2016-05-09,87.3102,87.3102,87.3102,87.3102,0
2016-05-10,87.2944,87.2944,87.2944,87.2944,0
2016-05-11,87.4286,87.4286,87.4286,87.4286,0
2016-05-12,87.1918,87.1918,87.1918,87.1918,0
2016-05-13,87.5233,87.5233,87.5233,87.5233,0
2016-05-16,87.2076,87.2076,87.2076,87.2076,0
2016-05-17,87.0892,87.0892,87.0892,87.0892,0
2016-05-18,86.3867,86.3867,86.3867,86.3867,0
2016-05-19,86.4735,86.4735,86.4735,86.4735,0
2016-05-20,86.5288,86.5288,86.5288,86.5288,0
2016-05-23,86.584,86.584,86.584,86.584,0
2016-05-24,86.4419,86.4419,86.4419,86.4419,0
2016-05-25,86.4025,86.4025,86.4025,86.4025,0
2016-05-26,86.6709,86.6709,86.6709,86.6709,0
2016-05-27,86.5051,86.5051,86.5051,86.5051,0
2016-05-31,86.6077,86.6077,86.6077,86.6077,0
2016-06-01,86.5784,86.5784,86.5784,86.5784,0
2016-06-02,86.8472,86.8472,86.8472,86.8472,0
2016-06-03,87.6535,87.6535,87.6535,87.6535,0
2016-06-06,87.4243,87.4243,87.4243,87.4243,0
2016-06-07,87.5508,87.5508,87.5508,87.5508,0
2016-06-08,87.6535,87.6535,87.6535,87.6535,0
2016-06-09,87.7879,87.7879,87.7879,87.7879,0
2016-06-10,88.0961,88.0961,88.0961,88.0961,0
2016-06-13,88.27,88.27,88.27,88.27,0
2016-06-14,88.2463,88.2463,88.2463,88.2463,0
2016-06-15,88.5151,88.5151,88.5151,88.5151,0
2016-06-16,88.6099,88.6099,88.6099,88.6099,0
2016-06-17,88.3095,88.3095,88.3095,88.3095,0
2016-06-20,87.9301,87.9301,87.9301,87.9301,0
2016-06-21,87.7325,87.7325,87.7325,87.7325,0
2016-06-22,87.9064,87.9064,87.9064,87.9064,0
2016-06-23,87.4875,87.4875,87.4875,87.4875,0
2016-06-24,88.6969,88.6969,88.6969,88.6969,0
2016-06-27,89.4636,89.4636,89.4636,89.4636,0
2016-06-28,89.4478,89.4478,89.4478,89.4478,0
2016-06-29,89.0842,89.0842,89.0842,89.0842,0
2016-06-30,89.2818,89.2818,89.2818,89.2818,0
2016-07-01,89.5177,89.5177,89.5177,89.5177,0
2016-07-05,90.0085,90.0085,90.0085,90.0085,0
2016-07-06,90.0243,90.0243,90.0243,90.0243,0
2016-07-07,89.9056,89.9056,89.9056,89.9056,0
2016-07-08,90.0797,90.0797,90.0797,90.0797,0
2016-07-11,89.6048,89.6048,89.6048,89.6048,0
2016-07-12,89.0745,89.0745,89.0745,89.0745,0
2016-07-13,89.3039,89.3039,89.3039,89.3039,0
2016-07-14,88.9319,88.9319,88.9319,88.9319,0
2016-07-15,88.5916,88.5916,88.5916,88.5916,0
2016-07-18,88.5678,88.5678,88.5678,88.5678,0
2016-07-19,88.8053,88.8053,88.8053,88.8053,0
2016-07-20,88.6233,88.6233,88.6233,88.6233,0
2016-07-21,88.8211,88.8211,88.8211,88.8211,0
2016-07-22,88.7499,88.7499,88.7499,88.7499,0
2016-07-25,88.6787,88.6787,88.6787,88.6787,0
2016-07-26,88.7341,88.7341,88.7341,88.7341,0
2016-07-27,89.114,89.114,89.114,89.114,0
2016-07-28,89.1615,89.1615,89.1615,89.1615,0
2016-07-29,89.5019,89.5019,89.5019,89.5019,0
2016-08-01,89.1911,89.1911,89.1911,89.1911,0
2016-08-02,88.9771,88.9771,88.9771,88.9771,0
2016-08-03,89.0247,89.0247,89.0247,89.0247,0
2016-08-04,89.2387,89.2387,89.2387,89.2387,0
2016-08-05,88.6838,88.6838,88.6838,88.6838,0
2016-08-08,88.6363,88.6363,88.6363,88.6363,0
2016-08-09,88.9533,88.9533,88.9533,88.9533,0
2016-08-10,89.1911,89.1911,89.1911,89.1911,0
2016-08-11,88.7631,88.7631,88.7631,88.7631,0
2016-08-12,89.0802,89.0802,89.0802,89.0802,0
2016-08-15,88.8186,88.8186,88.8186,88.8186,0
2016-08-16,88.668,88.668,88.668,88.668,0
2016-08-17,88.8107,88.8107,88.8107,88.8107,0
2016-08-18,88.9692,88.9692,88.9692,88.9692,0
2016-08-19,88.668,88.668,88.668,88.668,0
2016-08-22,88.8661,88.8661,88.8661,88.8661,0
2016-08-23,88.8582,88.8582,88.8582,88.8582,0
2016-08-24,88.8265,88.8265,88.8265,88.8265,0
2016-08-25,88.6838,88.6838,88.6838,88.6838,0
2016-08-26,88.343,88.343,88.343,88.343,0
2016-08-29,88.7076,88.7076,88.7076,88.7076,0
2016-08-30,88.6997,88.6997,88.6997,88.6997,0
2016-08-31,88.5966,88.5966,88.5966,88.5966,0
2016-09-01,88.7355,88.7355,88.7355,88.7355,0
2016-09-02,88.5054,88.5054,88.5054,88.5054,0
2016-09-06,88.9181,88.9181,88.9181,88.9181,0
2016-09-07,88.9658,88.9658,88.9658,88.9658,0
2016-09-08,88.5292,88.5292,88.5292,88.5292,0
2016-09-09,88.1085,88.1085,88.1085,88.1085,0
2016-09-12,88.1879,88.1879,88.1879,88.1879,0
2016-09-13,87.8624,87.8624,87.8624,87.8624,0
2016-09-14,88.0609,88.0609,88.0609,88.0609,0
2016-09-15,88.0847,88.0847,88.0847,88.0847,0
2016-09-16,88.18,88.18,88.18,88.18,0
2016-09-19,88.0291,88.0291,88.0291,88.0291,0
2016-09-20,88.164,88.164,88.164,88.164,0
2016-09-21,88.307,88.307,88.307,88.307,0
2016-09-22,88.5689,88.5689,88.5689,88.5689,0
2016-09-23,88.6086,88.6086,88.6086,88.6086,0
2016-09-26,88.8625,88.8625,88.8625,88.8625,0
2016-09-27,89.0134,89.0134,89.0134,89.0134,0
2016-09-28,88.9737,88.9737,88.9737,88.9737,0
2016-09-29,89.0293,89.0293,89.0293,89.0293,0
2016-09-30,88.807,88.807,88.807,88.807,0
2016-10-03,88.6004,88.6004,88.6004,88.6004,0
2016-10-04,88.195,88.195,88.195,88.195,0
2016-10-05,87.9963,87.9963,87.9963,87.9963,0
2016-10-06,87.8135,87.8135,87.8135,87.8135,0
2016-10-07,87.9407,87.9407,87.9407,87.9407,0
2016-10-10,87.7101,87.7101,87.7101,87.7101,0
2016-10-11,87.6863,87.6863,87.6863,87.6863,0
2016-10-12,87.6863,87.6863,87.6863,87.6863,0
2016-10-13,87.8691,87.8691,87.8691,87.8691,0
2016-10-14,87.5988,87.5988,87.5988,87.5988,0
2016-10-17,87.7896,87.7896,87.7896,87.7896,0
2016-10-18,87.9645,87.9645,87.9645,87.9645,0
2016-10-19,88.0042,88.0042,88.0042,88.0042,0
2016-10-20,87.9248,87.9248,87.9248,87.9248,0
2016-10-21,88.0201,88.0201,88.0201,88.0201,0
2016-10-24,87.9009,87.9009,87.9009,87.9009,0
2016-10-25,87.885,87.885,87.885,87.885,0
2016-10-26,87.6942,87.6942,87.6942,87.6942,0
2016-10-27,87.3922,87.3922,87.3922,87.3922,0
2016-10-28,87.4081,87.4081,87.4081,87.4081,0
2016-10-31,87.4796,87.4796,87.4796,87.4796,0
2016-11-01,87.4828,87.4828,87.4828,87.4828,0
2016-11-02,87.7455,87.7455,87.7455,87.7455,0
2016-11-03,87.6898,87.6898,87.6898,87.6898,0
2016-11-04,87.9603,87.9603,87.9603,87.9603,0
2016-11-07,87.5942,87.5942,87.5942,87.5942,0
2016-11-08,87.2838,87.2838,87.2838,87.2838,0
2016-11-09,85.9546,85.9546,85.9546,85.9546,0
2016-11-10,85.4372,85.4372,85.4372,85.4372,0
2016-11-11,85.2621,85.2621,85.2621,85.2621,0
2016-11-14,84.7686,84.7686,84.7686,84.7686,0
2016-11-15,84.7686,84.7686,84.7686,84.7686,0
2016-11-16,84.8482,84.8482,84.8482,84.8482,0
2016-11-17,84.4742,84.4742,84.4742,84.4742,0
2016-11-18,84.1,84.1,84.1,84.1,0
2016-11-21,84.1716,84.1716,84.1716,84.1716,0
2016-11-22,84.2512,84.2512,84.2512,84.2512,0
2016-11-23,83.9488,83.9488,83.9488,83.9488,0
2016-11-25,83.8772,83.8772,83.8772,83.8772,0
2016-11-28,84.2592,84.2592,84.2592,84.2592,0
2016-11-29,84.3468,84.3468,84.3468,84.3468,0
2016-11-30,83.7816,83.7816,83.7816,83.7816,0
2016-12-01,83.462,83.462,83.462,83.462,0
2016-12-02,83.8366,83.8366,83.8366,83.8366,0
2016-12-05,83.8047,83.8047,83.8047,83.8047,0
2016-12-06,83.8366,83.8366,83.8366,83.8366,0
2016-12-07,84.1156,84.1156,84.1156,84.1156,0
2016-12-08,83.7968,83.7968,83.7968,83.7968,0
2016-12-09,83.3663,83.3663,83.3663,83.3663,0
2016-12-12,83.3823,83.3823,83.3823,83.3823,0
2016-12-13,83.4301,83.4301,83.4301,83.4301,0
2016-12-14,82.7367,82.7367,82.7367,82.7367,0
2016-12-15,82.5055,82.5055,82.5055,82.5055,0
2016-12-16,82.6091,82.6091,82.6091,82.6091,0
2016-12-19,82.9918,82.9918,82.9918,82.9918,0
2016-12-20,82.8164,82.8164,82.8164,82.8164,0
2016-12-21,82.9519,82.9519,82.9519,82.9519,0
2016-12-22,82.9159,82.9159,82.9159,82.9159,0
2016-12-23,82.9958,82.9958,82.9958,82.9958,0
2016-12-27,82.876,82.876,82.876,82.876,0
2016-12-28,83.1794,83.1794,83.1794,83.1794,0
2016-12-29,83.4349,83.4349,83.4349,83.4349,0
2016-12-30,83.6824,83.6824,83.6824,83.6824,0
2017-01-03,83.6425,83.6425,83.6425,83.6425,0
2017-01-04,83.7383,83.7383,83.7383,83.7383,0
2017-01-05,84.2811,84.2811,84.2811,84.2811,0
2017-01-06,83.8979,83.8979,83.8979,83.8979,0
2017-01-09,84.2173,84.2173,84.2173,84.2173,0
2017-01-10,84.1773,84.1773,84.1773,84.1773,0
2017-01-11,84.2731,84.2731,84.2731,84.2731,0
2017-01-12,84.321,84.321,84.321,84.321,0
2017-01-13,84.1374,84.1374,84.1374,84.1374,0
2017-01-17,84.5606,84.5606,84.5606,84.5606,0
2017-01-18,83.9618,83.9618,83.9618,83.9618,0
2017-01-19,83.6425,83.6425,83.6425,83.6425,0
2017-01-20,83.6824,83.6824,83.6824,83.6824,0
2017-01-23,84.1215,84.1215,84.1215,84.1215,0
2017-01-24,83.8021,83.8021,83.8021,83.8021,0
2017-01-25,83.387,83.387,83.387,83.387,0
2017-01-26,83.4988,83.4988,83.4988,83.4988,0
2017-01-27,83.6025,83.6025,83.6025,83.6025,0
2017-01-30,83.5786,83.5786,83.5786,83.5786,0
2017-01-31,83.866,83.866,83.866,83.866,0
2017-02-01,83.7053,83.7053,83.7053,83.7053,0
2017-02-02,83.7373,83.7373,83.7373,83.7373,0
2017-02-03,83.8012,83.8012,83.8012,83.8012,0
2017-02-06,84.201,84.201,84.201,84.201,0
2017-02-07,84.3529,84.3529,84.3529,84.3529,0
2017-02-08,84.6967,84.6967,84.6967,84.6967,0
2017-02-09,84.193,84.193,84.193,84.193,0
2017-02-10,84.137,84.137,84.137,84.137,0
2017-02-13,84.0091,84.0091,84.0091,84.0091,0
2017-02-14,83.7053,83.7053,83.7053,83.7053,0
2017-02-15,83.5453,83.5453,83.5453,83.5453,0
2017-02-16,83.8812,83.8812,83.8812,83.8812,0
2017-02-17,84.105,84.105,84.105,84.105,0
2017-02-21,84.0651,84.0651,84.0651,84.0651,0
2017-02-22,84.201,84.201,84.201,84.201,0
2017-02-23,84.4249,84.4249,84.4249,84.4249,0
2017-02-24,84.8167,84.8167,84.8167,84.8167,0
2017-02-27,84.5128,84.5128,84.5128,84.5128,0
2017-02-28,84.4728,84.4728,84.4728,84.4728,0
2017-03-01,83.8844,83.8844,83.8844,83.8844,0
2017-03-02,83.6442,83.6442,83.6442,83.6442,0
2017-03-03,83.7242,83.7242,83.7242,83.7242,0
2017-03-06,83.7083,83.7083,83.7083,83.7083,0
2017-03-07,83.5881,83.5881,83.5881,83.5881,0
2017-03-08,83.3079,83.3079,83.3079,83.3079,0
2017-03-09,83.0757,83.0757,83.0757,83.0757,0
2017-03-10,83.2519,83.2519,83.2519,83.2519,0
2017-03-13,83.0437,83.0437,83.0437,83.0437,0
2017-03-14,83.1317,83.1317,83.1317,83.1317,0
2017-03-15,83.8603,83.8603,83.8603,83.8603,0
2017-03-16,83.6282,83.6282,83.6282,83.6282,0
2017-03-17,83.8523,83.8523,83.8523,83.8523,0
2017-03-20,84.0525,84.0525,84.0525,84.0525,0
2017-03-21,84.3327,84.3327,84.3327,84.3327,0
2017-03-22,84.4929,84.4929,84.4929,84.4929,0
2017-03-23,84.4048,84.4048,84.4048,84.4048,0
2017-03-24,84.4528,84.4528,84.4528,84.4528,0
2017-03-27,84.661,84.661,84.661,84.661,0
2017-03-28,84.3728,84.3728,84.3728,84.3728,0
2017-03-29,84.613,84.613,84.613,84.613,0
2017-03-30,84.3728,84.3728,84.3728,84.3728,0
2017-03-31,84.5409,84.5409,84.5409,84.5409,0
2017-04-03,84.9571,84.9571,84.9571,84.9571,0
2017-04-04,84.8368,84.8368,84.8368,84.8368,0
2017-04-05,84.9972,84.9972,84.9972,84.9972,0
2017-04-06,84.9411,84.9411,84.9411,84.9411,0
2017-04-07,84.6844,84.6844,84.6844,84.6844,0
2017-04-10,84.8368,84.8368,84.8368,84.8368,0
2017-04-11,85.2297,85.2297,85.2297,85.2297,0
2017-04-12,85.4943,85.4943,85.4943,85.4943,0
2017-04-13,85.7509,85.7509,85.7509,85.7509,0
2017-04-17,85.6146,85.6146,85.6146,85.6146,0
2017-04-18,86.1037,86.1037,86.1037,86.1037,0
2017-04-19,85.8792,85.8792,85.8792,85.8792,0
2017-04-20,85.6867,85.6867,85.6867,85.6867,0
2017-04-21,85.7269,85.7269,85.7269,85.7269,0
2017-04-24,85.5504,85.5504,85.5504,85.5504,0
2017-04-25,85.1094,85.1094,85.1094,85.1094,0
2017-04-26,85.334,85.334,85.334,85.334,0
2017-04-27,85.3901,85.3901,85.3901,85.3901,0
2017-04-28,85.4783,85.4783,85.4783,85.4783,0
2017-05-01,85.2936,85.2936,85.2936,85.2936,0
2017-05-02,85.4703,85.4703,85.4703,85.4703,0
2017-05-03,85.2936,85.2936,85.2936,85.2936,0
2017-05-04,85.1008,85.1008,85.1008,85.1008,0
2017-05-05,85.1169,85.1169,85.1169,85.1169,0
2017-05-08,84.9081,84.9081,84.9081,84.9081,0
2017-05-09,84.8117,84.8117,84.8117,84.8117,0
2017-05-10,84.7796,84.7796,84.7796,84.7796,0
2017-05-11,84.8438,84.8438,84.8438,84.8438,0
2017-05-12,85.2775,85.2775,85.2775,85.2775,0
2017-05-15,85.2213,85.2213,85.2213,85.2213,0
2017-05-16,85.3337,85.3337,85.3337,85.3337,0
2017-05-17,86.0163,86.0163,86.0163,86.0163,0
2017-05-18,85.9922,85.9922,85.9922,85.9922,0
2017-05-19,85.9681,85.9681,85.9681,85.9681,0
2017-05-22,85.8718,85.8718,85.8718,85.8718,0
2017-05-23,85.6469,85.6469,85.6469,85.6469,0
2017-05-24,85.8236,85.8236,85.8236,85.8236,0
2017-05-25,85.8718,85.8718,85.8718,85.8718,0
2017-05-26,85.928,85.928,85.928,85.928,0
2017-05-30,86.1448,86.1448,86.1448,86.1448,0
2017-05-31,86.185,86.185,86.185,86.185,0
2017-06-01,86.14,86.14,86.14,86.14,0
2017-06-02,86.518,86.518,86.518,86.518,0
2017-06-05,86.3732,86.3732,86.3732,86.3732,0
2017-06-06,86.6467,86.6467,86.6467,86.6467,0
2017-06-07,86.4858,86.4858,86.4858,86.4858,0
2017-06-08,86.3491,86.3491,86.3491,86.3491,0
2017-06-09,86.2686,86.2686,86.2686,86.2686,0
2017-06-12,86.2525,86.2525,86.2525,86.2525,0
2017-06-13,86.2847,86.2847,86.2847,86.2847,0
2017-06-14,86.7351,86.7351,86.7351,86.7351,0
2017-06-15,86.5823,86.5823,86.5823,86.5823,0
2017-06-16,86.6305,86.6305,86.6305,86.6305,0
2017-06-19,86.3893,86.3893,86.3893,86.3893,0
2017-06-20,86.6064,86.6064,86.6064,86.6064,0
2017-06-21,86.5984,86.5984,86.5984,86.5984,0
2017-06-22,86.6788,86.6788,86.6788,86.6788,0
2017-06-23,86.703,86.703,86.703,86.703,0
2017-06-26,86.7753,86.7753,86.7753,86.7753,0
2017-06-27,86.3491,86.3491,86.3491,86.3491,0
2017-06-28,86.2686,86.2686,86.2686,86.2686,0
2017-06-29,85.9469,85.9469,85.9469,85.9469,0
2017-06-30,85.7458,85.7458,85.7458,85.7458,0
2017-07-03,85.4309,85.4309,85.4309,85.4309,0
2017-07-05,85.4953,85.4953,85.4953,85.4953,0
2017-07-06,85.3342,85.3342,85.3342,85.3342,0
2017-07-07,85.1973,85.1973,85.1973,85.1973,0
2017-07-10,85.3101,85.3101,85.3101,85.3101,0
2017-07-11,85.4228,85.4228,85.4228,85.4228,0
2017-07-12,85.6726,85.6726,85.6726,85.6726,0
2017-07-13,85.5839,85.5839,85.5839,85.5839,0
2017-07-14,85.7047,85.7047,85.7047,85.7047,0
2017-07-17,85.8095,85.8095,85.8095,85.8095,0
2017-07-18,86.1236,86.1236,86.1236,86.1236,0
2017-07-19,86.1236,86.1236,86.1236,86.1236,0
2017-07-20,86.1478,86.1478,86.1478,86.1478,0
2017-07-21,86.3008,86.3008,86.3008,86.3008,0
2017-07-24,86.2444,86.2444,86.2444,86.2444,0
2017-07-25,85.7611,85.7611,85.7611,85.7611,0
2017-07-26,86.035,86.035,86.035,86.035,0
2017-07-27,85.8981,85.8981,85.8981,85.8981,0
2017-07-28,86.0431,86.0431,86.0431,86.0431,0
2017-07-31,86.0673,86.0673,86.0673,86.0673,0
2017-08-01,86.281,86.281,86.281,86.281,0
2017-08-02,86.2003,86.2003,86.2003,86.2003,0
2017-08-03,86.4988,86.4988,86.4988,86.4988,0
2017-08-04,86.2649,86.2649,86.2649,86.2649,0
2017-08-07,86.3133,86.3133,86.3133,86.3133,0
2017-08-08,86.2407,86.2407,86.2407,86.2407,0
2017-08-09,86.3456,86.3456,86.3456,86.3456,0
2017-08-10,86.6683,86.6683,86.6683,86.6683,0
2017-08-11,86.7651,86.7651,86.7651,86.7651,0
2017-08-14,86.5553,86.5553,86.5553,86.5553,0
2017-08-15,86.2972,86.2972,86.2972,86.2972,0
2017-08-16,86.4585,86.4585,86.4585,86.4585,0
2017-08-17,86.7651,86.7651,86.7651,86.7651,0
2017-08-18,86.7812,86.7812,86.7812,86.7812,0
2017-08-21,86.8376,86.8376,86.8376,86.8376,0
2017-08-22,86.6683,86.6683,86.6683,86.6683,0
2017-08-23,86.9668,86.9668,86.9668,86.9668,0
2017-08-24,86.8296,86.8296,86.8296,86.8296,0
2017-08-25,86.9748,86.9748,86.9748,86.9748,0
2017-08-28,87.0555,87.0555,87.0555,87.0555,0
2017-08-29,87.2572,87.2572,87.2572,87.2572,0
2017-08-30,87.1846,87.1846,87.1846,87.1846,0
2017-08-31,87.3217,87.3217,87.3217,87.3217,0
2017-09-01,87.0648,87.0648,87.0648,87.0648,0
2017-09-05,87.6707,87.6707,87.6707,87.6707,0
2017-09-06,87.4607,87.4607,87.4607,87.4607,0
2017-09-07,87.8404,87.8404,87.8404,87.8404,0
2017-09-08,87.7758,87.7758,87.7758,87.7758,0
2017-09-11,87.2748,87.2748,87.2748,87.2748,0
2017-09-12,87.0648,87.0648,87.0648,87.0648,0
2017-09-13,86.887,86.887,86.887,86.887,0
2017-09-14,86.9032,86.9032,86.9032,86.9032,0
2017-09-15,87.0082,87.0082,87.0082,87.0082,0
2017-09-18,86.6689,86.6689,86.6689,86.6689,0
2017-09-19,86.5719,86.5719,86.5719,86.5719,0
2017-09-20,86.4023,86.4023,86.4023,86.4023,0
2017-09-21,86.2891,86.2891,86.2891,86.2891,0
2017-09-22,86.4427,86.4427,86.4427,86.4427,0
2017-09-25,86.7012,86.7012,86.7012,86.7012,0
2017-09-26,86.6285,86.6285,86.6285,86.6285,0
2017-09-27,86.1841,86.1841,86.1841,86.1841,0
2017-09-28,86.168,86.168,86.168,86.168,0
2017-09-29,86.0629,86.0629,86.0629,86.0629,0
2017-10-02,85.965,85.965,85.965,85.965,0
2017-10-03,86.0864,86.0864,86.0864,86.0864,0
2017-10-04,86.0621,86.0621,86.0621,86.0621,0
2017-10-05,85.9731,85.9731,85.9731,85.9731,0
2017-10-06,85.8679,85.8679,85.8679,85.8679,0
2017-10-09,85.965,85.965,85.965,85.965,0
2017-10-10,85.9974,85.9974,85.9974,85.9974,0
2017-10-11,86.0945,86.0945,86.0945,86.0945,0
2017-10-12,86.1754,86.1754,86.1754,86.1754,0
2017-10-13,86.4667,86.4667,86.4667,86.4667,0
2017-10-16,86.321,86.321,86.321,86.321,0
2017-10-17,86.2887,86.2887,86.2887,86.2887,0
2017-10-18,86.0702,86.0702,86.0702,86.0702,0
2017-10-19,86.1592,86.1592,86.1592,86.1592,0
2017-10-20,85.8032,85.8032,85.8032,85.8032,0
2017-10-23,85.8841,85.8841,85.8841,85.8841,0
2017-10-24,85.6252,85.6252,85.6252,85.6252,0
2017-10-25,85.4876,85.4876,85.4876,85.4876,0
2017-10-26,85.3743,85.3743,85.3743,85.3743,0
2017-10-27,85.6494,85.6494,85.6494,85.6494,0
2017-10-30,85.9569,85.9569,85.9569,85.9569,0
2017-10-31,85.9003,85.9003,85.9003,85.9003,0
2017-11-01,85.9521,85.9521,85.9521,85.9521,0
2017-11-02,86.0656,86.0656,86.0656,86.0656,0
2017-11-03,86.2034,86.2034,86.2034,86.2034,0
2017-11-06,86.3087,86.3087,86.3087,86.3087,0
2017-11-07,86.3411,86.3411,86.3411,86.3411,0
2017-11-08,86.2358,86.2358,86.2358,86.2358,0
2017-11-09,86.2034,86.2034,86.2034,86.2034,0
2017-11-10,85.7657,85.7657,85.7657,85.7657,0
2017-11-13,85.7252,85.7252,85.7252,85.7252,0
2017-11-14,85.8468,85.8468,85.8468,85.8468,0
2017-11-15,86.1548,86.1548,86.1548,86.1548,0
2017-11-16,85.936,85.936,85.936,85.936,0
2017-11-17,86.0494,86.0494,86.0494,86.0494,0
2017-11-20,85.9116,85.9116,85.9116,85.9116,0
2017-11-21,85.9278,85.9278,85.9278,85.9278,0
2017-11-22,86.2034,86.2034,86.2034,86.2034,0
2017-11-24,86.1304,86.1304,86.1304,86.1304,0
2017-11-27,86.1872,86.1872,86.1872,86.1872,0
2017-11-28,86.2034,86.2034,86.2034,86.2034,0
2017-11-29,85.9278,85.9278,85.9278,85.9278,0
2017-11-30,85.6604,85.6604,85.6604,85.6604,0
2017-12-01,85.9769,85.9769,85.9769,85.9769,0
2017-12-04,85.9363,85.9363,85.9363,85.9363,0
2017-12-05,86.0013,86.0013,86.0013,86.0013,0
2017-12-06,86.1798,86.1798,86.1798,86.1798,0
2017-12-07,86.0256,86.0256,86.0256,86.0256,0
2017-12-08,85.9607,85.9607,85.9607,85.9607,0
2017-12-11,85.9039,85.9039,85.9039,85.9039,0
2017-12-12,85.8309,85.8309,85.8309,85.8309,0
2017-12-13,86.1798,86.1798,86.1798,86.1798,0
2017-12-14,86.1474,86.1474,86.1474,86.1474,0
2017-12-15,86.1312,86.1312,86.1312,86.1312,0
2017-12-18,85.9363,85.9363,85.9363,85.9363,0
2017-12-19,85.5468,85.5468,85.5468,85.5468,0
2017-12-20,85.2952,85.2952,85.2952,85.2952,0
2017-12-21,85.3553,85.3553,85.3553,85.3553,0
2017-12-22,85.3878,85.3878,85.3878,85.3878,0
2017-12-26,85.4204,85.4204,85.4204,85.4204,0
2017-12-27,85.7862,85.7862,85.7862,85.7862,0
2017-12-28,85.6805,85.6805,85.6805,85.6805,0
2017-12-29,85.8187,85.8187,85.8187,85.8187,0
2018-01-02,85.5342,85.5342,85.5342,85.5342,0
2018-01-03,85.6236,85.6236,85.6236,85.6236,0
2018-01-04,85.583,85.583,85.583,85.583,0
2018-01-05,85.4773,85.4773,85.4773,85.4773,0
2018-01-08,85.4366,85.4366,85.4366,85.4366,0
2018-01-09,85.0302,85.0302,85.0302,85.0302,0
2018-01-10,85.0057,85.0057,85.0057,85.0057,0
2018-01-11,85.0627,85.0627,85.0627,85.0627,0
2018-01-12,85.0057,85.0057,85.0057,85.0057,0
2018-01-16,85.0464,85.0464,85.0464,85.0464,0
2018-01-17,84.8595,84.8595,84.8595,84.8595,0
2018-01-18,84.5912,84.5912,84.5912,84.5912,0
2018-01-19,84.3717,84.3717,84.3717,84.3717,0
2018-01-22,84.3392,84.3392,84.3392,84.3392,0
2018-01-23,84.5831,84.5831,84.5831,84.5831,0
2018-01-24,84.4205,84.4205,84.4205,84.4205,0
2018-01-25,84.6074,84.6074,84.6074,84.6074,0
2018-01-26,84.3554,84.3554,84.3554,84.3554,0
2018-01-29,84.1441,84.1441,84.1441,84.1441,0
2018-01-30,83.949,83.949,83.949,83.949,0
2018-01-31,83.9734,83.9734,83.9734,83.9734,0
2018-02-01,83.5402,83.5402,83.5402,83.5402,0
2018-02-02,83.2308,83.2308,83.2308,83.2308,0
2018-02-05,83.9147,83.9147,83.9147,83.9147,0
2018-02-06,83.5483,83.5483,83.5483,83.5483,0
2018-02-07,83.3041,83.3041,83.3041,83.3041,0
2018-02-08,83.3774,83.3774,83.3774,83.3774,0
2018-02-09,83.2308,83.2308,83.2308,83.2308,0
2018-02-12,83.2064,83.2064,83.2064,83.2064,0
2018-02-13,83.3448,83.3448,83.3448,83.3448,0
2018-02-14,82.84,82.84,82.84,82.84,0
2018-02-15,82.8644,82.8644,82.8644,82.8644,0
2018-02-16,83.0598,83.0598,83.0598,83.0598,0
2018-02-20,82.9703,82.9703,82.9703,82.9703,0
2018-02-21,82.726,82.726,82.726,82.726,0
2018-02-22,82.84,82.84,82.84,82.84,0
2018-02-23,83.1575,83.1575,83.1575,83.1575,0
2018-02-26,83.2552,83.2552,83.2552,83.2552,0
2018-02-27,82.9947,82.9947,82.9947,82.9947,0
2018-02-28,83.1901,83.1901,83.1901,83.1901,0
2018-03-01,83.5481,83.5481,83.5481,83.5481,0
2018-03-02,83.2382,83.2382,83.2382,83.2382,0
2018-03-05,83.1322,83.1322,83.1322,83.1322,0
2018-03-06,83.124,83.124,83.124,83.124,0
2018-03-07,83.124,83.124,83.124,83.124,0
2018-03-08,83.2953,83.2953,83.2953,83.2953,0
2018-03-09,83.1159,83.1159,83.1159,83.1159,0
2018-03-12,83.3116,83.3116,83.3116,83.3116,0
2018-03-13,83.4503,83.4503,83.4503,83.4503,0
2018-03-14,83.6133,83.6133,83.6133,83.6133,0
2018-03-15,83.5807,83.5807,83.5807,83.5807,0
2018-03-16,83.4828,83.4828,83.4828,83.4828,0
2018-03-19,83.4013,83.4013,83.4013,83.4013,0
2018-03-20,83.2382,83.2382,83.2382,83.2382,0
2018-03-21,83.2953,83.2953,83.2953,83.2953,0
2018-03-22,83.6378,83.6378,83.6378,83.6378,0
2018-03-23,83.7519,83.7519,83.7519,83.7519,0
2018-03-26,83.5236,83.5236,83.5236,83.5236,0
2018-03-27,83.9966,83.9966,83.9966,83.9966,0
2018-03-28,83.9803,83.9803,83.9803,83.9803,0
2018-03-29,84.1515,84.1515,84.1515,84.1515,0
2018-04-02,84.2373,84.2373,84.2373,84.2373,0
2018-04-03,83.9677,83.9677,83.9677,83.9677,0
2018-04-04,83.9188,83.9188,83.9188,83.9188,0
2018-04-05,83.7064,83.7064,83.7064,83.7064,0
2018-04-06,84.074,84.074,84.074,84.074,0
2018-04-09,84.0903,84.0903,84.0903,84.0903,0
2018-04-10,83.9432,83.9432,83.9432,83.9432,0
2018-04-11,84.0249,84.0249,84.0249,84.0249,0
2018-04-12,83.7227,83.7227,83.7227,83.7227,0
2018-04-13,83.7962,83.7962,83.7962,83.7962,0
2018-04-16,83.7554,83.7554,83.7554,83.7554,0
2018-04-17,83.8044,83.8044,83.8044,83.8044,0
2018-04-18,83.4776,83.4776,83.4776,83.4776,0
2018-04-19,83.2489,83.2489,83.2489,83.2489,0
2018-04-20,82.9712,82.9712,82.9712,82.9712,0
2018-04-23,82.8895,82.8895,82.8895,82.8895,0
2018-04-24,82.7914,82.7914,82.7914,82.7914,0
2018-04-25,82.6117,82.6117,82.6117,82.6117,0
2018-04-26,82.8486,82.8486,82.8486,82.8486,0
2018-04-27,82.9875,82.9875,82.9875,82.9875,0
2018-04-30,83.0773,83.0773,83.0773,83.0773,0
2018-05-01,82.9473,82.9473,82.9473,82.9473,0
2018-05-02,82.9636,82.9636,82.9636,82.9636,0
2018-05-03,83.1764,83.1764,83.1764,83.1764,0
2018-05-04,83.1846,83.1846,83.1846,83.1846,0
2018-05-07,83.1437,83.1437,83.1437,83.1437,0
2018-05-08,83.0045,83.0045,83.0045,83.0045,0
2018-05-09,82.8163,82.8163,82.8163,82.8163,0
2018-05-10,82.9882,82.9882,82.9882,82.9882,0
2018-05-11,82.9963,82.9963,82.9963,82.9963,0
2018-05-14,82.8163,82.8163,82.8163,82.8163,0
2018-05-15,82.358,82.358,82.358,82.358,0
2018-05-16,82.1861,82.1861,82.1861,82.1861,0
2018-05-17,82.137,82.137,82.137,82.137,0
2018-05-18,82.4562,82.4562,82.4562,82.4562,0
2018-05-21,82.5135,82.5135,82.5135,82.5135,0
2018-05-22,82.4807,82.4807,82.4807,82.4807,0
2018-05-23,82.8572,82.8572,82.8572,82.8572,0
2018-05-24,83.07,83.07,83.07,83.07,0
2018-05-25,83.3974,83.3974,83.3974,83.3974,0
2018-05-29,84.2976,84.2976,84.2976,84.2976,0
2018-05-30,83.9375,83.9375,83.9375,83.9375,0
2018-05-31,83.8966,83.8966,83.8966,83.8966,0
2018-06-01,83.5866,83.5866,83.5866,83.5866,0
2018-06-04,83.2914,83.2914,83.2914,83.2914,0
2018-06-05,83.5046,83.5046,83.5046,83.5046,0
2018-06-06,83.1684,83.1684,83.1684,83.1684,0
2018-06-07,83.521,83.521,83.521,83.521,0
2018-06-08,83.4062,83.4062,83.4062,83.4062,0
2018-06-11,83.3242,83.3242,83.3242,83.3242,0
2018-06-12,83.275,83.275,83.275,83.275,0
2018-06-13,83.1766,83.1766,83.1766,83.1766,0
2018-06-14,83.439,83.439,83.439,83.439,0
2018-06-15,83.5046,83.5046,83.5046,83.5046,0
2018-06-18,83.5456,83.5456,83.5456,83.5456,0
2018-06-19,83.767,83.767,83.767,83.767,0
2018-06-20,83.4964,83.4964,83.4964,83.4964,0
2018-06-21,83.7178,83.7178,83.7178,83.7178,0
2018-06-22,83.7342,83.7342,83.7342,83.7342,0
2018-06-25,83.849,83.849,83.849,83.849,0
2018-06-26,83.89,83.89,83.89,83.89,0
2018-06-27,84.2098,84.2098,84.2098,84.2098,0
2018-06-28,84.1279,84.1279,84.1279,84.1279,0
2018-06-29,84.0623,84.0623,84.0623,84.0623,0
2018-07-02,84.0047,84.0047,84.0047,84.0047,0
2018-07-03,84.2183,84.2183,84.2183,84.2183,0
2018-07-05,84.2266,84.2266,84.2266,84.2266,0
2018-07-06,84.3005,84.3005,84.3005,84.3005,0
2018-07-09,84.0869,84.0869,84.0869,84.0869,0
2018-07-10,84.0212,84.0212,84.0212,84.0212,0
2018-07-11,84.1937,84.1937,84.1937,84.1937,0
2018-07-12,84.1608,84.1608,84.1608,84.1608,0
2018-07-13,84.3005,84.3005,84.3005,84.3005,0
2018-07-16,84.1608,84.1608,84.1608,84.1608,0
2018-07-17,84.1115,84.1115,84.1115,84.1115,0
2018-07-18,84.0458,84.0458,84.0458,84.0458,0
2018-07-19,84.2759,84.2759,84.2759,84.2759,0
2018-07-20,83.9801,83.9801,83.9801,83.9801,0
2018-07-23,83.5693,83.5693,83.5693,83.5693,0
2018-07-24,83.6268,83.6268,83.6268,83.6268,0
2018-07-25,83.5693,83.5693,83.5693,83.5693,0
2018-07-26,83.479,83.479,83.479,83.479,0
2018-07-27,83.6104,83.6104,83.6104,83.6104,0
2018-07-30,83.5035,83.5035,83.5035,83.5035,0
2018-07-31,83.6186,83.6186,83.6186,83.6186,0
2018-08-01,83.4211,83.4211,83.4211,83.4211,0
2018-08-02,83.5198,83.5198,83.5198,83.5198,0
2018-08-03,83.7338,83.7338,83.7338,83.7338,0
2018-08-06,83.775,83.775,83.775,83.775,0
2018-08-07,83.6021,83.6021,83.6021,83.6021,0
2018-08-08,83.6762,83.6762,83.6762,83.6762,0
2018-08-09,83.9067,83.9067,83.9067,83.9067,0
2018-08-10,84.2689,84.2689,84.2689,84.2689,0
2018-08-13,84.2442,84.2442,84.2442,84.2442,0
2018-08-14,84.1619,84.1619,84.1619,84.1619,0
2018-08-15,84.3677,84.3677,84.3677,84.3677,0
2018-08-16,84.343,84.343,84.343,84.343,0
2018-08-17,84.3759,84.3759,84.3759,84.3759,0
2018-08-20,84.6393,84.6393,84.6393,84.6393,0
2018-08-21,84.5241,84.5241,84.5241,84.5241,0
2018-08-22,84.6805,84.6805,84.6805,84.6805,0
2018-08-23,84.6723,84.6723,84.6723,84.6723,0
2018-08-24,84.6969,84.6969,84.6969,84.6969,0
2018-08-27,84.5076,84.5076,84.5076,84.5076,0
2018-08-28,84.3183,84.3183,84.3183,84.3183,0
2018-08-29,84.2936,84.2936,84.2936,84.2936,0
2018-08-30,84.45,84.45,84.45,84.45,0
2018-08-31,84.4665,84.4665,84.4665,84.4665,0
2018-09-04,84.2735,84.2735,84.2735,84.2735,0
2018-09-05,84.2652,84.2652,84.2652,84.2652,0
2018-09-06,84.4384,84.4384,84.4384,84.4384,0
2018-09-07,84.059,84.059,84.059,84.059,0
2018-09-10,84.1085,84.1085,84.1085,84.1085,0
2018-09-11,83.8033,83.8033,83.8033,83.8033,0
2018-09-12,83.9023,83.9023,83.9023,83.9023,0
2018-09-13,83.894,83.894,83.894,83.894,0
2018-09-14,83.7373,83.7373,83.7373,83.7373,0
2018-09-17,83.7538,83.7538,83.7538,83.7538,0
2018-09-18,83.4074,83.4074,83.4074,83.4074,0
2018-09-19,83.2671,83.2671,83.2671,83.2671,0
2018-09-20,83.2754,83.2754,83.2754,83.2754,0
2018-09-21,83.3084,83.3084,83.3084,83.3084,0
2018-09-24,83.2177,83.2177,83.2177,83.2177,0
2018-09-25,83.1352,83.1352,83.1352,83.1352,0
2018-09-26,83.4074,83.4074,83.4074,83.4074,0
2018-09-27,83.4074,83.4074,83.4074,83.4074,0
2018-09-28,83.4486,83.4486,83.4486,83.4486,0
2018-10-01,83.237,83.237,83.237,83.237,0
2018-10-02,83.4519,83.4519,83.4519,83.4519,0
2018-10-03,82.8321,82.8321,82.8321,82.8321,0
2018-10-04,82.6172,82.6172,82.6172,82.6172,0
2018-10-05,82.4188,82.4188,82.4188,82.4188,0
2018-10-08,82.4519,82.4519,82.4519,82.4519,0
2018-10-09,82.6089,82.6089,82.6089,82.6089,0
2018-10-10,82.6502,82.6502,82.6502,82.6502,0
2018-10-11,82.9891,82.9891,82.9891,82.9891,0
2018-10-12,82.8899,82.8899,82.8899,82.8899,0
2018-10-15,82.9395,82.9395,82.9395,82.9395,0
2018-10-16,82.9312,82.9312,82.9312,82.9312,0
2018-10-17,82.6916,82.6916,82.6916,82.6916,0
2018-10-18,82.8403,82.8403,82.8403,82.8403,0
2018-10-19,82.7411,82.7411,82.7411,82.7411,0
2018-10-22,82.7577,82.7577,82.7577,82.7577,0
2018-10-23,82.9726,82.9726,82.9726,82.9726,0
2018-10-24,83.4189,83.4189,83.4189,83.4189,0
2018-10-25,83.2205,83.2205,83.2205,83.2205,0
2018-10-26,83.5924,83.5924,83.5924,83.5924,0
2018-10-29,83.5842,83.5842,83.5842,83.5842,0
2018-10-30,83.4023,83.4023,83.4023,83.4023,0
2018-10-31,83.1957,83.1957,83.1957,83.1957,0
2018-11-01,83.267,83.267,83.267,83.267,0
2018-11-02,82.8031,82.8031,82.8031,82.8031,0
2018-11-05,82.8528,82.8528,82.8528,82.8528,0
2018-11-06,82.7617,82.7617,82.7617,82.7617,0
2018-11-07,82.7617,82.7617,82.7617,82.7617,0
2018-11-08,82.6458,82.6458,82.6458,82.6458,0
2018-11-09,82.9688,82.9688,82.9688,82.9688,0
2018-11-12,83.2173,83.2173,83.2173,83.2173,0
2018-11-13,83.2835,83.2835,83.2835,83.2835,0
2018-11-14,83.4574,83.4574,83.4574,83.4574,0
2018-11-15,83.5154,83.5154,83.5154,83.5154,0
2018-11-16,83.7722,83.7722,83.7722,83.7722,0
2018-11-19,83.8964,83.8964,83.8964,83.8964,0
2018-11-20,83.8799,83.8799,83.8799,83.8799,0
2018-11-21,83.8633,83.8633,83.8633,83.8633,0
2018-11-23,83.913,83.913,83.913,83.913,0
2018-11-26,83.8468,83.8468,83.8468,83.8468,0
2018-11-27,83.9296,83.9296,83.9296,83.9296,0
2018-11-28,83.9213,83.9213,83.9213,83.9213,0
2018-11-29,84.1366,84.1366,84.1366,84.1366,0
2018-11-30,84.3023,84.3023,84.3023,84.3023,0
2018-12-03,84.4866,84.4866,84.4866,84.4866,0
2018-12-04,84.8767,84.8767,84.8767,84.8767,0
2018-12-06,85.0925,85.0925,85.0925,85.0925,0
2018-12-07,85.3414,85.3414,85.3414,85.3414,0
2018-12-10,85.3913,85.3913,85.3913,85.3913,0
2018-12-11,85.1755,85.1755,85.1755,85.1755,0
2018-12-12,84.9431,84.9431,84.9431,84.9431,0
2018-12-13,84.9929,84.9929,84.9929,84.9929,0
2018-12-14,85.1257,85.1257,85.1257,85.1257,0
2018-12-17,85.3746,85.3746,85.3746,85.3746,0
2018-12-18,85.5851,85.5851,85.5851,85.5851,0
2018-12-19,85.8845,85.8845,85.8845,85.8845,0
2018-12-20,85.7764,85.7764,85.7764,85.7764,0
2018-12-21,85.8512,85.8512,85.8512,85.8512,0
2018-12-24,86.0675,86.0675,86.0675,86.0675,0
2018-12-26,85.6599,85.6599,85.6599,85.6599,0
2018-12-27,85.8762,85.8762,85.8762,85.8762,0
2018-12-28,86.342,86.342,86.342,86.342,0
2018-12-31,86.6664,86.6664,86.6664,86.6664,0
2019-01-02,86.8493,86.8493,86.8493,86.8493,0
2019-01-03,87.5396,87.5396,87.5396,87.5396,0
2019-01-04,86.8327,86.8327,86.8327,86.8327,0
2019-01-07,86.5915,86.5915,86.5915,86.5915,0
2019-01-08,86.3752,86.3752,86.3752,86.3752,0
2019-01-09,86.4252,86.4252,86.4252,86.4252,0
2019-01-10,86.3835,86.3835,86.3835,86.3835,0
2019-01-11,86.6414,86.6414,86.6414,86.6414,0
2019-01-14,86.5915,86.5915,86.5915,86.5915,0
2019-01-15,86.5083,86.5083,86.5083,86.5083,0
2019-01-16,86.4584,86.4584,86.4584,86.4584,0
2019-01-17,86.3004,86.3004,86.3004,86.3004,0
2019-01-18,86.0259,86.0259,86.0259,86.0259,0
2019-01-22,86.3253,86.3253,86.3253,86.3253,0
2019-01-23,86.2837,86.2837,86.2837,86.2837,0
2019-01-24,86.5582,86.5582,86.5582,86.5582,0
2019-01-25,86.3586,86.3586,86.3586,86.3586,0
2019-01-28,86.3835,86.3835,86.3835,86.3835,0
2019-01-29,86.6331,86.6331,86.6331,86.6331,0
2019-01-30,86.8327,86.8327,86.8327,86.8327,0
2019-01-31,87.2319,87.2319,87.2319,87.2319,0
2019-02-01,86.7652,86.7652,86.7652,86.7652,0
2019-02-04,86.5735,86.5735,86.5735,86.5735,0
2019-02-05,86.7235,86.7235,86.7235,86.7235,0
2019-02-06,86.7902,86.7902,86.7902,86.7902,0
2019-02-07,87.0736,87.0736,87.0736,87.0736,0
2019-02-08,87.1903,87.1903,87.1903,87.1903,0
2019-02-11,87.0569,87.0569,87.0569,87.0569,0
2019-02-12,86.9402,86.9402,86.9402,86.9402,0
2019-02-13,86.7235,86.7235,86.7235,86.7235,0
2019-02-14,87.1319,87.1319,87.1319,87.1319,0
2019-02-15,87.0485,87.0485,87.0485,87.0485,0
2019-02-19,87.1986,87.1986,87.1986,87.1986,0
2019-02-20,87.1819,87.1819,87.1819,87.1819,0
2019-02-21,86.9236,86.9236,86.9236,86.9236,0
2019-02-22,87.1819,87.1819,87.1819,87.1819,0
2019-02-25,87.0485,87.0485,87.0485,87.0485,0
2019-02-26,87.307,87.307,87.307,87.307,0
2019-02-27,86.9985,86.9985,86.9985,86.9985,0
2019-02-28,86.7735,86.7735,86.7735,86.7735,0
2019-03-01,86.4888,86.4888,86.4888,86.4888,0
2019-03-04,86.756,86.756,86.756,86.756,0
2019-03-05,86.8061,86.8061,86.8061,86.8061,0
2019-03-06,87.0482,87.0482,87.0482,87.0482,0
2019-03-07,87.3405,87.3405,87.3405,87.3405,0
2019-03-08,87.4658,87.4658,87.4658,87.4658,0
2019-03-11,87.399,87.399,87.399,87.399,0
2019-03-12,87.6412,87.6412,87.6412,87.6412,0
2019-03-13,87.6078,87.6078,87.6078,87.6078,0
2019-03-14,87.4825,87.4825,87.4825,87.4825,0
2019-03-15,87.7581,87.7581,87.7581,87.7581,0
2019-03-18,87.6412,87.6412,87.6412,87.6412,0
2019-03-19,87.5827,87.5827,87.5827,87.5827,0
2019-03-20,88.1923,88.1923,88.1923,88.1923,0
2019-03-21,88.1505,88.1505,88.1505,88.1505,0
2019-03-22,88.8019,88.8019,88.8019,88.8019,0
2019-03-25,89.0274,89.0274,89.0274,89.0274,0
2019-03-26,88.9522,88.9522,88.9522,88.9522,0
2019-03-27,89.2111,89.2111,89.2111,89.2111,0
2019-03-28,89.2195,89.2195,89.2195,89.2195,0
2019-03-29,89.0775,89.0775,89.0775,89.0775,0
2019-04-01,88.465,88.465,88.465,88.465,0
2019-04-02,88.6156,88.6156,88.6156,88.6156,0
2019-04-03,88.3394,88.3394,88.3394,88.3394,0
2019-04-04,88.4314,88.4314,88.4314,88.4314,0
2019-04-05,88.4733,88.4733,88.4733,88.4733,0
2019-04-08,88.3311,88.3311,88.3311,88.3311,0
2019-04-09,88.4901,88.4901,88.4901,88.4901,0
2019-04-10,88.6993,88.6993,88.6993,88.6993,0
2019-04-11,88.4984,88.4984,88.4984,88.4984,0
2019-04-12,88.0884,88.0884,88.0884,88.0884,0
2019-04-15,88.2055,88.2055,88.2055,88.2055,0
2019-04-16,87.9043,87.9043,87.9043,87.9043,0
2019-04-17,87.9211,87.9211,87.9211,87.9211,0
2019-04-18,88.1303,88.1303,88.1303,88.1303,0
2019-04-22,88.0047,88.0047,88.0047,88.0047,0
2019-04-23,88.1637,88.1637,88.1637,88.1637,0
2019-04-24,88.4984,88.4984,88.4984,88.4984,0
2019-04-25,88.3896,88.3896,88.3896,88.3896,0
2019-04-26,88.624,88.624,88.624,88.624,0
2019-04-29,88.4398,88.4398,88.4398,88.4398,0
2019-04-30,88.6156,88.6156,88.6156,88.6156,0
2019-05-01,88.5754,88.5754,88.5754,88.5754,0
2019-05-02,88.3238,88.3238,88.3238,88.3238,0
2019-05-03,88.4412,88.4412,88.4412,88.4412,0
2019-05-06,88.6676,88.6676,88.6676,88.6676,0
2019-05-07,88.9694,88.9694,88.9694,88.9694,0
2019-05-08,88.8017,88.8017,88.8017,88.8017,0
2019-05-09,89.0365,89.0365,89.0365,89.0365,0
2019-05-10,88.9778,88.9778,88.9778,88.9778,0
2019-05-13,89.4222,89.4222,89.4222,89.4222,0
2019-05-14,89.3383,89.3383,89.3383,89.3383,0
2019-05-15,89.6234,89.6234,89.6234,89.6234,0
2019-05-16,89.4473,89.4473,89.4473,89.4473,0
2019-05-17,89.4892,89.4892,89.4892,89.4892,0
2019-05-20,89.3383,89.3383,89.3383,89.3383,0
2019-05-21,89.2377,89.2377,89.2377,89.2377,0
2019-05-22,89.506,89.506,89.506,89.506,0
2019-05-23,90.051,90.051,90.051,90.051,0
2019-05-24,90.0259,90.0259,90.0259,90.0259,0
2019-05-28,90.42,90.42,90.42,90.42,0
2019-05-29,90.3864,90.3864,90.3864,90.3864,0
2019-05-30,90.7134,90.7134,90.7134,90.7134,0
2019-05-31,91.3171,91.3171,91.3171,91.3171,0
2019-06-03,91.7565,91.7565,91.7565,91.7565,0
2019-06-04,91.4205,91.4205,91.4205,91.4205,0
2019-06-05,91.4205,91.4205,91.4205,91.4205,0
2019-06-06,91.4036,91.4036,91.4036,91.4036,0
2019-06-07,91.7649,91.7649,91.7649,91.7649,0
2019-06-10,91.3112,91.3112,91.3112,91.3112,0
2019-06-11,91.3112,91.3112,91.3112,91.3112,0
2019-06-12,91.5465,91.5465,91.5465,91.5465,0
2019-06-13,91.7733,91.7733,91.7733,91.7733,0
2019-06-14,91.8405,91.8405,91.8405,91.8405,0
2019-06-17,91.8237,91.8237,91.8237,91.8237,0
2019-06-18,92.0001,92.0001,92.0001,92.0001,0
2019-06-19,92.2522,92.2522,92.2522,92.2522,0
2019-06-20,92.4034,92.4034,92.4034,92.4034,0
2019-06-21,92.0253,92.0253,92.0253,92.0253,0
2019-06-24,92.3445,92.3445,92.3445,92.3445,0
2019-06-25,92.4874,92.4874,92.4874,92.4874,0
2019-06-26,92.1093,92.1093,92.1093,92.1093,0
2019-06-27,92.3865,92.3865,92.3865,92.3865,0
2019-06-28,92.4285,92.4285,92.4285,92.4285,0
2019-07-01,92.3124,92.3124,92.3124,92.3124,0
2019-07-02,92.6406,92.6406,92.6406,92.6406,0
2019-07-03,92.8174,92.8174,92.8174,92.8174,0
2019-07-05,92.2283,92.2283,92.2283,92.2283,0
2019-07-08,92.1357,92.1357,92.1357,92.1357,0
2019-07-09,92.0768,92.0768,92.0768,92.0768,0
2019-07-10,92.1273,92.1273,92.1273,92.1273,0
2019-07-11,91.6729,91.6729,91.6729,91.6729,0
2019-07-12,91.7739,91.7739,91.7739,91.7739,0
2019-07-15,91.9674,91.9674,91.9674,91.9674,0
2019-07-16,91.7654,91.7654,91.7654,91.7654,0
2019-07-17,92.1946,92.1946,92.1946,92.1946,0
2019-07-18,92.4218,92.4218,92.4218,92.4218,0
2019-07-19,92.2535,92.2535,92.2535,92.2535,0
2019-07-22,92.2956,92.2956,92.2956,92.2956,0
2019-07-23,92.1441,92.1441,92.1441,92.1441,0
2019-07-24,92.2788,92.2788,92.2788,92.2788,0
2019-07-25,92.1189,92.1189,92.1189,92.1189,0
2019-07-26,92.102,92.102,92.102,92.102,0
2019-07-29,92.1862,92.1862,92.1862,92.1862,0
2019-07-30,92.2283,92.2283,92.2283,92.2283,0
2019-07-31,92.4639,92.4639,92.4639,92.4639,0
2019-08-01,93.5127,93.5127,93.5127,93.5127,0
2019-08-02,93.7066,93.7066,93.7066,93.7066,0
2019-08-05,94.5159,94.5159,94.5159,94.5159,0
2019-08-06,94.6677,94.6677,94.6677,94.6677,0
2019-08-07,94.6677,94.6677,94.6677,94.6677,0
2019-08-08,94.6761,94.6761,94.6761,94.6761,0
2019-08-09,94.5328,94.5328,94.5328,94.5328,0
2019-08-12,95.1314,95.1314,95.1314,95.1314,0
2019-08-13,94.7941,94.7941,94.7941,94.7941,0
2019-08-14,95.4265,95.4265,95.4265,95.4265,0
2019-08-15,96.0335,96.0335,96.0335,96.0335,0
2019-08-16,95.7806,95.7806,95.7806,95.7806,0
2019-08-19,95.3253,95.3253,95.3253,95.3253,0
2019-08-20,95.7468,95.7468,95.7468,95.7468,0
2019-08-21,95.4939,95.4939,95.4939,95.4939,0
2019-08-22,95.2831,95.2831,95.2831,95.2831,0
2019-08-23,95.9239,95.9239,95.9239,95.9239,0
2019-08-26,95.8311,95.8311,95.8311,95.8311,0
2019-08-27,96.2442,96.2442,96.2442,96.2442,0
2019-08-28,96.2779,96.2779,96.2779,96.2779,0
2019-08-29,96.0924,96.0924,96.0924,96.0924,0
2019-08-30,96.1178,96.1178,96.1178,96.1178,0
2019-09-03,96.3289,96.3289,96.3289,96.3289,0
2019-09-04,96.4809,96.4809,96.4809,96.4809,0
2019-09-05,95.704,95.704,95.704,95.704,0
2019-09-06,95.7631,95.7631,95.7631,95.7631,0
2019-09-09,95.172,95.172,95.172,95.172,0
2019-09-10,94.4795,94.4795,94.4795,94.4795,0
2019-09-11,94.3866,94.3866,94.3866,94.3866,0
2019-09-12,94.1755,94.1755,94.1755,94.1755,0
2019-09-13,93.3141,93.3141,93.3141,93.3141,0
2019-09-16,93.7195,93.7195,93.7195,93.7195,0
2019-09-17,93.9644,93.9644,93.9644,93.9644,0
2019-09-18,93.9982,93.9982,93.9982,93.9982,0
2019-09-19,94.0403,94.0403,94.0403,94.0403,0
2019-09-20,94.5808,94.5808,94.5808,94.5808,0
2019-09-23,94.7159,94.7159,94.7159,94.7159,0
2019-09-24,95.1888,95.1888,95.1888,95.1888,0
2019-09-25,94.5639,94.5639,94.5639,94.5639,0
2019-09-26,94.7666,94.7666,94.7666,94.7666,0
2019-09-27,94.9017,94.9017,94.9017,94.9017,0
2019-09-30,94.9777,94.9777,94.9777,94.9777,0
2019-10-01,95.2408,95.2408,95.2408,95.2408,0
2019-10-02,95.5706,95.5706,95.5706,95.5706,0
2019-10-03,96.0696,96.0696,96.0696,96.0696,0
2019-10-04,96.2557,96.2557,96.2557,96.2557,0
2019-10-07,95.9342,95.9342,95.9342,95.9342,0
2019-10-08,96.1373,96.1373,96.1373,96.1373,0
2019-10-09,95.892,95.892,95.892,95.892,0
2019-10-10,95.2915,95.2915,95.2915,95.2915,0
2019-10-11,94.6402,94.6402,94.6402,94.6402,0
2019-10-14,94.9024,94.9024,94.9024,94.9024,0
2019-10-15,94.4457,94.4457,94.4457,94.4457,0
2019-10-16,94.6318,94.6318,94.6318,94.6318,0
2019-10-17,94.598,94.598,94.598,94.598,0
2019-10-18,94.6825,94.6825,94.6825,94.6825,0
2019-10-21,94.3358,94.3358,94.3358,94.3358,0
2019-10-22,94.5557,94.5557,94.5557,94.5557,0
2019-10-23,94.5895,94.5895,94.5895,94.5895,0
2019-10-24,94.5726,94.5726,94.5726,94.5726,0
2019-10-25,94.3696,94.3696,94.3696,94.3696,0
2019-10-28,94.0144,94.0144,94.0144,94.0144,0
2019-10-29,94.099,94.099,94.099,94.099,0
2019-10-30,94.5557,94.5557,94.5557,94.5557,0
2019-10-31,95.1562,95.1562,95.1562,95.1562,0
2019-11-01,94.9766,94.9766,94.9766,94.9766,0
2019-11-04,94.4938,94.4938,94.4938,94.4938,0
2019-11-05,93.9856,93.9856,93.9856,93.9856,0
2019-11-06,94.2566,94.2566,94.2566,94.2566,0
2019-11-07,93.5028,93.5028,93.5028,93.5028,0
2019-11-08,93.3757,93.3757,93.3757,93.3757,0
2019-11-11,93.4774,93.4774,93.4774,93.4774,0
2019-11-12,93.5198,93.5198,93.5198,93.5198,0
2019-11-13,93.7738,93.7738,93.7738,93.7738,0
2019-11-14,94.2481,94.2481,94.2481,94.2481,0
2019-11-15,94.1719,94.1719,94.1719,94.1719,0
2019-11-18,94.3329,94.3329,94.3329,94.3329,0
2019-11-19,94.5107,94.5107,94.5107,94.5107,0
2019-11-20,94.858,94.858,94.858,94.858,0
2019-11-21,94.6209,94.6209,94.6209,94.6209,0
2019-11-22,94.6039,94.6039,94.6039,94.6039,0
2019-11-25,94.6463,94.6463,94.6463,94.6463,0
2019-11-26,94.8241,94.8241,94.8241,94.8241,0
2019-11-27,94.5785,94.5785,94.5785,94.5785,0
2019-11-29,94.5023,94.5023,94.5023,94.5023,0
2019-12-02,94.163,94.163,94.163,94.163,0
2019-12-03,95.0027,95.0027,95.0027,95.0027,0
2019-12-04,94.638,94.638,94.638,94.638,0
2019-12-05,94.4174,94.4174,94.4174,94.4174,0
2019-12-06,94.1291,94.1291,94.1291,94.1291,0
2019-12-09,94.2054,94.2054,94.2054,94.2054,0
2019-12-10,94.0951,94.0951,94.0951,94.0951,0
2019-12-11,94.4853,94.4853,94.4853,94.4853,0
2019-12-12,93.7389,93.7389,93.7389,93.7389,0
2019-12-13,94.2902,94.2902,94.2902,94.2902,0
2019-12-16,93.8492,93.8492,93.8492,93.8492,0
2019-12-17,93.8576,93.8576,93.8576,93.8576,0
2019-12-18,93.6032,93.6032,93.6032,93.6032,0
2019-12-19,93.6762,93.6762,93.6762,93.6762,0
2019-12-20,93.6762,93.6762,93.6762,93.6762,0
2019-12-23,93.5912,93.5912,93.5912,93.5912,0
2019-12-24,93.7527,93.7527,93.7527,93.7527,0
2019-12-26,93.8885,93.8885,93.8885,93.8885,0
2019-12-27,94.0245,94.0245,94.0245,94.0245,0
2019-12-30,93.965,93.965,93.965,93.965,0
2019-12-31,93.6252,93.6252,93.6252,93.6252,0
2020-01-02,94.0584,94.0584,94.0584,94.0584,0
2020-01-03,94.6871,94.6871,94.6871,94.6871,0
2020-01-06,94.5851,94.5851,94.5851,94.5851,0
2020-01-07,94.4492,94.4492,94.4492,94.4492,0
2020-01-08,94.2283,94.2283,94.2283,94.2283,0
2020-01-09,94.2963,94.2963,94.2963,94.2963,0
2020-01-10,94.5001,94.5001,94.5001,94.5001,0
2020-01-13,94.3897,94.3897,94.3897,94.3897,0
2020-01-14,94.5766,94.5766,94.5766,94.5766,0
2020-01-15,94.8144,94.8144,94.8144,94.8144,0
2020-01-16,94.619,94.619,94.619,94.619,0
2020-01-17,94.5426,94.5426,94.5426,94.5426,0
2020-01-21,94.9164,94.9164,94.9164,94.9164,0
2020-01-22,94.9334,94.9334,94.9334,94.9334,0
2020-01-23,95.1712,95.1712,95.1712,95.1712,0
2020-01-24,95.511,95.511,95.511,95.511,0
2020-01-27,96.1566,96.1566,96.1566,96.1566,0
2020-01-28,95.8338,95.8338,95.8338,95.8338,0
2020-01-29,96.2925,96.2925,96.2925,96.2925,0
2020-01-30,96.3859,96.3859,96.3859,96.3859,0
2020-01-31,96.8701,96.8701,96.8701,96.8701,0
2020-02-03,96.7876,96.7876,96.7876,96.7876,0
2020-02-04,96.2262,96.2262,96.2262,96.2262,0
2020-02-05,95.8094,95.8094,95.8094,95.8094,0
2020-02-06,95.8775,95.8775,95.8775,95.8775,0
2020-02-07,96.3368,96.3368,96.3368,96.3368,0
2020-02-10,96.5239,96.5239,96.5239,96.5239,0
2020-02-11,96.2942,96.2942,96.2942,96.2942,0
2020-02-12,96.0476,96.0476,96.0476,96.0476,0
2020-02-13,96.1327,96.1327,96.1327,96.1327,0
2020-02-14,96.3708,96.3708,96.3708,96.3708,0
2020-02-18,96.5239,96.5239,96.5239,96.5239,0
2020-02-19,96.5069,96.5069,96.5069,96.5069,0
2020-02-20,96.7876,96.7876,96.7876,96.7876,0
2020-02-21,97.1789,97.1789,97.1789,97.1789,0
2020-02-24,97.9359,97.9359,97.9359,97.9359,0
2020-02-25,98.2081,98.2081,98.2081,98.2081,0
2020-02-26,98.157,98.157,98.157,98.157,0
2020-02-27,98.6333,98.6333,98.6333,98.6333,0
2020-02-28,99.7391,99.7391,99.7391,99.7391,0
2020-03-02,99.671,99.671,99.671,99.671,0
2020-03-03,100.8292,100.8292,100.8292,100.8292,0
2020-03-04,100.6077,100.6077,100.6077,100.6077,0
2020-03-05,101.5019,101.5019,101.5019,101.5019,0
2020-03-06,102.5323,102.5323,102.5323,102.5323,0
2020-03-09,103.4521,103.4521,103.4521,103.4521,0
2020-03-10,101.553,101.553,101.553,101.553,0
2020-03-11,100.5396,100.5396,100.5396,100.5396,0
2020-03-12,100.5907,100.5907,100.5907,100.5907,0
2020-03-13,99.935,99.935,99.935,99.935,0
2020-03-16,102.5749,102.5749,102.5749,102.5749,0
2020-03-17,100.0031,100.0031,100.0031,100.0031,0
2020-03-18,98.615,98.615,98.615,98.615,0
2020-03-19,98.9386,98.9386,98.9386,98.9386,0
2020-03-20,101.4593,101.4593,101.4593,101.4593,0
2020-03-23,102.6601,102.6601,102.6601,102.6601,0
2020-03-24,101.9617,101.9617,101.9617,101.9617,0
2020-03-25,102.0214,102.0214,102.0214,102.0214,0
2020-03-26,102.2684,102.2684,102.2684,102.2684,0
2020-03-27,103.0263,103.0263,103.0263,103.0263,0
2020-03-30,103.2647,103.2647,103.2647,103.2647,0
2020-03-31,103.4521,103.4521,103.4521,103.4521,0
2020-04-01,103.8733,103.8733,103.8733,103.8733,0
2020-04-02,103.8903,103.8903,103.8903,103.8903,0
2020-04-03,103.967,103.967,103.967,103.967,0
2020-04-06,103.4981,103.4981,103.4981,103.4981,0
2020-04-07,103.0377,103.0377,103.0377,103.0377,0
2020-04-08,102.9098,102.9098,102.9098,102.9098,0
2020-04-09,103.1315,103.1315,103.1315,103.1315,0
2020-04-13,102.9098,102.9098,102.9098,102.9098,0
2020-04-14,103.0462,103.0462,103.0462,103.0462,0
2020-04-15,103.967,103.967,103.967,103.967,0
2020-04-16,104.0779,104.0779,104.0779,104.0779,0
2020-04-17,103.8051,103.8051,103.8051,103.8051,0
2020-04-20,104.0779,104.0779,104.0779,104.0779,0
2020-04-21,104.3678,104.3678,104.3678,104.3678,0
2020-04-22,104.0438,104.0438,104.0438,104.0438,0
2020-04-23,104.112,104.112,104.112,104.112,0
2020-04-24,104.1376,104.1376,104.1376,104.1376,0
2020-04-27,103.5834,103.5834,103.5834,103.5834,0
2020-04-28,104.0353,104.0353,104.0353,104.0353,0
2020-04-29,103.9841,103.9841,103.9841,103.9841,0
2020-04-30,103.7368,103.7368,103.7368,103.7368,0
2020-05-01,103.8803,103.8803,103.8803,103.8803,0
2020-05-04,103.8973,103.8973,103.8973,103.8973,0
2020-05-05,103.8205,103.8205,103.8205,103.8205,0
2020-05-06,103.4364,103.4364,103.4364,103.4364,0
2020-05-07,104.068,104.068,104.068,104.068,0
2020-05-08,103.7266,103.7266,103.7266,103.7266,0
2020-05-11,103.4364,103.4364,103.4364,103.4364,0
2020-05-12,103.7778,103.7778,103.7778,103.7778,0
2020-05-13,103.9912,103.9912,103.9912,103.9912,0
2020-05-14,104.1534,104.1534,104.1534,104.1534,0
2020-05-15,104.0851,104.0851,104.0851,104.0851,0
2020-05-18,103.4449,103.4449,103.4449,103.4449,0
2020-05-19,103.7352,103.7352,103.7352,103.7352,0
2020-05-20,103.7607,103.7607,103.7607,103.7607,0
2020-05-21,103.829,103.829,103.829,103.829,0
2020-05-22,104.0253,104.0253,104.0253,104.0253,0
2020-05-26,103.7522,103.7522,103.7522,103.7522,0
2020-05-27,103.8375,103.8375,103.8375,103.8375,0
2020-05-28,103.7437,103.7437,103.7437,103.7437,0
2020-05-29,104.0765,104.0765,104.0765,104.0765,0
2020-06-01,104.0355,104.0355,104.0355,104.0355,0
2020-06-02,103.8646,103.8646,103.8646,103.8646,0
2020-06-03,103.2495,103.2495,103.2495,103.2495,0
2020-06-04,102.8394,102.8394,102.8394,102.8394,0
2020-06-05,102.3268,102.3268,102.3268,102.3268,0
2020-06-08,102.4379,102.4379,102.4379,102.4379,0
2020-06-09,102.8053,102.8053,102.8053,102.8053,0
2020-06-10,103.5742,103.5742,103.5742,103.5742,0
2020-06-11,103.9415,103.9415,103.9415,103.9415,0
2020-06-12,103.7109,103.7109,103.7109,103.7109,0
2020-06-15,103.6254,103.6254,103.6254,103.6254,0
2020-06-16,103.4118,103.4118,103.4118,103.4118,0
2020-06-17,103.5742,103.5742,103.5742,103.5742,0
2020-06-18,103.8049,103.8049,103.8049,103.8049,0
2020-06-19,103.839,103.839,103.839,103.839,0
2020-06-22,103.745,103.745,103.745,103.745,0
2020-06-23,103.7109,103.7109,103.7109,103.7109,0
2020-06-24,103.9074,103.9074,103.9074,103.9074,0
2020-06-25,103.9245,103.9245,103.9245,103.9245,0
2020-06-26,104.2064,104.2064,104.2064,104.2064,0
2020-06-29,104.3089,104.3089,104.3089,104.3089,0
2020-06-30,104.1209,104.1209,104.1209,104.1209,0
2020-07-01,103.9585,103.9585,103.9585,103.9585,0
2020-07-02,104.0867,104.0867,104.0867,104.0867,0
2020-07-06,103.9328,103.9328,103.9328,103.9328,0
2020-07-07,104.2663,104.2663,104.2663,104.2663,0
2020-07-08,104.1039,104.1039,104.1039,104.1039,0
2020-07-09,104.4374,104.4374,104.4374,104.4374,0
2020-07-10,104.2321,104.2321,104.2321,104.2321,0
2020-07-13,104.3433,104.3433,104.3433,104.3433,0
2020-07-14,104.3347,104.3347,104.3347,104.3347,0
2020-07-15,104.3006,104.3006,104.3006,104.3006,0
2020-07-16,104.3775,104.3775,104.3775,104.3775,0
2020-07-17,104.3519,104.3519,104.3519,104.3519,0
2020-07-20,104.4202,104.4202,104.4202,104.4202,0
2020-07-21,104.5314,104.5314,104.5314,104.5314,0
2020-07-22,104.5656,104.5656,104.5656,104.5656,0
2020-07-23,104.6683,104.6683,104.6683,104.6683,0
2020-07-24,104.6169,104.6169,104.6169,104.6169,0
2020-07-27,104.4544,104.4544,104.4544,104.4544,0
2020-07-28,104.7024,104.7024,104.7024,104.7024,0
2020-07-29,104.8393,104.8393,104.8393,104.8393,0
2020-07-30,104.9847,104.9847,104.9847,104.9847,0
2020-07-31,105.0103,105.0103,105.0103,105.0103,0
2020-08-03,104.9589,104.9589,104.9589,104.9589,0
2020-08-04,105.3184,105.3184,105.3184,105.3184,0
2020-08-05,104.9675,104.9675,104.9675,104.9675,0
2020-08-06,105.0873,105.0873,105.0873,105.0873,0
2020-08-07,104.8648,104.8648,104.8648,104.8648,0
2020-08-10,104.7536,104.7536,104.7536,104.7536,0
2020-08-11,104.3941,104.3941,104.3941,104.3941,0
2020-08-12,104.086,104.086,104.086,104.086,0
2020-08-13,103.872,103.872,103.872,103.872,0
2020-08-14,103.9234,103.9234,103.9234,103.9234,0
2020-08-17,104.0946,104.0946,104.0946,104.0946,0
2020-08-18,104.2743,104.2743,104.2743,104.2743,0
2020-08-19,104.1373,104.1373,104.1373,104.1373,0
2020-08-20,104.4369,104.4369,104.4369,104.4369,0
2020-08-21,104.5139,104.5139,104.5139,104.5139,0
2020-08-24,104.3684,104.3684,104.3684,104.3684,0
2020-08-25,104.1203,104.1203,104.1203,104.1203,0
2020-08-26,104.0774,104.0774,104.0774,104.0774,0
2020-08-27,103.7094,103.7094,103.7094,103.7094,0
2020-08-28,103.8806,103.8806,103.8806,103.8806,0
2020-08-31,103.9919,103.9919,103.9919,103.9919,0
2020-09-01,104.3327,104.3327,104.3327,104.3327,0
2020-09-02,104.4784,104.4784,104.4784,104.4784,0
2020-09-03,104.6153,104.6153,104.6153,104.6153,0
2020-09-04,104.033,104.033,104.033,104.033,0
2020-09-08,104.2556,104.2556,104.2556,104.2556,0
2020-09-09,104.2042,104.2042,104.2042,104.2042,0
2020-09-10,104.3327,104.3327,104.3327,104.3327,0
2020-09-11,104.4954,104.4954,104.4954,104.4954,0
2020-09-14,104.4013,104.4013,104.4013,104.4013,0
2020-09-15,104.3499,104.3499,104.3499,104.3499,0
2020-09-16,104.2899,104.2899,104.2899,104.2899,0
2020-09-17,104.3242,104.3242,104.3242,104.3242,0
2020-09-18,104.2299,104.2299,104.2299,104.2299,0
2020-09-21,104.4184,104.4184,104.4184,104.4184,0
2020-09-22,104.4184,104.4184,104.4184,104.4184,0
2020-09-23,104.4184,104.4184,104.4184,104.4184,0
2020-09-24,104.4698,104.4698,104.4698,104.4698,0
2020-09-25,104.5554,104.5554,104.5554,104.5554,0
2020-09-28,104.5383,104.5383,104.5383,104.5383,0
2020-09-29,104.6153,104.6153,104.6153,104.6153,0
2020-09-30,104.3327,104.3327,104.3327,104.3327,0
2020-10-01,104.3918,104.3918,104.3918,104.3918,0
2020-10-02,104.289,104.289,104.289,104.289,0
2020-10-05,103.6291,103.6291,103.6291,103.6291,0
2020-10-06,103.8691,103.8691,103.8691,103.8691,0
2020-10-07,103.5692,103.5692,103.5692,103.5692,0
2020-10-08,103.7577,103.7577,103.7577,103.7577,0
2020-10-09,103.7063,103.7063,103.7063,103.7063,0
2020-10-12,103.8176,103.8176,103.8176,103.8176,0
2020-10-13,104.049,104.049,104.049,104.049,0
2020-10-14,104.0833,104.0833,104.0833,104.0833,0
2020-10-15,103.9719,103.9719,103.9719,103.9719,0
2020-10-16,103.9119,103.9119,103.9119,103.9119,0
2020-10-19,103.7405,103.7405,103.7405,103.7405,0
2020-10-20,103.5177,103.5177,103.5177,103.5177,0
2020-10-21,103.3806,103.3806,103.3806,103.3806,0
2020-10-22,103.0206,103.0206,103.0206,103.0206,0
2020-10-23,103.1664,103.1664,103.1664,103.1664,0
2020-10-26,103.4406,103.4406,103.4406,103.4406,0
2020-10-27,103.6719,103.6719,103.6719,103.6719,0
2020-10-28,103.6634,103.6634,103.6634,103.6634,0
2020-10-29,103.2263,103.2263,103.2263,103.2263,0
2020-10-30,102.8921,102.8921,102.8921,102.8921,0
2020-11-02,103.0687,103.0687,103.0687,103.0687,0
2020-11-03,102.8372,102.8372,102.8372,102.8372,0
2020-11-04,103.7033,103.7033,103.7033,103.7033,0
2020-11-05,103.6862,103.6862,103.6862,103.6862,0
2020-11-06,103.3346,103.3346,103.3346,103.3346,0
2020-11-09,102.5714,102.5714,102.5714,102.5714,0
2020-11-10,102.2798,102.2798,102.2798,102.2798,0
2020-11-11,102.4427,102.4427,102.4427,102.4427,0
2020-11-12,103.0259,103.0259,103.0259,103.0259,0
2020-11-13,102.8886,102.8886,102.8886,102.8886,0
2020-11-16,102.8115,102.8115,102.8115,102.8115,0
2020-11-17,103.0773,103.0773,103.0773,103.0773,0
2020-11-18,103.043,103.043,103.043,103.043,0
2020-11-19,103.1545,103.1545,103.1545,103.1545,0
2020-11-20,103.3346,103.3346,103.3346,103.3346,0
2020-11-23,103.1288,103.1288,103.1288,103.1288,0
2020-11-24,102.9659,102.9659,102.9659,102.9659,0
2020-11-25,103.0001,103.0001,103.0001,103.0001,0
2020-11-27,103.3089,103.3089,103.3089,103.3089,0
2020-11-30,103.2403,103.2403,103.2403,103.2403,0
2020-12-01,102.6911,102.6911,102.6911,102.6911,0
2020-12-02,102.5194,102.5194,102.5194,102.5194,0
2020-12-03,102.7941,102.7941,102.7941,102.7941,0
2020-12-04,102.3907,102.3907,102.3907,102.3907,0
2020-12-07,102.7082,102.7082,102.7082,102.7082,0
2020-12-08,102.8112,102.8112,102.8112,102.8112,0
2020-12-09,102.6653,102.6653,102.6653,102.6653,0
2020-12-10,102.897,102.897,102.897,102.897,0
2020-12-11,103.103,103.103,103.103,103.103,0
2020-12-14,103.0429,103.0429,103.0429,103.0429,0
2020-12-15,102.9399,102.9399,102.9399,102.9399,0
2020-12-16,102.8541,102.8541,102.8541,102.8541,0
2020-12-17,102.7794,102.7794,102.7794,102.7794,0
2020-12-18,102.6935,102.6935,102.6935,102.6935,0
2020-12-21,102.7622,102.7622,102.7622,102.7622,0
2020-12-22,102.934,102.934,102.934,102.934,0
2020-12-23,102.7193,102.7193,102.7193,102.7193,0
2020-12-24,102.8653,102.8653,102.8653,102.8653,0
2020-12-28,102.8738,102.8738,102.8738,102.8738,0
2020-12-29,102.8567,102.8567,102.8567,102.8567,0
2020-12-30,102.9254,102.9254,102.9254,102.9254,0
2020-12-31,102.9941,102.9941,102.9941,102.9941,0
2021-01-04,103.0198,103.0198,103.0198,103.0198,0
2021-01-05,102.7794,102.7794,102.7794,102.7794,0
2021-01-06,102.1783,102.1783,102.1783,102.1783,0
2021-01-07,101.8177,101.8177,101.8177,101.8177,0
2021-01-08,101.5258,101.5258,101.5258,101.5258,0
2021-01-11,101.3283,101.3283,101.3283,101.3283,0
2021-01-12,101.3112,101.3112,101.3112,101.3112,0
2021-01-13,101.6632,101.6632,101.6632,101.6632,0
2021-01-14,101.4313,101.4313,101.4313,101.4313,0
2021-01-15,101.7061,101.7061,101.7061,101.7061,0
2021-01-19,101.7662,101.7662,101.7662,101.7662,0
2021-01-20,101.8091,101.8091,101.8091,101.8091,0
2021-01-21,101.6632,101.6632,101.6632,101.6632,0
2021-01-22,101.8177,101.8177,101.8177,101.8177,0
2021-01-25,102.2299,102.2299,102.2299,102.2299,0
2021-01-26,102.1955,102.1955,102.1955,102.1955,0
2021-01-27,102.3157,102.3157,102.3157,102.3157,0
2021-01-28,102.0495,102.0495,102.0495,102.0495,0
2021-01-29,101.8692,101.8692,101.8692,101.8692,0
2021-02-01,101.9964,101.9964,101.9964,101.9964,0
2021-02-02,101.7386,101.7386,101.7386,101.7386,0
2021-02-03,101.4895,101.4895,101.4895,101.4895,0
2021-02-04,101.4551,101.4551,101.4551,101.4551,0
2021-02-05,101.2403,101.2403,101.2403,101.2403,0
2021-02-08,101.2832,101.2832,101.2832,101.2832,0
2021-02-09,101.3606,101.3606,101.3606,101.3606,0
2021-02-10,101.6183,101.6183,101.6183,101.6183,0
2021-02-11,101.5411,101.5411,101.5411,101.5411,0
2021-02-12,101.2059,101.2059,101.2059,101.2059,0
2021-02-16,100.4756,100.4756,100.4756,100.4756,0
2021-02-17,100.5443,100.5443,100.5443,100.5443,0
2021-02-18,100.5358,100.5358,100.5358,100.5358,0
2021-02-19,100.1319,100.1319,100.1319,100.1319,0
2021-02-22,99.9687,99.9687,99.9687,99.9687,0
2021-02-23,100.046,100.046,100.046,100.046,0
2021-02-24,99.9085,99.9085,99.9085,99.9085,0
2021-02-25,98.5768,98.5768,98.5768,98.5768,0
2021-02-26,99.4618,99.4618,99.4618,99.4618,0
2021-03-01,99.35,99.35,99.35,99.35,0
2021-03-02,99.5306,99.5306,99.5306,99.5306,0
2021-03-03,98.9975,98.9975,98.9975,98.9975,0
2021-03-04,98.5075,98.5075,98.5075,98.5075,0
2021-03-05,98.3699,98.3699,98.3699,98.3699,0
2021-03-08,97.983,97.983,97.983,97.983,0
2021-03-09,98.4473,98.4473,98.4473,98.4473,0
2021-03-10,98.6536,98.6536,98.6536,98.6536,0
2021-03-11,98.6192,98.6192,98.6192,98.6192,0
2021-03-12,97.9056,97.9056,97.9056,97.9056,0
2021-03-15,98.026,98.026,98.026,98.026,0
2021-03-16,98.0088,98.0088,98.0088,98.0088,0
2021-03-17,97.8455,97.8455,97.8455,97.8455,0
2021-03-18,97.2351,97.2351,97.2351,97.2351,0
2021-03-19,97.1749,97.1749,97.1749,97.1749,0
2021-03-22,97.493,97.493,97.493,97.493,0
2021-03-23,97.9744,97.9744,97.9744,97.9744,0
2021-03-24,98.1034,98.1034,98.1034,98.1034,0
2021-03-25,97.9744,97.9744,97.9744,97.9744,0
2021-03-26,97.6477,97.6477,97.6477,97.6477,0
2021-03-29,97.3125,97.3125,97.3125,97.3125,0
2021-03-30,97.2264,97.2264,97.2264,97.2264,0
2021-03-31,97.0889,97.0889,97.0889,97.0889,0
2021-04-01,97.519,97.519,97.519,97.519,0
2021-04-05,97.2438,97.2438,97.2438,97.2438,0
2021-04-06,97.7169,97.7169,97.7169,97.7169,0
2021-04-07,97.6566,97.6566,97.6566,97.6566,0
2021-04-08,97.9922,97.9922,97.9922,97.9922,0
2021-04-09,97.7341,97.7341,97.7341,97.7341,0
2021-04-12,97.6739,97.6739,97.6739,97.6739,0
2021-04-13,98.0782,98.0782,98.0782,98.0782,0
2021-04-14,97.9577,97.9577,97.9577,97.9577,0
2021-04-15,98.5857,98.5857,98.5857,98.5857,0
2021-04-16,98.3191,98.3191,98.3191,98.3191,0
2021-04-19,98.2159,98.2159,98.2159,98.2159,0
2021-04-20,98.5083,98.5083,98.5083,98.5083,0
2021-04-21,98.5599,98.5599,98.5599,98.5599,0
2021-04-22,98.6374,98.6374,98.6374,98.6374,0
2021-04-23,98.5083,98.5083,98.5083,98.5083,0
2021-04-26,98.4051,98.4051,98.4051,98.4051,0
2021-04-27,98.018,98.018,98.018,98.018,0
2021-04-28,98.147,98.147,98.147,98.147,0
2021-04-29,97.975,97.975,97.975,97.975,0
2021-04-30,98.061,98.061,98.061,98.061,0
2021-05-03,98.228,98.228,98.228,98.228,0
2021-05-04,98.3571,98.3571,98.3571,98.3571,0
2021-05-05,98.4777,98.4777,98.4777,98.4777,0
2021-05-06,98.5206,98.5206,98.5206,98.5206,0
2021-05-07,98.5551,98.5551,98.5551,98.5551,0
2021-05-10,98.3571,98.3571,98.3571,98.3571,0
2021-05-11,98.1936,98.1936,98.1936,98.1936,0
2021-05-12,97.7201,97.7201,97.7201,97.7201,0
2021-05-13,98.0472,98.0472,98.0472,98.0472,0
2021-05-14,98.2624,98.2624,98.2624,98.2624,0
2021-05-17,98.1677,98.1677,98.1677,98.1677,0
2021-05-18,98.1677,98.1677,98.1677,98.1677,0
2021-05-19,97.875,97.875,97.875,97.875,0
2021-05-20,98.2797,98.2797,98.2797,98.2797,0
2021-05-21,98.3141,98.3141,98.3141,98.3141,0
2021-05-24,98.4088,98.4088,98.4088,98.4088,0
2021-05-25,98.7703,98.7703,98.7703,98.7703,0
2021-05-26,98.6584,98.6584,98.6584,98.6584,0
2021-05-27,98.4862,98.4862,98.4862,98.4862,0
2021-05-28,98.4777,98.4777,98.4777,98.4777,0
2021-06-01,98.4595,98.4595,98.4595,98.4595,0
2021-06-02,98.5715,98.5715,98.5715,98.5715,0
2021-06-03,98.3217,98.3217,98.3217,98.3217,0
2021-06-04,98.8644,98.8644,98.8644,98.8644,0
2021-06-07,98.7869,98.7869,98.7869,98.7869,0
2021-06-08,99.0711,99.0711,99.0711,99.0711,0
2021-06-09,99.3813,99.3813,99.3813,99.3813,0
2021-06-10,99.7344,99.7344,99.7344,99.7344,0
2021-06-11,99.588,99.588,99.588,99.588,0
2021-06-14,99.2779,99.2779,99.2779,99.2779,0
2021-06-15,99.2951,99.2951,99.2951,99.2951,0
2021-06-16,98.6146,98.6146,98.6146,98.6146,0
2021-06-17,98.9678,98.9678,98.9678,98.9678,0
2021-06-18,99.5277,99.5277,99.5277,99.5277,0
2021-06-21,99.209,99.209,99.209,99.209,0
2021-06-22,99.3899,99.3899,99.3899,99.3899,0
2021-06-23,99.1917,99.1917,99.1917,99.1917,0
2021-06-24,99.1745,99.1745,99.1745,99.1745,0
2021-06-25,98.9678,98.9678,98.9678,98.9678,0
2021-06-28,99.2779,99.2779,99.2779,99.2779,0
2021-06-29,99.3296,99.3296,99.3296,99.3296,0
2021-06-30,99.4846,99.4846,99.4846,99.4846,0
2021-07-01,99.4131,99.4131,99.4131,99.4131,0
2021-07-02,99.7751,99.7751,99.7751,99.7751,0
2021-07-06,100.3009,100.3009,100.3009,100.3009,0
2021-07-07,100.594,100.594,100.594,100.594,0
2021-07-08,100.8526,100.8526,100.8526,100.8526,0
2021-07-09,100.344,100.344,100.344,100.344,0
2021-07-12,100.2923,100.2923,100.2923,100.2923,0
2021-07-13,99.982,99.982,99.982,99.982,0
2021-07-14,100.413,100.413,100.413,100.413,0
2021-07-15,100.8354,100.8354,100.8354,100.8354,0
2021-07-16,100.8181,100.8181,100.8181,100.8181,0
2021-07-19,101.6801,101.6801,101.6801,101.6801,0
2021-07-20,101.5508,101.5508,101.5508,101.5508,0
2021-07-21,100.9647,100.9647,100.9647,100.9647,0
2021-07-22,101.1974,101.1974,101.1974,101.1974,0
2021-07-23,101.0422,101.0422,101.0422,101.0422,0
2021-07-26,100.9733,100.9733,100.9733,100.9733,0
2021-07-27,101.4043,101.4043,101.4043,101.4043,0
2021-07-28,101.4905,101.4905,101.4905,101.4905,0
2021-07-29,101.1801,101.1801,101.1801,101.1801,0
2021-07-30,101.4646,101.4646,101.4646,101.4646,0
2021-08-02,101.9097,101.9097,101.9097,101.9097,0
2021-08-03,101.9355,101.9355,101.9355,101.9355,0
2021-08-04,101.9097,101.9097,101.9097,101.9097,0
2021-08-05,101.5388,101.5388,101.5388,101.5388,0
2021-08-06,100.9436,100.9436,100.9436,100.9436,0
2021-08-09,100.728,100.728,100.728,100.728,0
2021-08-10,100.5382,100.5382,100.5382,100.5382,0
2021-08-11,100.6504,100.6504,100.6504,100.6504,0
2021-08-12,100.5469,100.5469,100.5469,100.5469,0
2021-08-13,101.1248,101.1248,101.1248,101.1248,0
2021-08-16,101.3491,101.3491,101.3491,101.3491,0
2021-08-17,101.2973,101.2973,101.2973,101.2973,0
2021-08-18,101.2455,101.2455,101.2455,101.2455,0
2021-08-19,101.4698,101.4698,101.4698,101.4698,0
2021-08-20,101.3749,101.3749,101.3749,101.3749,0
2021-08-23,101.4008,101.4008,101.4008,101.4008,0
2021-08-24,101.1248,101.1248,101.1248,101.1248,0
2021-08-25,100.728,100.728,100.728,100.728,0
2021-08-26,100.728,100.728,100.728,100.728,0
2021-08-27,101.0558,101.0558,101.0558,101.0558,0
2021-08-30,101.2542,101.2542,101.2542,101.2542,0
2021-08-31,101.0644,101.0644,101.0644,101.0644,0
2021-09-01,101.1076,101.1076,101.1076,101.1076,0
2021-09-02,101.2284,101.2284,101.2284,101.2284,0
2021-09-03,100.9867,100.9867,100.9867,100.9867,0
2021-09-07,100.5896,100.5896,100.5896,100.5896,0
2021-09-08,100.8659,100.8659,100.8659,100.8659,0
2021-09-09,101.1507,101.1507,101.1507,101.1507,0
2021-09-10,100.8314,100.8314,100.8314,100.8314,0
2021-09-13,100.9522,100.9522,100.9522,100.9522,0
2021-09-14,101.332,101.332,101.332,101.332,0
2021-09-15,101.1593,101.1593,101.1593,101.1593,0
2021-09-16,100.84,100.84,100.84,100.84,0
2021-09-17,100.5465,100.5465,100.5465,100.5465,0
2021-09-20,101.0558,101.0558,101.0558,101.0558,0
2021-09-21,100.9953,100.9953,100.9953,100.9953,0
2021-09-22,101.0903,101.0903,101.0903,101.0903,0
2021-09-23,100.1753,100.1753,100.1753,100.1753,0
2021-09-24,99.8733,99.8733,99.8733,99.8733,0
2021-09-27,99.6057,99.6057,99.6057,99.6057,0
2021-09-28,99.2259,99.2259,99.2259,99.2259,0
2021-09-29,99.3295,99.3295,99.3295,99.3295,0
2021-09-30,99.4503,99.4503,99.4503,99.4503,0
2021-10-01,99.8563,99.8563,99.8563,99.8563,0
2021-10-04,99.7354,99.7354,99.7354,99.7354,0
2021-10-05,99.4244,99.4244,99.4244,99.4244,0
2021-10-06,99.4503,99.4503,99.4503,99.4503,0
2021-10-07,99.053,99.053,99.053,99.053,0
2021-10-08,98.8371,98.8371,98.8371,98.8371,0
2021-10-11,98.5952,98.5952,98.5952,98.5952,0
2021-10-12,99.0444,99.0444,99.0444,99.0444,0
2021-10-13,99.2344,99.2344,99.2344,99.2344,0
2021-10-14,99.4676,99.4676,99.4676,99.4676,0
2021-10-15,98.9753,98.9753,98.9753,98.9753,0
2021-10-18,98.8371,98.8371,98.8371,98.8371,0
2021-10-19,98.4829,98.4829,98.4829,98.4829,0
2021-10-20,98.4398,98.4398,98.4398,98.4398,0
2021-10-21,98.1806,98.1806,98.1806,98.1806,0
2021-10-22,98.4311,98.4311,98.4311,98.4311,0
2021-10-25,98.552,98.552,98.552,98.552,0
2021-10-26,98.673,98.673,98.673,98.673,0
2021-10-27,99.2258,99.2258,99.2258,99.2258,0
2021-10-28,98.9666,98.9666,98.9666,98.9666,0
2021-10-29,99.0098,99.0098,99.0098,99.0098,0
2021-11-01,99.002,99.002,99.002,99.002,0
2021-11-02,99.2441,99.2441,99.2441,99.2441,0
2021-11-03,98.9329,98.9329,98.9329,98.9329,0
2021-11-04,99.4688,99.4688,99.4688,99.4688,0
2021-11-05,100.0133,100.0133,100.0133,100.0133,0
2021-11-08,99.5811,99.5811,99.5811,99.5811,0
2021-11-09,100.0393,100.0393,100.0393,100.0393,0
2021-11-10,99.1836,99.1836,99.1836,99.1836,0
2021-11-11,98.8637,98.8637,98.8637,98.8637,0
2021-11-12,99.0712,99.0712,99.0712,99.0712,0
2021-11-15,98.6822,98.6822,98.6822,98.6822,0
2021-11-16,98.5958,98.5958,98.5958,98.5958,0
2021-11-17,98.9502,98.9502,98.9502,98.9502,0
2021-11-18,99.0107,99.0107,99.0107,99.0107,0
2021-11-19,99.2786,99.2786,99.2786,99.2786,0
2021-11-22,98.5526,98.5526,98.5526,98.5526,0
2021-11-23,98.1463,98.1463,98.1463,98.1463,0
2021-11-24,98.4489,98.4489,98.4489,98.4489,0
2021-11-26,99.7194,99.7194,99.7194,99.7194,0
2021-11-29,99.4947,99.4947,99.4947,99.4947,0
2021-11-30,100.0911,100.0911,100.0911,100.0911,0
2021-12-01,100.2797,100.2797,100.2797,100.2797,0
2021-12-02,100.0634,100.0634,100.0634,100.0634,0
2021-12-03,100.6516,100.6516,100.6516,100.6516,0
2021-12-06,100.1499,100.1499,100.1499,100.1499,0
2021-12-07,99.7693,99.7693,99.7693,99.7693,0
2021-12-08,99.4493,99.4493,99.4493,99.4493,0
2021-12-09,99.7002,99.7002,99.7002,99.7002,0
2021-12-10,99.7693,99.7693,99.7693,99.7693,0
2021-12-13,100.2451,100.2451,100.2451,100.2451,0
2021-12-14,100.0721,100.0721,100.0721,100.0721,0
2021-12-15,99.925,99.925,99.925,99.925,0
2021-12-16,100.216,100.216,100.216,100.216,0
2021-12-17,100.4411,100.4411,100.4411,100.4411,0
2021-12-20,100.3545,100.3545,100.3545,100.3545,0
2021-12-21,99.9562,99.9562,99.9562,99.9562,0
2021-12-22,100.0514,100.0514,100.0514,100.0514,0
2021-12-23,99.8437,99.8437,99.8437,99.8437,0
2021-12-27,99.8783,99.8783,99.8783,99.8783,0
2021-12-28,99.861,99.861,99.861,99.861,0
2021-12-29,99.3501,99.3501,99.3501,99.3501,0
2021-12-30,99.6792,99.6792,99.6792,99.6792,0
2021-12-31,99.5666,99.5666,99.5666,99.5666,0
2022-01-03,98.6402,98.6402,98.6402,98.6402,0
2022-01-04,98.5882,98.5882,98.5882,98.5882,0
2022-01-05,98.1727,98.1727,98.1727,98.1727,0
2022-01-06,97.9303,97.9303,97.9303,97.9303,0
2022-01-07,97.6099,97.6099,97.6099,97.6099,0
2022-01-10,97.5839,97.5839,97.5839,97.5839,0
2022-01-11,97.8177,97.8177,97.8177,97.8177,0
2022-01-12,97.835,97.835,97.835,97.835,0
2022-01-13,98.1467,98.1467,98.1467,98.1467,0
2022-01-14,97.4714,97.4714,97.4714,97.4714,0
2022-01-18,96.7354,96.7354,96.7354,96.7354,0
2022-01-19,96.9692,96.9692,96.9692,96.9692,0
2022-01-20,97.177,97.177,97.177,97.177,0
2022-01-21,97.7398,97.7398,97.7398,97.7398,0
2022-01-24,97.6532,97.6532,97.6532,97.6532,0
2022-01-25,97.5233,97.5233,97.5233,97.5233,0
2022-01-26,96.8307,96.8307,96.8307,96.8307,0
2022-01-27,97.2376,97.2376,97.2376,97.2376,0
2022-01-28,97.4627,97.4627,97.4627,97.4627,0
2022-01-31,97.4627,97.4627,97.4627,97.4627,0
2022-02-01,97.331,97.331,97.331,97.331,0
2022-02-02,97.5303,97.5303,97.5303,97.5303,0
2022-02-03,97.1143,97.1143,97.1143,97.1143,0
2022-02-04,96.369,96.369,96.369,96.369,0
2022-02-07,96.395,96.395,96.395,96.395,0
2022-02-08,96.083,96.083,96.083,96.083,0
2022-02-09,96.213,96.213,96.213,96.213,0
2022-02-10,95.3291,95.3291,95.3291,95.3291,0
2022-02-11,96.317,96.317,96.317,96.317,0
2022-02-14,95.6497,95.6497,95.6497,95.6497,0
2022-02-15,95.3638,95.3638,95.3638,95.3638,0
2022-02-16,95.5631,95.5631,95.5631,95.5631,0
2022-02-17,96.0744,96.0744,96.0744,96.0744,0
2022-02-18,96.3864,96.3864,96.3864,96.3864,0
2022-02-22,96.3777,96.3777,96.3777,96.3777,0
2022-02-23,95.875,95.875,95.875,95.875,0
2022-02-24,96.1004,96.1004,96.1004,96.1004,0
2022-02-25,96.0744,96.0744,96.0744,96.0744,0
2022-02-28,97.1663,97.1663,97.1663,97.1663,0
2022-03-01,98.1127,98.1127,98.1127,98.1127,0
2022-03-02,96.6381,96.6381,96.6381,96.6381,0
2022-03-03,97.0544,97.0544,97.0544,97.0544,0
2022-03-04,98.0173,98.0173,98.0173,98.0173,0
2022-03-07,97.6009,97.6009,97.6009,97.6009,0
2022-03-08,96.9676,96.9676,96.9676,96.9676,0
2022-03-09,96.3691,96.3691,96.3691,96.3691,0
2022-03-10,95.9268,95.9268,95.9268,95.9268,0
2022-03-11,95.9008,95.9008,95.9008,95.9008,0
2022-03-14,94.6864,94.6864,94.6864,94.6864,0
2022-03-15,94.643,94.643,94.643,94.643,0
2022-03-16,94.5129,94.5129,94.5129,94.5129,0
2022-03-17,94.3308,94.3308,94.3308,94.3308,0
2022-03-18,94.6083,94.6083,94.6083,94.6083,0
2022-03-21,93.3766,93.3766,93.3766,93.3766,0
2022-03-22,92.8648,92.8648,92.8648,92.8648,0
2022-03-23,93.4894,93.4894,93.4894,93.4894,0
2022-03-24,92.9689,92.9689,92.9689,92.9689,0
2022-03-25,92.0148,92.0148,92.0148,92.0148,0
2022-03-28,92.223,92.223,92.223,92.223,0
2022-03-29,92.6827,92.6827,92.6827,92.6827,0
2022-03-30,93.047,93.047,93.047,93.047,0
2022-03-31,93.2205,93.2205,93.2205,93.2205,0
2022-04-01,92.6135,92.6135,92.6135,92.6135,0
2022-04-04,92.5527,92.5527,92.5527,92.5527,0
2022-04-05,91.4498,91.4498,91.4498,91.4498,0
2022-04-06,91.1285,91.1285,91.1285,91.1285,0
2022-04-07,90.9028,90.9028,90.9028,90.9028,0
2022-04-08,90.4425,90.4425,90.4425,90.4425,0
2022-04-11,90.0083,90.0083,90.0083,90.0083,0
2022-04-12,90.4425,90.4425,90.4425,90.4425,0
2022-04-13,90.6422,90.6422,90.6422,90.6422,0
2022-04-14,89.8259,89.8259,89.8259,89.8259,0
2022-04-18,89.5654,89.5654,89.5654,89.5654,0
2022-04-19,88.9749,88.9749,88.9749,88.9749,0
2022-04-20,89.6697,89.6697,89.6697,89.6697,0
2022-04-21,89.1747,89.1747,89.1747,89.1747,0
2022-04-22,89.2181,89.2181,89.2181,89.2181,0
2022-04-25,89.7912,89.7912,89.7912,89.7912,0
2022-04-26,90.3904,90.3904,90.3904,90.3904,0
2022-04-27,89.8867,89.8867,89.8867,89.8867,0
2022-04-28,89.7565,89.7565,89.7565,89.7565,0
2022-04-29,89.2788,89.2788,89.2788,89.2788,0
2022-05-02,88.6137,88.6137,88.6137,88.6137,0
2022-05-03,88.7181,88.7181,88.7181,88.7181,0
2022-05-04,89.2919,89.2919,89.2919,89.2919,0
2022-05-05,88.3964,88.3964,88.3964,88.3964,0
2022-05-06,87.8921,87.8921,87.8921,87.8921,0
2022-05-09,88.5442,88.5442,88.5442,88.5442,0
2022-05-10,88.8398,88.8398,88.8398,88.8398,0
2022-05-11,89.3875,89.3875,89.3875,89.3875,0
2022-05-12,89.6832,89.6832,89.6832,89.6832,0
2022-05-13,89.2137,89.2137,89.2137,89.2137,0
2022-05-16,89.5875,89.5875,89.5875,89.5875,0
2022-05-17,88.9094,88.9094,88.9094,88.9094,0
2022-05-18,89.5441,89.5441,89.5441,89.5441,0
2022-05-19,89.8657,89.8657,89.8657,89.8657,0
2022-05-20,90.2831,90.2831,90.2831,90.2831,0
2022-05-23,89.7353,89.7353,89.7353,89.7353,0
2022-05-24,90.5091,90.5091,90.5091,90.5091,0
2022-05-25,90.6917,90.6917,90.6917,90.6917,0
2022-05-26,90.6482,90.6482,90.6482,90.6482,0
2022-05-27,90.7787,90.7787,90.7787,90.7787,0
2022-05-31,89.831,89.831,89.831,89.831,0
2022-06-01,89.3252,89.3252,89.3252,89.3252,0
2022-06-02,89.4558,89.4558,89.4558,89.4558,0
2022-06-03,89.2817,89.2817,89.2817,89.2817,0
2022-06-06,88.6114,88.6114,88.6114,88.6114,0
2022-06-07,88.9682,88.9682,88.9682,88.9682,0
2022-06-08,88.6375,88.6375,88.6375,88.6375,0
2022-06-09,88.5591,88.5591,88.5591,88.5591,0
2022-06-10,87.6886,87.6886,87.6886,87.6886,0
2022-06-13,86.1303,86.1303,86.1303,86.1303,0
2022-06-14,85.4426,85.4426,85.4426,85.4426,0
2022-06-15,86.6352,86.6352,86.6352,86.6352,0
2022-06-16,87.2011,87.2011,87.2011,87.2011,0
2022-06-17,87.2272,87.2272,87.2272,87.2272,0
2022-06-21,86.7745,86.7745,86.7745,86.7745,0
2022-06-22,87.8714,87.8714,87.8714,87.8714,0
2022-06-23,88.3676,88.3676,88.3676,88.3676,0
2022-06-24,88.0542,88.0542,88.0542,88.0542,0
2022-06-27,87.558,87.558,87.558,87.558,0
2022-06-28,87.6712,87.6712,87.6712,87.6712,0
2022-06-29,88.3763,88.3763,88.3763,88.3763,0
2022-06-30,89.0553,89.0553,89.0553,89.0553,0
2022-07-01,90.01,90.01,90.01,90.01,0
2022-07-05,90.3413,90.3413,90.3413,90.3413,0
2022-07-06,89.5741,89.5741,89.5741,89.5741,0
2022-07-07,89.0248,89.0248,89.0248,89.0248,0
2022-07-08,88.4842,88.4842,88.4842,88.4842,0
2022-07-11,89.1817,89.1817,89.1817,89.1817,0
2022-07-12,89.391,89.391,89.391,89.391,0
2022-07-13,89.7746,89.7746,89.7746,89.7746,0
2022-07-14,89.2776,89.2776,89.2776,89.2776,0
2022-07-15,89.5828,89.5828,89.5828,89.5828,0
2022-07-18,89.3212,89.3212,89.3212,89.3212,0
2022-07-19,88.9114,88.9114,88.9114,88.9114,0
2022-07-20,88.8243,88.8243,88.8243,88.8243,0
2022-07-21,89.8356,89.8356,89.8356,89.8356,0
2022-07-22,90.8644,90.8644,90.8644,90.8644,0
2022-07-25,90.5418,90.5418,90.5418,90.5418,0
2022-07-26,90.5767,90.5767,90.5767,90.5767,0
2022-07-27,90.7598,90.7598,90.7598,90.7598,0
2022-07-28,91.6578,91.6578,91.6578,91.6578,0
2022-07-29,91.6927,91.6927,91.6927,91.6927,0
2022-08-01,92.229,92.229,92.229,92.229,0
2022-08-02,90.9538,90.9538,90.9538,90.9538,0
2022-08-03,91.3293,91.3293,91.3293,91.3293,0
2022-08-04,91.7922,91.7922,91.7922,91.7922,0
2022-08-05,90.4647,90.4647,90.4647,90.4647,0
2022-08-08,90.9974,90.9974,90.9974,90.9974,0
2022-08-09,90.7267,90.7267,90.7267,90.7267,0
2022-08-10,90.7791,90.7791,90.7791,90.7791,0
2022-08-11,90.1765,90.1765,90.1765,90.1765,0
2022-08-12,90.5346,90.5346,90.5346,90.5346,0
2022-08-15,90.8228,90.8228,90.8228,90.8228,0
2022-08-16,90.718,90.718,90.718,90.718,0
2022-08-17,90.1066,90.1066,90.1066,90.1066,0
2022-08-18,90.2813,90.2813,90.2813,90.2813,0
2022-08-19,89.504,89.504,89.504,89.504,0
2022-08-22,89.111,89.111,89.111,89.111,0
2022-08-23,88.8926,88.8926,88.8926,88.8926,0
2022-08-24,88.5957,88.5957,88.5957,88.5957,0
2022-08-25,89.1633,89.1633,89.1633,89.1633,0
2022-08-26,89.0585,89.0585,89.0585,89.0585,0
2022-08-29,88.552,88.552,88.552,88.552,0
2022-08-30,88.5258,88.5258,88.5258,88.5258,0
2022-08-31,88.159,88.159,88.159,88.159,0
2022-09-01,87.4582,87.4582,87.4582,87.4582,0
2022-09-02,87.9481,87.9481,87.9481,87.9481,0
2022-09-06,86.9682,86.9682,86.9682,86.9682,0
2022-09-07,87.5369,87.5369,87.5369,87.5369,0
2022-09-08,87.2132,87.2132,87.2132,87.2132,0
2022-09-09,87.2219,87.2219,87.2219,87.2219,0
2022-09-12,87.0119,87.0119,87.0119,87.0119,0
2022-09-13,86.522,86.522,86.522,86.522,0
2022-09-14,86.5657,86.5657,86.5657,86.5657,0
2022-09-15,86.2682,86.2682,86.2682,86.2682,0
2022-09-16,86.3383,86.3383,86.3383,86.3383,0
2022-09-19,86.0933,86.0933,86.0933,86.0933,0
2022-09-20,85.5596,85.5596,85.5596,85.5596,0
2022-09-21,85.9008,85.9008,85.9008,85.9008,0
2022-09-22,84.6059,84.6059,84.6059,84.6059,0
2022-09-23,84.7109,84.7109,84.7109,84.7109,0
2022-09-26,83.3022,83.3022,83.3022,83.3022,0
2022-09-27,82.7336,82.7336,82.7336,82.7336,0
2022-09-28,84.5971,84.5971,84.5971,84.5971,0
2022-09-29,84.2034,84.2034,84.2034,84.2034,0
2022-09-30,83.9847,83.9847,83.9847,83.9847,0
2022-10-03,84.9814,84.9814,84.9814,84.9814,0
2022-10-04,85.1567,85.1567,85.1567,85.1567,0
2022-10-05,84.3502,84.3502,84.3502,84.3502,0
2022-10-06,83.8856,83.8856,83.8856,83.8856,0
2022-10-07,83.4736,83.4736,83.4736,83.4736,0
2022-10-10,82.9827,82.9827,82.9827,82.9827,0
2022-10-11,83.1931,83.1931,83.1931,83.1931,0
2022-10-12,83.4649,83.4649,83.4649,83.4649,0
2022-10-13,83.1142,83.1142,83.1142,83.1142,0
2022-10-14,82.6495,82.6495,82.6495,82.6495,0
2022-10-17,82.7372,82.7372,82.7372,82.7372,0
2022-10-18,82.9476,82.9476,82.9476,82.9476,0
2022-10-19,82.0797,82.0797,82.0797,82.0797,0
2022-10-20,81.4661,81.4661,81.4661,81.4661,0
2022-10-21,81.6502,81.6502,81.6502,81.6502,0
2022-10-24,81.545,81.545,81.545,81.545,0
2022-10-25,82.5619,82.5619,82.5619,82.5619,0
2022-10-26,82.9827,82.9827,82.9827,82.9827,0
2022-10-27,83.57,83.57,83.57,83.57,0
2022-10-28,83.1405,83.1405,83.1405,83.1405,0
2022-10-31,82.7635,82.7635,82.7635,82.7635,0
2022-11-01,82.7486,82.7486,82.7486,82.7486,0
2022-11-02,82.608,82.608,82.608,82.608,0
2022-11-03,82.2478,82.2478,82.2478,82.2478,0
2022-11-04,82.0721,82.0721,82.0721,82.0721,0
2022-11-07,81.7822,81.7822,81.7822,81.7822,0
2022-11-08,82.3269,82.3269,82.3269,82.3269,0
2022-11-09,82.608,82.608,82.608,82.608,0
2022-11-10,84.4617,84.4617,84.4617,84.4617,0
2022-11-11,84.286,84.286,84.286,84.286,0
2022-11-14,84.084,84.084,84.084,84.084,0
2022-11-15,84.7077,84.7077,84.7077,84.7077,0
2022-11-16,85.3315,85.3315,85.3315,85.3315,0
2022-11-17,84.7516,84.7516,84.7516,84.7516,0
2022-11-18,84.4529,84.4529,84.4529,84.4529,0
2022-11-21,84.4002,84.4002,84.4002,84.4002,0
2022-11-22,84.8834,84.8834,84.8834,84.8834,0
2022-11-23,85.3402,85.3402,85.3402,85.3402,0
2022-11-25,85.3139,85.3139,85.3139,85.3139,0
2022-11-28,85.349,85.349,85.349,85.349,0
2022-11-29,84.9888,84.9888,84.9888,84.9888,0
2022-11-30,85.7531,85.7531,85.7531,85.7531,0
2022-12-01,86.6897,86.6897,86.6897,86.6897,0
2022-12-02,86.8658,86.8658,86.8658,86.8658,0
2022-12-05,85.9855,85.9855,85.9855,85.9855,0
2022-12-06,86.5137,86.5137,86.5137,86.5137,0
2022-12-07,87.2707,87.2707,87.2707,87.2707,0
2022-12-08,86.7778,86.7778,86.7778,86.7778,0
2022-12-09,86.1352,86.1352,86.1352,86.1352,0
2022-12-12,86.012,86.012,86.012,86.012,0
2022-12-13,86.7866,86.7866,86.7866,86.7866,0
2022-12-14,87.0243,87.0243,87.0243,87.0243,0
2022-12-15,87.1936,87.1936,87.1936,87.1936,0
2022-12-16,86.9731,86.9731,86.9731,86.9731,0
2022-12-19,86.2675,86.2675,86.2675,86.2675,0
2022-12-20,85.6413,85.6413,85.6413,85.6413,0
2022-12-21,85.7472,85.7472,85.7472,85.7472,0
2022-12-22,85.7207,85.7207,85.7207,85.7207,0
2022-12-23,85.3326,85.3326,85.3326,85.3326,0
2022-12-27,84.6182,84.6182,84.6182,84.6182,0
2022-12-28,84.4154,84.4154,84.4154,84.4154,0
2022-12-29,84.8299,84.8299,84.8299,84.8299,0
2022-12-30,84.4771,84.4771,84.4771,84.4771,0
2023-01-03,85.1386,85.1386,85.1386,85.1386,0
2023-01-04,85.7913,85.7913,85.7913,85.7913,0
2023-01-05,85.6678,85.6678,85.6678,85.6678,0
2023-01-06,86.7702,86.7702,86.7702,86.7702,0
2023-01-09,86.9908,86.9908,86.9908,86.9908,0
2023-01-10,86.444,86.444,86.444,86.444,0
2023-01-11,86.9996,86.9996,86.9996,86.9996,0
2023-01-12,87.7757,87.7757,87.7757,87.7757,0
2023-01-13,87.3083,87.3083,87.3083,87.3083,0
2023-01-17,87.0349,87.0349,87.0349,87.0349,0
2023-01-18,88.2167,88.2167,88.2167,88.2167,0
2023-01-19,88.0491,88.0491,88.0491,88.0491,0
2023-01-20,87.467,87.467,87.467,87.467,0
2023-01-23,87.1848,87.1848,87.1848,87.1848,0
2023-01-24,87.6875,87.6875,87.6875,87.6875,0
2023-01-25,87.7845,87.7845,87.7845,87.7845,0
2023-01-26,87.467,87.467,87.467,87.467,0
2023-01-27,87.3347,87.3347,87.3347,87.3347,0
2023-01-30,87.0613,87.0613,87.0613,87.0613,0
2023-01-31,87.5023,87.5023,87.5023,87.5023,0
2023-02-01,88.1316,88.1316,88.1316,88.1316,0
2023-02-02,88.0963,88.0963,88.0963,88.0963,0
2023-02-03,87.1506,87.1506,87.1506,87.1506,0
2023-02-06,86.3992,86.3992,86.3992,86.3992,0
2023-02-07,86.1871,86.1871,86.1871,86.1871,0
2023-02-08,86.5053,86.5053,86.5053,86.5053,0
2023-02-09,86.1164,86.1164,86.1164,86.1164,0
2023-02-10,85.701,85.701,85.701,85.701,0
2023-02-13,85.9043,85.9043,85.9043,85.9043,0
2023-02-14,85.5154,85.5154,85.5154,85.5154,0
2023-02-15,85.259,85.259,85.259,85.259,0
2023-02-16,84.9762,84.9762,84.9762,84.9762,0
2023-02-17,85.2148,85.2148,85.2148,85.2148,0
2023-02-21,84.2868,84.2868,84.2868,84.2868,0
2023-02-22,84.437,84.437,84.437,84.437,0
2023-02-23,84.7641,84.7641,84.7641,84.7641,0
2023-02-24,84.2514,84.2514,84.2514,84.2514,0
2023-02-27,84.5077,84.5077,84.5077,84.5077,0
2023-02-28,84.6403,84.6403,84.6403,84.6403,0
2023-03-01,83.9637,83.9637,83.9637,83.9637,0
2023-03-02,83.6182,83.6182,83.6182,83.6182,0
2023-03-03,84.2913,84.2913,84.2913,84.2913,0
2023-03-06,84.1408,84.1408,84.1408,84.1408,0
2023-03-07,84.1496,84.1496,84.1496,84.1496,0
2023-03-08,84.1231,84.1231,84.1231,84.1231,0
2023-03-09,84.6456,84.6456,84.6456,84.6456,0
2023-03-10,86.2045,86.2045,86.2045,86.2045,0
2023-03-13,87.2495,87.2495,87.2495,87.2495,0
2023-03-14,86.4259,86.4259,86.4259,86.4259,0
2023-03-15,87.6747,87.6747,87.6747,87.6747,0
2023-03-16,86.8864,86.8864,86.8864,86.8864,0
2023-03-17,87.9138,87.9138,87.9138,87.9138,0
2023-03-20,87.5595,87.5595,87.5595,87.5595,0
2023-03-21,86.7979,86.7979,86.7979,86.7979,0
2023-03-22,87.9404,87.9404,87.9404,87.9404,0
2023-03-23,88.4452,88.4452,88.4452,88.4452,0
2023-03-24,88.4718,88.4718,88.4718,88.4718,0
2023-03-27,87.3824,87.3824,87.3824,87.3824,0
2023-03-28,87.3293,87.3293,87.3293,87.3293,0
2023-03-29,87.1787,87.1787,87.1787,87.1787,0
2023-03-30,87.3116,87.3116,87.3116,87.3116,0
2023-03-31,87.7898,87.7898,87.7898,87.7898,0
2023-04-03,88.2034,88.2034,88.2034,88.2034,0
2023-04-04,88.7713,88.7713,88.7713,88.7713,0
2023-04-05,89.1441,89.1441,89.1441,89.1441,0
2023-04-06,89.1707,89.1707,89.1707,89.1707,0
2023-04-10,88.2921,88.2921,88.2921,88.2921,0
2023-04-11,88.2566,88.2566,88.2566,88.2566,0
2023-04-12,88.514,88.514,88.514,88.514,0
2023-04-13,88.2212,88.2212,88.2212,88.2212,0
2023-04-14,87.7863,87.7863,87.7863,87.7863,0
2023-04-17,87.2272,87.2272,87.2272,87.2272,0
2023-04-18,87.3692,87.3692,87.3692,87.3692,0
2023-04-19,87.1828,87.1828,87.1828,87.1828,0
2023-04-20,87.6887,87.6887,87.6887,87.6887,0
2023-04-21,87.4757,87.4757,87.4757,87.4757,0
2023-04-24,87.9017,87.9017,87.9017,87.9017,0
2023-04-25,88.7713,88.7713,88.7713,88.7713,0
2023-04-26,88.4253,88.4253,88.4253,88.4253,0
2023-04-27,87.8484,87.8484,87.8484,87.8484,0
2023-04-28,88.5051,88.5051,88.5051,88.5051,0
2023-05-01,87.4634,87.4634,87.4634,87.4634,0
2023-05-02,88.6021,88.6021,88.6021,88.6021,0
2023-05-03,89.1803,89.1803,89.1803,89.1803,0
2023-05-04,89.1625,89.1625,89.1625,89.1625,0
2023-05-05,88.6821,88.6821,88.6821,88.6821,0
2023-05-08,88.1395,88.1395,88.1395,88.1395,0
2023-05-09,88.0327,88.0327,88.0327,88.0327,0
2023-05-10,88.691,88.691,88.691,88.691,0
2023-05-11,89.0202,89.0202,89.0202,89.0202,0
2023-05-12,88.4864,88.4864,88.4864,88.4864,0
2023-05-15,88.2907,88.2907,88.2907,88.2907,0
2023-05-16,88.0061,88.0061,88.0061,88.0061,0
2023-05-17,87.7214,87.7214,87.7214,87.7214,0
2023-05-18,87.1788,87.1788,87.1788,87.1788,0
2023-05-19,86.8496,86.8496,86.8496,86.8496,0
2023-05-22,86.6895,86.6895,86.6895,86.6895,0
2023-05-23,86.8318,86.8318,86.8318,86.8318,0
2023-05-24,86.6094,86.6094,86.6094,86.6094,0
2023-05-25,86.0668,86.0668,86.0668,86.0668,0
2023-05-26,86.2269,86.2269,86.2269,86.2269,0
2023-05-30,86.903,86.903,86.903,86.903,0
2023-05-31,87.2321,87.2321,87.2321,87.2321,0
2023-06-01,87.4747,87.4747,87.4747,87.4747,0
2023-06-02,86.7792,86.7792,86.7792,86.7792,0
2023-06-05,86.7524,86.7524,86.7524,86.7524,0
2023-06-06,86.8059,86.8059,86.8059,86.8059,0
2023-06-07,86.1728,86.1728,86.1728,86.1728,0
2023-06-08,86.7524,86.7524,86.7524,86.7524,0
2023-06-09,86.4403,86.4403,86.4403,86.4403,0
2023-06-12,86.583,86.583,86.583,86.583,0
2023-06-13,85.9677,85.9677,85.9677,85.9677,0
2023-06-14,86.0836,86.0836,86.0836,86.0836,0
2023-06-15,86.7524,86.7524,86.7524,86.7524,0
2023-06-16,86.3779,86.3779,86.3779,86.3779,0
2023-06-20,86.6365,86.6365,86.6365,86.6365,0
2023-06-21,86.7167,86.7167,86.7167,86.7167,0
2023-06-22,86.2263,86.2263,86.2263,86.2263,0
2023-06-23,86.583,86.583,86.583,86.583,0
2023-06-26,86.797,86.797,86.797,86.797,0
2023-06-27,86.4938,86.4938,86.4938,86.4938,0
2023-06-28,86.8416,86.8416,86.8416,86.8416,0
2023-06-29,85.9499,85.9499,85.9499,85.9499,0
2023-06-30,86.1371,86.1371,86.1371,86.1371,0
2023-07-03,85.7635,85.7635,85.7635,85.7635,0
2023-07-05,85.3523,85.3523,85.3523,85.3523,0
2023-07-06,84.6552,84.6552,84.6552,84.6552,0
2023-07-07,84.5479,84.5479,84.5479,84.5479,0
2023-07-10,84.9859,84.9859,84.9859,84.9859,0
2023-07-11,85.1647,85.1647,85.1647,85.1647,0
2023-07-12,85.9959,85.9959,85.9959,85.9959,0
2023-07-13,86.711,86.711,86.711,86.711,0
2023-07-14,86.282,86.282,86.282,86.282,0
2023-07-17,86.425,86.425,86.425,86.425,0
2023-07-18,86.5233,86.5233,86.5233,86.5233,0
2023-07-19,86.8183,86.8183,86.8183,86.8183,0
2023-07-20,86.13,86.13,86.13,86.13,0
2023-07-21,86.2015,86.2015,86.2015,86.2015,0
2023-07-24,85.9959,85.9959,85.9959,85.9959,0
2023-07-25,85.835,85.835,85.835,85.835,0
2023-07-26,86.13,86.13,86.13,86.13,0
2023-07-27,85.1914,85.1914,85.1914,85.1914,0
2023-07-28,85.4686,85.4686,85.4686,85.4686,0
2023-07-31,85.5758,85.5758,85.5758,85.5758,0
2023-08-01,85.0758,85.0758,85.0758,85.0758,0
2023-08-02,84.9055,84.9055,84.9055,84.9055,0
2023-08-03,84.2783,84.2783,84.2783,84.2783,0
2023-08-04,85.1743,85.1743,85.1743,85.1743,0
2023-08-07,84.9683,84.9683,84.9683,84.9683,0
2023-08-08,85.3984,85.3984,85.3984,85.3984,0
2023-08-09,85.4521,85.4521,85.4521,85.4521,0
2023-08-10,84.798,84.798,84.798,84.798,0
2023-08-11,84.3499,84.3499,84.3499,84.3499,0
2023-08-14,84.2155,84.2155,84.2155,84.2155,0
2023-08-15,84.0542,84.0542,84.0542,84.0542,0
2023-08-16,83.7316,83.7316,83.7316,83.7316,0
2023-08-17,83.6241,83.6241,83.6241,83.6241,0
2023-08-18,83.875,83.875,83.875,83.875,0
2023-08-21,83.3553,83.3553,83.3553,83.3553,0
2023-08-22,83.3911,83.3911,83.3911,83.3911,0
2023-08-23,84.2962,84.2962,84.2962,84.2962,0
2023-08-24,83.9826,83.9826,83.9826,83.9826,0
2023-08-25,83.9557,83.9557,83.9557,83.9557,0
2023-08-28,84.1886,84.1886,84.1886,84.1886,0
2023-08-29,84.789,84.789,84.789,84.789,0
2023-08-30,84.7801,84.7801,84.7801,84.7801,0
2023-08-31,84.9503,84.9503,84.9503,84.9503,0
2023-09-01,84.4311,84.4311,84.4311,84.4311,0
2023-09-05,83.919,83.919,83.919,83.919,0
2023-09-06,83.7033,83.7033,83.7033,83.7033,0
2023-09-07,83.9908,83.9908,83.9908,83.9908,0
2023-09-08,84.0088,84.0088,84.0088,84.0088,0
2023-09-11,83.8651,83.8651,83.8651,83.8651,0
2023-09-12,83.9819,83.9819,83.9819,83.9819,0
2023-09-13,84.0807,84.0807,84.0807,84.0807,0
2023-09-14,83.892,83.892,83.892,83.892,0
2023-09-15,83.6315,83.6315,83.6315,83.6315,0
2023-09-18,83.7123,83.7123,83.7123,83.7123,0
2023-09-19,83.4069,83.4069,83.4069,83.4069,0
2023-09-20,83.344,83.344,83.344,83.344,0
2023-09-21,82.7241,82.7241,82.7241,82.7241,0
2023-09-22,83.0475,83.0475,83.0475,83.0475,0
2023-09-25,82.4366,82.4366,82.4366,82.4366,0
2023-09-26,82.4097,82.4097,82.4097,82.4097,0
2023-09-27,82.0413,82.0413,82.0413,82.0413,0
2023-09-28,82.2659,82.2659,82.2659,82.2659,0
2023-09-29,82.2839,82.2839,82.2839,82.2839,0
2023-10-02,81.6165,81.6165,81.6165,81.6165,0
2023-10-03,80.9409,80.9409,80.9409,80.9409,0
2023-10-04,81.4543,81.4543,81.4543,81.4543,0
2023-10-05,81.6074,81.6074,81.6074,81.6074,0
2023-10-06,81.13,81.13,81.13,81.13,0
2023-10-09,82.1659,82.1659,82.1659,82.1659,0
2023-10-10,82.0038,82.0038,82.0038,82.0038,0
2023-10-11,82.4541,82.4541,82.4541,82.4541,0
2023-10-12,81.6615,81.6615,81.6615,81.6615,0
2023-10-13,82.1839,82.1839,82.1839,82.1839,0
2023-10-16,81.6975,81.6975,81.6975,81.6975,0
2023-10-17,80.8958,80.8958,80.8958,80.8958,0
2023-10-18,80.5175,80.5175,80.5175,80.5175,0
2023-10-19,80.1212,80.1212,80.1212,80.1212,0
2023-10-20,80.5896,80.5896,80.5896,80.5896,0
2023-10-23,80.9679,80.9679,80.9679,80.9679,0
2023-10-24,81.112,81.112,81.112,81.112,0
2023-10-25,80.4004,80.4004,80.4004,80.4004,0
2023-10-26,81.0129,81.0129,81.0129,81.0129,0
2023-10-27,81.139,81.139,81.139,81.139,0
2023-10-30,80.8688,80.8688,80.8688,80.8688,0
2023-10-31,80.6977,80.6977,80.6977,80.6977,0
2023-11-01,81.6271,81.6271,81.6271,81.6271,0
2023-11-02,82.133,82.133,82.133,82.133,0
2023-11-03,82.7652,82.7652,82.7652,82.7652,0
2023-11-06,82.2865,82.2865,82.2865,82.2865,0
2023-11-07,82.7562,82.7562,82.7562,82.7562,0
2023-11-08,83.0904,83.0904,83.0904,83.0904,0
2023-11-09,82.2684,82.2684,82.2684,82.2684,0
2023-11-10,82.3587,82.3587,82.3587,82.3587,0
2023-11-13,82.3136,82.3136,82.3136,82.3136,0
2023-11-14,83.5511,83.5511,83.5511,83.5511,0
2023-11-15,82.9007,82.9007,82.9007,82.9007,0
2023-11-16,83.524,83.524,83.524,83.524,0
2023-11-17,83.5782,83.5782,83.5782,83.5782,0
2023-11-20,83.6956,83.6956,83.6956,83.6956,0
2023-11-21,83.804,83.804,83.804,83.804,0
2023-11-22,83.7769,83.7769,83.7769,83.7769,0
2023-11-24,83.3433,83.3433,83.3433,83.3433,0
2023-11-27,83.9756,83.9756,83.9756,83.9756,0
2023-11-28,84.3459,84.3459,84.3459,84.3459,0
2023-11-29,84.7885,84.7885,84.7885,84.7885,0
2023-11-30,84.373,84.373,84.373,84.373,0
2023-12-01,85.1691,85.1691,85.1691,85.1691,0
2023-12-04,84.8159,84.8159,84.8159,84.8159,0
2023-12-05,85.4136,85.4136,85.4136,85.4136,0
2023-12-06,85.7668,85.7668,85.7668,85.7668,0
2023-12-07,85.6401,85.6401,85.6401,85.6401,0
2023-12-08,85.0876,85.0876,85.0876,85.0876,0
2023-12-11,85.0967,85.0967,85.0967,85.0967,0
2023-12-12,85.2778,85.2778,85.2778,85.2778,0
2023-12-13,86.5457,86.5457,86.5457,86.5457,0
2023-12-14,87.2651,87.2651,87.2651,87.2651,0
2023-12-15,87.1924,87.1924,87.1924,87.1924,0
2023-12-18,87.0017,87.0017,87.0017,87.0017,0
2023-12-19,87.1652,87.1652,87.1652,87.1652,0
2023-12-20,87.5921,87.5921,87.5921,87.5921,0
2023-12-21,87.4559,87.4559,87.4559,87.4559,0
2023-12-22,87.3741,87.3741,87.3741,87.3741,0
2023-12-26,87.4286,87.4286,87.4286,87.4286,0
2023-12-27,88.1099,88.1099,88.1099,88.1099,0
2023-12-28,87.7738,87.7738,87.7738,87.7738,0
2023-12-29,87.5558,87.5558,87.5558,87.5558,0
2024-01-02,87.2288,87.2288,87.2288,87.2288,0
2024-01-03,87.4377,87.4377,87.4377,87.4377,0
2024-01-04,86.9109,86.9109,86.9109,86.9109,0
2024-01-05,86.5929,86.5929,86.5929,86.5929,0
2024-01-08,86.8836,86.8836,86.8836,86.8836,0
2024-01-09,86.8473,86.8473,86.8473,86.8473,0
2024-01-10,86.711,86.711,86.711,86.711,0
2024-01-11,87.1743,87.1743,87.1743,87.1743,0
2024-01-12,87.4105,87.4105,87.4105,87.4105,0
2024-01-16,86.702,86.702,86.702,86.702,0
2024-01-17,86.4204,86.4204,86.4204,86.4204,0
2024-01-18,86.2296,86.2296,86.2296,86.2296,0
2024-01-19,86.2387,86.2387,86.2387,86.2387,0
2024-01-22,86.5021,86.5021,86.5021,86.5021,0
2024-01-23,86.2841,86.2841,86.2841,86.2841,0
2024-01-24,86.0388,86.0388,86.0388,86.0388,0
2024-01-25,86.4113,86.4113,86.4113,86.4113,0
2024-01-26,86.2569,86.2569,86.2569,86.2569,0
2024-01-29,86.7746,86.7746,86.7746,86.7746,0
2024-01-30,86.8927,86.8927,86.8927,86.8927,0
2024-01-31,87.6194,87.6194,87.6194,87.6194,0
2024-02-01,88.1621,88.1621,88.1621,88.1621,0
2024-02-02,87.0148,87.0148,87.0148,87.0148,0
2024-02-05,86.1679,86.1679,86.1679,86.1679,0
2024-02-06,86.6323,86.6323,86.6323,86.6323,0
2024-02-07,86.4775,86.4775,86.4775,86.4775,0
2024-02-08,86.1953,86.1953,86.1953,86.1953,0
2024-02-09,86.0405,86.0405,86.0405,86.0405,0
2024-02-12,86.1224,86.1224,86.1224,86.1224,0
2024-02-13,85.1754,85.1754,85.1754,85.1754,0
2024-02-14,85.4941,85.4941,85.4941,85.4941,0
2024-02-15,85.7308,85.7308,85.7308,85.7308,0
2024-02-16,85.3575,85.3575,85.3575,85.3575,0
2024-02-20,85.5032,85.5032,85.5032,85.5032,0
2024-02-21,85.23,85.23,85.23,85.23,0
2024-02-22,85.2391,85.2391,85.2391,85.2391,0
2024-02-23,85.6307,85.6307,85.6307,85.6307,0
2024-02-26,85.5032,85.5032,85.5032,85.5032,0
2024-02-27,85.312,85.312,85.312,85.312,0
2024-02-28,85.6216,85.6216,85.6216,85.6216,0
2024-02-29,85.7946,85.7946,85.7946,85.7946,0
2024-03-01,86.1863,86.1863,86.1863,86.1863,0
2024-03-04,85.9945,85.9945,85.9945,85.9945,0
2024-03-05,86.5241,86.5241,86.5241,86.5241,0
2024-03-06,86.7341,86.7341,86.7341,86.7341,0
2024-03-07,86.8802,86.8802,86.8802,86.8802,0
2024-03-08,86.944,86.944,86.944,86.944,0
2024-03-11,86.8345,86.8345,86.8345,86.8345,0
2024-03-12,86.4784,86.4784,86.4784,86.4784,0
2024-03-13,86.2867,86.2867,86.2867,86.2867,0
2024-03-14,85.6476,85.6476,85.6476,85.6476,0
2024-03-15,85.5015,85.5015,85.5015,85.5015,0
2024-03-18,85.4011,85.4011,85.4011,85.4011,0
2024-03-19,85.6476,85.6476,85.6476,85.6476,0
2024-03-20,85.8484,85.8484,85.8484,85.8484,0
2024-03-21,85.8576,85.8576,85.8576,85.8576,0
2024-03-22,86.2776,86.2776,86.2776,86.2776,0
2024-03-25,86.0493,86.0493,86.0493,86.0493,0
2024-03-26,86.1771,86.1771,86.1771,86.1771,0
2024-03-27,86.5058,86.5058,86.5058,86.5058,0
2024-03-28,86.4236,86.4236,86.4236,86.4236,0
2024-04-01,85.6417,85.6417,85.6417,85.6417,0
2024-04-02,85.4585,85.4585,85.4585,85.4585,0
2024-04-03,85.5592,85.5592,85.5592,85.5592,0
2024-04-04,85.8523,85.8523,85.8523,85.8523,0
2024-04-05,85.2846,85.2846,85.2846,85.2846,0
2024-04-08,85.0923,85.0923,85.0923,85.0923,0
2024-04-09,85.4311,85.4311,85.4311,85.4311,0
2024-04-10,84.2956,84.2956,84.2956,84.2956,0
2024-04-11,84.1766,84.1766,84.1766,84.1766,0
2024-04-12,84.5246,84.5246,84.5246,84.5246,0
2024-04-15,83.9843,83.9843,83.9843,83.9843,0
2024-04-16,83.6547,83.6547,83.6547,83.6547,0
2024-04-17,84.1858,84.1858,84.1858,84.1858,0
2024-04-18,83.8928,83.8928,83.8928,83.8928,0
2024-04-19,84.0026,84.0026,84.0026,84.0026,0
2024-04-22,84.0118,84.0118,84.0118,84.0118,0
2024-04-23,84.1217,84.1217,84.1217,84.1217,0
2024-04-24,83.8653,83.8653,83.8653,83.8653,0
2024-04-25,83.5448,83.5448,83.5448,83.5448,0
2024-04-26,83.7737,83.7737,83.7737,83.7737,0
2024-04-29,84.1125,84.1125,84.1125,84.1125,0
2024-04-30,83.7188,83.7188,83.7188,83.7188,0
2024-05-01,84.0503,84.0503,84.0503,84.0503,0
2024-05-02,84.4452,84.4452,84.4452,84.4452,0
2024-05-03,84.9136,84.9136,84.9136,84.9136,0
2024-05-06,84.9871,84.9871,84.9871,84.9871,0
2024-05-07,85.2075,85.2075,85.2075,85.2075,0
2024-05-08,84.9687,84.9687,84.9687,84.9687,0
2024-05-09,85.2258,85.2258,85.2258,85.2258,0
2024-05-10,84.9503,84.9503,84.9503,84.9503,0
2024-05-13,85.0514,85.0514,85.0514,85.0514,0
2024-05-14,85.2993,85.2993,85.2993,85.2993,0
2024-05-15,85.9422,85.9422,85.9422,85.9422,0
2024-05-16,85.7769,85.7769,85.7769,85.7769,0
2024-05-17,85.5105,85.5105,85.5105,85.5105,0
2024-05-20,85.382,85.382,85.382,85.382,0
2024-05-21,85.6024,85.6024,85.6024,85.6024,0
2024-05-22,85.4921,85.4921,85.4921,85.4921,0
2024-05-23,85.1891,85.1891,85.1891,85.1891,0
2024-05-24,85.2993,85.2993,85.2993,85.2993,0
2024-05-28,84.8218,84.8218,84.8218,84.8218,0
2024-05-29,84.4085,84.4085,84.4085,84.4085,0
2024-05-30,84.8309,84.8309,84.8309,84.8309,0
2024-05-31,85.2258,85.2258,85.2258,85.2258,0
2024-06-03,85.784,85.784,85.784,85.784,0
2024-06-04,86.2538,86.2538,86.2538,86.2538,0
2024-06-05,86.567,86.567,86.567,86.567,0
2024-06-06,86.5302,86.5302,86.5302,86.5302,0
2024-06-07,85.6182,85.6182,85.6182,85.6182,0
2024-06-10,85.434,85.434,85.434,85.434,0
2024-06-11,85.8854,85.8854,85.8854,85.8854,0
2024-06-12,86.3644,86.3644,86.3644,86.3644,0
2024-06-13,86.9354,86.9354,86.9354,86.9354,0
2024-06-14,87.1381,87.1381,87.1381,87.1381,0
2024-06-17,86.7328,86.7328,86.7328,86.7328,0
2024-06-18,87.1105,87.1105,87.1105,87.1105,0
2024-06-20,86.8894,86.8894,86.8894,86.8894,0
2024-06-21,86.9078,86.9078,86.9078,86.9078,0
2024-06-24,86.9815,86.9815,86.9815,86.9815,0
2024-06-25,87.0552,87.0552,87.0552,87.0552,0
2024-06-26,86.5302,86.5302,86.5302,86.5302,0
2024-06-27,86.7236,86.7236,86.7236,86.7236,0
2024-06-28,86.263,86.263,86.263,86.263,0
2024-07-01,85.6209,85.6209,85.6209,85.6209,0
2024-07-02,85.9443,85.9443,85.9443,85.9443,0
2024-07-03,86.5171,86.5171,86.5171,86.5171,0
2024-07-05,86.9975,86.9975,86.9975,86.9975,0
2024-07-08,87.0253,87.0253,87.0253,87.0253,0
2024-07-09,86.9052,86.9052,86.9052,86.9052,0
2024-07-10,86.9883,86.9883,86.9883,86.9883,0
2024-07-11,87.5427,87.5427,87.5427,87.5427,0
2024-07-12,87.7274,87.7274,87.7274,87.7274,0
2024-07-15,87.4503,87.4503,87.4503,87.4503,0
2024-07-16,87.8383,87.8383,87.8383,87.8383,0
2024-07-17,87.9122,87.9122,87.9122,87.9122,0
2024-07-18,87.6628,87.6628,87.6628,87.6628,0
2024-07-19,87.3856,87.3856,87.3856,87.3856,0
2024-07-22,87.3025,87.3025,87.3025,87.3025,0
2024-07-23,87.3671,87.3671,87.3671,87.3671,0
2024-07-24,87.1731,87.1731,87.1731,87.1731,0
2024-07-25,87.3671,87.3671,87.3671,87.3671,0
2024-07-26,87.7829,87.7829,87.7829,87.7829,0
2024-07-29,87.9307,87.9307,87.9307,87.9307,0
2024-07-30,88.1155,88.1155,88.1155,88.1155,0
2024-07-31,88.7623,88.7623,88.7623,88.7623,0
2024-08-01,89.1413,89.1413,89.1413,89.1413,0
2024-08-02,90.5221,90.5221,90.5221,90.5221,0
2024-08-05,90.6148,90.6148,90.6148,90.6148,0
2024-08-06,89.8085,89.8085,89.8085,89.8085,0
2024-08-07,89.4842,89.4842,89.4842,89.4842,0
2024-08-08,89.2154,89.2154,89.2154,89.2154,0
2024-08-09,89.5769,89.5769,89.5769,89.5769,0
2024-08-12,89.8271,89.8271,89.8271,89.8271,0
2024-08-13,90.2255,90.2255,90.2255,90.2255,0
2024-08-14,90.346,90.346,90.346,90.346,0
2024-08-15,89.7807,89.7807,89.7807,89.7807,0
2024-08-16,89.9568,89.9568,89.9568,89.9568,0
2024-08-19,90.0773,90.0773,90.0773,90.0773,0
2024-08-20,90.4387,90.4387,90.4387,90.4387,0
2024-08-21,90.6241,90.6241,90.6241,90.6241,0
2024-08-22,90.207,90.207,90.207,90.207,0
2024-08-23,90.6241,90.6241,90.6241,90.6241,0
2024-08-26,90.5128,90.5128,90.5128,90.5128,0
2024-08-27,90.4758,90.4758,90.4758,90.4758,0
2024-08-28,90.4294,90.4294,90.4294,90.4294,0
2024-08-29,90.2719,90.2719,90.2719,90.2719,0
2024-08-30,89.9568,89.9568,89.9568,89.9568,0
2024-09-03,90.5498,90.5498,90.5498,90.5498,0
2024-09-04,91.0796,91.0796,91.0796,91.0796,0
2024-09-05,91.2934,91.2934,91.2934,91.2934,0
2024-09-06,91.4235,91.4235,91.4235,91.4235,0
2024-09-09,91.5536,91.5536,91.5536,91.5536,0
2024-09-10,91.944,91.944,91.944,91.944,0
2024-09-11,91.879,91.879,91.879,91.879,0
2024-09-12,91.7303,91.7303,91.7303,91.7303,0
2024-09-13,91.9069,91.9069,91.9069,91.9069,0
2024-09-16,92.1485,92.1485,92.1485,92.1485,0
2024-09-17,91.9812,91.9812,91.9812,91.9812,0
2024-09-18,91.5815,91.5815,91.5815,91.5815,0
2024-09-19,91.5072,91.5072,91.5072,91.5072,0
2024-09-20,91.4793,91.4793,91.4793,91.4793,0
2024-09-23,91.4235,91.4235,91.4235,91.4235,0
2024-09-24,91.5258,91.5258,91.5258,91.5258,0
2024-09-25,91.154,91.154,91.154,91.154,0
2024-09-26,91.0889,91.0889,91.0889,91.0889,0
2024-09-27,91.4514,91.4514,91.4514,91.4514,0
2024-09-30,91.2005,91.2005,91.2005,91.2005,0
2024-10-01,91.5323,91.5323,91.5323,91.5323,0
2024-10-02,91.2713,91.2713,91.2713,91.2713,0
2024-10-03,90.8052,90.8052,90.8052,90.8052,0
2024-10-04,89.9289,89.9289,89.9289,89.9289,0
2024-10-07,89.6027,89.6027,89.6027,89.6027,0
2024-10-08,89.6772,89.6772,89.6772,89.6772,0
2024-10-09,89.3416,89.3416,89.3416,89.3416,0
2024-10-10,89.3323,89.3323,89.3323,89.3323,0
2024-10-11,89.3603,89.3603,89.3603,89.3603,0
2024-10-14,89.2018,89.2018,89.2018,89.2018,0
2024-10-15,89.6586,89.6586,89.6586,89.6586,0
2024-10-16,89.7985,89.7985,89.7985,89.7985,0
2024-10-17,89.3323,89.3323,89.3323,89.3323,0
2024-10-18,89.4349,89.4349,89.4349,89.4349,0
2024-10-21,88.745,88.745,88.745,88.745,0
2024-10-22,88.6611,88.6611,88.6611,88.6611,0
2024-10-23,88.4561,88.4561,88.4561,88.4561,0
2024-10-24,88.6518,88.6518,88.6518,88.6518,0
2024-10-25,88.4561,88.4561,88.4561,88.4561,0
2024-10-28,88.251,88.251,88.251,88.251,0
2024-10-29,88.2883,88.2883,88.2883,88.2883,0
2024-10-30,88.1578,88.1578,88.1578,88.1578,0
2024-10-31,88.1112,88.1112,88.1112,88.1112,0
2024-11-01,87.5894,87.5894,87.5894,87.5894,0
2024-11-04,88.0569,88.0569,88.0569,88.0569,0
2024-11-05,88.1037,88.1037,88.1037,88.1037,0
2024-11-06,87.1966,87.1966,87.1966,87.1966,0
2024-11-07,87.898,87.898,87.898,87.898,0
2024-11-08,88.085,88.085,88.085,88.085,0
2024-11-11,87.8419,87.8419,87.8419,87.8419,0
2024-11-12,87.2902,87.2902,87.2902,87.2902,0
2024-11-13,87.2341,87.2341,87.2341,87.2341,0
2024-11-14,87.2247,87.2247,87.2247,87.2247,0
2024-11-15,87.2621,87.2621,87.2621,87.2621,0
2024-11-18,87.4585,87.4585,87.4585,87.4585,0
2024-11-19,87.6455,87.6455,87.6455,87.6455,0
2024-11-20,87.5146,87.5146,87.5146,87.5146,0
2024-11-21,87.4678,87.4678,87.4678,87.4678,0
2024-11-22,87.5239,87.5239,87.5239,87.5239,0
2024-11-25,88.4684,88.4684,88.4684,88.4684,0
2024-11-26,88.2813,88.2813,88.2813,88.2813,0
2024-11-27,88.6367,88.6367,88.6367,88.6367,0
2024-11-29,89.0107,89.0107,89.0107,89.0107,0
2024-12-02,89.0032,89.0032,89.0032,89.0032,0
2024-12-03,88.75,88.75,88.75,88.75,0
2024-12-04,89.0876,89.0876,89.0876,89.0876,0
2024-12-05,89.0783,89.0783,89.0783,89.0783,0
2024-12-06,89.3596,89.3596,89.3596,89.3596,0
2024-12-09,89.0501,89.0501,89.0501,89.0501,0
2024-12-10,88.8906,88.8906,88.8906,88.8906,0
2024-12-11,88.628,88.628,88.628,88.628,0
2024-12-12,88.2904,88.2904,88.2904,88.2904,0
2024-12-13,87.8776,87.8776,87.8776,87.8776,0
2024-12-16,87.9058,87.9058,87.9058,87.9058,0
2024-12-17,87.9058,87.9058,87.9058,87.9058,0
2024-12-18,87.2263,87.2263,87.2263,87.2263,0
2024-12-19,86.8311,86.8311,86.8311,86.8311,0
2024-12-20,87.1511,87.1511,87.1511,87.1511,0
2024-12-23,86.7652,86.7652,86.7652,86.7652,0
2024-12-24,86.8123,86.8123,86.8123,86.8123,0
2024-12-26,86.8782,86.8782,86.8782,86.8782,0
2024-12-27,86.6523,86.6523,86.6523,86.6523,0
2024-12-30,87.1605,87.1605,87.1605,87.1605,0
2024-12-31,87.0005,87.0005,87.0005,87.0005,0
2025-01-02,87.0475,87.0475,87.0475,87.0475,0
2025-01-03,86.9064,86.9064,86.9064,86.9064,0
2025-01-06,86.8217,86.8217,86.8217,86.8217,0
2025-01-07,86.4264,86.4264,86.4264,86.4264,0
2025-01-08,86.577,86.577,86.577,86.577,0
2025-01-10,85.9465,85.9465,85.9465,85.9465,0
2025-01-13,85.7959,85.7959,85.7959,85.7959,0
2025-01-14,85.8242,85.8242,85.8242,85.8242,0
2025-01-15,86.7276,86.7276,86.7276,86.7276,0
2025-01-16,86.9346,86.9346,86.9346,86.9346,0
2025-01-17,87.0005,87.0005,87.0005,87.0005,0
2025-01-21,87.2922,87.2922,87.2922,87.2922,0
2025-01-22,87.0664,87.0664,87.0664,87.0664,0
2025-01-23,86.8405,86.8405,86.8405,86.8405,0
2025-01-24,87.0193,87.0193,87.0193,87.0193,0
2025-01-27,87.584,87.584,87.584,87.584,0
2025-01-28,87.5934,87.5934,87.5934,87.5934,0
2025-01-29,87.4898,87.4898,87.4898,87.4898,0
2025-01-30,87.6781,87.6781,87.6781,87.6781,0
2025-01-31,87.5369,87.5369,87.5369,87.5369,0
2025-02-03,87.5992,87.5992,87.5992,87.5992,0
2025-02-04,87.8163,87.8163,87.8163,87.8163,0
2025-02-05,88.3261,88.3261,88.3261,88.3261,0
2025-02-06,88.2223,88.2223,88.2223,88.2223,0
2025-02-07,87.9296,87.9296,87.9296,87.9296,0
2025-02-10,87.9107,87.9107,87.9107,87.9107,0
2025-02-11,87.6842,87.6842,87.6842,87.6842,0
2025-02-12,87.08,87.08,87.08,87.08,0
2025-02-13,87.7314,87.7314,87.7314,87.7314,0
2025-02-14,88.0996,88.0996,88.0996,88.0996,0
2025-02-18,87.6275,87.6275,87.6275,87.6275,0
2025-02-19,87.7691,87.7691,87.7691,87.7691,0
2025-02-20,87.9485,87.9485,87.9485,87.9485,0
2025-02-21,88.4678,88.4678,88.4678,88.4678,0
2025-02-24,88.6566,88.6566,88.6566,88.6566,0
2025-02-25,89.3552,89.3552,89.3552,89.3552,0
2025-02-26,89.6006,89.6006,89.6006,89.6006,0
2025-02-27,89.4967,89.4967,89.4967,89.4967,0
2025-02-28,89.9877,89.9877,89.9877,89.9877,0
2025-03-03,90.3143,90.3143,90.3143,90.3143,0
2025-03-04,90.0303,90.0303,90.0303,90.0303,0
2025-03-05,89.5285,89.5285,89.5285,89.5285,0
2025-03-06,89.4812,89.4812,89.4812,89.4812,0
2025-03-07,89.3675,89.3675,89.3675,89.3675,0
2025-03-10,89.9924,89.9924,89.9924,89.9924,0
2025-03-11,89.6705,89.6705,89.6705,89.6705,0
2025-03-12,89.4054,89.4054,89.4054,89.4054,0
2025-03-13,89.7652,89.7652,89.7652,89.7652,0
2025-03-14,89.4528,89.4528,89.4528,89.4528,0
2025-03-17,89.5285,89.5285,89.5285,89.5285,0
2025-03-18,89.6326,89.6326,89.6326,89.6326,0
2025-03-19,89.9072,89.9072,89.9072,89.9072,0
2025-03-20,90.0398,90.0398,90.0398,90.0398,0
2025-03-21,89.964,89.964,89.964,89.964,0
2025-03-24,89.4433,89.4433,89.4433,89.4433,0
2025-03-25,89.5947,89.5947,89.5947,89.5947,0
2025-03-26,89.3865,89.3865,89.3865,89.3865,0
2025-03-27,89.3107,89.3107,89.3107,89.3107,0
2025-03-28,90.0303,90.0303,90.0303,90.0303,0
2025-03-31,90.2954,90.2954,90.2954,90.2954,0
2025-04-01,90.6126,90.6126,90.6126,90.6126,0
2025-04-02,90.5271,90.5271,90.5271,90.5271,0
2025-04-03,91.458,91.458,91.458,91.458,0
2025-04-04,91.7144,91.7144,91.7144,91.7144,0
2025-04-07,90.6221,90.6221,90.6221,90.6221,0
2025-04-08,90.1662,90.1662,90.1662,90.1662,0
2025-04-09,89.8812,89.8812,89.8812,89.8812,0
2025-04-10,89.3209,89.3209,89.3209,89.3209,0
2025-04-11,88.8175,88.8175,88.8175,88.8175,0
2025-04-14,89.5298,89.5298,89.5298,89.5298,0
2025-04-15,89.7958,89.7958,89.7958,89.7958,0
2025-04-16,90.1852,90.1852,90.1852,90.1852,0
2025-04-17,89.9288,89.9288,89.9288,89.9288,0
2025-04-21,89.4443,89.4443,89.4443,89.4443,0
2025-04-22,89.5108,89.5108,89.5108,89.5108,0
2025-04-23,89.6058,89.6058,89.6058,89.6058,0
2025-04-24,90.0902,90.0902,90.0902,90.0902,0
2025-04-25,90.4322,90.4322,90.4322,90.4322,0
2025-04-28,90.7931,90.7931,90.7931,90.7931,0
2025-04-29,91.1065,91.1065,91.1065,91.1065,0
2025-04-30,91.249,91.249,91.249,91.249,0
2025-05-01,90.8516,90.8516,90.8516,90.8516,0
2025-05-02,90.2418,90.2418,90.2418,90.2418,0
2025-05-05,90.0798,90.0798,90.0798,90.0798,0
2025-05-06,90.3085,90.3085,90.3085,90.3085,0
2025-05-07,90.5467,90.5467,90.5467,90.5467,0
2025-05-08,89.8415,89.8415,89.8415,89.8415,0
2025-05-09,89.9082,89.9082,89.9082,89.9082,0
2025-05-12,89.3365,89.3365,89.3365,89.3365,0
2025-05-13,89.2698,89.2698,89.2698,89.2698,0
2025-05-14,88.9363,88.9363,88.9363,88.9363,0
2025-05-15,89.5175,89.5175,89.5175,89.5175,0
2025-05-16,89.5461,89.5461,89.5461,89.5461,0
2025-05-19,89.4985,89.4985,89.4985,89.4985,0
2025-05-20,89.3841,89.3841,89.3841,89.3841,0
2025-05-21,88.7647,88.7647,88.7647,88.7647,0
2025-05-22,89.0983,89.0983,89.0983,89.0983,0
2025-05-23,89.3555,89.3555,89.3555,89.3555,0
2025-05-27,89.7272,89.7272,89.7272,89.7272,0
2025-05-28,89.4794,89.4794,89.4794,89.4794,0
2025-05-29,89.8511,89.8511,89.8511,89.8511,0
2025-05-30,90.1179,90.1179,90.1179,90.1179,0
2025-06-02,89.8119,89.8119,89.8119,89.8119,0
2025-06-03,89.7259,89.7259,89.7259,89.7259,0
2025-06-04,90.3856,90.3856,90.3856,90.3856,0
2025-06-05,90.1179,90.1179,90.1179,90.1179,0
2025-06-06,89.4008,89.4008,89.4008,89.4008,0
2025-06-09,89.5634,89.5634,89.5634,89.5634,0
2025-06-10,89.7163,89.7163,89.7163,89.7163,0
2025-06-11,90.0892,90.0892,90.0892,90.0892,0
2025-06-12,90.4812,90.4812,90.4812,90.4812,0
2025-06-13,90.1466,90.1466,90.1466,90.1466,0
2025-06-16,89.8884,89.8884,89.8884,89.8884,0
2025-06-17,90.3282,90.3282,90.3282,90.3282,0
2025-06-18,90.3856,90.3856,90.3856,90.3856,0
2025-06-20,90.4429,90.4429,90.4429,90.4429,0
2025-06-23,90.7584,90.7584,90.7584,90.7584,0
2025-06-24,91.0739,91.0739,91.0739,91.0739,0
2025-06-25,91.1122,91.1122,91.1122,91.1122,0
2025-06-26,91.4372,91.4372,91.4372,91.4372,0
2025-06-27,91.1982,91.1982,91.1982,91.1982,0
2025-06-30,91.5615,91.5615,91.5615,91.5615,0
2025-07-01,91.3918,91.3918,91.3918,91.3918,0
2025-07-02,91.2,91.2,91.2,91.2,0
2025-07-03,90.8835,90.8835,90.8835,90.8835,0
2025-07-07,90.5957,90.5957,90.5957,90.5957,0
2025-07-08,90.4614,90.4614,90.4614,90.4614,0
2025-07-09,90.9314,90.9314,90.9314,90.9314,0
2025-07-10,90.8835,90.8835,90.8835,90.8835,0
2025-07-11,90.4614,90.4614,90.4614,90.4614,0
2025-07-14,90.4231,90.4231,90.4231,90.4231,0
2025-07-15,90.0682,90.0682,90.0682,90.0682,0
2025-07-16,90.3176,90.3176,90.3176,90.3176,0
2025-07-17,90.2888,90.2888,90.2888,90.2888,0
2025-07-18,90.5382,90.5382,90.5382,90.5382,0
2025-07-21,90.8547,90.8547,90.8547,90.8547,0
2025-07-22,91.1136,91.1136,91.1136,91.1136,0
2025-07-23,90.7876,90.7876,90.7876,90.7876,0
2025-07-24,90.6533,90.6533,90.6533,90.6533,0
2025-07-25,90.8643,90.8643,90.8643,90.8643,0
2025-07-28,90.6629,90.6629,90.6629,90.6629,0
2025-07-29,91.2575,91.2575,91.2575,91.2575,0
2025-07-30,90.941,90.941,90.941,90.941,0
2025-07-31,91.0177,91.0177,91.0177,91.0177,0
2025-08-01,92.0656,92.0656,92.0656,92.0656,0
2025-08-04,92.1907,92.1907,92.1907,92.1907,0
2025-08-05,92.1233,92.1233,92.1233,92.1233,0
2025-08-06,92.056,92.056,92.056,92.056,0
2025-08-07,91.9886,91.9886,91.9886,91.9886,0
2025-08-08,91.7769,91.7769,91.7769,91.7769,0
2025-08-11,91.8058,91.8058,91.8058,91.8058,0
2025-08-12,91.7865,91.7865,91.7865,91.7865,0
2025-08-13,92.1137,92.1137,92.1137,92.1137,0
2025-08-14,91.8154,91.8154,91.8154,91.8154,0
2025-08-15,91.6326,91.6326,91.6326,91.6326,0
2025-08-18,91.546,91.546,91.546,91.546,0
2025-08-19,91.7769,91.7769,91.7769,91.7769,0
2025-08-20,91.9116,91.9116,91.9116,91.9116,0
2025-08-21,91.6422,91.6422,91.6422,91.6422,0
2025-08-22,92.1522,92.1522,92.1522,92.1522,0
2025-08-25,91.9694,91.9694,91.9694,91.9694,0
2025-08-26,92.2099,92.2099,92.2099,92.2099,0
2025-08-27,92.3831,92.3831,92.3831,92.3831,0
2025-08-28,92.5948,92.5948,92.5948,92.5948,0
2025-08-29,92.5178,92.5178,92.5178,92.5178,0
2025-09-02,92.2417,92.2417,92.2417,92.2417,0
2025-09-03,92.5603,92.5603,92.5603,92.5603,0
2025-09-04,92.9754,92.9754,92.9754,92.9754,0
2025-09-05,93.4291,93.4291,93.4291,93.4291,0
2025-09-08,93.7188,93.7188,93.7188,93.7188,0
2025-09-09,93.4967,93.4967,93.4967,93.4967,0
2025-09-10,93.7477,93.7477,93.7477,93.7477,0
2025-09-11,93.8925,93.8925,93.8925,93.8925,0
2025-09-12,93.6222,93.6222,93.6222,93.6222,0
2025-09-15,93.7767,93.7767,93.7767,93.7767,0
2025-09-16,93.8346,93.8346,93.8346,93.8346,0
2025-09-17,93.6319,93.6319,93.6319,93.6319,0
2025-09-18,93.323,93.323,93.323,93.323,0
2025-09-19,93.2843,93.2843,93.2843,93.2843,0
2025-09-22,93.1299,93.1299,93.1299,93.1299,0
2025-09-23,93.3905,93.3905,93.3905,93.3905,0
2025-09-24,93.1395,93.1395,93.1395,93.1395,0
2025-09-25,92.9368,92.9368,92.9368,92.9368,0
2025-09-26,92.8885,92.8885,92.8885,92.8885,0
2025-09-29,93.1588,93.1588,93.1588,93.1588,0
2025-09-30,93.1202,93.1202,93.1202,93.1202,0
2025-10-01,93.434,93.434,93.434,93.434,0
2025-10-02,93.5308,93.5308,93.5308,93.5308,0
2025-10-03,93.3468,93.3468,93.3468,93.3468,0
2025-10-06,93.0757,93.0757,93.0757,93.0757,0
2025-10-07,93.3081,93.3081,93.3081,93.3081,0
2025-10-08,93.3275,93.3275,93.3275,93.3275,0
2025-10-09,93.2597,93.2597,93.2597,93.2597,0
2025-10-10,93.8407,93.8407,93.8407,93.8407,0
2025-10-13,93.8891,93.8891,93.8891,93.8891,0
2025-10-14,94.1311,94.1311,94.1311,94.1311,0
2025-10-15,94.0247,94.0247,94.0247,94.0247,0
2025-10-16,94.4604,94.4604,94.4604,94.4604,0
2025-10-17,94.3055,94.3055,94.3055,94.3055,0
2025-10-20,94.4313,94.4313,94.4313,94.4313,0
2025-10-21,94.6056,94.6056,94.6056,94.6056,0
2025-10-22,94.625,94.625,94.625,94.625,0
2025-10-23,94.3151,94.3151,94.3151,94.3151,0
2025-10-24,94.4023,94.4023,94.4023,94.4023,0
2025-10-27,94.4023,94.4023,94.4023,94.4023,0
2025-10-28,94.4895,94.4895,94.4895,94.4895,0
2025-10-29,93.8794,93.8794,93.8794,93.8794,0
2025-10-30,93.7438,93.7438,93.7438,93.7438,0
2025-10-31,93.7826,93.7826,93.7826,93.7826,0
2025-11-03,93.7379,93.7379,93.7379,93.7379,0
2025-11-04,93.8545,93.8545,93.8545,93.8545,0
2025-11-05,93.4076,93.4076,93.4076,93.4076,0
2025-11-06,93.8836,93.8836,93.8836,93.8836,0
2025-11-07,93.9225,93.9225,93.9225,93.9225,0
2025-11-10,93.7962,93.7962,93.7962,93.7962,0
2025-11-11,94.0876,94.0876,94.0876,94.0876,0
2025-11-12,94.107,94.107,94.107,94.107,0
2025-11-13,93.835,93.835,93.835,93.835,0
2025-11-14,93.6796,93.6796,93.6796,93.6796,0
2025-11-17,93.7865,93.7865,93.7865,93.7865,0
2025-11-18,93.9419,93.9419,93.9419,93.9419,0
2025-11-19,93.8739,93.8739,93.8739,93.8739,0
2025-11-20,94.0973,94.0973,94.0973,94.0973,0
2025-11-21,94.4081,94.4081,94.4081,94.4081,0
2025-11-24,94.5538,94.5538,94.5538,94.5538,0
2025-11-25,94.7967,94.7967,94.7967,94.7967,0
2025-11-26,94.8744,94.8744,94.8744,94.8744,0
2025-11-28,94.7093,94.7093,94.7093,94.7093,0
2025-12-01,94.2007,94.2007,94.2007,94.2007,0
2025-12-02,94.2786,94.2786,94.2786,94.2786,0
2025-12-03,94.4735,94.4735,94.4735,94.4735,0
2025-12-04,94.1812,94.1812,94.1812,94.1812,0
2025-12-05,93.9864,93.9864,93.9864,93.9864,0
2025-12-08,93.7915,93.7915,93.7915,93.7915,0
2025-12-09,93.6551,93.6551,93.6551,93.6551,0
2025-12-10,93.9571,93.9571,93.9571,93.9571,0
2025-12-11,93.9669,93.9669,93.9669,93.9669,0
2025-12-12,93.7136,93.7136,93.7136,93.7136,0
2025-12-15,93.7915,93.7915,93.7915,93.7915,0
2025-12-16,94.0546,94.0546,94.0546,94.0546,0
2025-12-17,94.0351,94.0351,94.0351,94.0351,0
2025-12-18,94.2786,94.2786,94.2786,94.2786,0
2025-12-19,94.0665,94.0665,94.0665,94.0665,0
2025-12-22,93.9688,93.9688,93.9688,93.9688,0
2025-12-23,93.9297,93.9297,93.9297,93.9297,0
2025-12-24,94.1741,94.1741,94.1741,94.1741,0
2025-12-26,94.262,94.262,94.262,94.262,0
2025-12-29,94.3989,94.3989,94.3989,94.3989,0
2025-12-30,94.3011,94.3011,94.3011,94.3011,0
2025-12-31,93.9883,93.9883,93.9883,93.9883,0
2026-01-02,93.9101,93.9101,93.9101,93.9101,0
2026-01-05,94.1936,94.1936,94.1936,94.1936,0
2026-01-06,94.1252,94.1252,94.1252,94.1252,0
2026-01-07,94.3011,94.3011,94.3011,94.3011,0
2026-01-08,94.0177,94.0177,94.0177,94.0177,0
2026-01-09,94.1252,94.1252,94.1252,94.1252,0
2026-01-12,94.0079,94.0079,94.0079,94.0079,0
2026-01-13,94.1252,94.1252,94.1252,94.1252,0
2026-01-14,94.3207,94.3207,94.3207,94.3207,0
2026-01-15,94.1252,94.1252,94.1252,94.1252,0
2026-01-16,93.7635,93.7635,93.7635,93.7635,0
2026-01-20,93.3921,93.3921,93.3921,93.3921,0
2026-01-21,93.6365,93.6365,93.6365,93.6365,0
2026-01-22,93.6267,93.6267,93.6267,93.6267,0
2026-01-23,93.7831,93.7831,93.7831,93.7831,0
2026-01-26,93.9199,93.9199,93.9199,93.9199,0
2026-01-27,93.8124,93.8124,93.8124,93.8124,0
2026-01-28,93.7342,93.7342,93.7342,93.7342,0
2026-01-29,93.832,93.832,93.832,93.832,0
2026-01-30,93.7733,93.7733,93.7733,93.7733,0
2026-02-02,93.589,93.589,93.589,93.589,0
2026-02-03,93.6772,93.6772,93.6772,93.6772,0
2026-02-04,93.6576,93.6576,93.6576,93.6576,0
2026-02-05,94.2067,94.2067,94.2067,94.2067,0
2026-02-06,94.2067,94.2067,94.2067,94.2067,0
2026-02-09,94.2263,94.2263,94.2263,94.2263,0
2026-02-10,94.6382,94.6382,94.6382,94.6382,0
2026-02-11,94.3734,94.3734,94.3734,94.3734,0
2026-02-12,94.952,94.952,94.952,94.952,0
2026-02-13,95.3246,95.3246,95.3246,95.3246,0
2026-02-17,95.3148,95.3148,95.3148,95.3148,0
2026-02-18,95.1187,95.1187,95.1187,95.1187,0
2026-02-19,95.207,95.207,95.207,95.207,0
2026-02-20,95.207,95.207,95.207,95.207,0
2026-02-23,95.5502,95.5502,95.5502,95.5502,0
2026-02-24,95.5305,95.5305,95.5305,95.5305,0
2026-02-25,95.4521,95.4521,95.4521,95.4521,0
2026-02-26,95.7071,95.7071,95.7071,95.7071,0
2026-02-27,96.0895,96.0895,96.0895,96.0895,0
2026-03-02,95.5122,95.5122,95.5122,95.5122,0
2026-03-03,95.404,95.404,95.404,95.404,0
2026-03-04,95.2073,95.2073,95.2073,95.2073,0
2026-03-05,94.9123,94.9123,94.9123,94.9123,0
2026-03-06,94.8533,94.8533,94.8533,94.8533,0
2026-03-09,95.1483,95.1483,95.1483,95.1483,0
2026-03-10,94.8435,94.8435,94.8435,94.8435,0
2026-03-11,94.4108,94.4108,94.4108,94.4108,0
2026-03-12,94.1059,94.1059,94.1059,94.1059,0
2026-03-13,94.0075,94.0075,94.0075,94.0075,0
2026-03-16,94.4304,94.4304,94.4304,94.4304,0
2026-03-17,94.5976,94.5976,94.5976,94.5976,0
2026-03-18,94.1649,94.1649,94.1649,94.1649,0
2026-03-19,94.1551,94.1551,94.1551,94.1551,0
2026-03-20,93.3093,93.3093,93.3093,93.3093,0
2026-03-23,93.6043,93.6043,93.6043,93.6043,0
2026-03-24,93.2896,93.2896,93.2896,93.2896,0
2026-03-25,93.7813,93.7813,93.7813,93.7813,0
2026-03-26,93.0241,93.0241,93.0241,93.0241,0
2026-03-27,93.0339,93.0339,93.0339,93.0339,0
2026-03-30,93.6928,93.6928,93.6928,93.6928,0
2026-03-31,93.86,93.86,93.86,93.86,0
2026-04-01,93.7781,93.7781,93.7781,93.7781,0
2026-04-02,93.9952,93.9952,93.9952,93.9952,0
2026-04-06,93.7485,93.7485,93.7485,93.7485,0
2026-04-07,93.9853,93.9853,93.9853,93.9853,0
2026-04-08,94.1926,94.1926,94.1926,94.1926,0
2026-04-09,94.1629,94.1629,94.1629,94.1629,0
2026-04-10,94.0051,94.0051,94.0051,94.0051,0
2026-04-13,94.2123,94.2123,94.2123,94.2123,0
2026-04-14,94.5182,94.5182,94.5182,94.5182,0
2026-04-15,94.311,94.311,94.311,94.311,0
2026-04-16,94.1432,94.1432,94.1432,94.1432,0
2026-04-17,94.6563,94.6563,94.6563,94.6563,0
2026-04-20,94.5675,94.5675,94.5675,94.5675,0
2026-04-21,94.1531,94.1531,94.1531,94.1531,0
2026-04-22,94.2517,94.2517,94.2517,94.2517,0
2026-04-23,94.1038,94.1038,94.1038,94.1038,0
2026-04-24,94.2912,94.2912,94.2912,94.2912,0
2026-04-27,94.0741,94.0741,94.0741,94.0741,0
2026-04-28,93.9853,93.9853,93.9853,93.9853,0
2026-04-29,93.5413,93.5413,93.5413,93.5413,0
2026-04-30,93.7189,93.7189,93.7189,93.7189,0
2026-05-01,93.7902,93.7902,93.7902,93.7902,0
2026-05-04,93.4437,93.4437,93.4437,93.4437,0
2026-05-05,93.5823,93.5823,93.5823,93.5823,0
2026-05-06,94.0476,94.0476,94.0476,94.0476,0
2026-05-07,93.7605,93.7605,93.7605,93.7605,0
2026-05-08,94.008,94.008,94.008,94.008,0
2026-05-11,93.6912,93.6912,93.6912,93.6912,0
2026-05-12,93.3744,93.3744,93.3744,93.3744,0
2026-05-13,93.3744,93.3744,93.3744,93.3744,0
2026-05-14,93.315,93.315,93.315,93.315,0
2026-05-15,92.5725,92.5725,92.5725,92.5725,0
2026-05-18,92.5329,92.5329,92.5329,92.5329,0
2026-05-19,92.1765,92.1765,92.1765,92.1765,0
2026-05-20,92.8002,92.8002,92.8002,92.8002,0
2026-05-21,92.8596,92.8596,92.8596,92.8596,0
2026-05-22,92.9388,92.9388,92.9388,92.9388,0
2026-05-26,93.3348,93.3348,93.3348,93.3348,0
2026-05-27,93.3744,93.3744,93.3744,93.3744,0
2026-05-28,93.5922,93.5922,93.5922,93.5922,0
2026-05-29,93.7011,93.7011,93.7011,93.7011,0
2026-06-01,93.5392,93.5392,93.5392,93.5392,0
2026-06-02,93.6087,93.6087,93.6087,93.6087,0
2026-06-03,93.3703,93.3703,93.3703,93.3703,0
2026-06-04,93.4895,93.4895,93.4895,93.4895,0
2026-06-05,92.9929,92.9929,92.9929,92.9929,0
2026-06-08,92.8935,92.8935,92.8935,92.8935,0
2026-06-09,93.1518,93.1518,93.1518,93.1518,0
2026-06-10,93.0624,93.0624,93.0624,93.0624,0
2026-06-11,93.7081,93.7081,93.7081,93.7081,0
2026-06-12,93.5491,93.5491,93.5491,93.5491,0
2026-06-15,93.6485,93.6485,93.6485,93.6485,0
2026-06-16,93.8869,93.8869,93.8869,93.8869,0
2026-06-17,93.3902,93.3902,93.3902,93.3902,0
2026-06-18,93.7279,93.7279,93.7279,93.7279,0
2026-06-22,93.3703,93.3703,93.3703,93.3703,0
2026-06-23,93.4895,93.4895,93.4895,93.4895,0
2026-06-24,94.0955,94.0955,94.0955,94.0955,0
2026-06-25,94.1551,94.1551,94.1551,94.1551,0
2026-06-26,94.3934,94.3934,94.3934,94.3934,0
2026-06-29,94.4232,94.4232,94.4232,94.4232,0
2026-06-30,93.9365,93.9365,93.9365,93.9365,0
2026-07-01,93.7083,93.7083,93.7083,93.7083,0
2026-07-02,93.798,93.798,93.798,93.798,0
2026-07-06,93.8578,93.8578,93.8578,93.8578,0
2026-07-07,93.3794,93.3794,93.3794,93.3794,0
2026-07-08,93.1901,93.1901,93.1901,93.1901,0
2026-07-09,93.3894,93.3894,93.3894,93.3894,0
2026-07-10,93.3097,93.3097,93.3097,93.3097,0
2026-07-13,92.9708,92.9708,92.9708,92.9708,0
2026-07-14,93.2299,93.2299,93.2299,93.2299,0
2026-07-15,93.4592,93.4592,93.4592,93.4592,0
2026-07-16,93.3994,93.3994,93.3994,93.3994,0
2026-07-17,93.519,93.519,93.519,93.519,0
2026-07-20,93.22,93.22,93.22,93.22,0
2026-07-21,92.9908,92.9908,92.9908,92.9908,0
2026-07-22,92.7815,92.7815,92.7815,92.7815,0
2026-07-23,92.5323,92.5323,92.5323,92.5323,0
2026-07-24,92.7117,92.7117,92.7117,92.7117,0
2026-07-27,92.9609,92.9609,92.9609,92.9609,0
2026-07-28,93.2399,93.2399,93.2399,93.2399,0
2026-07-29,92.8512,92.8512,92.8512,92.8512,0
2026-07-30,92.8911,92.8911,92.8911,92.8911,0
2026-07-31,92.632,92.632,92.632,92.632,0
2026-08-03,92.82,92.82,92.82,92.82,0
2026-08-04,93.25,93.25,93.25,93.25,0
2026-08-05,93.31,93.31,93.31,93.31,0
2026-08-06,92.95,92.95,92.95,92.95,0
2026-08-07,93.17,93.17,93.17,93.17,0
2026-08-10,92.76,92.76,92.76,92.76,0
2026-08-11,92.87,92.87,92.87,92.87,0
2026-08-12,92.96,92.96,92.96,92.96,0
2026-08-13,93.3,93.3,93.3,93.3,0
2026-08-14,93.04,93.04,93.04,93.04,0
2026-08-17,92.84,92.84,92.84,92.84,0
2026-08-18,92.93,92.93,92.93,92.93,0
2026-08-19,93.38,93.38,93.38,93.38,0
2026-08-20,93.0,93.0,93.0,93.0,0
2026-08-21,92.82,92.82,92.82,92.82,0
2026-08-24,93.01,93.01,93.01,93.01,0
2026-08-25,93.51,93.51,93.51,93.51,0
2026-08-26,93.32,93.32,93.32,93.32,0
2026-08-27,93.23,93.23,93.23,93.23,0
