datetime,open,high,low,close,volume
2000-05-26,6.4506,6.4506,6.4506,6.4506,0
2000-05-30,6.7021,6.7021,6.7021,6.7021,0
2000-05-31,6.6911,6.6911,6.6911,6.6911,0
2000-06-01,6.8124,6.8124,6.8124,6.8124,0
2000-06-02,7.0772,7.0772,7.0772,7.0772,0
2000-06-05,7.0231,7.0231,7.0231,7.0231,0
2000-06-06,6.9801,6.9801,6.9801,6.9801,0
2000-06-07,6.9724,6.9724,6.9724,6.9724,0
2000-06-08,6.9404,6.9404,6.9404,6.9404,0
2000-06-09,7.0077,7.0077,7.0077,7.0077,0
2000-06-12,6.8908,6.8908,6.8908,6.8908,0
2000-06-13,6.9062,6.9062,6.9062,6.9062,0
2000-06-14,6.9183,6.9183,6.9183,6.9183,0
2000-06-15,7.0242,7.0242,7.0242,7.0242,0
2000-06-16,6.9977,6.9977,6.9977,6.9977,0
2000-06-19,7.1147,7.1147,7.1147,7.1147,0
2000-06-20,7.1577,7.1577,7.1577,7.1577,0
2000-06-21,7.1404,7.1404,7.1404,7.1404,0
2000-06-22,6.945,6.945,6.945,6.945,0
2000-06-23,6.8876,6.8876,6.8876,6.8876,0
2000-06-26,6.9219,6.9219,6.9219,6.9219,0
2000-06-27,6.8788,6.8788,6.8788,6.8788,0
2000-06-28,6.9561,6.9561,6.9561,6.9561,0
2000-06-29,6.9892,6.9892,6.9892,6.9892,0
2000-06-30,6.8545,6.8545,6.8545,6.8545,0
2000-07-03,6.9462,6.9462,6.9462,6.9462,0
2000-07-05,6.859,6.859,6.859,6.859,0
2000-07-06,6.9329,6.9329,6.9329,6.9329,0
2000-07-07,7.0245,7.0245,7.0245,7.0245,0
2000-07-10,7.1183,7.1183,7.1183,7.1183,0
2000-07-11,7.1636,7.1636,7.1636,7.1636,0
2000-07-12,7.2629,7.2629,7.2629,7.2629,0
2000-07-13,7.2729,7.2729,7.2729,7.2729,0
2000-07-14,7.317,7.317,7.317,7.317,0
2000-07-17,7.3203,7.3203,7.3203,7.3203,0
2000-07-18,7.2298,7.2298,7.2298,7.2298,0
2000-07-19,7.1526,7.1526,7.1526,7.1526,0
2000-07-20,7.2309,7.2309,7.2309,7.2309,0
2000-07-21,7.1349,7.1349,7.1349,7.1349,0
2000-07-24,7.0731,7.0731,7.0731,7.0731,0
2000-07-25,7.0378,7.0378,7.0378,7.0378,0
2000-07-26,7.0113,7.0113,7.0113,7.0113,0
2000-07-27,6.9329,6.9329,6.9329,6.9329,0
2000-07-28,6.8457,6.8457,6.8457,6.8457,0
2000-07-31,6.9141,6.9141,6.9141,6.9141,0
2000-08-01,6.9439,6.9439,6.9439,6.9439,0
2000-08-02,7.0477,7.0477,7.0477,7.0477,0
2000-08-03,7.0047,7.0047,7.0047,7.0047,0
2000-08-04,7.1283,7.1283,7.1283,7.1283,0
2000-08-07,7.2221,7.2221,7.2221,7.2221,0
2000-08-08,7.2497,7.2497,7.2497,7.2497,0
2000-08-09,7.168,7.168,7.168,7.168,0
2000-08-10,7.1415,7.1415,7.1415,7.1415,0
2000-08-11,7.264,7.264,7.264,7.264,0
2000-08-14,7.3336,7.3336,7.3336,7.3336,0
2000-08-15,7.2861,7.2861,7.2861,7.2861,0
2000-08-16,7.2983,7.2983,7.2983,7.2983,0
2000-08-17,7.3777,7.3777,7.3777,7.3777,0
2000-08-18,7.4131,7.4131,7.4131,7.4131,0
2000-08-21,7.4142,7.4142,7.4142,7.4142,0
2000-08-22,7.4197,7.4197,7.4197,7.4197,0
2000-08-23,7.444,7.444,7.444,7.444,0
2000-08-24,7.5113,7.5113,7.5113,7.5113,0
2000-08-25,7.529,7.529,7.529,7.529,0
2000-08-28,7.5643,7.5643,7.5643,7.5643,0
2000-08-29,7.5819,7.5819,7.5819,7.5819,0
2000-08-30,7.5852,7.5852,7.5852,7.5852,0
2000-08-31,7.6923,7.6923,7.6923,7.6923,0
2000-09-01,7.7618,7.7618,7.7618,7.7618,0
2000-09-05,7.6868,7.6868,7.6868,7.6868,0
2000-09-06,7.6537,7.6537,7.6537,7.6537,0
2000-09-07,7.7806,7.7806,7.7806,7.7806,0
2000-09-08,7.7243,7.7243,7.7243,7.7243,0
2000-09-11,7.7188,7.7188,7.7188,7.7188,0
2000-09-12,7.6802,7.6802,7.6802,7.6802,0
2000-09-13,7.6493,7.6493,7.6493,7.6493,0
2000-09-14,7.7232,7.7232,7.7232,7.7232,0
2000-09-15,7.6581,7.6581,7.6581,7.6581,0
2000-09-18,7.4351,7.4351,7.4351,7.4351,0
2000-09-19,7.5323,7.5323,7.5323,7.5323,0
2000-09-20,7.5356,7.5356,7.5356,7.5356,0
2000-09-21,7.4239,7.4239,7.4239,7.4239,0
2000-09-22,7.4317,7.4317,7.4317,7.4317,0
2000-09-25,7.5047,7.5047,7.5047,7.5047,0
2000-09-26,7.4638,7.4638,7.4638,7.4638,0
2000-09-27,7.4892,7.4892,7.4892,7.4892,0
2000-09-28,7.6927,7.6927,7.6927,7.6927,0
2000-09-29,7.6075,7.6075,7.6075,7.6075,0
2000-10-02,7.5312,7.5312,7.5312,7.5312,0
2000-10-03,7.3941,7.3941,7.3941,7.3941,0
2000-10-04,7.404,7.404,7.404,7.404,0
2000-10-05,7.4184,7.4184,7.4184,7.4184,0
2000-10-06,7.2636,7.2636,7.2636,7.2636,0
2000-10-09,7.2525,7.2525,7.2525,7.2525,0
2000-10-10,7.0866,7.0866,7.0866,7.0866,0
2000-10-11,7.0402,7.0402,7.0402,7.0402,0
2000-10-12,6.8688,6.8688,6.8688,6.8688,0
2000-10-13,7.0866,7.0866,7.0866,7.0866,0
2000-10-16,7.1397,7.1397,7.1397,7.1397,0
2000-10-17,6.9772,6.9772,6.9772,6.9772,0
2000-10-18,7.0114,7.0114,7.0114,7.0114,0
2000-10-19,7.2017,7.2017,7.2017,7.2017,0
2000-10-20,7.3233,7.3233,7.3233,7.3233,0
2000-10-23,7.3255,7.3255,7.3255,7.3255,0
2000-10-24,7.2393,7.2393,7.2393,7.2393,0
2000-10-25,7.0325,7.0325,7.0325,7.0325,0
2000-10-26,7.1054,7.1054,7.1054,7.1054,0
2000-10-27,7.1497,7.1497,7.1497,7.1497,0
2000-10-30,7.1873,7.1873,7.1873,7.1873,0
2000-10-31,7.3609,7.3609,7.3609,7.3609,0
2000-11-01,7.3897,7.3897,7.3897,7.3897,0
2000-11-02,7.5157,7.5157,7.5157,7.5157,0
2000-11-03,7.5069,7.5069,7.5069,7.5069,0
2000-11-06,7.5179,7.5179,7.5179,7.5179,0
2000-11-07,7.4947,7.4947,7.4947,7.4947,0
2000-11-08,7.372,7.372,7.372,7.372,0
2000-11-09,7.2813,7.2813,7.2813,7.2813,0
2000-11-10,7.1298,7.1298,7.1298,7.1298,0
2000-11-13,7.007,7.007,7.007,7.007,0
2000-11-14,7.1486,7.1486,7.1486,7.1486,0
2000-11-15,7.2735,7.2735,7.2735,7.2735,0
2000-11-16,7.1685,7.1685,7.1685,7.1685,0
2000-11-17,7.153,7.153,7.153,7.153,0
2000-11-20,7.0192,7.0192,7.0192,7.0192,0
2000-11-21,6.9993,6.9993,6.9993,6.9993,0
2000-11-22,6.9009,6.9009,6.9009,6.9009,0
2000-11-24,7.0778,7.0778,7.0778,7.0778,0
2000-11-27,7.1331,7.1331,7.1331,7.1331,0
2000-11-28,6.9915,6.9915,6.9915,6.9915,0
2000-11-29,6.9362,6.9362,6.9362,6.9362,0
2000-11-30,6.8478,6.8478,6.8478,6.8478,0
2000-12-01,6.9407,6.9407,6.9407,6.9407,0
2000-12-04,6.9396,6.9396,6.9396,6.9396,0
2000-12-05,7.1884,7.1884,7.1884,7.1884,0
2000-12-06,7.1364,7.1364,7.1364,7.1364,0
2000-12-07,7.1574,7.1574,7.1574,7.1574,0
2000-12-08,7.4162,7.4162,7.4162,7.4162,0
2000-12-11,7.5655,7.5655,7.5655,7.5655,0
2000-12-12,7.3565,7.3565,7.3565,7.3565,0
2000-12-13,7.2131,7.2131,7.2131,7.2131,0
2000-12-14,7.102,7.102,7.102,7.102,0
2000-12-15,7.0298,7.0298,7.0298,7.0298,0
2000-12-18,7.1053,7.1053,7.1053,7.1053,0
2000-12-19,7.0431,7.0431,7.0431,7.0431,0
2000-12-20,6.8164,6.8164,6.8164,6.8164,0
2000-12-21,6.8598,6.8598,6.8598,6.8598,0
2000-12-22,7.1142,7.1142,7.1142,7.1142,0
2000-12-26,7.1942,7.1942,7.1942,7.1942,0
2000-12-27,7.3187,7.3187,7.3187,7.3187,0
2000-12-28,7.4876,7.4876,7.4876,7.4876,0
2000-12-29,7.3454,7.3454,7.3454,7.3454,0
2001-01-02,7.012,7.012,7.012,7.012,0
2001-01-03,7.2809,7.2809,7.2809,7.2809,0
2001-01-04,7.1387,7.1387,7.1387,7.1387,0
2001-01-05,6.9431,6.9431,6.9431,6.9431,0
2001-01-08,6.9475,6.9475,6.9475,6.9475,0
2001-01-09,6.932,6.932,6.932,6.932,0
2001-01-10,7.1031,7.1031,7.1031,7.1031,0
2001-01-11,7.192,7.192,7.192,7.192,0
2001-01-12,7.2231,7.2231,7.2231,7.2231,0
2001-01-16,7.1942,7.1942,7.1942,7.1942,0
2001-01-17,7.2276,7.2276,7.2276,7.2276,0
2001-01-18,7.2276,7.2276,7.2276,7.2276,0
2001-01-19,7.172,7.172,7.172,7.172,0
2001-01-22,7.1965,7.1965,7.1965,7.1965,0
2001-01-23,7.3909,7.3909,7.3909,7.3909,0
2001-01-24,7.3998,7.3998,7.3998,7.3998,0
2001-01-25,7.3432,7.3432,7.3432,7.3432,0
2001-01-26,7.3654,7.3654,7.3654,7.3654,0
2001-01-29,7.4833,7.4833,7.4833,7.4833,0
2001-01-30,7.5288,7.5288,7.5288,7.5288,0
2001-01-31,7.4676,7.4676,7.4676,7.4676,0
2001-02-01,7.4612,7.4612,7.4612,7.4612,0
2001-02-02,7.3467,7.3467,7.3467,7.3467,0
2001-02-05,7.3787,7.3787,7.3787,7.3787,0
2001-02-06,7.4591,7.4591,7.4591,7.4591,0
2001-02-07,7.4598,7.4598,7.4598,7.4598,0
2001-02-08,7.4143,7.4143,7.4143,7.4143,0
2001-02-09,7.3716,7.3716,7.3716,7.3716,0
2001-02-12,7.469,7.469,7.469,7.469,0
2001-02-13,7.4527,7.4527,7.4527,7.4527,0
2001-02-14,7.4207,7.4207,7.4207,7.4207,0
2001-02-15,7.5096,7.5096,7.5096,7.5096,0
2001-02-16,7.3823,7.3823,7.3823,7.3823,0
2001-02-20,7.2543,7.2543,7.2543,7.2543,0
2001-02-21,7.1376,7.1376,7.1376,7.1376,0
2001-02-22,7.0765,7.0765,7.0765,7.0765,0
2001-02-23,7.0772,7.0772,7.0772,7.0772,0
2001-02-26,7.2592,7.2592,7.2592,7.2592,0
2001-02-27,7.1341,7.1341,7.1341,7.1341,0
2001-02-28,7.0444,7.0444,7.0444,7.0444,0
2001-03-01,7.0523,7.0523,7.0523,7.0523,0
2001-03-02,7.1227,7.1227,7.1227,7.1227,0
2001-03-05,7.1198,7.1198,7.1198,7.1198,0
2001-03-06,7.2102,7.2102,7.2102,7.2102,0
2001-03-07,7.2678,7.2678,7.2678,7.2678,0
2001-03-08,7.2166,7.2166,7.2166,7.2166,0
2001-03-09,7.0587,7.0587,7.0587,7.0587,0
2001-03-12,6.791,6.791,6.791,6.791,0
2001-03-13,6.8551,6.8551,6.8551,6.8551,0
2001-03-14,6.7368,6.7368,6.7368,6.7368,0
2001-03-15,6.689,6.689,6.689,6.689,0
2001-03-16,6.5344,6.5344,6.5344,6.5344,0
2001-03-19,6.7104,6.7104,6.7104,6.7104,0
2001-03-20,6.57,6.57,6.57,6.57,0
2001-03-21,6.4132,6.4132,6.4132,6.4132,0
2001-03-22,6.3505,6.3505,6.3505,6.3505,0
2001-03-23,6.5151,6.5151,6.5151,6.5151,0
2001-03-26,6.5679,6.5679,6.5679,6.5679,0
2001-03-27,6.6534,6.6534,6.6534,6.6534,0
2001-03-28,6.5294,6.5294,6.5294,6.5294,0
2001-03-29,6.4802,6.4802,6.4802,6.4802,0
2001-03-30,6.5344,6.5344,6.5344,6.5344,0
2001-04-02,6.3933,6.3933,6.3933,6.3933,0
2001-04-03,6.2008,6.2008,6.2008,6.2008,0
2001-04-04,6.1659,6.1659,6.1659,6.1659,0
2001-04-05,6.4724,6.4724,6.4724,6.4724,0
2001-04-06,6.3576,6.3576,6.3576,6.3576,0
2001-04-09,6.451,6.451,6.451,6.451,0
2001-04-10,6.6506,6.6506,6.6506,6.6506,0
2001-04-11,6.6449,6.6449,6.6449,6.6449,0
2001-04-12,6.7625,6.7625,6.7625,6.7625,0
2001-04-16,6.6377,6.6377,6.6377,6.6377,0
2001-04-17,6.7575,6.7575,6.7575,6.7575,0
2001-04-18,7.0155,7.0155,7.0155,7.0155,0
2001-04-19,7.0846,7.0846,7.0846,7.0846,0
2001-04-20,7.0048,7.0048,7.0048,7.0048,0
2001-04-23,6.9171,6.9171,6.9171,6.9171,0
2001-04-24,6.8665,6.8665,6.8665,6.8665,0
2001-04-25,7.0333,7.0333,7.0333,7.0333,0
2001-04-26,7.1202,7.1202,7.1202,7.1202,0
2001-04-27,7.2207,7.2207,7.2207,7.2207,0
2001-04-30,7.2735,7.2735,7.2735,7.2735,0
2001-05-01,7.3419,7.3419,7.3419,7.3419,0
2001-05-02,7.3063,7.3063,7.3063,7.3063,0
2001-05-03,7.193,7.193,7.193,7.193,0
2001-05-04,7.3056,7.3056,7.3056,7.3056,0
2001-05-07,7.2984,7.2984,7.2984,7.2984,0
2001-05-08,7.3034,7.3034,7.3034,7.3034,0
2001-05-09,7.2828,7.2828,7.2828,7.2828,0
2001-05-10,7.2771,7.2771,7.2771,7.2771,0
2001-05-11,7.245,7.245,7.245,7.245,0
2001-05-14,7.24,7.24,7.24,7.24,0
2001-05-15,7.2813,7.2813,7.2813,7.2813,0
2001-05-16,7.4659,7.4659,7.4659,7.4659,0
2001-05-17,7.5707,7.5707,7.5707,7.5707,0
2001-05-18,7.5871,7.5871,7.5871,7.5871,0
2001-05-21,7.7653,7.7653,7.7653,7.7653,0
2001-05-22,7.7582,7.7582,7.7582,7.7582,0
2001-05-23,7.5907,7.5907,7.5907,7.5907,0
2001-05-24,7.6156,7.6156,7.6156,7.6156,0
2001-05-25,7.6063,7.6063,7.6063,7.6063,0
2001-05-29,7.493,7.493,7.493,7.493,0
2001-05-30,7.3341,7.3341,7.3341,7.3341,0
2001-05-31,7.4339,7.4339,7.4339,7.4339,0
2001-06-01,7.5279,7.5279,7.5279,7.5279,0
2001-06-04,7.5707,7.5707,7.5707,7.5707,0
2001-06-05,7.7026,7.7026,7.7026,7.7026,0
2001-06-06,7.6035,7.6035,7.6035,7.6035,0
2001-06-07,7.6477,7.6477,7.6477,7.6477,0
2001-06-08,7.5828,7.5828,7.5828,7.5828,0
2001-06-11,7.4945,7.4945,7.4945,7.4945,0
2001-06-12,7.4917,7.4917,7.4917,7.4917,0
2001-06-13,7.4167,7.4167,7.4167,7.4167,0
2001-06-14,7.249,7.249,7.249,7.249,0
2001-06-15,7.2525,7.2525,7.2525,7.2525,0
2001-06-18,7.2168,7.2168,7.2168,7.2168,0
2001-06-19,7.1897,7.1897,7.1897,7.1897,0
2001-06-20,7.3032,7.3032,7.3032,7.3032,0
2001-06-21,7.3132,7.3132,7.3132,7.3132,0
2001-06-22,7.2026,7.2026,7.2026,7.2026,0
2001-06-25,7.1826,7.1826,7.1826,7.1826,0
2001-06-26,7.209,7.209,7.209,7.209,0
2001-06-27,7.2418,7.2418,7.2418,7.2418,0
2001-06-28,7.3139,7.3139,7.3139,7.3139,0
2001-06-29,7.4053,7.4053,7.4053,7.4053,0
2001-07-02,7.3489,7.3489,7.3489,7.3489,0
2001-07-03,7.3739,7.3739,7.3739,7.3739,0
2001-07-05,7.3111,7.3111,7.3111,7.3111,0
2001-07-06,7.2133,7.2133,7.2133,7.2133,0
2001-07-09,7.1676,7.1676,7.1676,7.1676,0
2001-07-10,7.0969,7.0969,7.0969,7.0969,0
2001-07-11,7.0762,7.0762,7.0762,7.0762,0
2001-07-12,7.2383,7.2383,7.2383,7.2383,0
2001-07-13,7.2689,7.2689,7.2689,7.2689,0
2001-07-16,7.1647,7.1647,7.1647,7.1647,0
2001-07-17,7.2554,7.2554,7.2554,7.2554,0
2001-07-18,7.2147,7.2147,7.2147,7.2147,0
2001-07-19,7.2547,7.2547,7.2547,7.2547,0
2001-07-20,7.2754,7.2754,7.2754,7.2754,0
2001-07-23,7.1954,7.1954,7.1954,7.1954,0
2001-07-24,7.0555,7.0555,7.0555,7.0555,0
2001-07-25,7.129,7.129,7.129,7.129,0
2001-07-26,7.214,7.214,7.214,7.214,0
2001-07-27,7.2975,7.2975,7.2975,7.2975,0
2001-07-30,7.2682,7.2682,7.2682,7.2682,0
2001-07-31,7.2611,7.2611,7.2611,7.2611,0
2001-08-01,7.3261,7.3261,7.3261,7.3261,0
2001-08-02,7.3232,7.3232,7.3232,7.3232,0
2001-08-03,7.3275,7.3275,7.3275,7.3275,0
2001-08-06,7.2097,7.2097,7.2097,7.2097,0
2001-08-07,7.1954,7.1954,7.1954,7.1954,0
2001-08-08,7.0962,7.0962,7.0962,7.0962,0
2001-08-09,7.0762,7.0762,7.0762,7.0762,0
2001-08-10,7.1312,7.1312,7.1312,7.1312,0
2001-08-13,7.1819,7.1819,7.1819,7.1819,0
2001-08-14,7.2054,7.2054,7.2054,7.2054,0
2001-08-15,7.179,7.179,7.179,7.179,0
2001-08-16,7.1861,7.1861,7.1861,7.1861,0
2001-08-17,7.0548,7.0548,7.0548,7.0548,0
2001-08-20,7.1033,7.1033,7.1033,7.1033,0
2001-08-21,7.0419,7.0419,7.0419,7.0419,0
2001-08-22,7.1126,7.1126,7.1126,7.1126,0
2001-08-23,7.1076,7.1076,7.1076,7.1076,0
2001-08-24,7.1833,7.1833,7.1833,7.1833,0
2001-08-27,7.204,7.204,7.204,7.204,0
2001-08-28,7.109,7.109,7.109,7.109,0
2001-08-29,7.0791,7.0791,7.0791,7.0791,0
2001-08-30,6.9963,6.9963,6.9963,6.9963,0
2001-08-31,7.0612,7.0612,7.0612,7.0612,0
2001-09-04,7.0291,7.0291,7.0291,7.0291,0
2001-09-05,6.9463,6.9463,6.9463,6.9463,0
2001-09-06,6.8271,6.8271,6.8271,6.8271,0
2001-09-07,6.725,6.725,6.725,6.725,0
2001-09-10,6.67,6.67,6.67,6.67,0
2001-09-17,6.3745,6.3745,6.3745,6.3745,0
2001-09-18,6.2603,6.2603,6.2603,6.2603,0
2001-09-19,6.0426,6.0426,6.0426,6.0426,0
2001-09-20,5.9091,5.9091,5.9091,5.9091,0
2001-09-21,5.7856,5.7856,5.7856,5.7856,0
2001-09-24,5.9605,5.9605,5.9605,5.9605,0
2001-09-25,5.9912,5.9912,5.9912,5.9912,0
2001-09-26,5.9391,5.9391,5.9391,5.9391,0
2001-09-27,6.039,6.039,6.039,6.039,0
2001-09-28,6.1854,6.1854,6.1854,6.1854,0
2001-10-01,6.0547,6.0547,6.0547,6.0547,0
2001-10-02,6.1326,6.1326,6.1326,6.1326,0
2001-10-03,6.3108,6.3108,6.3108,6.3108,0
2001-10-04,6.3459,6.3459,6.3459,6.3459,0
2001-10-05,6.3086,6.3086,6.3086,6.3086,0
2001-10-08,6.2442,6.2442,6.2442,6.2442,0
2001-10-09,6.2614,6.2614,6.2614,6.2614,0
2001-10-10,6.4196,6.4196,6.4196,6.4196,0
2001-10-11,6.5634,6.5634,6.5634,6.5634,0
2001-10-12,6.509,6.509,6.509,6.509,0
2001-10-15,6.4969,6.4969,6.4969,6.4969,0
2001-10-16,6.5641,6.5641,6.5641,6.5641,0
2001-10-17,6.3895,6.3895,6.3895,6.3895,0
2001-10-18,6.3358,6.3358,6.3358,6.3358,0
2001-10-19,6.416,6.416,6.416,6.416,0
2001-10-22,6.5233,6.5233,6.5233,6.5233,0
2001-10-23,6.5047,6.5047,6.5047,6.5047,0
2001-10-24,6.5205,6.5205,6.5205,6.5205,0
2001-10-25,6.6257,6.6257,6.6257,6.6257,0
2001-10-26,6.6565,6.6565,6.6565,6.6565,0
2001-10-29,6.5412,6.5412,6.5412,6.5412,0
2001-10-30,6.4117,6.4117,6.4117,6.4117,0
2001-10-31,6.4525,6.4525,6.4525,6.4525,0
2001-11-01,6.5505,6.5505,6.5505,6.5505,0
2001-11-02,6.5992,6.5992,6.5992,6.5992,0
2001-11-05,6.6658,6.6658,6.6658,6.6658,0
2001-11-06,6.7495,6.7495,6.7495,6.7495,0
2001-11-07,6.7531,6.7531,6.7531,6.7531,0
2001-11-08,6.7151,6.7151,6.7151,6.7151,0
2001-11-09,6.7123,6.7123,6.7123,6.7123,0
2001-11-12,6.7481,6.7481,6.7481,6.7481,0
2001-11-13,6.8568,6.8568,6.8568,6.8568,0
2001-11-14,6.8733,6.8733,6.8733,6.8733,0
2001-11-15,6.8282,6.8282,6.8282,6.8282,0
2001-11-16,6.8368,6.8368,6.8368,6.8368,0
2001-11-19,6.9084,6.9084,6.9084,6.9084,0
2001-11-20,6.8747,6.8747,6.8747,6.8747,0
2001-11-21,6.8368,6.8368,6.8368,6.8368,0
2001-11-23,6.9306,6.9306,6.9306,6.9306,0
2001-11-26,7.0036,7.0036,7.0036,7.0036,0
2001-11-27,6.9828,6.9828,6.9828,6.9828,0
2001-11-28,6.8754,6.8754,6.8754,6.8754,0
2001-11-29,6.9885,6.9885,6.9885,6.9885,0
2001-11-30,6.9227,6.9227,6.9227,6.9227,0
2001-12-03,6.8991,6.8991,6.8991,6.8991,0
2001-12-04,7.0157,7.0157,7.0157,7.0157,0
2001-12-05,7.2125,7.2125,7.2125,7.2125,0
2001-12-06,7.249,7.249,7.249,7.249,0
2001-12-07,7.2283,7.2283,7.2283,7.2283,0
2001-12-10,7.0866,7.0866,7.0866,7.0866,0
2001-12-11,7.1138,7.1138,7.1138,7.1138,0
2001-12-12,7.1066,7.1066,7.1066,7.1066,0
2001-12-13,6.9978,6.9978,6.9978,6.9978,0
2001-12-14,7.0372,7.0372,7.0372,7.0372,0
2001-12-17,7.119,7.119,7.119,7.119,0
2001-12-18,7.213,7.213,7.213,7.213,0
2001-12-19,7.2144,7.2144,7.2144,7.2144,0
2001-12-20,7.119,7.119,7.119,7.119,0
2001-12-21,7.195,7.195,7.195,7.195,0
2001-12-24,7.2144,7.2144,7.2144,7.2144,0
2001-12-26,7.2811,7.2811,7.2811,7.2811,0
2001-12-27,7.3213,7.3213,7.3213,7.3213,0
2001-12-28,7.3435,7.3435,7.3435,7.3435,0
2001-12-31,7.2538,7.2538,7.2538,7.2538,0
2002-01-02,7.2431,7.2431,7.2431,7.2431,0
2002-01-03,7.3306,7.3306,7.3306,7.3306,0
2002-01-04,7.4202,7.4202,7.4202,7.4202,0
2002-01-07,7.3492,7.3492,7.3492,7.3492,0
2002-01-08,7.3248,7.3248,7.3248,7.3248,0
2002-01-09,7.3399,7.3399,7.3399,7.3399,0
2002-01-10,7.3743,7.3743,7.3743,7.3743,0
2002-01-11,7.2954,7.2954,7.2954,7.2954,0
2002-01-14,7.1678,7.1678,7.1678,7.1678,0
2002-01-15,7.2237,7.2237,7.2237,7.2237,0
2002-01-16,7.0997,7.0997,7.0997,7.0997,0
2002-01-17,7.2079,7.2079,7.2079,7.2079,0
2002-01-18,7.1319,7.1319,7.1319,7.1319,0
2002-01-22,7.0781,7.0781,7.0781,7.0781,0
2002-01-23,7.1785,7.1785,7.1785,7.1785,0
2002-01-24,7.2503,7.2503,7.2503,7.2503,0
2002-01-25,7.2596,7.2596,7.2596,7.2596,0
2002-01-28,7.289,7.289,7.289,7.289,0
2002-01-29,7.1455,7.1455,7.1455,7.1455,0
2002-01-30,7.2072,7.2072,7.2072,7.2072,0
2002-01-31,7.2581,7.2581,7.2581,7.2581,0
2002-02-01,7.2295,7.2295,7.2295,7.2295,0
2002-02-04,7.0746,7.0746,7.0746,7.0746,0
2002-02-05,7.053,7.053,7.053,7.053,0
2002-02-06,6.9957,6.9957,6.9957,6.9957,0
2002-02-07,6.9627,6.9627,6.9627,6.9627,0
2002-02-08,7.1061,7.1061,7.1061,7.1061,0
2002-02-11,7.2108,7.2108,7.2108,7.2108,0
2002-02-12,7.1886,7.1886,7.1886,7.1886,0
2002-02-13,7.2646,7.2646,7.2646,7.2646,0
2002-02-14,7.2553,7.2553,7.2553,7.2553,0
2002-02-15,7.1778,7.1778,7.1778,7.1778,0
2002-02-19,7.0387,7.0387,7.0387,7.0387,0
2002-02-20,7.1549,7.1549,7.1549,7.1549,0
2002-02-21,7.033,7.033,7.033,7.033,0
2002-02-22,7.1212,7.1212,7.1212,7.1212,0
2002-02-25,7.218,7.218,7.218,7.218,0
2002-02-26,7.2761,7.2761,7.2761,7.2761,0
2002-02-27,7.2926,7.2926,7.2926,7.2926,0
2002-02-28,7.2287,7.2287,7.2287,7.2287,0
2002-03-01,7.4009,7.4009,7.4009,7.4009,0
2002-03-04,7.5801,7.5801,7.5801,7.5801,0
2002-03-05,7.5765,7.5765,7.5765,7.5765,0
2002-03-06,7.6863,7.6863,7.6863,7.6863,0
2002-03-07,7.6619,7.6619,7.6619,7.6619,0
2002-03-08,7.7107,7.7107,7.7107,7.7107,0
2002-03-11,7.7264,7.7264,7.7264,7.7264,0
2002-03-12,7.6912,7.6912,7.6912,7.6912,0
2002-03-13,7.6424,7.6424,7.6424,7.6424,0
2002-03-14,7.651,7.651,7.651,7.651,0
2002-03-15,7.7056,7.7056,7.7056,7.7056,0
2002-03-18,7.7788,7.7788,7.7788,7.7788,0
2002-03-19,7.8004,7.8004,7.8004,7.8004,0
2002-03-20,7.6962,7.6962,7.6962,7.6962,0
2002-03-21,7.7537,7.7537,7.7537,7.7537,0
2002-03-22,7.7063,7.7063,7.7063,7.7063,0
2002-03-25,7.5727,7.5727,7.5727,7.5727,0
2002-03-26,7.6603,7.6603,7.6603,7.6603,0
2002-03-27,7.7321,7.7321,7.7321,7.7321,0
2002-03-28,7.7537,7.7537,7.7537,7.7537,0
2002-04-01,7.7716,7.7716,7.7716,7.7716,0
2002-04-02,7.7056,7.7056,7.7056,7.7056,0
2002-04-03,7.5791,7.5791,7.5791,7.5791,0
2002-04-04,7.6273,7.6273,7.6273,7.6273,0
2002-04-05,7.6287,7.6287,7.6287,7.6287,0
2002-04-08,7.7034,7.7034,7.7034,7.7034,0
2002-04-09,7.6869,7.6869,7.6869,7.6869,0
2002-04-10,7.8111,7.8111,7.8111,7.8111,0
2002-04-11,7.7099,7.7099,7.7099,7.7099,0
2002-04-12,7.7882,7.7882,7.7882,7.7882,0
2002-04-15,7.7803,7.7803,7.7803,7.7803,0
2002-04-16,7.9045,7.9045,7.9045,7.9045,0
2002-04-17,7.916,7.916,7.916,7.916,0
2002-04-18,7.8629,7.8629,7.8629,7.8629,0
2002-04-19,7.8937,7.8937,7.8937,7.8937,0
2002-04-22,7.786,7.786,7.786,7.786,0
2002-04-23,7.7896,7.7896,7.7896,7.7896,0
2002-04-24,7.7034,7.7034,7.7034,7.7034,0
2002-04-25,7.7451,7.7451,7.7451,7.7451,0
2002-04-26,7.6215,7.6215,7.6215,7.6215,0
2002-04-29,7.61,7.61,7.61,7.61,0
2002-04-30,7.7336,7.7336,7.7336,7.7336,0
2002-05-01,7.7508,7.7508,7.7508,7.7508,0
2002-05-02,7.7601,7.7601,7.7601,7.7601,0
2002-05-03,7.6905,7.6905,7.6905,7.6905,0
2002-05-06,7.5597,7.5597,7.5597,7.5597,0
2002-05-07,7.5526,7.5526,7.5526,7.5526,0
2002-05-08,7.7501,7.7501,7.7501,7.7501,0
2002-05-09,7.6474,7.6474,7.6474,7.6474,0
2002-05-10,7.5597,7.5597,7.5597,7.5597,0
2002-05-13,7.6775,7.6775,7.6775,7.6775,0
2002-05-14,7.8614,7.8614,7.8614,7.8614,0
2002-05-15,7.8126,7.8126,7.8126,7.8126,0
2002-05-16,7.7961,7.7961,7.7961,7.7961,0
2002-05-17,7.8435,7.8435,7.8435,7.8435,0
2002-05-20,7.7501,7.7501,7.7501,7.7501,0
2002-05-21,7.6488,7.6488,7.6488,7.6488,0
2002-05-22,7.6424,7.6424,7.6424,7.6424,0
2002-05-23,7.7515,7.7515,7.7515,7.7515,0
2002-05-24,7.6632,7.6632,7.6632,7.6632,0
2002-05-28,7.6431,7.6431,7.6431,7.6431,0
2002-05-29,7.5705,7.5705,7.5705,7.5705,0
2002-05-30,7.5849,7.5849,7.5849,7.5849,0
2002-05-31,7.5928,7.5928,7.5928,7.5928,0
2002-06-03,7.3981,7.3981,7.3981,7.3981,0
2002-06-04,7.3443,7.3443,7.3443,7.3443,0
2002-06-05,7.3938,7.3938,7.3938,7.3938,0
2002-06-06,7.2552,7.2552,7.2552,7.2552,0
2002-06-07,7.3155,7.3155,7.3155,7.3155,0
2002-06-10,7.3342,7.3342,7.3342,7.3342,0
2002-06-11,7.1755,7.1755,7.1755,7.1755,0
2002-06-12,7.1683,7.1683,7.1683,7.1683,0
2002-06-13,7.0713,7.0713,7.0713,7.0713,0
2002-06-14,7.1374,7.1374,7.1374,7.1374,0
2002-06-17,7.3418,7.3418,7.3418,7.3418,0
2002-06-18,7.3346,7.3346,7.3346,7.3346,0
2002-06-19,7.2374,7.2374,7.2374,7.2374,0
2002-06-20,7.1503,7.1503,7.1503,7.1503,0
2002-06-21,7.0373,7.0373,7.0373,7.0373,0
2002-06-24,7.0236,7.0236,7.0236,7.0236,0
2002-06-25,6.912,6.912,6.912,6.912,0
2002-06-26,6.9207,6.9207,6.9207,6.9207,0
2002-06-27,6.9783,6.9783,6.9783,6.9783,0
2002-06-28,7.0358,7.0358,7.0358,7.0358,0
2002-07-01,6.8732,6.8732,6.8732,6.8732,0
2002-07-02,6.6716,6.6716,6.6716,6.6716,0
2002-07-03,6.6616,6.6616,6.6616,6.6616,0
2002-07-05,6.8602,6.8602,6.8602,6.8602,0
2002-07-08,6.7659,6.7659,6.7659,6.7659,0
2002-07-09,6.6284,6.6284,6.6284,6.6284,0
2002-07-10,6.4269,6.4269,6.4269,6.4269,0
2002-07-11,6.4255,6.4255,6.4255,6.4255,0
2002-07-12,6.3988,6.3988,6.3988,6.3988,0
2002-07-15,6.3557,6.3557,6.3557,6.3557,0
2002-07-16,6.3485,6.3485,6.3485,6.3485,0
2002-07-17,6.3729,6.3729,6.3729,6.3729,0
2002-07-18,6.2311,6.2311,6.2311,6.2311,0
2002-07-19,6.0764,6.0764,6.0764,6.0764,0
2002-07-22,5.8734,5.8734,5.8734,5.8734,0
2002-07-23,5.6791,5.6791,5.6791,5.6791,0
2002-07-24,5.9814,5.9814,5.9814,5.9814,0
2002-07-25,5.9274,5.9274,5.9274,5.9274,0
2002-07-26,5.9878,5.9878,5.9878,5.9878,0
2002-07-29,6.3233,6.3233,6.3233,6.3233,0
2002-07-30,6.3593,6.3593,6.3593,6.3593,0
2002-07-31,6.3629,6.3629,6.3629,6.3629,0
2002-08-01,6.2225,6.2225,6.2225,6.2225,0
2002-08-02,6.0505,6.0505,6.0505,6.0505,0
2002-08-05,5.8425,5.8425,5.8425,5.8425,0
2002-08-06,6.0584,6.0584,6.0584,6.0584,0
2002-08-07,6.1275,6.1275,6.1275,6.1275,0
2002-08-08,6.2786,6.2786,6.2786,6.2786,0
2002-08-09,6.2837,6.2837,6.2837,6.2837,0
2002-08-12,6.3017,6.3017,6.3017,6.3017,0
2002-08-13,6.1419,6.1419,6.1419,6.1419,0
2002-08-14,6.3449,6.3449,6.3449,6.3449,0
2002-08-15,6.4456,6.4456,6.4456,6.4456,0
2002-08-16,6.4989,6.4989,6.4989,6.4989,0
2002-08-19,6.5788,6.5788,6.5788,6.5788,0
2002-08-20,6.5104,6.5104,6.5104,6.5104,0
2002-08-21,6.6277,6.6277,6.6277,6.6277,0
2002-08-22,6.7249,6.7249,6.7249,6.7249,0
2002-08-23,6.5442,6.5442,6.5442,6.5442,0
2002-08-26,6.6162,6.6162,6.6162,6.6162,0
2002-08-27,6.5039,6.5039,6.5039,6.5039,0
2002-08-28,6.3629,6.3629,6.3629,6.3629,0
2002-08-29,6.4168,6.4168,6.4168,6.4168,0
2002-08-30,6.4046,6.4046,6.4046,6.4046,0
2002-09-03,6.1973,6.1973,6.1973,6.1973,0
2002-09-04,6.3046,6.3046,6.3046,6.3046,0
2002-09-05,6.1959,6.1959,6.1959,6.1959,0
2002-09-06,6.3729,6.3729,6.3729,6.3729,0
2002-09-09,6.4212,6.4212,6.4212,6.4212,0
2002-09-10,6.4096,6.4096,6.4096,6.4096,0
2002-09-11,6.4132,6.4132,6.4132,6.4132,0
2002-09-12,6.2714,6.2714,6.2714,6.2714,0
2002-09-13,6.324,6.324,6.324,6.324,0
2002-09-16,6.2909,6.2909,6.2909,6.2909,0
2002-09-17,6.1546,6.1546,6.1546,6.1546,0
2002-09-18,6.1488,6.1488,6.1488,6.1488,0
2002-09-19,5.98,5.98,5.98,5.98,0
2002-09-20,5.9591,5.9591,5.9591,5.9591,0
2002-09-23,5.8862,5.8862,5.8862,5.8862,0
2002-09-24,5.7931,5.7931,5.7931,5.7931,0
2002-09-25,5.9598,5.9598,5.9598,5.9598,0
2002-09-26,6.094,6.094,6.094,6.094,0
2002-09-27,5.9302,5.9302,5.9302,5.9302,0
2002-09-30,5.8761,5.8761,5.8761,5.8761,0
2002-10-01,5.9836,5.9836,5.9836,5.9836,0
2002-10-02,5.8487,5.8487,5.8487,5.8487,0
2002-10-03,5.7607,5.7607,5.7607,5.7607,0
2002-10-04,5.6186,5.6186,5.6186,5.6186,0
2002-10-07,5.4678,5.4678,5.4678,5.4678,0
2002-10-08,5.576,5.576,5.576,5.576,0
2002-10-09,5.3877,5.3877,5.3877,5.3877,0
2002-10-10,5.5911,5.5911,5.5911,5.5911,0
2002-10-11,5.7968,5.7968,5.7968,5.7968,0
2002-10-14,5.8617,5.8617,5.8617,5.8617,0
2002-10-15,6.1055,6.1055,6.1055,6.1055,0
2002-10-16,5.9064,5.9064,5.9064,5.9064,0
2002-10-17,6.0889,6.0889,6.0889,6.0889,0
2002-10-18,6.1164,6.1164,6.1164,6.1164,0
2002-10-21,6.2181,6.2181,6.2181,6.2181,0
2002-10-22,6.0839,6.0839,6.0839,6.0839,0
2002-10-23,6.1914,6.1914,6.1914,6.1914,0
2002-10-24,6.0925,6.0925,6.0925,6.0925,0
2002-10-25,6.1705,6.1705,6.1705,6.1705,0
2002-10-28,6.1171,6.1171,6.1171,6.1171,0
2002-10-29,6.0608,6.0608,6.0608,6.0608,0
2002-10-30,6.1467,6.1467,6.1467,6.1467,0
2002-10-31,6.1308,6.1308,6.1308,6.1308,0
2002-11-01,6.2354,6.2354,6.2354,6.2354,0
2002-11-04,6.2635,6.2635,6.2635,6.2635,0
2002-11-05,6.2765,6.2765,6.2765,6.2765,0
2002-11-06,6.3515,6.3515,6.3515,6.3515,0
2002-11-07,6.1834,6.1834,6.1834,6.1834,0
2002-11-08,6.1034,6.1034,6.1034,6.1034,0
2002-11-11,5.9887,5.9887,5.9887,5.9887,0
2002-11-12,6.0392,6.0392,6.0392,6.0392,0
2002-11-13,6.0269,6.0269,6.0269,6.0269,0
2002-11-14,6.1972,6.1972,6.1972,6.1972,0
2002-11-15,6.244,6.244,6.244,6.244,0
2002-11-18,6.2044,6.2044,6.2044,6.2044,0
2002-11-19,6.1373,6.1373,6.1373,6.1373,0
2002-11-20,6.2693,6.2693,6.2693,6.2693,0
2002-11-21,6.4259,6.4259,6.4259,6.4259,0
2002-11-22,6.4417,6.4417,6.4417,6.4417,0
2002-11-25,6.4634,6.4634,6.4634,6.4634,0
2002-11-26,6.3342,6.3342,6.3342,6.3342,0
2002-11-27,6.5002,6.5002,6.5002,6.5002,0
2002-11-29,6.4922,6.4922,6.4922,6.4922,0
2002-12-02,6.4966,6.4966,6.4966,6.4966,0
2002-12-03,6.4107,6.4107,6.4107,6.4107,0
2002-12-04,6.3725,6.3725,6.3725,6.3725,0
2002-12-05,6.3371,6.3371,6.3371,6.3371,0
2002-12-06,6.3436,6.3436,6.3436,6.3436,0
2002-12-09,6.208,6.208,6.208,6.208,0
2002-12-10,6.301,6.301,6.301,6.301,0
2002-12-11,6.3162,6.3162,6.3162,6.3162,0
2002-12-12,6.3487,6.3487,6.3487,6.3487,0
2002-12-13,6.2397,6.2397,6.2397,6.2397,0
2002-12-16,6.3614,6.3614,6.3614,6.3614,0
2002-12-17,6.3014,6.3014,6.3014,6.3014,0
2002-12-18,6.2162,6.2162,6.2162,6.2162,0
2002-12-19,6.1923,6.1923,6.1923,6.1923,0
2002-12-20,6.2458,6.2458,6.2458,6.2458,0
2002-12-23,6.2855,6.2855,6.2855,6.2855,0
2002-12-24,6.2682,6.2682,6.2682,6.2682,0
2002-12-26,6.2523,6.2523,6.2523,6.2523,0
2002-12-27,6.1808,6.1808,6.1808,6.1808,0
2002-12-30,6.1649,6.1649,6.1649,6.1649,0
2002-12-31,6.2234,6.2234,6.2234,6.2234,0
2003-01-02,6.3896,6.3896,6.3896,6.3896,0
2003-01-03,6.3585,6.3585,6.3585,6.3585,0
2003-01-06,6.4604,6.4604,6.4604,6.4604,0
2003-01-07,6.404,6.404,6.404,6.404,0
2003-01-08,6.3108,6.3108,6.3108,6.3108,0
2003-01-09,6.3983,6.3983,6.3983,6.3983,0
2003-01-10,6.4134,6.4134,6.4134,6.4134,0
2003-01-13,6.3954,6.3954,6.3954,6.3954,0
2003-01-14,6.365,6.365,6.365,6.365,0
2003-01-15,6.3592,6.3592,6.3592,6.3592,0
2003-01-16,6.352,6.352,6.352,6.352,0
2003-01-17,6.2537,6.2537,6.2537,6.2537,0
2003-01-21,6.162,6.162,6.162,6.162,0
2003-01-22,6.1338,6.1338,6.1338,6.1338,0
2003-01-23,6.1677,6.1677,6.1677,6.1677,0
2003-01-24,6.0369,6.0369,6.0369,6.0369,0
2003-01-27,5.9473,5.9473,5.9473,5.9473,0
2003-01-28,5.9835,5.9835,5.9835,5.9835,0
2003-01-29,6.0239,6.0239,6.0239,6.0239,0
2003-01-30,5.9437,5.9437,5.9437,5.9437,0
2003-01-31,6.021,6.021,6.021,6.021,0
2003-02-03,6.0196,6.0196,6.0196,6.0196,0
2003-02-04,5.9777,5.9777,5.9777,5.9777,0
2003-02-05,5.9705,5.9705,5.9705,5.9705,0
2003-02-06,5.9004,5.9004,5.9004,5.9004,0
2003-02-07,5.8426,5.8426,5.8426,5.8426,0
2003-02-10,5.8512,5.8512,5.8512,5.8512,0
2003-02-11,5.8498,5.8498,5.8498,5.8498,0
2003-02-12,5.7428,5.7428,5.7428,5.7428,0
2003-02-13,5.7139,5.7139,5.7139,5.7139,0
2003-02-14,5.7645,5.7645,5.7645,5.7645,0
2003-02-18,5.9148,5.9148,5.9148,5.9148,0
2003-02-19,5.8671,5.8671,5.8671,5.8671,0
2003-02-20,5.8498,5.8498,5.8498,5.8498,0
2003-02-21,5.9394,5.9394,5.9394,5.9394,0
2003-02-24,5.8353,5.8353,5.8353,5.8353,0
2003-02-25,5.878,5.878,5.878,5.878,0
2003-02-26,5.8209,5.8209,5.8209,5.8209,0
2003-02-27,5.878,5.878,5.878,5.878,0
2003-02-28,5.8852,5.8852,5.8852,5.8852,0
2003-03-03,5.8657,5.8657,5.8657,5.8657,0
2003-03-04,5.7876,5.7876,5.7876,5.7876,0
2003-03-05,5.7826,5.7826,5.7826,5.7826,0
2003-03-06,5.7349,5.7349,5.7349,5.7349,0
2003-03-07,5.7869,5.7869,5.7869,5.7869,0
2003-03-10,5.6605,5.6605,5.6605,5.6605,0
2003-03-11,5.5786,5.5786,5.5786,5.5786,0
2003-03-12,5.5953,5.5953,5.5953,5.5953,0
2003-03-13,5.7619,5.7619,5.7619,5.7619,0
2003-03-14,5.7655,5.7655,5.7655,5.7655,0
2003-03-17,5.922,5.922,5.922,5.922,0
2003-03-18,5.9727,5.9727,5.9727,5.9727,0
2003-03-19,5.9749,5.9749,5.9749,5.9749,0
2003-03-20,6.0372,6.0372,6.0372,6.0372,0
2003-03-21,6.1191,6.1191,6.1191,6.1191,0
2003-03-24,5.9575,5.9575,5.9575,5.9575,0
2003-03-25,6.0278,6.0278,6.0278,6.0278,0
2003-03-26,6.0039,6.0039,6.0039,6.0039,0
2003-03-27,6.0126,6.0126,6.0126,6.0126,0
2003-03-28,6.0104,6.0104,6.0104,6.0104,0
2003-03-31,5.9445,5.9445,5.9445,5.9445,0
2003-04-01,5.9756,5.9756,5.9756,5.9756,0
2003-04-02,6.1031,6.1031,6.1031,6.1031,0
2003-04-03,6.0625,6.0625,6.0625,6.0625,0
2003-04-04,6.0539,6.0539,6.0539,6.0539,0
2003-04-07,6.0401,6.0401,6.0401,6.0401,0
2003-04-08,6.0039,6.0039,6.0039,6.0039,0
2003-04-09,5.964,5.964,5.964,5.964,0
2003-04-10,5.9705,5.9705,5.9705,5.9705,0
2003-04-11,5.9705,5.9705,5.9705,5.9705,0
2003-04-14,6.0756,6.0756,6.0756,6.0756,0
2003-04-15,6.1089,6.1089,6.1089,6.1089,0
2003-04-16,6.0444,6.0444,6.0444,6.0444,0
2003-04-17,6.1147,6.1147,6.1147,6.1147,0
2003-04-21,6.1517,6.1517,6.1517,6.1517,0
2003-04-22,6.2589,6.2589,6.2589,6.2589,0
2003-04-23,6.3306,6.3306,6.3306,6.3306,0
2003-04-24,6.2849,6.2849,6.2849,6.2849,0
2003-04-25,6.2183,6.2183,6.2183,6.2183,0
2003-04-28,6.3074,6.3074,6.3074,6.3074,0
2003-04-29,6.3393,6.3393,6.3393,6.3393,0
2003-04-30,6.3538,6.3538,6.3538,6.3538,0
2003-05-01,6.3574,6.3574,6.3574,6.3574,0
2003-05-02,6.4552,6.4552,6.4552,6.4552,0
2003-05-05,6.4718,6.4718,6.4718,6.4718,0
2003-05-06,6.524,6.524,6.524,6.524,0
2003-05-07,6.5081,6.5081,6.5081,6.5081,0
2003-05-08,6.4617,6.4617,6.4617,6.4617,0
2003-05-09,6.5298,6.5298,6.5298,6.5298,0
2003-05-12,6.6066,6.6066,6.6066,6.6066,0
2003-05-13,6.603,6.603,6.603,6.603,0
2003-05-14,6.5943,6.5943,6.5943,6.5943,0
2003-05-15,6.6269,6.6269,6.6269,6.6269,0
2003-05-16,6.5943,6.5943,6.5943,6.5943,0
2003-05-19,6.4479,6.4479,6.4479,6.4479,0
2003-05-20,6.4494,6.4494,6.4494,6.4494,0
2003-05-21,6.4979,6.4979,6.4979,6.4979,0
2003-05-22,6.566,6.566,6.566,6.566,0
2003-05-23,6.6088,6.6088,6.6088,6.6088,0
2003-05-27,6.7239,6.7239,6.7239,6.7239,0
2003-05-28,6.7449,6.7449,6.7449,6.7449,0
2003-05-29,6.7225,6.7225,6.7225,6.7225,0
2003-05-30,6.8819,6.8819,6.8819,6.8819,0
2003-06-02,6.921,6.921,6.921,6.921,0
2003-06-03,6.905,6.905,6.905,6.905,0
2003-06-04,7.0267,7.0267,7.0267,7.0267,0
2003-06-05,7.0666,7.0666,7.0666,7.0666,0
2003-06-06,7.0195,7.0195,7.0195,7.0195,0
2003-06-09,6.9108,6.9108,6.9108,6.9108,0
2003-06-10,6.9898,6.9898,6.9898,6.9898,0
2003-06-11,7.0832,7.0832,7.0832,7.0832,0
2003-06-12,7.1028,7.1028,7.1028,7.1028,0
2003-06-13,7.0275,7.0275,7.0275,7.0275,0
2003-06-16,7.144,7.144,7.144,7.144,0
2003-06-17,7.1498,7.1498,7.1498,7.1498,0
2003-06-18,7.1251,7.1251,7.1251,7.1251,0
2003-06-19,7.0467,7.0467,7.0467,7.0467,0
2003-06-20,7.0409,7.0409,7.0409,7.0409,0
2003-06-23,6.9298,6.9298,6.9298,6.9298,0
2003-06-24,6.94,6.94,6.94,6.94,0
2003-06-25,6.9465,6.9465,6.9465,6.9465,0
2003-06-26,7.0227,7.0227,7.0227,7.0227,0
2003-06-27,7.0068,7.0068,7.0068,7.0068,0
2003-06-30,6.9705,6.9705,6.9705,6.9705,0
2003-07-01,7.0184,7.0184,7.0184,7.0184,0
2003-07-02,7.0939,7.0939,7.0939,7.0939,0
2003-07-03,7.0975,7.0975,7.0975,7.0975,0
2003-07-07,7.2028,7.2028,7.2028,7.2028,0
2003-07-08,7.2711,7.2711,7.2711,7.2711,0
2003-07-09,7.2878,7.2878,7.2878,7.2878,0
2003-07-10,7.1643,7.1643,7.1643,7.1643,0
2003-07-11,7.2144,7.2144,7.2144,7.2144,0
2003-07-14,7.3045,7.3045,7.3045,7.3045,0
2003-07-15,7.2943,7.2943,7.2943,7.2943,0
2003-07-16,7.2442,7.2442,7.2442,7.2442,0
2003-07-17,7.0903,7.0903,7.0903,7.0903,0
2003-07-18,7.1861,7.1861,7.1861,7.1861,0
2003-07-21,7.0997,7.0997,7.0997,7.0997,0
2003-07-22,7.1585,7.1585,7.1585,7.1585,0
2003-07-23,7.1592,7.1592,7.1592,7.1592,0
2003-07-24,7.1128,7.1128,7.1128,7.1128,0
2003-07-25,7.1701,7.1701,7.1701,7.1701,0
2003-07-28,7.234,7.234,7.234,7.234,0
2003-07-29,7.2202,7.2202,7.2202,7.2202,0
2003-07-30,7.2101,7.2101,7.2101,7.2101,0
2003-07-31,7.2246,7.2246,7.2246,7.2246,0
2003-08-01,7.1658,7.1658,7.1658,7.1658,0
2003-08-04,7.1476,7.1476,7.1476,7.1476,0
2003-08-05,7.0068,7.0068,7.0068,7.0068,0
2003-08-06,6.998,6.998,6.998,6.998,0
2003-08-07,7.0242,7.0242,7.0242,7.0242,0
2003-08-08,7.046,7.046,7.046,7.046,0
2003-08-11,7.0852,7.0852,7.0852,7.0852,0
2003-08-12,7.181,7.181,7.181,7.181,0
2003-08-13,7.1665,7.1665,7.1665,7.1665,0
2003-08-14,7.1926,7.1926,7.1926,7.1926,0
2003-08-15,7.2536,7.2536,7.2536,7.2536,0
2003-08-18,7.3335,7.3335,7.3335,7.3335,0
2003-08-19,7.388,7.388,7.388,7.388,0
2003-08-20,7.3771,7.3771,7.3771,7.3771,0
2003-08-21,7.4853,7.4853,7.4853,7.4853,0
2003-08-22,7.3923,7.3923,7.3923,7.3923,0
2003-08-25,7.3647,7.3647,7.3647,7.3647,0
2003-08-26,7.38,7.38,7.38,7.38,0
2003-08-27,7.3996,7.3996,7.3996,7.3996,0
2003-08-28,7.4998,7.4998,7.4998,7.4998,0
2003-08-29,7.5513,7.5513,7.5513,7.5513,0
2003-09-02,7.6392,7.6392,7.6392,7.6392,0
2003-09-03,7.6573,7.6573,7.6573,7.6573,0
2003-09-04,7.6661,7.6661,7.6661,7.6661,0
2003-09-05,7.6203,7.6203,7.6203,7.6203,0
2003-09-08,7.6965,7.6965,7.6965,7.6965,0
2003-09-09,7.6581,7.6581,7.6581,7.6581,0
2003-09-10,7.5216,7.5216,7.5216,7.5216,0
2003-09-11,7.5528,7.5528,7.5528,7.5528,0
2003-09-12,7.5789,7.5789,7.5789,7.5789,0
2003-09-15,7.5742,7.5742,7.5742,7.5742,0
2003-09-16,7.6688,7.6688,7.6688,7.6688,0
2003-09-17,7.6572,7.6572,7.6572,7.6572,0
2003-09-18,7.7372,7.7372,7.7372,7.7372,0
2003-09-19,7.7074,7.7074,7.7074,7.7074,0
2003-09-22,7.6724,7.6724,7.6724,7.6724,0
2003-09-23,7.6957,7.6957,7.6957,7.6957,0
2003-09-24,7.5938,7.5938,7.5938,7.5938,0
2003-09-25,7.4716,7.4716,7.4716,7.4716,0
2003-09-26,7.4228,7.4228,7.4228,7.4228,0
2003-09-29,7.5014,7.5014,7.5014,7.5014,0
2003-09-30,7.4279,7.4279,7.4279,7.4279,0
2003-10-01,7.6048,7.6048,7.6048,7.6048,0
2003-10-02,7.6397,7.6397,7.6397,7.6397,0
2003-10-03,7.7496,7.7496,7.7496,7.7496,0
2003-10-06,7.7678,7.7678,7.7678,7.7678,0
2003-10-07,7.8093,7.8093,7.8093,7.8093,0
2003-10-08,7.8093,7.8093,7.8093,7.8093,0
2003-10-09,7.8071,7.8071,7.8071,7.8071,0
2003-10-10,7.8457,7.8457,7.8457,7.8457,0
2003-10-13,7.9213,7.9213,7.9213,7.9213,0
2003-10-14,7.9497,7.9497,7.9497,7.9497,0
2003-10-15,7.8777,7.8777,7.8777,7.8777,0
2003-10-16,7.9184,7.9184,7.9184,7.9184,0
2003-10-17,7.802,7.802,7.802,7.802,0
2003-10-20,7.8595,7.8595,7.8595,7.8595,0
2003-10-21,7.8784,7.8784,7.8784,7.8784,0
2003-10-22,7.7802,7.7802,7.7802,7.7802,0
2003-10-23,7.7583,7.7583,7.7583,7.7583,0
2003-10-24,7.7772,7.7772,7.7772,7.7772,0
2003-10-27,7.826,7.826,7.826,7.826,0
2003-10-28,7.9614,7.9614,7.9614,7.9614,0
2003-10-29,7.9949,7.9949,7.9949,7.9949,0
2003-10-30,7.973,7.973,7.973,7.973,0
2003-10-31,8.0131,8.0131,8.0131,8.0131,0
2003-11-03,8.0786,8.0786,8.0786,8.0786,0
2003-11-04,8.0873,8.0873,8.0873,8.0873,0
2003-11-05,8.1135,8.1135,8.1135,8.1135,0
2003-11-06,8.1761,8.1761,8.1761,8.1761,0
2003-11-07,8.1666,8.1666,8.1666,8.1666,0
2003-11-10,8.0778,8.0778,8.0778,8.0778,0
2003-11-11,8.0596,8.0596,8.0596,8.0596,0
2003-11-12,8.2023,8.2023,8.2023,8.2023,0
2003-11-13,8.2212,8.2212,8.2212,8.2212,0
2003-11-14,8.1077,8.1077,8.1077,8.1077,0
2003-11-17,8.0436,8.0436,8.0436,8.0436,0
2003-11-18,7.9585,7.9585,7.9585,7.9585,0
2003-11-19,8.0305,8.0305,8.0305,8.0305,0
2003-11-20,7.973,7.973,7.973,7.973,0
2003-11-21,8.0225,8.0225,8.0225,8.0225,0
2003-11-24,8.1681,8.1681,8.1681,8.1681,0
2003-11-25,8.2234,8.2234,8.2234,8.2234,0
2003-11-26,8.2569,8.2569,8.2569,8.2569,0
2003-11-28,8.2765,8.2765,8.2765,8.2765,0
2003-12-01,8.4024,8.4024,8.4024,8.4024,0
2003-12-02,8.3922,8.3922,8.3922,8.3922,0
2003-12-03,8.3107,8.3107,8.3107,8.3107,0
2003-12-04,8.2867,8.2867,8.2867,8.2867,0
2003-12-05,8.2161,8.2161,8.2161,8.2161,0
2003-12-08,8.2722,8.2722,8.2722,8.2722,0
2003-12-09,8.1513,8.1513,8.1513,8.1513,0
2003-12-10,8.1048,8.1048,8.1048,8.1048,0
2003-12-11,8.2438,8.2438,8.2438,8.2438,0
2003-12-12,8.2671,8.2671,8.2671,8.2671,0
2003-12-15,8.1604,8.1604,8.1604,8.1604,0
2003-12-16,8.1825,8.1825,8.1825,8.1825,0
2003-12-17,8.2023,8.2023,8.2023,8.2023,0
2003-12-18,8.3119,8.3119,8.3119,8.3119,0
2003-12-19,8.2973,8.2973,8.2973,8.2973,0
2003-12-22,8.358,8.358,8.358,8.358,0
2003-12-23,8.3587,8.3587,8.3587,8.3587,0
2003-12-24,8.377,8.377,8.377,8.377,0
2003-12-26,8.3909,8.3909,8.3909,8.3909,0
2003-12-29,8.4932,8.4932,8.4932,8.4932,0
2003-12-30,8.4822,8.4822,8.4822,8.4822,0
2003-12-31,8.414,8.414,8.414,8.414,0
2004-01-02,8.4359,8.4359,8.4359,8.4359,0
2004-01-05,8.5061,8.5061,8.5061,8.5061,0
2004-01-06,8.5222,8.5222,8.5222,8.5222,0
2004-01-07,8.5632,8.5632,8.5632,8.5632,0
2004-01-08,8.5654,8.5654,8.5654,8.5654,0
2004-01-09,8.5632,8.5632,8.5632,8.5632,0
2004-01-12,8.6217,8.6217,8.6217,8.6217,0
2004-01-13,8.5617,8.5617,8.5617,8.5617,0
2004-01-14,8.629,8.629,8.629,8.629,0
2004-01-15,8.6546,8.6546,8.6546,8.6546,0
2004-01-16,8.7036,8.7036,8.7036,8.7036,0
2004-01-20,8.7818,8.7818,8.7818,8.7818,0
2004-01-21,8.7789,8.7789,8.7789,8.7789,0
2004-01-22,8.7709,8.7709,8.7709,8.7709,0
2004-01-23,8.7687,8.7687,8.7687,8.7687,0
2004-01-26,8.8338,8.8338,8.8338,8.8338,0
2004-01-27,8.754,8.754,8.754,8.754,0
2004-01-28,8.6436,8.6436,8.6436,8.6436,0
2004-01-29,8.5961,8.5961,8.5961,8.5961,0
2004-01-30,8.588,8.588,8.588,8.588,0
2004-02-02,8.6136,8.6136,8.6136,8.6136,0
2004-02-03,8.6209,8.6209,8.6209,8.6209,0
2004-02-04,8.5018,8.5018,8.5018,8.5018,0
2004-02-05,8.5427,8.5427,8.5427,8.5427,0
2004-02-06,8.7131,8.7131,8.7131,8.7131,0
2004-02-09,8.7409,8.7409,8.7409,8.7409,0
2004-02-10,8.7972,8.7972,8.7972,8.7972,0
2004-02-11,8.8784,8.8784,8.8784,8.8784,0
2004-02-12,8.8696,8.8696,8.8696,8.8696,0
2004-02-13,8.8279,8.8279,8.8279,8.8279,0
2004-02-17,8.9135,8.9135,8.9135,8.9135,0
2004-02-18,8.8842,8.8842,8.8842,8.8842,0
2004-02-19,8.7679,8.7679,8.7679,8.7679,0
2004-02-20,8.7372,8.7372,8.7372,8.7372,0
2004-02-23,8.6502,8.6502,8.6502,8.6502,0
2004-02-24,8.6465,8.6465,8.6465,8.6465,0
2004-02-25,8.6955,8.6955,8.6955,8.6955,0
2004-02-26,8.7731,8.7731,8.7731,8.7731,0
2004-02-27,8.8089,8.8089,8.8089,8.8089,0
2004-03-01,8.9603,8.9603,8.9603,8.9603,0
2004-03-02,8.9288,8.9288,8.9288,8.9288,0
2004-03-03,8.9164,8.9164,8.9164,8.9164,0
2004-03-04,8.9749,8.9749,8.9749,8.9749,0
2004-03-05,9.0312,9.0312,9.0312,9.0312,0
2004-03-08,8.9215,8.9215,8.9215,8.9215,0
2004-03-09,8.8842,8.8842,8.8842,8.8842,0
2004-03-10,8.6911,8.6911,8.6911,8.6911,0
2004-03-11,8.6107,8.6107,8.6107,8.6107,0
2004-03-12,8.7592,8.7592,8.7592,8.7592,0
2004-03-15,8.618,8.618,8.618,8.618,0
2004-03-16,8.6275,8.6275,8.6275,8.6275,0
2004-03-17,8.7445,8.7445,8.7445,8.7445,0
2004-03-18,8.7058,8.7058,8.7058,8.7058,0
2004-03-19,8.6034,8.6034,8.6034,8.6034,0
2004-03-22,8.4901,8.4901,8.4901,8.4901,0
2004-03-23,8.5193,8.5193,8.5193,8.5193,0
2004-03-24,8.4922,8.4922,8.4922,8.4922,0
2004-03-25,8.6348,8.6348,8.6348,8.6348,0
2004-03-26,8.6473,8.6473,8.6473,8.6473,0
2004-03-29,8.7751,8.7751,8.7751,8.7751,0
2004-03-30,8.8007,8.8007,8.8007,8.8007,0
2004-03-31,8.863,8.863,8.863,8.863,0
2004-04-01,8.9165,8.9165,8.9165,8.9165,0
2004-04-02,8.9766,8.9766,8.9766,8.9766,0
2004-04-05,9.0484,9.0484,9.0484,9.0484,0
2004-04-06,8.9971,8.9971,8.9971,8.9971,0
2004-04-07,9.003,9.003,9.003,9.003,0
2004-04-08,8.9634,8.9634,8.9634,8.9634,0
2004-04-12,8.9825,8.9825,8.9825,8.9825,0
2004-04-13,8.8286,8.8286,8.8286,8.8286,0
2004-04-14,8.7795,8.7795,8.7795,8.7795,0
2004-04-15,8.778,8.778,8.778,8.778,0
2004-04-16,8.8256,8.8256,8.8256,8.8256,0
2004-04-19,8.8344,8.8344,8.8344,8.8344,0
2004-04-20,8.7055,8.7055,8.7055,8.7055,0
2004-04-21,8.8015,8.8015,8.8015,8.8015,0
2004-04-22,8.9436,8.9436,8.9436,8.9436,0
2004-04-23,8.9312,8.9312,8.9312,8.9312,0
2004-04-26,8.9055,8.9055,8.9055,8.9055,0
2004-04-27,8.8974,8.8974,8.8974,8.8974,0
2004-04-28,8.7575,8.7575,8.7575,8.7575,0
2004-04-29,8.6373,8.6373,8.6373,8.6373,0
2004-04-30,8.545,8.545,8.545,8.545,0
2004-05-03,8.6219,8.6219,8.6219,8.6219,0
2004-05-04,8.6542,8.6542,8.6542,8.6542,0
2004-05-05,8.7099,8.7099,8.7099,8.7099,0
2004-05-06,8.6043,8.6043,8.6043,8.6043,0
2004-05-07,8.397,8.397,8.397,8.397,0
2004-05-10,8.2812,8.2812,8.2812,8.2812,0
2004-05-11,8.3757,8.3757,8.3757,8.3757,0
2004-05-12,8.3574,8.3574,8.3574,8.3574,0
2004-05-13,8.3786,8.3786,8.3786,8.3786,0
2004-05-14,8.3449,8.3449,8.3449,8.3449,0
2004-05-17,8.2438,8.2438,8.2438,8.2438,0
2004-05-18,8.3076,8.3076,8.3076,8.3076,0
2004-05-19,8.287,8.287,8.287,8.287,0
2004-05-20,8.298,8.298,8.298,8.298,0
2004-05-21,8.3523,8.3523,8.3523,8.3523,0
2004-05-24,8.4373,8.4373,8.4373,8.4373,0
2004-05-25,8.6014,8.6014,8.6014,8.6014,0
2004-05-26,8.6402,8.6402,8.6402,8.6402,0
2004-05-27,8.6879,8.6879,8.6879,8.6879,0
2004-05-28,8.737,8.737,8.737,8.737,0
2004-06-01,8.7927,8.7927,8.7927,8.7927,0
2004-06-02,8.7619,8.7619,8.7619,8.7619,0
2004-06-03,8.6285,8.6285,8.6285,8.6285,0
2004-06-04,8.7157,8.7157,8.7157,8.7157,0
2004-06-07,8.852,8.852,8.852,8.852,0
2004-06-08,8.8403,8.8403,8.8403,8.8403,0
2004-06-09,8.7157,8.7157,8.7157,8.7157,0
2004-06-10,8.7494,8.7494,8.7494,8.7494,0
2004-06-14,8.6402,8.6402,8.6402,8.6402,0
2004-06-15,8.7546,8.7546,8.7546,8.7546,0
2004-06-16,8.7516,8.7516,8.7516,8.7516,0
2004-06-17,8.7516,8.7516,8.7516,8.7516,0
2004-06-18,8.7179,8.7179,8.7179,8.7179,0
2004-06-21,8.7311,8.7311,8.7311,8.7311,0
2004-06-22,8.7714,8.7714,8.7714,8.7714,0
2004-06-23,8.8674,8.8674,8.8674,8.8674,0
2004-06-24,8.8381,8.8381,8.8381,8.8381,0
2004-06-25,8.8557,8.8557,8.8557,8.8557,0
2004-06-28,8.8181,8.8181,8.8181,8.8181,0
2004-06-29,8.8534,8.8534,8.8534,8.8534,0
2004-06-30,8.9313,8.9313,8.9313,8.9313,0
2004-07-01,8.8159,8.8159,8.8159,8.8159,0
2004-07-02,8.8101,8.8101,8.8101,8.8101,0
2004-07-06,8.6867,8.6867,8.6867,8.6867,0
2004-07-07,8.7109,8.7109,8.7109,8.7109,0
2004-07-08,8.6015,8.6015,8.6015,8.6015,0
2004-07-09,8.6529,8.6529,8.6529,8.6529,0
2004-07-12,8.6154,8.6154,8.6154,8.6154,0
2004-07-13,8.6257,8.6257,8.6257,8.6257,0
2004-07-14,8.6044,8.6044,8.6044,8.6044,0
2004-07-15,8.6184,8.6184,8.6184,8.6184,0
2004-07-16,8.575,8.575,8.575,8.575,0
2004-07-19,8.5956,8.5956,8.5956,8.5956,0
2004-07-20,8.6955,8.6955,8.6955,8.6955,0
2004-07-21,8.5009,8.5009,8.5009,8.5009,0
2004-07-22,8.5126,8.5126,8.5126,8.5126,0
2004-07-23,8.401,8.401,8.401,8.401,0
2004-07-26,8.318,8.318,8.318,8.318,0
2004-07-27,8.437,8.437,8.437,8.437,0
2004-07-28,8.4157,8.4157,8.4157,8.4157,0
2004-07-29,8.5199,8.5199,8.5199,8.5199,0
2004-07-30,8.5082,8.5082,8.5082,8.5082,0
2004-08-02,8.5097,8.5097,8.5097,8.5097,0
2004-08-03,8.4135,8.4135,8.4135,8.4135,0
2004-08-04,8.4068,8.4068,8.4068,8.4068,0
2004-08-05,8.2342,8.2342,8.2342,8.2342,0
2004-08-06,8.113,8.113,8.113,8.113,0
2004-08-09,8.141,8.141,8.141,8.141,0
2004-08-10,8.2497,8.2497,8.2497,8.2497,0
2004-08-11,8.2107,8.2107,8.2107,8.2107,0
2004-08-12,8.0793,8.0793,8.0793,8.0793,0
2004-08-13,8.0998,8.0998,8.0998,8.0998,0
2004-08-16,8.2166,8.2166,8.2166,8.2166,0
2004-08-17,8.2673,8.2673,8.2673,8.2673,0
2004-08-18,8.3907,8.3907,8.3907,8.3907,0
2004-08-19,8.3334,8.3334,8.3334,8.3334,0
2004-08-20,8.4245,8.4245,8.4245,8.4245,0
2004-08-23,8.3914,8.3914,8.3914,8.3914,0
2004-08-24,8.4024,8.4024,8.4024,8.4024,0
2004-08-25,8.4876,8.4876,8.4876,8.4876,0
2004-08-26,8.4759,8.4759,8.4759,8.4759,0
2004-08-27,8.5126,8.5126,8.5126,8.5126,0
2004-08-30,8.4179,8.4179,8.4179,8.4179,0
2004-08-31,8.5126,8.5126,8.5126,8.5126,0
2004-09-01,8.5537,8.5537,8.5537,8.5537,0
2004-09-02,8.6419,8.6419,8.6419,8.6419,0
2004-09-03,8.6029,8.6029,8.6029,8.6029,0
2004-09-07,8.6654,8.6654,8.6654,8.6654,0
2004-09-08,8.589,8.589,8.589,8.589,0
2004-09-09,8.6272,8.6272,8.6272,8.6272,0
2004-09-10,8.6808,8.6808,8.6808,8.6808,0
2004-09-13,8.7212,8.7212,8.7212,8.7212,0
2004-09-14,8.7124,8.7124,8.7124,8.7124,0
2004-09-15,8.6646,8.6646,8.6646,8.6646,0
2004-09-16,8.7241,8.7241,8.7241,8.7241,0
2004-09-17,8.7109,8.7109,8.7109,8.7109,0
2004-09-20,8.6815,8.6815,8.6815,8.6815,0
2004-09-21,8.7491,8.7491,8.7491,8.7491,0
2004-09-22,8.6448,8.6448,8.6448,8.6448,0
2004-09-23,8.6367,8.6367,8.6367,8.6367,0
2004-09-24,8.6602,8.6602,8.6602,8.6602,0
2004-09-27,8.6138,8.6138,8.6138,8.6138,0
2004-09-28,8.6573,8.6573,8.6573,8.6573,0
2004-09-29,8.6764,8.6764,8.6764,8.6764,0
2004-09-30,8.7493,8.7493,8.7493,8.7493,0
2004-10-01,8.859,8.859,8.859,8.859,0
2004-10-04,8.898,8.898,8.898,8.898,0
2004-10-05,8.8693,8.8693,8.8693,8.8693,0
2004-10-06,8.9253,8.9253,8.9253,8.9253,0
2004-10-07,8.8303,8.8303,8.8303,8.8303,0
2004-10-08,8.7567,8.7567,8.7567,8.7567,0
2004-10-11,8.7582,8.7582,8.7582,8.7582,0
2004-10-12,8.7206,8.7206,8.7206,8.7206,0
2004-10-13,8.6396,8.6396,8.6396,8.6396,0
2004-10-14,8.6094,8.6094,8.6094,8.6094,0
2004-10-15,8.6256,8.6256,8.6256,8.6256,0
2004-10-18,8.6742,8.6742,8.6742,8.6742,0
2004-10-19,8.6124,8.6124,8.6124,8.6124,0
2004-10-20,8.6433,8.6433,8.6433,8.6433,0
2004-10-21,8.7243,8.7243,8.7243,8.7243,0
2004-10-22,8.647,8.647,8.647,8.647,0
2004-10-25,8.6794,8.6794,8.6794,8.6794,0
2004-10-26,8.7714,8.7714,8.7714,8.7714,0
2004-10-27,8.8679,8.8679,8.8679,8.8679,0
2004-10-28,8.848,8.848,8.848,8.848,0
2004-10-29,8.8671,8.8671,8.8671,8.8671,0
2004-11-01,8.8826,8.8826,8.8826,8.8826,0
2004-11-02,8.8745,8.8745,8.8745,8.8745,0
2004-11-03,8.9901,8.9901,8.9901,8.9901,0
2004-11-04,9.1182,9.1182,9.1182,9.1182,0
2004-11-05,9.1513,9.1513,9.1513,9.1513,0
2004-11-08,9.1285,9.1285,9.1285,9.1285,0
2004-11-09,9.141,9.141,9.141,9.141,0
2004-11-10,9.1579,9.1579,9.1579,9.1579,0
2004-11-11,9.25,9.25,9.25,9.25,0
2004-11-12,9.3501,9.3501,9.3501,9.3501,0
2004-11-15,9.3611,9.3611,9.3611,9.3611,0
2004-11-16,9.3162,9.3162,9.3162,9.3162,0
2004-11-17,9.3501,9.3501,9.3501,9.3501,0
2004-11-18,9.3538,9.3538,9.3538,9.3538,0
2004-11-19,9.2477,9.2477,9.2477,9.2477,0
2004-11-22,9.3243,9.3243,9.3243,9.3243,0
2004-11-23,9.3597,9.3597,9.3597,9.3597,0
2004-11-24,9.4406,9.4406,9.4406,9.4406,0
2004-11-26,9.4428,9.4428,9.4428,9.4428,0
2004-11-29,9.3943,9.3943,9.3943,9.3943,0
2004-11-30,9.4016,9.4016,9.4016,9.4016,0
2004-12-01,9.501,9.501,9.501,9.501,0
2004-12-02,9.4907,9.4907,9.4907,9.4907,0
2004-12-03,9.5319,9.5319,9.5319,9.5319,0
2004-12-06,9.4664,9.4664,9.4664,9.4664,0
2004-12-07,9.3619,9.3619,9.3619,9.3619,0
2004-12-08,9.4141,9.4141,9.4141,9.4141,0
2004-12-09,9.4502,9.4502,9.4502,9.4502,0
2004-12-10,9.4752,9.4752,9.4752,9.4752,0
2004-12-13,9.5356,9.5356,9.5356,9.5356,0
2004-12-14,9.6195,9.6195,9.6195,9.6195,0
2004-12-15,9.6799,9.6799,9.6799,9.6799,0
2004-12-16,9.6262,9.6262,9.6262,9.6262,0
2004-12-17,9.6114,9.6114,9.6114,9.6114,0
2004-12-20,9.582,9.582,9.582,9.582,0
2004-12-21,9.6792,9.6792,9.6792,9.6792,0
2004-12-22,9.7189,9.7189,9.7189,9.7189,0
2004-12-23,9.7314,9.7314,9.7314,9.7314,0
2004-12-27,9.6536,9.6536,9.6536,9.6536,0
2004-12-28,9.7806,9.7806,9.7806,9.7806,0
2004-12-29,9.8027,9.8027,9.8027,9.8027,0
2004-12-30,9.7799,9.7799,9.7799,9.7799,0
2004-12-31,9.7673,9.7673,9.7673,9.7673,0
2005-01-03,9.633,9.633,9.633,9.633,0
2005-01-04,9.4765,9.4765,9.4765,9.4765,0
2005-01-05,9.382,9.382,9.382,9.382,0
2005-01-06,9.4248,9.4248,9.4248,9.4248,0
2005-01-07,9.3879,9.3879,9.3879,9.3879,0
2005-01-10,9.4285,9.4285,9.4285,9.4285,0
2005-01-11,9.3569,9.3569,9.3569,9.3569,0
2005-01-12,9.3864,9.3864,9.3864,9.3864,0
2005-01-13,9.3783,9.3783,9.3783,9.3783,0
2005-01-14,9.4411,9.4411,9.4411,9.4411,0
2005-01-18,9.5444,9.5444,9.5444,9.5444,0
2005-01-19,9.4662,9.4662,9.4662,9.4662,0
2005-01-20,9.4034,9.4034,9.4034,9.4034,0
2005-01-21,9.3687,9.3687,9.3687,9.3687,0
2005-01-24,9.3097,9.3097,9.3097,9.3097,0
2005-01-25,9.3229,9.3229,9.3229,9.3229,0
2005-01-26,9.4337,9.4337,9.4337,9.4337,0
2005-01-27,9.4455,9.4455,9.4455,9.4455,0
2005-01-28,9.4115,9.4115,9.4115,9.4115,0
2005-01-31,9.5392,9.5392,9.5392,9.5392,0
2005-02-01,9.619,9.619,9.619,9.619,0
2005-02-02,9.6603,9.6603,9.6603,9.6603,0
2005-02-03,9.6507,9.6507,9.6507,9.6507,0
2005-02-04,9.7732,9.7732,9.7732,9.7732,0
2005-02-07,9.7695,9.7695,9.7695,9.7695,0
2005-02-08,9.7873,9.7873,9.7873,9.7873,0
2005-02-09,9.6662,9.6662,9.6662,9.6662,0
2005-02-10,9.7016,9.7016,9.7016,9.7016,0
2005-02-11,9.7954,9.7954,9.7954,9.7954,0
2005-02-14,9.8027,9.8027,9.8027,9.8027,0
2005-02-15,9.8338,9.8338,9.8338,9.8338,0
2005-02-16,9.8419,9.8419,9.8419,9.8419,0
2005-02-17,9.7865,9.7865,9.7865,9.7865,0
2005-02-18,9.7828,9.7828,9.7828,9.7828,0
2005-02-22,9.6256,9.6256,9.6256,9.6256,0
2005-02-23,9.6743,9.6743,9.6743,9.6743,0
2005-02-24,9.7902,9.7902,9.7902,9.7902,0
2005-02-25,9.912,9.912,9.912,9.912,0
2005-02-28,9.8552,9.8552,9.8552,9.8552,0
2005-03-01,9.9541,9.9541,9.9541,9.9541,0
2005-03-02,9.9371,9.9371,9.9371,9.9371,0
2005-03-03,9.9401,9.9401,9.9401,9.9401,0
2005-03-04,10.0552,10.0552,10.0552,10.0552,0
2005-03-07,10.0936,10.0936,10.0936,10.0936,0
2005-03-08,10.0242,10.0242,10.0242,10.0242,0
2005-03-09,9.8987,9.8987,9.8987,9.8987,0
2005-03-10,9.8987,9.8987,9.8987,9.8987,0
2005-03-11,9.8987,9.8987,9.8987,9.8987,0
2005-03-14,9.9718,9.9718,9.9718,9.9718,0
2005-03-15,9.9157,9.9157,9.9157,9.9157,0
2005-03-16,9.8463,9.8463,9.8463,9.8463,0
2005-03-17,9.8544,9.8544,9.8544,9.8544,0
2005-03-18,9.7585,9.7585,9.7585,9.7585,0
2005-03-21,9.7983,9.7983,9.7983,9.7983,0
2005-03-22,9.7437,9.7437,9.7437,9.7437,0
2005-03-23,9.6551,9.6551,9.6551,9.6551,0
2005-03-24,9.7024,9.7024,9.7024,9.7024,0
2005-03-28,9.7295,9.7295,9.7295,9.7295,0
2005-03-29,9.5984,9.5984,9.5984,9.5984,0
2005-03-30,9.7073,9.7073,9.7073,9.7073,0
2005-03-31,9.7391,9.7391,9.7391,9.7391,0
2005-04-01,9.725,9.725,9.725,9.725,0
2005-04-04,9.7406,9.7406,9.7406,9.7406,0
2005-04-05,9.7717,9.7717,9.7717,9.7717,0
2005-04-06,9.7806,9.7806,9.7806,9.7806,0
2005-04-07,9.8124,9.8124,9.8124,9.8124,0
2005-04-08,9.7073,9.7073,9.7073,9.7073,0
2005-04-11,9.6665,9.6665,9.6665,9.6665,0
2005-04-12,9.7221,9.7221,9.7221,9.7221,0
2005-04-13,9.6021,9.6021,9.6021,9.6021,0
2005-04-14,9.4087,9.4087,9.4087,9.4087,0
2005-04-15,9.285,9.285,9.285,9.285,0
2005-04-18,9.3406,9.3406,9.3406,9.3406,0
2005-04-19,9.465,9.465,9.465,9.465,0
2005-04-20,9.3184,9.3184,9.3184,9.3184,0
2005-04-21,9.4776,9.4776,9.4776,9.4776,0
2005-04-22,9.4065,9.4065,9.4065,9.4065,0
2005-04-25,9.5191,9.5191,9.5191,9.5191,0
2005-04-26,9.4147,9.4147,9.4147,9.4147,0
2005-04-27,9.4265,9.4265,9.4265,9.4265,0
2005-04-28,9.3028,9.3028,9.3028,9.3028,0
2005-04-29,9.3887,9.3887,9.3887,9.3887,0
2005-05-02,9.4406,9.4406,9.4406,9.4406,0
2005-05-03,9.4369,9.4369,9.4369,9.4369,0
2005-05-04,9.5339,9.5339,9.5339,9.5339,0
2005-05-05,9.5665,9.5665,9.5665,9.5665,0
2005-05-06,9.5947,9.5947,9.5947,9.5947,0
2005-05-09,9.6406,9.6406,9.6406,9.6406,0
2005-05-10,9.5843,9.5843,9.5843,9.5843,0
2005-05-11,9.6087,9.6087,9.6087,9.6087,0
2005-05-12,9.4754,9.4754,9.4754,9.4754,0
2005-05-13,9.4554,9.4554,9.4554,9.4554,0
2005-05-16,9.5398,9.5398,9.5398,9.5398,0
2005-05-17,9.6332,9.6332,9.6332,9.6332,0
2005-05-18,9.8043,9.8043,9.8043,9.8043,0
2005-05-19,9.8191,9.8191,9.8191,9.8191,0
2005-05-20,9.8369,9.8369,9.8369,9.8369,0
2005-05-23,9.911,9.911,9.911,9.911,0
2005-05-24,9.8813,9.8813,9.8813,9.8813,0
2005-05-25,9.8184,9.8184,9.8184,9.8184,0
2005-05-26,9.9035,9.9035,9.9035,9.9035,0
2005-05-27,9.9443,9.9443,9.9443,9.9443,0
2005-05-31,9.9258,9.9258,9.9258,9.9258,0
2005-06-01,10.0139,10.0139,10.0139,10.0139,0
2005-06-02,10.045,10.045,10.045,10.045,0
2005-06-03,10.011,10.011,10.011,10.011,0
2005-06-06,10.0421,10.0421,10.0421,10.0421,0
2005-06-07,10.051,10.051,10.051,10.051,0
2005-06-08,9.9998,9.9998,9.9998,9.9998,0
2005-06-09,10.0813,10.0813,10.0813,10.0813,0
2005-06-10,10.0961,10.0961,10.0961,10.0961,0
2005-06-13,10.1065,10.1065,10.1065,10.1065,0
2005-06-14,10.1776,10.1776,10.1776,10.1776,0
2005-06-15,10.1984,10.1984,10.1984,10.1984,0
2005-06-16,10.2887,10.2887,10.2887,10.2887,0
2005-06-17,10.2887,10.2887,10.2887,10.2887,0
2005-06-20,10.2487,10.2487,10.2487,10.2487,0
2005-06-21,10.2673,10.2673,10.2673,10.2673,0
2005-06-22,10.2747,10.2747,10.2747,10.2747,0
2005-06-23,10.1455,10.1455,10.1455,10.1455,0
2005-06-24,10.0371,10.0371,10.0371,10.0371,0
2005-06-27,10.0802,10.0802,10.0802,10.0802,0
2005-06-28,10.2138,10.2138,10.2138,10.2138,0
2005-06-29,10.2361,10.2361,10.2361,10.2361,0
2005-06-30,10.1708,10.1708,10.1708,10.1708,0
2005-07-01,10.2613,10.2613,10.2613,10.2613,0
2005-07-05,10.3608,10.3608,10.3608,10.3608,0
2005-07-06,10.2762,10.2762,10.2762,10.2762,0
2005-07-07,10.3415,10.3415,10.3415,10.3415,0
2005-07-08,10.438,10.438,10.438,10.438,0
2005-07-11,10.5553,10.5553,10.5553,10.5553,0
2005-07-12,10.5568,10.5568,10.5568,10.5568,0
2005-07-13,10.539,10.539,10.539,10.539,0
2005-07-14,10.4781,10.4781,10.4781,10.4781,0
2005-07-15,10.5138,10.5138,10.5138,10.5138,0
2005-07-18,10.5093,10.5093,10.5093,10.5093,0
2005-07-19,10.5969,10.5969,10.5969,10.5969,0
2005-07-20,10.6489,10.6489,10.6489,10.6489,0
2005-07-21,10.5628,10.5628,10.5628,10.5628,0
2005-07-22,10.6236,10.6236,10.6236,10.6236,0
2005-07-25,10.6162,10.6162,10.6162,10.6162,0
2005-07-26,10.6162,10.6162,10.6162,10.6162,0
2005-07-27,10.6667,10.6667,10.6667,10.6667,0
2005-07-28,10.7216,10.7216,10.7216,10.7216,0
2005-07-29,10.7291,10.7291,10.7291,10.7291,0
2005-08-01,10.7142,10.7142,10.7142,10.7142,0
2005-08-02,10.781,10.781,10.781,10.781,0
2005-08-03,10.7305,10.7305,10.7305,10.7305,0
2005-08-04,10.6608,10.6608,10.6608,10.6608,0
2005-08-05,10.5405,10.5405,10.5405,10.5405,0
2005-08-08,10.4885,10.4885,10.4885,10.4885,0
2005-08-09,10.5479,10.5479,10.5479,10.5479,0
2005-08-10,10.539,10.539,10.539,10.539,0
2005-08-11,10.6207,10.6207,10.6207,10.6207,0
2005-08-12,10.5835,10.5835,10.5835,10.5835,0
2005-08-15,10.6251,10.6251,10.6251,10.6251,0
2005-08-16,10.4603,10.4603,10.4603,10.4603,0
2005-08-17,10.4573,10.4573,10.4573,10.4573,0
2005-08-18,10.4262,10.4262,10.4262,10.4262,0
2005-08-19,10.4826,10.4826,10.4826,10.4826,0
2005-08-22,10.5078,10.5078,10.5078,10.5078,0
2005-08-23,10.4959,10.4959,10.4959,10.4959,0
2005-08-24,10.4514,10.4514,10.4514,10.4514,0
2005-08-25,10.5123,10.5123,10.5123,10.5123,0
2005-08-26,10.4069,10.4069,10.4069,10.4069,0
2005-08-29,10.4618,10.4618,10.4618,10.4618,0
2005-08-30,10.4039,10.4039,10.4039,10.4039,0
2005-08-31,10.6251,10.6251,10.6251,10.6251,0
2005-09-01,10.5746,10.5746,10.5746,10.5746,0
2005-09-02,10.5464,10.5464,10.5464,10.5464,0
2005-09-06,10.6608,10.6608,10.6608,10.6608,0
2005-09-07,10.7083,10.7083,10.7083,10.7083,0
2005-09-08,10.6355,10.6355,10.6355,10.6355,0
2005-09-09,10.7409,10.7409,10.7409,10.7409,0
2005-09-12,10.7454,10.7454,10.7454,10.7454,0
2005-09-13,10.6697,10.6697,10.6697,10.6697,0
2005-09-14,10.6073,10.6073,10.6073,10.6073,0
2005-09-15,10.6251,10.6251,10.6251,10.6251,0
2005-09-16,10.6548,10.6548,10.6548,10.6548,0
2005-09-19,10.5984,10.5984,10.5984,10.5984,0
2005-09-20,10.5049,10.5049,10.5049,10.5049,0
2005-09-21,10.3534,10.3534,10.3534,10.3534,0
2005-09-22,10.3935,10.3935,10.3935,10.3935,0
2005-09-23,10.4514,10.4514,10.4514,10.4514,0
2005-09-26,10.4922,10.4922,10.4922,10.4922,0
2005-09-27,10.4907,10.4907,10.4907,10.4907,0
2005-09-28,10.4981,10.4981,10.4981,10.4981,0
2005-09-29,10.5994,10.5994,10.5994,10.5994,0
2005-09-30,10.6917,10.6917,10.6917,10.6917,0
2005-10-03,10.7512,10.7512,10.7512,10.7512,0
2005-10-04,10.5979,10.5979,10.5979,10.5979,0
2005-10-05,10.3865,10.3865,10.3865,10.3865,0
2005-10-06,10.2793,10.2793,10.2793,10.2793,0
2005-10-07,10.315,10.315,10.315,10.315,0
2005-10-10,10.2555,10.2555,10.2555,10.2555,0
2005-10-11,10.1706,10.1706,10.1706,10.1706,0
2005-10-12,10.056,10.056,10.056,10.056,0
2005-10-13,9.9756,9.9756,9.9756,9.9756,0
2005-10-14,10.1394,10.1394,10.1394,10.1394,0
2005-10-17,10.2123,10.2123,10.2123,10.2123,0
2005-10-18,10.0724,10.0724,10.0724,10.0724,0
2005-10-19,10.2198,10.2198,10.2198,10.2198,0
2005-10-20,10.0888,10.0888,10.0888,10.0888,0
2005-10-21,10.1632,10.1632,10.1632,10.1632,0
2005-10-24,10.3686,10.3686,10.3686,10.3686,0
2005-10-25,10.3493,10.3493,10.3493,10.3493,0
2005-10-26,10.2957,10.2957,10.2957,10.2957,0
2005-10-27,10.1111,10.1111,10.1111,10.1111,0
2005-10-28,10.2793,10.2793,10.2793,10.2793,0
2005-10-31,10.3642,10.3642,10.3642,10.3642,0
2005-11-01,10.4639,10.4639,10.4639,10.4639,0
2005-11-02,10.6023,10.6023,10.6023,10.6023,0
2005-11-03,10.6738,10.6738,10.6738,10.6738,0
2005-11-04,10.6678,10.6678,10.6678,10.6678,0
2005-11-07,10.6411,10.6411,10.6411,10.6411,0
2005-11-08,10.6321,10.6321,10.6321,10.6321,0
2005-11-09,10.6366,10.6366,10.6366,10.6366,0
2005-11-10,10.6961,10.6961,10.6961,10.6961,0
2005-11-11,10.7468,10.7468,10.7468,10.7468,0
2005-11-14,10.7735,10.7735,10.7735,10.7735,0
2005-11-15,10.6768,10.6768,10.6768,10.6768,0
2005-11-16,10.7185,10.7185,10.7185,10.7185,0
2005-11-17,10.8242,10.8242,10.8242,10.8242,0
2005-11-18,10.8822,10.8822,10.8822,10.8822,0
2005-11-21,10.976,10.976,10.976,10.976,0
2005-11-22,11.0236,11.0236,11.0236,11.0236,0
2005-11-23,11.0713,11.0713,11.0713,11.0713,0
2005-11-25,11.0713,11.0713,11.0713,11.0713,0
2005-11-28,10.9105,10.9105,10.9105,10.9105,0
2005-11-29,10.9537,10.9537,10.9537,10.9537,0
2005-11-30,10.9552,10.9552,10.9552,10.9552,0
2005-12-01,11.1055,11.1055,11.1055,11.1055,0
2005-12-02,11.1353,11.1353,11.1353,11.1353,0
2005-12-05,11.0817,11.0817,11.0817,11.0817,0
2005-12-06,11.0683,11.0683,11.0683,11.0683,0
2005-12-07,11.0296,11.0296,11.0296,11.0296,0
2005-12-08,11.0564,11.0564,11.0564,11.0564,0
2005-12-09,11.113,11.113,11.113,11.113,0
2005-12-12,11.1279,11.1279,11.1279,11.1279,0
2005-12-13,11.1546,11.1546,11.1546,11.1546,0
2005-12-14,11.1859,11.1859,11.1859,11.1859,0
2005-12-15,11.1368,11.1368,11.1368,11.1368,0
2005-12-16,11.0609,11.0609,11.0609,11.0609,0
2005-12-19,10.9641,10.9641,10.9641,10.9641,0
2005-12-20,10.9983,10.9983,10.9983,10.9983,0
2005-12-21,11.0668,11.0668,11.0668,11.0668,0
2005-12-22,11.1457,11.1457,11.1457,11.1457,0
2005-12-23,11.1811,11.1811,11.1811,11.1811,0
2005-12-27,11.0601,11.0601,11.0601,11.0601,0
2005-12-28,11.1184,11.1184,11.1184,11.1184,0
2005-12-29,11.0601,11.0601,11.0601,11.0601,0
2005-12-30,11.0257,11.0257,11.0257,11.0257,0
2006-01-03,11.1961,11.1961,11.1961,11.1961,0
2006-01-04,11.2663,11.2663,11.2663,11.2663,0
2006-01-05,11.2827,11.2827,11.2827,11.2827,0
2006-01-06,11.4037,11.4037,11.4037,11.4037,0
2006-01-09,11.462,11.462,11.462,11.462,0
2006-01-10,11.5158,11.5158,11.5158,11.5158,0
2006-01-11,11.5382,11.5382,11.5382,11.5382,0
2006-01-12,11.459,11.459,11.459,11.459,0
2006-01-13,11.45,11.45,11.45,11.45,0
2006-01-17,11.4082,11.4082,11.4082,11.4082,0
2006-01-18,11.3933,11.3933,11.3933,11.3933,0
2006-01-19,11.5068,11.5068,11.5068,11.5068,0
2006-01-20,11.3305,11.3305,11.3305,11.3305,0
2006-01-23,11.3679,11.3679,11.3679,11.3679,0
2006-01-24,11.4575,11.4575,11.4575,11.4575,0
2006-01-25,11.4187,11.4187,11.4187,11.4187,0
2006-01-26,11.5188,11.5188,11.5188,11.5188,0
2006-01-27,11.6069,11.6069,11.6069,11.6069,0
2006-01-30,11.6024,11.6024,11.6024,11.6024,0
2006-01-31,11.6263,11.6263,11.6263,11.6263,0
2006-02-01,11.6995,11.6995,11.6995,11.6995,0
2006-02-02,11.574,11.574,11.574,11.574,0
2006-02-03,11.5486,11.5486,11.5486,11.5486,0
2006-02-06,11.6144,11.6144,11.6144,11.6144,0
2006-02-07,11.4441,11.4441,11.4441,11.4441,0
2006-02-08,11.4949,11.4949,11.4949,11.4949,0
2006-02-09,11.4471,11.4471,11.4471,11.4471,0
2006-02-10,11.45,11.45,11.45,11.45,0
2006-02-13,11.3783,11.3783,11.3783,11.3783,0
2006-02-14,11.4575,11.4575,11.4575,11.4575,0
2006-02-15,11.5113,11.5113,11.5113,11.5113,0
2006-02-16,11.6114,11.6114,11.6114,11.6114,0
2006-02-17,11.592,11.592,11.592,11.592,0
2006-02-21,11.5636,11.5636,11.5636,11.5636,0
2006-02-22,11.6607,11.6607,11.6607,11.6607,0
2006-02-23,11.6443,11.6443,11.6443,11.6443,0
2006-02-24,11.701,11.701,11.701,11.701,0
2006-02-27,11.6906,11.6906,11.6906,11.6906,0
2006-02-28,11.58,11.58,11.58,11.58,0
2006-03-01,11.7459,11.7459,11.7459,11.7459,0
2006-03-02,11.7279,11.7279,11.7279,11.7279,0
2006-03-03,11.6458,11.6458,11.6458,11.6458,0
2006-03-06,11.5531,11.5531,11.5531,11.5531,0
2006-03-07,11.4187,11.4187,11.4187,11.4187,0
2006-03-08,11.456,11.456,11.456,11.456,0
2006-03-09,11.3768,11.3768,11.3768,11.3768,0
2006-03-10,11.4784,11.4784,11.4784,11.4784,0
2006-03-13,11.5337,11.5337,11.5337,11.5337,0
2006-03-14,11.6532,11.6532,11.6532,11.6532,0
2006-03-15,11.7279,11.7279,11.7279,11.7279,0
2006-03-16,11.704,11.704,11.704,11.704,0
2006-03-17,11.7339,11.7339,11.7339,11.7339,0
2006-03-20,11.713,11.713,11.713,11.713,0
2006-03-21,11.6174,11.6174,11.6174,11.6174,0
2006-03-22,11.6756,11.6756,11.6756,11.6756,0
2006-03-23,11.7324,11.7324,11.7324,11.7324,0
2006-03-24,11.7907,11.7907,11.7907,11.7907,0
2006-03-27,11.7745,11.7745,11.7745,11.7745,0
2006-03-28,11.7311,11.7311,11.7311,11.7311,0
2006-03-29,11.8554,11.8554,11.8554,11.8554,0
2006-03-30,11.8674,11.8674,11.8674,11.8674,0
2006-03-31,11.8749,11.8749,11.8749,11.8749,0
2006-04-03,11.8614,11.8614,11.8614,11.8614,0
2006-04-04,11.8823,11.8823,11.8823,11.8823,0
2006-04-05,11.9737,11.9737,11.9737,11.9737,0
2006-04-06,11.9842,11.9842,11.9842,11.9842,0
2006-04-07,11.8644,11.8644,11.8644,11.8644,0
2006-04-10,11.8314,11.8314,11.8314,11.8314,0
2006-04-11,11.7116,11.7116,11.7116,11.7116,0
2006-04-12,11.767,11.767,11.767,11.767,0
2006-04-13,11.74,11.74,11.74,11.74,0
2006-04-17,11.752,11.752,11.752,11.752,0
2006-04-18,12.0231,12.0231,12.0231,12.0231,0
2006-04-19,12.0965,12.0965,12.0965,12.0965,0
2006-04-20,12.1385,12.1385,12.1385,12.1385,0
2006-04-21,12.1085,12.1085,12.1085,12.1085,0
2006-04-24,12.0471,12.0471,12.0471,12.0471,0
2006-04-25,12.0516,12.0516,12.0516,12.0516,0
2006-04-26,11.9857,11.9857,11.9857,11.9857,0
2006-04-27,11.9587,11.9587,11.9587,11.9587,0
2006-04-28,12.0486,12.0486,12.0486,12.0486,0
2006-05-01,11.9827,11.9827,11.9827,11.9827,0
2006-05-02,12.0771,12.0771,12.0771,12.0771,0
2006-05-03,12.0396,12.0396,12.0396,12.0396,0
2006-05-04,12.125,12.125,12.125,12.125,0
2006-05-05,12.2328,12.2328,12.2328,12.2328,0
2006-05-08,12.2493,12.2493,12.2493,12.2493,0
2006-05-09,12.2298,12.2298,12.2298,12.2298,0
2006-05-10,12.2164,12.2164,12.2164,12.2164,0
2006-05-11,12.0771,12.0771,12.0771,12.0771,0
2006-05-12,11.8404,11.8404,11.8404,11.8404,0
2006-05-15,11.752,11.752,11.752,11.752,0
2006-05-16,11.7445,11.7445,11.7445,11.7445,0
2006-05-17,11.4974,11.4974,11.4974,11.4974,0
2006-05-18,11.4255,11.4255,11.4255,11.4255,0
2006-05-19,11.4644,11.4644,11.4644,11.4644,0
2006-05-22,11.3237,11.3237,11.3237,11.3237,0
2006-05-23,11.2338,11.2338,11.2338,11.2338,0
2006-05-24,11.2892,11.2892,11.2892,11.2892,0
2006-05-25,11.427,11.427,11.427,11.427,0
2006-05-26,11.4869,11.4869,11.4869,11.4869,0
2006-05-30,11.2997,11.2997,11.2997,11.2997,0
2006-05-31,11.5034,11.5034,11.5034,11.5034,0
2006-06-01,11.6637,11.6637,11.6637,11.6637,0
2006-06-02,11.7221,11.7221,11.7221,11.7221,0
2006-06-05,11.457,11.457,11.457,11.457,0
2006-06-06,11.3701,11.3701,11.3701,11.3701,0
2006-06-07,11.2607,11.2607,11.2607,11.2607,0
2006-06-08,11.1948,11.1948,11.1948,11.1948,0
2006-06-09,11.1799,11.1799,11.1799,11.1799,0
2006-06-12,10.9147,10.9147,10.9147,10.9147,0
2006-06-13,10.708,10.708,10.708,10.708,0
2006-06-14,10.8069,10.8069,10.8069,10.8069,0
2006-06-15,11.1679,11.1679,11.1679,11.1679,0
2006-06-16,11.081,11.081,11.081,11.081,0
2006-06-19,10.9222,10.9222,10.9222,10.9222,0
2006-06-20,10.9102,10.9102,10.9102,10.9102,0
2006-06-21,11.084,11.084,11.084,11.084,0
2006-06-22,11.0376,11.0376,11.0376,11.0376,0
2006-06-23,11.1098,11.1098,11.1098,11.1098,0
2006-06-26,11.1607,11.1607,11.1607,11.1607,0
2006-06-27,11.0543,11.0543,11.0543,11.0543,0
2006-06-28,11.0903,11.0903,11.0903,11.0903,0
2006-06-29,11.4064,11.4064,11.4064,11.4064,0
2006-06-30,11.4469,11.4469,11.4469,11.4469,0
2006-07-03,11.5368,11.5368,11.5368,11.5368,0
2006-07-05,11.348,11.348,11.348,11.348,0
2006-07-06,11.4079,11.4079,11.4079,11.4079,0
2006-07-07,11.2926,11.2926,11.2926,11.2926,0
2006-07-10,11.2656,11.2656,11.2656,11.2656,0
2006-07-11,11.3001,11.3001,11.3001,11.3001,0
2006-07-12,11.1952,11.1952,11.1952,11.1952,0
2006-07-13,10.9674,10.9674,10.9674,10.9674,0
2006-07-14,10.8805,10.8805,10.8805,10.8805,0
2006-07-17,10.8161,10.8161,10.8161,10.8161,0
2006-07-18,10.8221,10.8221,10.8221,10.8221,0
2006-07-19,11.0723,11.0723,11.0723,11.0723,0
2006-07-20,10.8071,10.8071,10.8071,10.8071,0
2006-07-21,10.6738,10.6738,10.6738,10.6738,0
2006-07-24,10.9375,10.9375,10.9375,10.9375,0
2006-07-25,11.0334,11.0334,11.0334,11.0334,0
2006-07-26,11.0289,11.0289,11.0289,11.0289,0
2006-07-27,10.9225,10.9225,10.9225,10.9225,0
2006-07-28,11.0993,11.0993,11.0993,11.0993,0
2006-07-31,11.0978,11.0978,11.0978,11.0978,0
2006-08-01,11.0364,11.0364,11.0364,11.0364,0
2006-08-02,11.1472,11.1472,11.1472,11.1472,0
2006-08-03,11.1952,11.1952,11.1952,11.1952,0
2006-08-04,11.1472,11.1472,11.1472,11.1472,0
2006-08-07,11.0603,11.0603,11.0603,11.0603,0
2006-08-08,10.9644,10.9644,10.9644,10.9644,0
2006-08-09,10.8865,10.8865,10.8865,10.8865,0
2006-08-10,10.96,10.96,10.96,10.96,0
2006-08-11,10.8776,10.8776,10.8776,10.8776,0
2006-08-14,10.8835,10.8835,10.8835,10.8835,0
2006-08-15,11.0843,11.0843,11.0843,11.0843,0
2006-08-16,11.2356,11.2356,11.2356,11.2356,0
2006-08-17,11.2207,11.2207,11.2207,11.2207,0
2006-08-18,11.2536,11.2536,11.2536,11.2536,0
2006-08-21,11.1592,11.1592,11.1592,11.1592,0
2006-08-22,11.1802,11.1802,11.1802,11.1802,0
2006-08-23,11.0813,11.0813,11.0813,11.0813,0
2006-08-24,11.0349,11.0349,11.0349,11.0349,0
2006-08-25,11.0199,11.0199,11.0199,11.0199,0
2006-08-28,11.1308,11.1308,11.1308,11.1308,0
2006-08-29,11.1712,11.1712,11.1712,11.1712,0
2006-08-30,11.2117,11.2117,11.2117,11.2117,0
2006-08-31,11.2341,11.2341,11.2341,11.2341,0
2006-09-01,11.3061,11.3061,11.3061,11.3061,0
2006-09-05,11.342,11.342,11.342,11.342,0
2006-09-06,11.1667,11.1667,11.1667,11.1667,0
2006-09-07,11.0933,11.0933,11.0933,11.0933,0
2006-09-08,11.0918,11.0918,11.0918,11.0918,0
2006-09-11,11.0933,11.0933,11.0933,11.0933,0
2006-09-12,11.2686,11.2686,11.2686,11.2686,0
2006-09-13,11.3675,11.3675,11.3675,11.3675,0
2006-09-14,11.3016,11.3016,11.3016,11.3016,0
2006-09-15,11.2626,11.2626,11.2626,11.2626,0
2006-09-18,11.3031,11.3031,11.3031,11.3031,0
2006-09-19,11.2341,11.2341,11.2341,11.2341,0
2006-09-20,11.3151,11.3151,11.3151,11.3151,0
2006-09-21,11.2326,11.2326,11.2326,11.2326,0
2006-09-22,11.1457,11.1457,11.1457,11.1457,0
2006-09-25,11.2641,11.2641,11.2641,11.2641,0
2006-09-26,11.345,11.345,11.345,11.345,0
2006-09-27,11.4195,11.4195,11.4195,11.4195,0
2006-09-28,11.3925,11.3925,11.3925,11.3925,0
2006-09-29,11.3369,11.3369,11.3369,11.3369,0
2006-10-02,11.2407,11.2407,11.2407,11.2407,0
2006-10-03,11.2272,11.2272,11.2272,11.2272,0
2006-10-04,11.4045,11.4045,11.4045,11.4045,0
2006-10-05,11.5413,11.5413,11.5413,11.5413,0
2006-10-06,11.4646,11.4646,11.4646,11.4646,0
2006-10-09,11.5428,11.5428,11.5428,11.5428,0
2006-10-10,11.5909,11.5909,11.5909,11.5909,0
2006-10-11,11.5593,11.5593,11.5593,11.5593,0
2006-10-12,11.7276,11.7276,11.7276,11.7276,0
2006-10-13,11.8133,11.8133,11.8133,11.8133,0
2006-10-16,11.8749,11.8749,11.8749,11.8749,0
2006-10-17,11.7697,11.7697,11.7697,11.7697,0
2006-10-18,11.7592,11.7592,11.7592,11.7592,0
2006-10-19,11.8118,11.8118,11.8118,11.8118,0
2006-10-20,11.7036,11.7036,11.7036,11.7036,0
2006-10-23,11.7667,11.7667,11.7667,11.7667,0
2006-10-24,11.8118,11.8118,11.8118,11.8118,0
2006-10-25,11.8734,11.8734,11.8734,11.8734,0
2006-10-26,11.941,11.941,11.941,11.941,0
2006-10-27,11.8163,11.8163,11.8163,11.8163,0
2006-10-30,11.8403,11.8403,11.8403,11.8403,0
2006-10-31,11.8193,11.8193,11.8193,11.8193,0
2006-11-01,11.6269,11.6269,11.6269,11.6269,0
2006-11-02,11.6239,11.6239,11.6239,11.6239,0
2006-11-03,11.666,11.666,11.666,11.666,0
2006-11-06,11.7772,11.7772,11.7772,11.7772,0
2006-11-07,11.8298,11.8298,11.8298,11.8298,0
2006-11-08,11.9034,11.9034,11.9034,11.9034,0
2006-11-09,11.8448,11.8448,11.8448,11.8448,0
2006-11-10,11.9095,11.9095,11.9095,11.9095,0
2006-11-13,11.923,11.923,11.923,11.923,0
2006-11-14,12.0492,12.0492,12.0492,12.0492,0
2006-11-15,12.1183,12.1183,12.1183,12.1183,0
2006-11-16,12.1319,12.1319,12.1319,12.1319,0
2006-11-17,12.1183,12.1183,12.1183,12.1183,0
2006-11-20,12.1349,12.1349,12.1349,12.1349,0
2006-11-21,12.1439,12.1439,12.1439,12.1439,0
2006-11-22,12.2175,12.2175,12.2175,12.2175,0
2006-11-24,12.186,12.186,12.186,12.186,0
2006-11-27,11.956,11.956,11.956,11.956,0
2006-11-28,11.9951,11.9951,11.9951,11.9951,0
2006-11-29,12.1394,12.1394,12.1394,12.1394,0
2006-11-30,12.1799,12.1799,12.1799,12.1799,0
2006-12-01,12.1619,12.1619,12.1619,12.1619,0
2006-12-04,12.2897,12.2897,12.2897,12.2897,0
2006-12-05,12.3257,12.3257,12.3257,12.3257,0
2006-12-06,12.3242,12.3242,12.3242,12.3242,0
2006-12-07,12.2791,12.2791,12.2791,12.2791,0
2006-12-08,12.2506,12.2506,12.2506,12.2506,0
2006-12-11,12.2716,12.2716,12.2716,12.2716,0
2006-12-12,12.183,12.183,12.183,12.183,0
2006-12-13,12.225,12.225,12.225,12.225,0
2006-12-14,12.3032,12.3032,12.3032,12.3032,0
2006-12-15,12.2551,12.2551,12.2551,12.2551,0
2006-12-18,12.1559,12.1559,12.1559,12.1559,0
2006-12-19,12.1484,12.1484,12.1484,12.1484,0
2006-12-20,12.1815,12.1815,12.1815,12.1815,0
2006-12-21,12.1296,12.1296,12.1296,12.1296,0
2006-12-22,12.0602,12.0602,12.0602,12.0602,0
2006-12-26,12.1281,12.1281,12.1281,12.1281,0
2006-12-27,12.2186,12.2186,12.2186,12.2186,0
2006-12-28,12.1884,12.1884,12.1884,12.1884,0
2006-12-29,12.0919,12.0919,12.0919,12.0919,0
2007-01-03,12.1718,12.1718,12.1718,12.1718,0
2007-01-04,12.1582,12.1582,12.1582,12.1582,0
2007-01-05,12.021,12.021,12.021,12.021,0
2007-01-08,12.0421,12.0421,12.0421,12.0421,0
2007-01-09,12.0949,12.0949,12.0949,12.0949,0
2007-01-10,12.1627,12.1627,12.1627,12.1627,0
2007-01-11,12.2638,12.2638,12.2638,12.2638,0
2007-01-12,12.386,12.386,12.386,12.386,0
2007-01-16,12.3287,12.3287,12.3287,12.3287,0
2007-01-17,12.3407,12.3407,12.3407,12.3407,0
2007-01-18,12.2125,12.2125,12.2125,12.2125,0
2007-01-19,12.2925,12.2925,12.2925,12.2925,0
2007-01-22,12.2533,12.2533,12.2533,12.2533,0
2007-01-23,12.3181,12.3181,12.3181,12.3181,0
2007-01-24,12.4403,12.4403,12.4403,12.4403,0
2007-01-25,12.3136,12.3136,12.3136,12.3136,0
2007-01-26,12.3377,12.3377,12.3377,12.3377,0
2007-01-29,12.3965,12.3965,12.3965,12.3965,0
2007-01-30,12.4418,12.4418,12.4418,12.4418,0
2007-01-31,12.5428,12.5428,12.5428,12.5428,0
2007-02-01,12.6514,12.6514,12.6514,12.6514,0
2007-02-02,12.6846,12.6846,12.6846,12.6846,0
2007-02-05,12.7012,12.7012,12.7012,12.7012,0
2007-02-06,12.7736,12.7736,12.7736,12.7736,0
2007-02-07,12.8113,12.8113,12.8113,12.8113,0
2007-02-08,12.8143,12.8143,12.8143,12.8143,0
2007-02-09,12.7646,12.7646,12.7646,12.7646,0
2007-02-12,12.7118,12.7118,12.7118,12.7118,0
2007-02-13,12.8204,12.8204,12.8204,12.8204,0
2007-02-14,12.8913,12.8913,12.8913,12.8913,0
2007-02-15,12.9259,12.9259,12.9259,12.9259,0
2007-02-16,12.929,12.929,12.929,12.929,0
2007-02-20,13.0179,13.0179,13.0179,13.0179,0
2007-02-21,13.0617,13.0617,13.0617,13.0617,0
2007-02-22,13.0919,13.0919,13.0919,13.0919,0
2007-02-23,13.0722,13.0722,13.0722,13.0722,0
2007-02-26,13.0436,13.0436,13.0436,13.0436,0
2007-02-27,12.5519,12.5519,12.5519,12.5519,0
2007-02-28,12.6529,12.6529,12.6529,12.6529,0
2007-03-01,12.6122,12.6122,12.6122,12.6122,0
2007-03-02,12.395,12.395,12.395,12.395,0
2007-03-05,12.125,12.125,12.125,12.125,0
2007-03-06,12.389,12.389,12.389,12.389,0
2007-03-07,12.4267,12.4267,12.4267,12.4267,0
2007-03-08,12.5504,12.5504,12.5504,12.5504,0
2007-03-09,12.5851,12.5851,12.5851,12.5851,0
2007-03-12,12.6017,12.6017,12.6017,12.6017,0
2007-03-13,12.3739,12.3739,12.3739,12.3739,0
2007-03-14,12.4131,12.4131,12.4131,12.4131,0
2007-03-15,12.4961,12.4961,12.4961,12.4961,0
2007-03-16,12.4267,12.4267,12.4267,12.4267,0
2007-03-19,12.5594,12.5594,12.5594,12.5594,0
2007-03-20,12.665,12.665,12.665,12.665,0
2007-03-21,12.8445,12.8445,12.8445,12.8445,0
2007-03-22,12.8973,12.8973,12.8973,12.8973,0
2007-03-23,12.9154,12.9154,12.9154,12.9154,0
2007-03-26,12.882,12.882,12.882,12.882,0
2007-03-27,12.8669,12.8669,12.8669,12.8669,0
2007-03-28,12.8002,12.8002,12.8002,12.8002,0
2007-03-29,12.7744,12.7744,12.7744,12.7744,0
2007-03-30,12.8214,12.8214,12.8214,12.8214,0
2007-04-02,12.8563,12.8563,12.8563,12.8563,0
2007-04-03,12.9472,12.9472,12.9472,12.9472,0
2007-04-04,12.9593,12.9593,12.9593,12.9593,0
2007-04-05,12.9881,12.9881,12.9881,12.9881,0
2007-04-09,13.029,13.029,13.029,13.029,0
2007-04-10,13.0548,13.0548,13.0548,13.0548,0
2007-04-11,12.9866,12.9866,12.9866,12.9866,0
2007-04-12,13.0654,13.0654,13.0654,13.0654,0
2007-04-13,13.1079,13.1079,13.1079,13.1079,0
2007-04-16,13.2306,13.2306,13.2306,13.2306,0
2007-04-17,13.2337,13.2337,13.2337,13.2337,0
2007-04-18,13.2018,13.2018,13.2018,13.2018,0
2007-04-19,13.1503,13.1503,13.1503,13.1503,0
2007-04-20,13.3034,13.3034,13.3034,13.3034,0
2007-04-23,13.3049,13.3049,13.3049,13.3049,0
2007-04-24,13.3049,13.3049,13.3049,13.3049,0
2007-04-25,13.3913,13.3913,13.3913,13.3913,0
2007-04-26,13.4504,13.4504,13.4504,13.4504,0
2007-04-27,13.3913,13.3913,13.3913,13.3913,0
2007-04-30,13.1821,13.1821,13.1821,13.1821,0
2007-05-01,13.2261,13.2261,13.2261,13.2261,0
2007-05-02,13.3822,13.3822,13.3822,13.3822,0
2007-05-03,13.4079,13.4079,13.4079,13.4079,0
2007-05-04,13.4973,13.4973,13.4973,13.4973,0
2007-05-07,13.4731,13.4731,13.4731,13.4731,0
2007-05-08,13.4458,13.4458,13.4458,13.4458,0
2007-05-09,13.5352,13.5352,13.5352,13.5352,0
2007-05-10,13.4246,13.4246,13.4246,13.4246,0
2007-05-11,13.4973,13.4973,13.4973,13.4973,0
2007-05-14,13.4564,13.4564,13.4564,13.4564,0
2007-05-15,13.4064,13.4064,13.4064,13.4064,0
2007-05-16,13.4686,13.4686,13.4686,13.4686,0
2007-05-17,13.4776,13.4776,13.4776,13.4776,0
2007-05-18,13.561,13.561,13.561,13.561,0
2007-05-21,13.6792,13.6792,13.6792,13.6792,0
2007-05-22,13.6822,13.6822,13.6822,13.6822,0
2007-05-23,13.6565,13.6565,13.6565,13.6565,0
2007-05-24,13.4686,13.4686,13.4686,13.4686,0
2007-05-25,13.5489,13.5489,13.5489,13.5489,0
2007-05-29,13.6247,13.6247,13.6247,13.6247,0
2007-05-30,13.7838,13.7838,13.7838,13.7838,0
2007-05-31,13.8414,13.8414,13.8414,13.8414,0
2007-06-01,13.9247,13.9247,13.9247,13.9247,0
2007-06-04,13.9778,13.9778,13.9778,13.9778,0
2007-06-05,13.9187,13.9187,13.9187,13.9187,0
2007-06-06,13.6974,13.6974,13.6974,13.6974,0
2007-06-07,13.4125,13.4125,13.4125,13.4125,0
2007-06-08,13.5792,13.5792,13.5792,13.5792,0
2007-06-11,13.611,13.611,13.611,13.611,0
2007-06-12,13.4155,13.4155,13.4155,13.4155,0
2007-06-13,13.5716,13.5716,13.5716,13.5716,0
2007-06-14,13.6913,13.6913,13.6913,13.6913,0
2007-06-15,13.7898,13.7898,13.7898,13.7898,0
2007-06-18,13.7368,13.7368,13.7368,13.7368,0
2007-06-19,13.7277,13.7277,13.7277,13.7277,0
2007-06-20,13.5913,13.5913,13.5913,13.5913,0
2007-06-21,13.6898,13.6898,13.6898,13.6898,0
2007-06-22,13.5913,13.5913,13.5913,13.5913,0
2007-06-25,13.4655,13.4655,13.4655,13.4655,0
2007-06-26,13.3549,13.3549,13.3549,13.3549,0
2007-06-27,13.558,13.558,13.558,13.558,0
2007-06-28,13.5655,13.5655,13.5655,13.5655,0
2007-06-29,13.5619,13.5619,13.5619,13.5619,0
2007-07-02,13.7168,13.7168,13.7168,13.7168,0
2007-07-03,13.7898,13.7898,13.7898,13.7898,0
2007-07-05,13.7503,13.7503,13.7503,13.7503,0
2007-07-06,13.8475,13.8475,13.8475,13.8475,0
2007-07-09,13.8566,13.8566,13.8566,13.8566,0
2007-07-10,13.6591,13.6591,13.6591,13.6591,0
2007-07-11,13.77,13.77,13.77,13.77,0
2007-07-12,13.9401,13.9401,13.9401,13.9401,0
2007-07-13,13.9751,13.9751,13.9751,13.9751,0
2007-07-16,13.9174,13.9174,13.9174,13.9174,0
2007-07-17,13.9325,13.9325,13.9325,13.9325,0
2007-07-18,13.9037,13.9037,13.9037,13.9037,0
2007-07-19,13.9599,13.9599,13.9599,13.9599,0
2007-07-20,13.8201,13.8201,13.8201,13.8201,0
2007-07-23,13.8186,13.8186,13.8186,13.8186,0
2007-07-24,13.4996,13.4996,13.4996,13.4996,0
2007-07-25,13.4434,13.4434,13.4434,13.4434,0
2007-07-26,13.1214,13.1214,13.1214,13.1214,0
2007-07-27,12.9011,12.9011,12.9011,12.9011,0
2007-07-30,13.0849,13.0849,13.0849,13.0849,0
2007-07-31,12.895,12.895,12.895,12.895,0
2007-08-01,12.9801,12.9801,12.9801,12.9801,0
2007-08-02,13.1092,13.1092,13.1092,13.1092,0
2007-08-03,12.7067,12.7067,12.7067,12.7067,0
2007-08-06,12.8449,12.8449,12.8449,12.8449,0
2007-08-07,12.9847,12.9847,12.9847,12.9847,0
2007-08-08,13.211,13.211,13.211,13.211,0
2007-08-09,12.8282,12.8282,12.8282,12.8282,0
2007-08-10,12.9118,12.9118,12.9118,12.9118,0
2007-08-13,12.9102,12.9102,12.9102,12.9102,0
2007-08-14,12.693,12.693,12.693,12.693,0
2007-08-15,12.415,12.415,12.415,12.415,0
2007-08-16,12.4165,12.4165,12.4165,12.4165,0
2007-08-17,12.7158,12.7158,12.7158,12.7158,0
2007-08-20,12.731,12.731,12.731,12.731,0
2007-08-21,12.7599,12.7599,12.7599,12.7599,0
2007-08-22,12.93,12.93,12.93,12.93,0
2007-08-23,12.8966,12.8966,12.8966,12.8966,0
2007-08-24,13.091,13.091,13.091,13.091,0
2007-08-27,12.9376,12.9376,12.9376,12.9376,0
2007-08-28,12.6399,12.6399,12.6399,12.6399,0
2007-08-29,12.9528,12.9528,12.9528,12.9528,0
2007-08-30,12.8783,12.8783,12.8783,12.8783,0
2007-08-31,13.0804,13.0804,13.0804,13.0804,0
2007-09-04,13.1973,13.1973,13.1973,13.1973,0
2007-09-05,13.1123,13.1123,13.1123,13.1123,0
2007-09-06,13.17,13.17,13.17,13.17,0
2007-09-07,12.9634,12.9634,12.9634,12.9634,0
2007-09-10,12.8313,12.8313,12.8313,12.8313,0
2007-09-11,12.9923,12.9923,12.9923,12.9923,0
2007-09-12,13.0075,13.0075,13.0075,13.0075,0
2007-09-13,13.0196,13.0196,13.0196,13.0196,0
2007-09-14,13.0576,13.0576,13.0576,13.0576,0
2007-09-17,12.9907,12.9907,12.9907,12.9907,0
2007-09-18,13.3447,13.3447,13.3447,13.3447,0
2007-09-19,13.4176,13.4176,13.4176,13.4176,0
2007-09-20,13.3371,13.3371,13.3371,13.3371,0
2007-09-21,13.3173,13.3173,13.3173,13.3173,0
2007-09-24,13.2763,13.2763,13.2763,13.2763,0
2007-09-25,13.2611,13.2611,13.2611,13.2611,0
2007-09-26,13.3516,13.3516,13.3516,13.3516,0
2007-09-27,13.4597,13.4597,13.4597,13.4597,0
2007-09-28,13.4277,13.4277,13.4277,13.4277,0
2007-10-01,13.5815,13.5815,13.5815,13.5815,0
2007-10-02,13.6165,13.6165,13.6165,13.6165,0
2007-10-03,13.6577,13.6577,13.6577,13.6577,0
2007-10-04,13.6272,13.6272,13.6272,13.6272,0
2007-10-05,13.8648,13.8648,13.8648,13.8648,0
2007-10-08,13.7673,13.7673,13.7673,13.7673,0
2007-10-09,13.9059,13.9059,13.9059,13.9059,0
2007-10-10,13.8785,13.8785,13.8785,13.8785,0
2007-10-11,13.8038,13.8038,13.8038,13.8038,0
2007-10-12,13.8297,13.8297,13.8297,13.8297,0
2007-10-15,13.7475,13.7475,13.7475,13.7475,0
2007-10-16,13.5907,13.5907,13.5907,13.5907,0
2007-10-17,13.6501,13.6501,13.6501,13.6501,0
2007-10-18,13.6561,13.6561,13.6561,13.6561,0
2007-10-19,13.245,13.245,13.245,13.245,0
2007-10-22,13.3866,13.3866,13.3866,13.3866,0
2007-10-23,13.5008,13.5008,13.5008,13.5008,0
2007-10-24,13.4643,13.4643,13.4643,13.4643,0
2007-10-25,13.4399,13.4399,13.4399,13.4399,0
2007-10-26,13.5648,13.5648,13.5648,13.5648,0
2007-10-29,13.6135,13.6135,13.6135,13.6135,0
2007-10-30,13.5297,13.5297,13.5297,13.5297,0
2007-10-31,13.7612,13.7612,13.7612,13.7612,0
2007-11-01,13.4384,13.4384,13.4384,13.4384,0
2007-11-02,13.4262,13.4262,13.4262,13.4262,0
2007-11-05,13.3242,13.3242,13.3242,13.3242,0
2007-11-06,13.4841,13.4841,13.4841,13.4841,0
2007-11-07,13.2161,13.2161,13.2161,13.2161,0
2007-11-08,13.2511,13.2511,13.2511,13.2511,0
2007-11-09,13.0592,13.0592,13.0592,13.0592,0
2007-11-12,12.8171,12.8171,12.8171,12.8171,0
2007-11-13,13.1491,13.1491,13.1491,13.1491,0
2007-11-14,13.1293,13.1293,13.1293,13.1293,0
2007-11-15,12.9298,12.9298,12.9298,12.9298,0
2007-11-16,12.9237,12.9237,12.9237,12.9237,0
2007-11-19,12.6679,12.6679,12.6679,12.6679,0
2007-11-20,12.6938,12.6938,12.6938,12.6938,0
2007-11-21,12.4882,12.4882,12.4882,12.4882,0
2007-11-23,12.6389,12.6389,12.6389,12.6389,0
2007-11-26,12.4455,12.4455,12.4455,12.4455,0
2007-11-27,12.5811,12.5811,12.5811,12.5811,0
2007-11-28,12.9602,12.9602,12.9602,12.9602,0
2007-11-29,12.9937,12.9937,12.9937,12.9937,0
2007-11-30,13.0973,13.0973,13.0973,13.0973,0
2007-12-03,13.0181,13.0181,13.0181,13.0181,0
2007-12-04,12.9876,12.9876,12.9876,12.9876,0
2007-12-05,13.1582,13.1582,13.1582,13.1582,0
2007-12-06,13.4125,13.4125,13.4125,13.4125,0
2007-12-07,13.4506,13.4506,13.4506,13.4506,0
2007-12-10,13.5602,13.5602,13.5602,13.5602,0
2007-12-11,13.1308,13.1308,13.1308,13.1308,0
2007-12-12,13.2389,13.2389,13.2389,13.2389,0
2007-12-13,13.2115,13.2115,13.2115,13.2115,0
2007-12-14,12.98,12.98,12.98,12.98,0
2007-12-17,12.779,12.779,12.779,12.779,0
2007-12-18,12.8582,12.8582,12.8582,12.8582,0
2007-12-19,12.8841,12.8841,12.8841,12.8841,0
2007-12-20,13.0775,13.0775,13.0775,13.0775,0
2007-12-21,13.2556,13.2556,13.2556,13.2556,0
2007-12-24,13.3455,13.3455,13.3455,13.3455,0
2007-12-26,13.3303,13.3303,13.3303,13.3303,0
2007-12-27,13.1224,13.1224,13.1224,13.1224,0
2007-12-28,13.1209,13.1209,13.1209,13.1209,0
2007-12-31,12.9742,12.9742,12.9742,12.9742,0
2008-01-02,12.8917,12.8917,12.8917,12.8917,0
2008-01-03,12.7879,12.7879,12.7879,12.7879,0
2008-01-04,12.4228,12.4228,12.4228,12.4228,0
2008-01-07,12.3907,12.3907,12.3907,12.3907,0
2008-01-08,12.1097,12.1097,12.1097,12.1097,0
2008-01-09,12.1784,12.1784,12.1784,12.1784,0
2008-01-10,12.2899,12.2899,12.2899,12.2899,0
2008-01-11,12.1188,12.1188,12.1188,12.1188,0
2008-01-14,12.2502,12.2502,12.2502,12.2502,0
2008-01-15,11.9707,11.9707,11.9707,11.9707,0
2008-01-16,11.8836,11.8836,11.8836,11.8836,0
2008-01-17,11.543,11.543,11.543,11.543,0
2008-01-18,11.5048,11.5048,11.5048,11.5048,0
2008-01-22,11.4468,11.4468,11.4468,11.4468,0
2008-01-23,11.711,11.711,11.711,11.711,0
2008-01-24,11.847,11.847,11.847,11.847,0
2008-01-25,11.7553,11.7553,11.7553,11.7553,0
2008-01-28,11.9936,11.9936,11.9936,11.9936,0
2008-01-29,12.0929,12.0929,12.0929,12.0929,0
2008-01-30,11.9798,11.9798,11.9798,11.9798,0
2008-01-31,12.2334,12.2334,12.2334,12.2334,0
2008-02-01,12.5175,12.5175,12.5175,12.5175,0
2008-02-04,12.4274,12.4274,12.4274,12.4274,0
2008-02-05,12.0791,12.0791,12.0791,12.0791,0
2008-02-06,11.9371,11.9371,11.9371,11.9371,0
2008-02-07,12.0501,12.0501,12.0501,12.0501,0
2008-02-08,12.0791,12.0791,12.0791,12.0791,0
2008-02-11,12.1356,12.1356,12.1356,12.1356,0
2008-02-12,12.1738,12.1738,12.1738,12.1738,0
2008-02-13,12.3205,12.3205,12.3205,12.3205,0
2008-02-14,12.1463,12.1463,12.1463,12.1463,0
2008-02-15,12.1265,12.1265,12.1265,12.1265,0
2008-02-19,12.1295,12.1295,12.1295,12.1295,0
2008-02-20,12.2777,12.2777,12.2777,12.2777,0
2008-02-21,12.1372,12.1372,12.1372,12.1372,0
2008-02-22,12.1983,12.1983,12.1983,12.1983,0
2008-02-25,12.4366,12.4366,12.4366,12.4366,0
2008-02-26,12.5603,12.5603,12.5603,12.5603,0
2008-02-27,12.5144,12.5144,12.5144,12.5144,0
2008-02-28,12.3923,12.3923,12.3923,12.3923,0
2008-02-29,12.0119,12.0119,12.0119,12.0119,0
2008-03-03,12.0241,12.0241,12.0241,12.0241,0
2008-03-04,11.9737,11.9737,11.9737,11.9737,0
2008-03-05,12.0455,12.0455,12.0455,12.0455,0
2008-03-06,11.7064,11.7064,11.7064,11.7064,0
2008-03-07,11.5888,11.5888,11.5888,11.5888,0
2008-03-10,11.378,11.378,11.378,11.378,0
2008-03-11,11.7324,11.7324,11.7324,11.7324,0
2008-03-12,11.6591,11.6591,11.6591,11.6591,0
2008-03-13,11.8179,11.8179,11.8179,11.8179,0
2008-03-14,11.6285,11.6285,11.6285,11.6285,0
2008-03-17,11.3505,11.3505,11.3505,11.3505,0
2008-03-18,11.8088,11.8088,11.8088,11.8088,0
2008-03-19,11.517,11.517,11.517,11.517,0
2008-03-20,11.6698,11.6698,11.6698,11.6698,0
2008-03-24,12.0272,12.0272,12.0272,12.0272,0
2008-03-25,12.1334,12.1334,12.1334,12.1334,0
2008-03-26,11.9849,11.9849,11.9849,11.9849,0
2008-03-27,11.8885,11.8885,11.8885,11.8885,0
2008-03-28,11.7798,11.7798,11.7798,11.7798,0
2008-03-31,11.9007,11.9007,11.9007,11.9007,0
2008-04-01,12.2651,12.2651,12.2651,12.2651,0
2008-04-02,12.3401,12.3401,12.3401,12.3401,0
2008-04-03,12.3845,12.3845,12.3845,12.3845,0
2008-04-04,12.4457,12.4457,12.4457,12.4457,0
2008-04-07,12.4763,12.4763,12.4763,12.4763,0
2008-04-08,12.4794,12.4794,12.4794,12.4794,0
2008-04-09,12.2636,12.2636,12.2636,12.2636,0
2008-04-10,12.4304,12.4304,12.4304,12.4304,0
2008-04-11,12.2069,12.2069,12.2069,12.2069,0
2008-04-14,12.1901,12.1901,12.1901,12.1901,0
2008-04-15,12.2329,12.2329,12.2329,12.2329,0
2008-04-16,12.5605,12.5605,12.5605,12.5605,0
2008-04-17,12.5406,12.5406,12.5406,12.5406,0
2008-04-18,12.7136,12.7136,12.7136,12.7136,0
2008-04-21,12.7442,12.7442,12.7442,12.7442,0
2008-04-22,12.5697,12.5697,12.5697,12.5697,0
2008-04-23,12.6157,12.6157,12.6157,12.6157,0
2008-04-24,12.6861,12.6861,12.6861,12.6861,0
2008-04-25,12.8698,12.8698,12.8698,12.8698,0
2008-04-28,12.9111,12.9111,12.9111,12.9111,0
2008-04-29,12.8376,12.8376,12.8376,12.8376,0
2008-04-30,12.7917,12.7917,12.7917,12.7917,0
2008-05-01,12.9739,12.9739,12.9739,12.9739,0
2008-05-02,12.9693,12.9693,12.9693,12.9693,0
2008-05-05,12.9861,12.9861,12.9861,12.9861,0
2008-05-06,13.0749,13.0749,13.0749,13.0749,0
2008-05-07,12.9402,12.9402,12.9402,12.9402,0
2008-05-08,13.0259,13.0259,13.0259,13.0259,0
2008-05-09,13.0336,13.0336,13.0336,13.0336,0
2008-05-12,13.1897,13.1897,13.1897,13.1897,0
2008-05-13,13.2663,13.2663,13.2663,13.2663,0
2008-05-14,13.2846,13.2846,13.2846,13.2846,0
2008-05-15,13.4545,13.4545,13.4545,13.4545,0
2008-05-16,13.5066,13.5066,13.5066,13.5066,0
2008-05-19,13.4561,13.4561,13.4561,13.4561,0
2008-05-20,13.4408,13.4408,13.4408,13.4408,0
2008-05-21,13.2402,13.2402,13.2402,13.2402,0
2008-05-22,13.2724,13.2724,13.2724,13.2724,0
2008-05-23,13.1178,13.1178,13.1178,13.1178,0
2008-05-27,13.2295,13.2295,13.2295,13.2295,0
2008-05-28,13.3214,13.3214,13.3214,13.3214,0
2008-05-29,13.3734,13.3734,13.3734,13.3734,0
2008-05-30,13.4775,13.4775,13.4775,13.4775,0
2008-06-02,13.3749,13.3749,13.3749,13.3749,0
2008-06-03,13.3566,13.3566,13.3566,13.3566,0
2008-06-04,13.4102,13.4102,13.4102,13.4102,0
2008-06-05,13.7178,13.7178,13.7178,13.7178,0
2008-06-06,13.3627,13.3627,13.3627,13.3627,0
2008-06-09,13.3566,13.3566,13.3566,13.3566,0
2008-06-10,13.2571,13.2571,13.2571,13.2571,0
2008-06-11,13.0397,13.0397,13.0397,13.0397,0
2008-06-12,13.0382,13.0382,13.0382,13.0382,0
2008-06-13,13.2372,13.2372,13.2372,13.2372,0
2008-06-16,13.3382,13.3382,13.3382,13.3382,0
2008-06-17,13.3428,13.3428,13.3428,13.3428,0
2008-06-18,13.254,13.254,13.254,13.254,0
2008-06-19,13.2969,13.2969,13.2969,13.2969,0
2008-06-20,13.0627,13.0627,13.0627,13.0627,0
2008-06-23,13.0642,13.0642,13.0642,13.0642,0
2008-06-24,12.902,12.902,12.902,12.902,0
2008-06-25,12.988,12.988,12.988,12.988,0
2008-06-26,12.6655,12.6655,12.6655,12.6655,0
2008-06-27,12.5749,12.5749,12.5749,12.5749,0
2008-06-30,12.5273,12.5273,12.5273,12.5273,0
2008-07-01,12.5473,12.5473,12.5473,12.5473,0
2008-07-02,12.168,12.168,12.168,12.168,0
2008-07-03,12.0298,12.0298,12.0298,12.0298,0
2008-07-07,11.9407,11.9407,11.9407,11.9407,0
2008-07-08,12.2172,12.2172,12.2172,12.2172,0
2008-07-09,12.036,12.036,12.036,12.036,0
2008-07-10,12.1066,12.1066,12.1066,12.1066,0
2008-07-11,12.059,12.059,12.059,12.059,0
2008-07-14,11.9392,11.9392,11.9392,11.9392,0
2008-07-15,11.8302,11.8302,11.8302,11.8302,0
2008-07-16,12.1097,12.1097,12.1097,12.1097,0
2008-07-17,12.2878,12.2878,12.2878,12.2878,0
2008-07-18,12.2494,12.2494,12.2494,12.2494,0
2008-07-21,12.3385,12.3385,12.3385,12.3385,0
2008-07-22,12.4859,12.4859,12.4859,12.4859,0
2008-07-23,12.5028,12.5028,12.5028,12.5028,0
2008-07-24,12.145,12.145,12.145,12.145,0
2008-07-25,12.1803,12.1803,12.1803,12.1803,0
2008-07-28,12.0452,12.0452,12.0452,12.0452,0
2008-07-29,12.2939,12.2939,12.2939,12.2939,0
2008-07-30,12.4659,12.4659,12.4659,12.4659,0
2008-07-31,12.32,12.32,12.32,12.32,0
2008-08-01,12.274,12.274,12.274,12.274,0
2008-08-04,12.0513,12.0513,12.0513,12.0513,0
2008-08-05,12.2924,12.2924,12.2924,12.2924,0
2008-08-06,12.3845,12.3845,12.3845,12.3845,0
2008-08-07,12.2003,12.2003,12.2003,12.2003,0
2008-08-08,12.4536,12.4536,12.4536,12.4536,0
2008-08-11,12.5964,12.5964,12.5964,12.5964,0
2008-08-12,12.469,12.469,12.469,12.469,0
2008-08-13,12.5135,12.5135,12.5135,12.5135,0
2008-08-14,12.598,12.598,12.598,12.598,0
2008-08-15,12.598,12.598,12.598,12.598,0
2008-08-18,12.446,12.446,12.446,12.446,0
2008-08-19,12.317,12.317,12.317,12.317,0
2008-08-20,12.3692,12.3692,12.3692,12.3692,0
2008-08-21,12.3769,12.3769,12.3769,12.3769,0
2008-08-22,12.4874,12.4874,12.4874,12.4874,0
2008-08-25,12.2509,12.2509,12.2509,12.2509,0
2008-08-26,12.3032,12.3032,12.3032,12.3032,0
2008-08-27,12.4352,12.4352,12.4352,12.4352,0
2008-08-28,12.6333,12.6333,12.6333,12.6333,0
2008-08-29,12.4982,12.4982,12.4982,12.4982,0
2008-09-02,12.4045,12.4045,12.4045,12.4045,0
2008-09-03,12.3154,12.3154,12.3154,12.3154,0
2008-09-04,12.0037,12.0037,12.0037,12.0037,0
2008-09-05,12.0421,12.0421,12.0421,12.0421,0
2008-09-08,12.2187,12.2187,12.2187,12.2187,0
2008-09-09,11.7411,11.7411,11.7411,11.7411,0
2008-09-10,11.8855,11.8855,11.8855,11.8855,0
2008-09-11,11.9622,11.9622,11.9622,11.9622,0
2008-09-12,12.1219,12.1219,12.1219,12.1219,0
2008-09-15,11.5937,11.5937,11.5937,11.5937,0
2008-09-16,11.8102,11.8102,11.8102,11.8102,0
2008-09-17,11.3096,11.3096,11.3096,11.3096,0
2008-09-18,11.8317,11.8317,11.8317,11.8317,0
2008-09-19,12.2248,12.2248,12.2248,12.2248,0
2008-09-22,11.7841,11.7841,11.7841,11.7841,0
2008-09-23,11.629,11.629,11.629,11.629,0
2008-09-24,11.5446,11.5446,11.5446,11.5446,0
2008-09-25,11.6549,11.6549,11.6549,11.6549,0
2008-09-26,11.5825,11.5825,11.5825,11.5825,0
2008-09-29,10.8459,10.8459,10.8459,10.8459,0
2008-09-30,11.151,11.151,11.151,11.151,0
2008-10-01,11.0616,11.0616,11.0616,11.0616,0
2008-10-02,10.4467,10.4467,10.4467,10.4467,0
2008-10-03,10.1493,10.1493,10.1493,10.1493,0
2008-10-06,9.7887,9.7887,9.7887,9.7887,0
2008-10-07,9.2817,9.2817,9.2817,9.2817,0
2008-10-08,9.066,9.066,9.066,9.066,0
2008-10-09,8.4757,8.4757,8.4757,8.4757,0
2008-10-10,8.4357,8.4357,8.4357,8.4357,0
2008-10-13,9.3326,9.3326,9.3326,9.3326,0
2008-10-14,9.1106,9.1106,9.1106,9.1106,0
2008-10-15,8.2569,8.2569,8.2569,8.2569,0
2008-10-16,8.5728,8.5728,8.5728,8.5728,0
2008-10-17,8.4572,8.4572,8.4572,8.4572,0
2008-10-20,8.9149,8.9149,8.9149,8.9149,0
2008-10-21,8.6699,8.6699,8.6699,8.6699,0
2008-10-22,8.1737,8.1737,8.1737,8.1737,0
2008-10-23,7.9918,7.9918,7.9918,7.9918,0
2008-10-24,7.7684,7.7684,7.7684,7.7684,0
2008-10-27,7.36,7.36,7.36,7.36,0
2008-10-28,8.0458,8.0458,8.0458,8.0458,0
2008-10-29,8.1059,8.1059,8.1059,8.1059,0
2008-10-30,8.5127,8.5127,8.5127,8.5127,0
2008-10-31,8.7762,8.7762,8.7762,8.7762,0
2008-11-03,8.7562,8.7562,8.7562,8.7562,0
2008-11-04,8.9319,8.9319,8.9319,8.9319,0
2008-11-05,8.5189,8.5189,8.5189,8.5189,0
2008-11-06,8.1167,8.1167,8.1167,8.1167,0
2008-11-07,8.2924,8.2924,8.2924,8.2924,0
2008-11-10,8.0905,8.0905,8.0905,8.0905,0
2008-11-11,7.9133,7.9133,7.9133,7.9133,0
2008-11-12,7.5172,7.5172,7.5172,7.5172,0
2008-11-13,8.1105,8.1105,8.1105,8.1105,0
2008-11-14,7.6497,7.6497,7.6497,7.6497,0
2008-11-17,7.5557,7.5557,7.5557,7.5557,0
2008-11-18,7.5234,7.5234,7.5234,7.5234,0
2008-11-19,6.9871,6.9871,6.9871,6.9871,0
2008-11-20,6.4339,6.4339,6.4339,6.4339,0
2008-11-21,6.7945,6.7945,6.7945,6.7945,0
2008-11-24,7.2891,7.2891,7.2891,7.2891,0
2008-11-25,7.4509,7.4509,7.4509,7.4509,0
2008-11-26,7.827,7.827,7.827,7.827,0
2008-11-28,7.9317,7.9317,7.9317,7.9317,0
2008-12-01,7.1042,7.1042,7.1042,7.1042,0
2008-12-02,7.4278,7.4278,7.4278,7.4278,0
2008-12-03,7.5819,7.5819,7.5819,7.5819,0
2008-12-04,7.3585,7.3585,7.3585,7.3585,0
2008-12-05,7.6605,7.6605,7.6605,7.6605,0
2008-12-08,7.9795,7.9795,7.9795,7.9795,0
2008-12-09,7.7931,7.7931,7.7931,7.7931,0
2008-12-10,7.9965,7.9965,7.9965,7.9965,0
2008-12-11,7.6328,7.6328,7.6328,7.6328,0
2008-12-12,7.8239,7.8239,7.8239,7.8239,0
2008-12-15,7.6559,7.6559,7.6559,7.6559,0
2008-12-16,8.1151,8.1151,8.1151,8.1151,0
2008-12-17,8.1937,8.1937,8.1937,8.1937,0
2008-12-18,8.0781,8.0781,8.0781,8.0781,0
2008-12-19,8.0643,8.0643,8.0643,8.0643,0
2008-12-22,7.9256,7.9256,7.9256,7.9256,0
2008-12-23,7.8162,7.8162,7.8162,7.8162,0
2008-12-24,7.8601,7.8601,7.8601,7.8601,0
2008-12-26,7.9579,7.9579,7.9579,7.9579,0
2008-12-29,7.8725,7.8725,7.8725,7.8725,0
2008-12-30,8.1148,8.1148,8.1148,8.1148,0
2008-12-31,8.2809,8.2809,8.2809,8.2809,0
2009-01-02,8.503,8.503,8.503,8.503,0
2009-01-05,8.5309,8.5309,8.5309,8.5309,0
2009-01-06,8.6334,8.6334,8.6334,8.6334,0
2009-01-07,8.3834,8.3834,8.3834,8.3834,0
2009-01-08,8.4269,8.4269,8.4269,8.4269,0
2009-01-09,8.211,8.211,8.211,8.211,0
2009-01-12,7.9781,7.9781,7.9781,7.9781,0
2009-01-13,8.0635,8.0635,8.0635,8.0635,0
2009-01-14,7.7421,7.7421,7.7421,7.7421,0
2009-01-15,7.8601,7.8601,7.8601,7.8601,0
2009-01-16,7.9936,7.9936,7.9936,7.9936,0
2009-01-20,7.5169,7.5169,7.5169,7.5169,0
2009-01-21,7.8679,7.8679,7.8679,7.8679,0
2009-01-22,7.6629,7.6629,7.6629,7.6629,0
2009-01-23,7.7561,7.7561,7.7561,7.7561,0
2009-01-26,7.8073,7.8073,7.8073,7.8073,0
2009-01-27,7.9005,7.9005,7.9005,7.9005,0
2009-01-28,8.2157,8.2157,8.2157,8.2157,0
2009-01-29,7.9315,7.9315,7.9315,7.9315,0
2009-01-30,7.7219,7.7219,7.7219,7.7219,0
2009-02-02,7.7436,7.7436,7.7436,7.7436,0
2009-02-03,7.812,7.812,7.812,7.812,0
2009-02-04,7.7918,7.7918,7.7918,7.7918,0
2009-02-05,7.8989,7.8989,7.8989,7.8989,0
2009-02-06,8.2204,8.2204,8.2204,8.2204,0
2009-02-09,8.1909,8.1909,8.1909,8.1909,0
2009-02-10,7.8523,7.8523,7.8523,7.8523,0
2009-02-11,7.8508,7.8508,7.8508,7.8508,0
2009-02-12,7.9082,7.9082,7.9082,7.9082,0
2009-02-13,7.8213,7.8213,7.8213,7.8213,0
2009-02-17,7.4952,7.4952,7.4952,7.4952,0
2009-02-18,7.4129,7.4129,7.4129,7.4129,0
2009-02-19,7.2996,7.2996,7.2996,7.2996,0
2009-02-20,7.2437,7.2437,7.2437,7.2437,0
2009-02-23,6.9455,6.9455,6.9455,6.9455,0
2009-02-24,7.2343,7.2343,7.2343,7.2343,0
2009-02-25,7.1567,7.1567,7.1567,7.1567,0
2009-02-26,7.0434,7.0434,7.0434,7.0434,0
2009-02-27,6.9968,6.9968,6.9968,6.9968,0
2009-03-02,6.5542,6.5542,6.5542,6.5542,0
2009-03-03,6.517,6.517,6.517,6.517,0
2009-03-04,6.7064,6.7064,6.7064,6.7064,0
2009-03-05,6.3834,6.3834,6.3834,6.3834,0
2009-03-06,6.3446,6.3446,6.3446,6.3446,0
2009-03-09,6.2809,6.2809,6.2809,6.2809,0
2009-03-10,6.7017,6.7017,6.7017,6.7017,0
2009-03-11,6.739,6.739,6.739,6.739,0
2009-03-12,7.0496,7.0496,7.0496,7.0496,0
2009-03-13,7.0868,7.0868,7.0868,7.0868,0
2009-03-16,6.9828,6.9828,6.9828,6.9828,0
2009-03-17,7.253,7.253,7.253,7.253,0
2009-03-18,7.4657,7.4657,7.4657,7.4657,0
2009-03-19,7.4222,7.4222,7.4222,7.4222,0
2009-03-20,7.2111,7.2111,7.2111,7.2111,0
2009-03-23,7.753,7.753,7.753,7.753,0
2009-03-24,7.5992,7.5992,7.5992,7.5992,0
2009-03-25,7.654,7.654,7.654,7.654,0
2009-03-26,7.9502,7.9502,7.9502,7.9502,0
2009-03-27,7.7538,7.7538,7.7538,7.7538,0
2009-03-30,7.509,7.509,7.509,7.509,0
2009-03-31,7.5885,7.5885,7.5885,7.5885,0
2009-04-01,7.6992,7.6992,7.6992,7.6992,0
2009-04-02,8.0063,8.0063,8.0063,8.0063,0
2009-04-03,8.1607,8.1607,8.1607,8.1607,0
2009-04-06,8.0484,8.0484,8.0484,8.0484,0
2009-04-07,7.7974,7.7974,7.7974,7.7974,0
2009-04-08,7.9221,7.9221,7.9221,7.9221,0
2009-04-09,8.3322,8.3322,8.3322,8.3322,0
2009-04-13,8.3307,8.3307,8.3307,8.3307,0
2009-04-14,8.128,8.128,8.128,8.128,0
2009-04-15,8.2137,8.2137,8.2137,8.2137,0
2009-04-16,8.446,8.446,8.446,8.446,0
2009-04-17,8.538,8.538,8.538,8.538,0
2009-04-20,8.1124,8.1124,8.1124,8.1124,0
2009-04-21,8.3338,8.3338,8.3338,8.3338,0
2009-04-22,8.3494,8.3494,8.3494,8.3494,0
2009-04-23,8.3447,8.3447,8.3447,8.3447,0
2009-04-24,8.5365,8.5365,8.5365,8.5365,0
2009-04-27,8.471,8.471,8.471,8.471,0
2009-04-28,8.4959,8.4959,8.4959,8.4959,0
2009-04-29,8.7267,8.7267,8.7267,8.7267,0
2009-04-30,8.708,8.708,8.708,8.708,0
2009-05-01,8.7017,8.7017,8.7017,8.7017,0
2009-05-04,9.051,9.051,9.051,9.051,0
2009-05-05,8.9839,8.9839,8.9839,8.9839,0
2009-05-06,9.0744,9.0744,9.0744,9.0744,0
2009-05-07,8.8467,8.8467,8.8467,8.8467,0
2009-05-08,9.1149,9.1149,9.1149,9.1149,0
2009-05-11,8.9403,8.9403,8.9403,8.9403,0
2009-05-12,8.8343,8.8343,8.8343,8.8343,0
2009-05-13,8.4616,8.4616,8.4616,8.4616,0
2009-05-14,8.5676,8.5676,8.5676,8.5676,0
2009-05-15,8.5022,8.5022,8.5022,8.5022,0
2009-05-18,8.814,8.814,8.814,8.814,0
2009-05-19,8.8499,8.8499,8.8499,8.8499,0
2009-05-20,8.7797,8.7797,8.7797,8.7797,0
2009-05-21,8.644,8.644,8.644,8.644,0
2009-05-22,8.5739,8.5739,8.5739,8.5739,0
2009-05-26,8.9044,8.9044,8.9044,8.9044,0
2009-05-27,8.7579,8.7579,8.7579,8.7579,0
2009-05-28,8.828,8.828,8.828,8.828,0
2009-05-29,8.9917,8.9917,8.9917,8.9917,0
2009-06-01,9.2911,9.2911,9.2911,9.2911,0
2009-06-02,9.3394,9.3394,9.3394,9.3394,0
2009-06-03,9.1944,9.1944,9.1944,9.1944,0
2009-06-04,9.316,9.316,9.316,9.316,0
2009-06-05,9.2942,9.2942,9.2942,9.2942,0
2009-06-08,9.2381,9.2381,9.2381,9.2381,0
2009-06-09,9.3083,9.3083,9.3083,9.3083,0
2009-06-10,9.2942,9.2942,9.2942,9.2942,0
2009-06-11,9.3207,9.3207,9.3207,9.3207,0
2009-06-12,9.3223,9.3223,9.3223,9.3223,0
2009-06-15,9.0837,9.0837,9.0837,9.0837,0
2009-06-16,8.9341,8.9341,8.9341,8.9341,0
2009-06-17,8.9153,8.9153,8.9153,8.9153,0
2009-06-18,8.9824,8.9824,8.9824,8.9824,0
2009-06-19,8.998,8.998,8.998,8.998,0
2009-06-22,8.6939,8.6939,8.6939,8.6939,0
2009-06-23,8.6431,8.6431,8.6431,8.6431,0
2009-06-24,8.762,8.762,8.762,8.762,0
2009-06-25,8.9919,8.9919,8.9919,8.9919,0
2009-06-26,9.0013,9.0013,9.0013,9.0013,0
2009-06-29,9.0623,9.0623,9.0623,9.0623,0
2009-06-30,9.0404,9.0404,9.0404,9.0404,0
2009-07-01,9.1234,9.1234,9.1234,9.1234,0
2009-07-02,8.859,8.859,8.859,8.859,0
2009-07-06,8.7823,8.7823,8.7823,8.7823,0
2009-07-07,8.5696,8.5696,8.5696,8.5696,0
2009-07-08,8.5398,8.5398,8.5398,8.5398,0
2009-07-09,8.5508,8.5508,8.5508,8.5508,0
2009-07-10,8.5383,8.5383,8.5383,8.5383,0
2009-07-13,8.7557,8.7557,8.7557,8.7557,0
2009-07-14,8.8261,8.8261,8.8261,8.8261,0
2009-07-15,9.0889,9.0889,9.0889,9.0889,0
2009-07-16,9.2282,9.2282,9.2282,9.2282,0
2009-07-17,9.1984,9.1984,9.1984,9.1984,0
2009-07-20,9.3299,9.3299,9.3299,9.3299,0
2009-07-21,9.3486,9.3486,9.3486,9.3486,0
2009-07-22,9.3956,9.3956,9.3956,9.3956,0
2009-07-23,9.6505,9.6505,9.6505,9.6505,0
2009-07-24,9.7256,9.7256,9.7256,9.7256,0
2009-07-27,9.7632,9.7632,9.7632,9.7632,0
2009-07-28,9.7335,9.7335,9.7335,9.7335,0
2009-07-29,9.674,9.674,9.674,9.674,0
2009-07-30,9.7913,9.7913,9.7913,9.7913,0
2009-07-31,9.7976,9.7976,9.7976,9.7976,0
2009-08-03,10.0229,10.0229,10.0229,10.0229,0
2009-08-04,10.0964,10.0964,10.0964,10.0964,0
2009-08-05,10.0542,10.0542,10.0542,10.0542,0
2009-08-06,9.9681,9.9681,9.9681,9.9681,0
2009-08-07,10.2153,10.2153,10.2153,10.2153,0
2009-08-10,10.1793,10.1793,10.1793,10.1793,0
2009-08-11,10.0338,10.0338,10.0338,10.0338,0
2009-08-12,10.1637,10.1637,10.1637,10.1637,0
2009-08-13,10.256,10.256,10.256,10.256,0
2009-08-14,10.1026,10.1026,10.1026,10.1026,0
2009-08-17,9.8085,9.8085,9.8085,9.8085,0
2009-08-18,9.9462,9.9462,9.9462,9.9462,0
2009-08-19,10.0072,10.0072,10.0072,10.0072,0
2009-08-20,10.112,10.112,10.112,10.112,0
2009-08-21,10.3076,10.3076,10.3076,10.3076,0
2009-08-24,10.2841,10.2841,10.2841,10.2841,0
2009-08-25,10.3373,10.3373,10.3373,10.3373,0
2009-08-26,10.3185,10.3185,10.3185,10.3185,0
2009-08-27,10.3529,10.3529,10.3529,10.3529,0
2009-08-28,10.3702,10.3702,10.3702,10.3702,0
2009-08-31,10.2262,10.2262,10.2262,10.2262,0
2009-09-01,10.0229,10.0229,10.0229,10.0229,0
2009-09-02,9.9619,9.9619,9.9619,9.9619,0
2009-09-03,10.0995,10.0995,10.0995,10.0995,0
2009-09-04,10.2309,10.2309,10.2309,10.2309,0
2009-09-08,10.367,10.367,10.367,10.367,0
2009-09-09,10.4969,10.4969,10.4969,10.4969,0
2009-09-10,10.6001,10.6001,10.6001,10.6001,0
2009-09-11,10.6283,10.6283,10.6283,10.6283,0
2009-09-14,10.7612,10.7612,10.7612,10.7612,0
2009-09-15,10.8535,10.8535,10.8535,10.8535,0
2009-09-16,11.0538,11.0538,11.0538,11.0538,0
2009-09-17,11.0006,11.0006,11.0006,11.0006,0
2009-09-18,10.9849,10.9849,10.9849,10.9849,0
2009-09-21,10.9646,10.9646,10.9646,10.9646,0
2009-09-22,11.0209,11.0209,11.0209,11.0209,0
2009-09-23,10.8785,10.8785,10.8785,10.8785,0
2009-09-24,10.6871,10.6871,10.6871,10.6871,0
2009-09-25,10.6337,10.6337,10.6337,10.6337,0
2009-09-28,10.844,10.844,10.844,10.844,0
2009-09-29,10.8738,10.8738,10.8738,10.8738,0
2009-09-30,10.8173,10.8173,10.8173,10.8173,0
2009-10-01,10.4831,10.4831,10.4831,10.4831,0
2009-10-02,10.3827,10.3827,10.3827,10.3827,0
2009-10-05,10.6118,10.6118,10.6118,10.6118,0
2009-10-06,10.7639,10.7639,10.7639,10.7639,0
2009-10-07,10.7561,10.7561,10.7561,10.7561,0
2009-10-08,10.9083,10.9083,10.9083,10.9083,0
2009-10-09,10.9977,10.9977,10.9977,10.9977,0
2009-10-12,11.0165,11.0165,11.0165,11.0165,0
2009-10-13,10.9648,10.9648,10.9648,10.9648,0
2009-10-14,11.1656,11.1656,11.1656,11.1656,0
2009-10-15,11.1938,11.1938,11.1938,11.1938,0
2009-10-16,11.0903,11.0903,11.0903,11.0903,0
2009-10-19,11.2142,11.2142,11.2142,11.2142,0
2009-10-20,11.1122,11.1122,11.1122,11.1122,0
2009-10-21,11.004,11.004,11.004,11.004,0
2009-10-22,11.1264,11.1264,11.1264,11.1264,0
2009-10-23,10.9914,10.9914,10.9914,10.9914,0
2009-10-26,10.8879,10.8879,10.8879,10.8879,0
2009-10-27,10.7608,10.7608,10.7608,10.7608,0
2009-10-28,10.411,10.411,10.411,10.411,0
2009-10-29,10.6196,10.6196,10.6196,10.6196,0
2009-10-30,10.3262,10.3262,10.3262,10.3262,0
2009-11-02,10.378,10.378,10.378,10.378,0
2009-11-03,10.4957,10.4957,10.4957,10.4957,0
2009-11-04,10.4502,10.4502,10.4502,10.4502,0
2009-11-05,10.7106,10.7106,10.7106,10.7106,0
2009-11-06,10.673,10.673,10.673,10.673,0
2009-11-09,10.9459,10.9459,10.9459,10.9459,0
2009-11-10,10.9208,10.9208,10.9208,10.9208,0
2009-11-11,11.0134,11.0134,11.0134,11.0134,0
2009-11-12,10.8424,10.8424,10.8424,10.8424,0
2009-11-13,10.9538,10.9538,10.9538,10.9538,0
2009-11-16,11.1311,11.1311,11.1311,11.1311,0
2009-11-17,11.1295,11.1295,11.1295,11.1295,0
2009-11-18,11.084,11.084,11.084,11.084,0
2009-11-19,10.8565,10.8565,10.8565,10.8565,0
2009-11-20,10.7985,10.7985,10.7985,10.7985,0
2009-11-23,10.9051,10.9051,10.9051,10.9051,0
2009-11-24,10.8753,10.8753,10.8753,10.8753,0
2009-11-25,10.9444,10.9444,10.9444,10.9444,0
2009-11-27,10.7279,10.7279,10.7279,10.7279,0
2009-11-30,10.7577,10.7577,10.7577,10.7577,0
2009-12-01,10.9036,10.9036,10.9036,10.9036,0
2009-12-02,10.9867,10.9867,10.9867,10.9867,0
2009-12-03,10.8612,10.8612,10.8612,10.8612,0
2009-12-04,11.0165,11.0165,11.0165,11.0165,0
2009-12-07,11.004,11.004,11.004,11.004,0
2009-12-08,10.913,10.913,10.913,10.913,0
2009-12-09,10.9208,10.9208,10.9208,10.9208,0
2009-12-10,10.9977,10.9977,10.9977,10.9977,0
2009-12-11,11.0997,11.0997,11.0997,11.0997,0
2009-12-14,11.2503,11.2503,11.2503,11.2503,0
2009-12-15,11.2346,11.2346,11.2346,11.2346,0
2009-12-16,11.3005,11.3005,11.3005,11.3005,0
2009-12-17,11.1938,11.1938,11.1938,11.1938,0
2009-12-18,11.2424,11.2424,11.2424,11.2424,0
2009-12-21,11.3758,11.3758,11.3758,11.3758,0
2009-12-22,11.4872,11.4872,11.4872,11.4872,0
2009-12-23,11.5798,11.5798,11.5798,11.5798,0
2009-12-24,11.6329,11.6329,11.6329,11.6329,0
2009-12-28,11.625,11.625,11.625,11.625,0
2009-12-29,11.6013,11.6013,11.6013,11.6013,0
2009-12-30,11.5556,11.5556,11.5556,11.5556,0
2009-12-31,11.4122,11.4122,11.4122,11.4122,0
2010-01-04,11.6045,11.6045,11.6045,11.6045,0
2010-01-05,11.6392,11.6392,11.6392,11.6392,0
2010-01-06,11.7006,11.7006,11.7006,11.7006,0
2010-01-07,11.759,11.759,11.759,11.759,0
2010-01-08,11.833,11.833,11.833,11.833,0
2010-01-11,11.811,11.811,11.811,11.811,0
2010-01-12,11.6628,11.6628,11.6628,11.6628,0
2010-01-13,11.8094,11.8094,11.8094,11.8094,0
2010-01-14,11.8441,11.8441,11.8441,11.8441,0
2010-01-15,11.6865,11.6865,11.6865,11.6865,0
2010-01-19,11.8267,11.8267,11.8267,11.8267,0
2010-01-20,11.7416,11.7416,11.7416,11.7416,0
2010-01-21,11.5935,11.5935,11.5935,11.5935,0
2010-01-22,11.346,11.346,11.346,11.346,0
2010-01-25,11.3649,11.3649,11.3649,11.3649,0
2010-01-26,11.3271,11.3271,11.3271,11.3271,0
2010-01-27,11.3429,11.3429,11.3429,11.3429,0
2010-01-28,11.1979,11.1979,11.1979,11.1979,0
2010-01-29,11.0434,11.0434,11.0434,11.0434,0
2010-02-01,11.2073,11.2073,11.2073,11.2073,0
2010-02-02,11.3712,11.3712,11.3712,11.3712,0
2010-02-03,11.3224,11.3224,11.3224,11.3224,0
2010-02-04,10.9536,10.9536,10.9536,10.9536,0
2010-02-05,10.9804,10.9804,10.9804,10.9804,0
2010-02-08,10.8921,10.8921,10.8921,10.8921,0
2010-02-09,11.0214,11.0214,11.0214,11.0214,0
2010-02-10,11.0245,11.0245,11.0245,11.0245,0
2010-02-11,11.1727,11.1727,11.1727,11.1727,0
2010-02-12,11.2436,11.2436,11.2436,11.2436,0
2010-02-16,11.4516,11.4516,11.4516,11.4516,0
2010-02-17,11.5288,11.5288,11.5288,11.5288,0
2010-02-18,11.614,11.614,11.614,11.614,0
2010-02-19,11.6407,11.6407,11.6407,11.6407,0
2010-02-22,11.6518,11.6518,11.6518,11.6518,0
2010-02-23,11.4831,11.4831,11.4831,11.4831,0
2010-02-24,11.6013,11.6013,11.6013,11.6013,0
2010-02-25,11.6297,11.6297,11.6297,11.6297,0
2010-02-26,11.6187,11.6187,11.6187,11.6187,0
2010-03-01,11.8236,11.8236,11.8236,11.8236,0
2010-03-02,11.9071,11.9071,11.9071,11.9071,0
2010-03-03,11.9607,11.9607,11.9607,11.9607,0
2010-03-04,11.9654,11.9654,11.9654,11.9654,0
2010-03-05,12.1325,12.1325,12.1325,12.1325,0
2010-03-08,12.1608,12.1608,12.1608,12.1608,0
2010-03-09,12.1561,12.1561,12.1561,12.1561,0
2010-03-10,12.2601,12.2601,12.2601,12.2601,0
2010-03-11,12.3216,12.3216,12.3216,12.3216,0
2010-03-12,12.3468,12.3468,12.3468,12.3468,0
2010-03-15,12.3216,12.3216,12.3216,12.3216,0
2010-03-16,12.4619,12.4619,12.4619,12.4619,0
2010-03-17,12.5533,12.5533,12.5533,12.5533,0
2010-03-18,12.4918,12.4918,12.4918,12.4918,0
2010-03-19,12.3547,12.3547,12.3547,12.3547,0
2010-03-22,12.5044,12.5044,12.5044,12.5044,0
2010-03-23,12.6147,12.6147,12.6147,12.6147,0
2010-03-24,12.5044,12.5044,12.5044,12.5044,0
2010-03-25,12.4313,12.4313,12.4313,12.4313,0
2010-03-26,12.3981,12.3981,12.3981,12.3981,0
2010-03-29,12.5071,12.5071,12.5071,12.5071,0
2010-03-30,12.5276,12.5276,12.5276,12.5276,0
2010-03-31,12.4344,12.4344,12.4344,12.4344,0
2010-04-01,12.5719,12.5719,12.5719,12.5719,0
2010-04-05,12.771,12.771,12.771,12.771,0
2010-04-06,12.8405,12.8405,12.8405,12.8405,0
2010-04-07,12.7394,12.7394,12.7394,12.7394,0
2010-04-08,12.7315,12.7315,12.7315,12.7315,0
2010-04-09,12.8405,12.8405,12.8405,12.8405,0
2010-04-12,12.8689,12.8689,12.8689,12.8689,0
2010-04-13,12.9179,12.9179,12.9179,12.9179,0
2010-04-14,13.1075,13.1075,13.1075,13.1075,0
2010-04-15,13.1012,13.1012,13.1012,13.1012,0
2010-04-16,12.9384,12.9384,12.9384,12.9384,0
2010-04-19,12.8989,12.8989,12.8989,12.8989,0
2010-04-20,13.0648,13.0648,13.0648,13.0648,0
2010-04-21,13.1154,13.1154,13.1154,13.1154,0
2010-04-22,13.2639,13.2639,13.2639,13.2639,0
2010-04-23,13.3808,13.3808,13.3808,13.3808,0
2010-04-26,13.3492,13.3492,13.3492,13.3492,0
2010-04-27,13.0222,13.0222,13.0222,13.0222,0
2010-04-28,13.0538,13.0538,13.0538,13.0538,0
2010-04-29,13.256,13.256,13.256,13.256,0
2010-04-30,12.9795,12.9795,12.9795,12.9795,0
2010-05-03,13.177,13.177,13.177,13.177,0
2010-05-04,12.8136,12.8136,12.8136,12.8136,0
2010-05-05,12.6809,12.6809,12.6809,12.6809,0
2010-05-06,12.2448,12.2448,12.2448,12.2448,0
2010-05-07,11.9304,11.9304,11.9304,11.9304,0
2010-05-10,12.564,12.564,12.564,12.564,0
2010-05-11,12.5924,12.5924,12.5924,12.5924,0
2010-05-12,12.8895,12.8895,12.8895,12.8895,0
2010-05-13,12.7678,12.7678,12.7678,12.7678,0
2010-05-14,12.466,12.466,12.466,12.466,0
2010-05-17,12.4755,12.4755,12.4755,12.4755,0
2010-05-18,12.3017,12.3017,12.3017,12.3017,0
2010-05-19,12.1895,12.1895,12.1895,12.1895,0
2010-05-20,11.6713,11.6713,11.6713,11.6713,0
2010-05-21,11.8483,11.8483,11.8483,11.8483,0
2010-05-24,11.7282,11.7282,11.7282,11.7282,0
2010-05-25,11.7092,11.7092,11.7092,11.7092,0
2010-05-26,11.7408,11.7408,11.7408,11.7408,0
2010-05-27,12.188,12.188,12.188,12.188,0
2010-05-28,12.06,12.06,12.06,12.06,0
2010-06-01,11.7298,11.7298,11.7298,11.7298,0
2010-06-02,12.0552,12.0552,12.0552,12.0552,0
2010-06-03,12.1327,12.1327,12.1327,12.1327,0
2010-06-04,11.6476,11.6476,11.6476,11.6476,0
2010-06-07,11.4059,11.4059,11.4059,11.4059,0
2010-06-08,11.4612,11.4612,11.4612,11.4612,0
2010-06-09,11.4991,11.4991,11.4991,11.4991,0
2010-06-10,11.8735,11.8735,11.8735,11.8735,0
2010-06-11,11.9905,11.9905,11.9905,11.9905,0
2010-06-14,12.0426,12.0426,12.0426,12.0426,0
2010-06-15,12.3128,12.3128,12.3128,12.3128,0
2010-06-16,12.2717,12.2717,12.2717,12.2717,0
2010-06-17,12.2527,12.2527,12.2527,12.2527,0
2010-06-18,12.2448,12.2448,12.2448,12.2448,0
2010-06-21,12.1437,12.1437,12.1437,12.1437,0
2010-06-22,11.8941,11.8941,11.8941,11.8941,0
2010-06-23,11.8602,11.8602,11.8602,11.8602,0
2010-06-24,11.6637,11.6637,11.6637,11.6637,0
2010-06-25,11.8032,11.8032,11.8032,11.8032,0
2010-06-28,11.7525,11.7525,11.7525,11.7525,0
2010-06-29,11.358,11.358,11.358,11.358,0
2010-06-30,11.2661,11.2661,11.2661,11.2661,0
2010-07-01,11.1774,11.1774,11.1774,11.1774,0
2010-07-02,11.103,11.103,11.103,11.103,0
2010-07-06,11.0745,11.0745,11.0745,11.0745,0
2010-07-07,11.4578,11.4578,11.4578,11.4578,0
2010-07-08,11.5735,11.5735,11.5735,11.5735,0
2010-07-09,11.697,11.697,11.697,11.697,0
2010-07-12,11.6479,11.6479,11.6479,11.6479,0
2010-07-13,11.9172,11.9172,11.9172,11.9172,0
2010-07-14,11.9061,11.9061,11.9061,11.9061,0
2010-07-15,11.8792,11.8792,11.8792,11.8792,0
2010-07-16,11.5069,11.5069,11.5069,11.5069,0
2010-07-19,11.5639,11.5639,11.5639,11.5639,0
2010-07-20,11.7382,11.7382,11.7382,11.7382,0
2010-07-21,11.5703,11.5703,11.5703,11.5703,0
2010-07-22,11.9061,11.9061,11.9061,11.9061,0
2010-07-23,12.0693,12.0693,12.0693,12.0693,0
2010-07-26,12.2863,12.2863,12.2863,12.2863,0
2010-07-27,12.2055,12.2055,12.2055,12.2055,0
2010-07-28,12.0598,12.0598,12.0598,12.0598,0
2010-07-29,11.9996,11.9996,11.9996,11.9996,0
2010-07-30,12.0249,12.0249,12.0249,12.0249,0
2010-08-02,12.2657,12.2657,12.2657,12.2657,0
2010-08-03,12.1818,12.1818,12.1818,12.1818,0
2010-08-04,12.3021,12.3021,12.3021,12.3021,0
2010-08-05,12.253,12.253,12.253,12.253,0
2010-08-06,12.2134,12.2134,12.2134,12.2134,0
2010-08-09,12.3386,12.3386,12.3386,12.3386,0
2010-08-10,12.1849,12.1849,12.1849,12.1849,0
2010-08-11,11.7651,11.7651,11.7651,11.7651,0
2010-08-12,11.6939,11.6939,11.6939,11.6939,0
2010-08-13,11.6463,11.6463,11.6463,11.6463,0
2010-08-16,11.6637,11.6637,11.6637,11.6637,0
2010-08-17,11.8459,11.8459,11.8459,11.8459,0
2010-08-18,11.8792,11.8792,11.8792,11.8792,0
2010-08-19,11.6764,11.6764,11.6764,11.6764,0
2010-08-20,11.6764,11.6764,11.6764,11.6764,0
2010-08-23,11.5513,11.5513,11.5513,11.5513,0
2010-08-24,11.3754,11.3754,11.3754,11.3754,0
2010-08-25,11.4657,11.4657,11.4657,11.4657,0
2010-08-26,11.3992,11.3992,11.3992,11.3992,0
2010-08-27,11.6416,11.6416,11.6416,11.6416,0
2010-08-30,11.4309,11.4309,11.4309,11.4309,0
2010-08-31,11.4372,11.4372,11.4372,11.4372,0
2010-09-01,11.8206,11.8206,11.8206,11.8206,0
2010-09-02,11.9679,11.9679,11.9679,11.9679,0
2010-09-03,12.1406,12.1406,12.1406,12.1406,0
2010-09-07,11.9727,11.9727,11.9727,11.9727,0
2010-09-08,12.0519,12.0519,12.0519,12.0519,0
2010-09-09,12.0772,12.0772,12.0772,12.0772,0
2010-09-10,12.1121,12.1121,12.1121,12.1121,0
2010-09-13,12.3291,12.3291,12.3291,12.3291,0
2010-09-14,12.3433,12.3433,12.3433,12.3433,0
2010-09-15,12.3893,12.3893,12.3893,12.3893,0
2010-09-16,12.3513,12.3513,12.3513,12.3513,0
2010-09-17,12.375,12.375,12.375,12.375,0
2010-09-20,12.5794,12.5794,12.5794,12.5794,0
2010-09-21,12.5223,12.5223,12.5223,12.5223,0
2010-09-22,12.4114,12.4114,12.4114,12.4114,0
2010-09-23,12.3291,12.3291,12.3291,12.3291,0
2010-09-24,12.6181,12.6181,12.6181,12.6181,0
2010-09-27,12.615,12.615,12.615,12.615,0
2010-09-28,12.7056,12.7056,12.7056,12.7056,0
2010-09-29,12.7103,12.7103,12.7103,12.7103,0
2010-09-30,12.7262,12.7262,12.7262,12.7262,0
2010-10-01,12.7564,12.7564,12.7564,12.7564,0
2010-10-04,12.6118,12.6118,12.6118,12.6118,0
2010-10-05,12.8756,12.8756,12.8756,12.8756,0
2010-10-06,12.7898,12.7898,12.7898,12.7898,0
2010-10-07,12.785,12.785,12.785,12.785,0
2010-10-08,12.8645,12.8645,12.8645,12.8645,0
2010-10-11,12.8978,12.8978,12.8978,12.8978,0
2010-10-12,12.936,12.936,12.936,12.936,0
2010-10-13,13.0584,13.0584,13.0584,13.0584,0
2010-10-14,13.0107,13.0107,13.0107,13.0107,0
2010-10-15,13.0059,13.0059,13.0059,13.0059,0
2010-10-18,13.0536,13.0536,13.0536,13.0536,0
2010-10-19,12.8597,12.8597,12.8597,12.8597,0
2010-10-20,13.0139,13.0139,13.0139,13.0139,0
2010-10-21,12.998,12.998,12.998,12.998,0
2010-10-22,13.0885,13.0885,13.0885,13.0885,0
2010-10-25,13.1696,13.1696,13.1696,13.1696,0
2010-10-26,13.1442,13.1442,13.1442,13.1442,0
2010-10-27,13.1473,13.1473,13.1473,13.1473,0
2010-10-28,13.1203,13.1203,13.1203,13.1203,0
2010-10-29,13.1601,13.1601,13.1601,13.1601,0
2010-11-01,13.1505,13.1505,13.1505,13.1505,0
2010-11-02,13.2856,13.2856,13.2856,13.2856,0
2010-11-03,13.3333,13.3333,13.3333,13.3333,0
2010-11-04,13.5764,13.5764,13.5764,13.5764,0
2010-11-05,13.6734,13.6734,13.6734,13.6734,0
2010-11-08,13.667,13.667,13.667,13.667,0
2010-11-09,13.524,13.524,13.524,13.524,0
2010-11-10,13.6321,13.6321,13.6321,13.6321,0
2010-11-11,13.6146,13.6146,13.6146,13.6146,0
2010-11-12,13.3969,13.3969,13.3969,13.3969,0
2010-11-15,13.4461,13.4461,13.4461,13.4461,0
2010-11-16,13.2046,13.2046,13.2046,13.2046,0
2010-11-17,13.2777,13.2777,13.2777,13.2777,0
2010-11-18,13.4604,13.4604,13.4604,13.4604,0
2010-11-19,13.5001,13.5001,13.5001,13.5001,0
2010-11-22,13.6066,13.6066,13.6066,13.6066,0
2010-11-23,13.4572,13.4572,13.4572,13.4572,0
2010-11-24,13.7322,13.7322,13.7322,13.7322,0
2010-11-26,13.6622,13.6622,13.6622,13.6622,0
2010-11-29,13.6336,13.6336,13.6336,13.6336,0
2010-11-30,13.5589,13.5589,13.5589,13.5589,0
2010-12-01,13.8307,13.8307,13.8307,13.8307,0
2010-12-02,14.0087,14.0087,14.0087,14.0087,0
2010-12-03,14.0945,14.0945,14.0945,14.0945,0
2010-12-06,14.1009,14.1009,14.1009,14.1009,0
2010-12-07,14.1168,14.1168,14.1168,14.1168,0
2010-12-08,14.0881,14.0881,14.0881,14.0881,0
2010-12-09,14.1342,14.1342,14.1342,14.1342,0
2010-12-10,14.2852,14.2852,14.2852,14.2852,0
2010-12-13,14.2518,14.2518,14.2518,14.2518,0
2010-12-14,14.2375,14.2375,14.2375,14.2375,0
2010-12-15,14.1851,14.1851,14.1851,14.1851,0
2010-12-16,14.3249,14.3249,14.3249,14.3249,0
2010-12-17,14.3694,14.3694,14.3694,14.3694,0
2010-12-20,14.3678,14.3678,14.3678,14.3678,0
2010-12-21,14.4791,14.4791,14.4791,14.4791,0
2010-12-22,14.5236,14.5236,14.5236,14.5236,0
2010-12-23,14.5003,14.5003,14.5003,14.5003,0
2010-12-27,14.5035,14.5035,14.5035,14.5035,0
2010-12-28,14.4684,14.4684,14.4684,14.4684,0
2010-12-29,14.5226,14.5226,14.5226,14.5226,0
2010-12-30,14.5306,14.5306,14.5306,14.5306,0
2010-12-31,14.462,14.462,14.462,14.462,0
2011-01-03,14.6263,14.6263,14.6263,14.6263,0
2011-01-04,14.4716,14.4716,14.4716,14.4716,0
2011-01-05,14.5625,14.5625,14.5625,14.5625,0
2011-01-06,14.5274,14.5274,14.5274,14.5274,0
2011-01-07,14.4875,14.4875,14.4875,14.4875,0
2011-01-10,14.5784,14.5784,14.5784,14.5784,0
2011-01-11,14.6247,14.6247,14.6247,14.6247,0
2011-01-12,14.7267,14.7267,14.7267,14.7267,0
2011-01-13,14.6964,14.6964,14.6964,14.6964,0
2011-01-14,14.8081,14.8081,14.8081,14.8081,0
2011-01-18,14.9356,14.9356,14.9356,14.9356,0
2011-01-19,14.7172,14.7172,14.7172,14.7172,0
2011-01-20,14.596,14.596,14.596,14.596,0
2011-01-21,14.5497,14.5497,14.5497,14.5497,0
2011-01-24,14.6725,14.6725,14.6725,14.6725,0
2011-01-25,14.6964,14.6964,14.6964,14.6964,0
2011-01-26,14.816,14.816,14.816,14.816,0
2011-01-27,14.8846,14.8846,14.8846,14.8846,0
2011-01-28,14.6119,14.6119,14.6119,14.6119,0
2011-01-31,14.7236,14.7236,14.7236,14.7236,0
2011-02-01,14.942,14.942,14.942,14.942,0
2011-02-02,14.9181,14.9181,14.9181,14.9181,0
2011-02-03,14.9612,14.9612,14.9612,14.9612,0
2011-02-04,15.0505,15.0505,15.0505,15.0505,0
2011-02-07,15.1701,15.1701,15.1701,15.1701,0
2011-02-08,15.2546,15.2546,15.2546,15.2546,0
2011-02-09,15.2227,15.2227,15.2227,15.2227,0
2011-02-10,15.2928,15.2928,15.2928,15.2928,0
2011-02-11,15.4459,15.4459,15.4459,15.4459,0
2011-02-14,15.5113,15.5113,15.5113,15.5113,0
2011-02-15,15.4555,15.4555,15.4555,15.4555,0
2011-02-16,15.5687,15.5687,15.5687,15.5687,0
2011-02-17,15.6357,15.6357,15.6357,15.6357,0
2011-02-18,15.6341,15.6341,15.6341,15.6341,0
2011-02-22,15.2865,15.2865,15.2865,15.2865,0
2011-02-23,15.0648,15.0648,15.0648,15.0648,0
2011-02-24,15.0632,15.0632,15.0632,15.0632,0
2011-02-25,15.3678,15.3678,15.3678,15.3678,0
2011-02-28,15.3949,15.3949,15.3949,15.3949,0
2011-03-01,15.1414,15.1414,15.1414,15.1414,0
2011-03-02,15.2163,15.2163,15.2163,15.2163,0
2011-03-03,15.5305,15.5305,15.5305,15.5305,0
2011-03-04,15.438,15.438,15.438,15.438,0
2011-03-07,15.2307,15.2307,15.2307,15.2307,0
2011-03-08,15.4284,15.4284,15.4284,15.4284,0
2011-03-09,15.3678,15.3678,15.3678,15.3678,0
2011-03-10,15.0983,15.0983,15.0983,15.0983,0
2011-03-11,15.1956,15.1956,15.1956,15.1956,0
2011-03-14,15.1222,15.1222,15.1222,15.1222,0
2011-03-15,15.0265,15.0265,15.0265,15.0265,0
2011-03-16,14.8687,14.8687,14.8687,14.8687,0
2011-03-17,14.9484,14.9484,14.9484,14.9484,0
2011-03-18,15.0265,15.0265,15.0265,15.0265,0
2011-03-21,15.3311,15.3311,15.3311,15.3311,0
2011-03-22,15.2291,15.2291,15.2291,15.2291,0
2011-03-23,15.2067,15.2067,15.2067,15.2067,0
2011-03-24,15.355,15.355,15.355,15.355,0
2011-03-25,15.4738,15.4738,15.4738,15.4738,0
2011-03-28,15.4291,15.4291,15.4291,15.4291,0
2011-03-29,15.5489,15.5489,15.5489,15.5489,0
2011-03-30,15.6992,15.6992,15.6992,15.6992,0
2011-03-31,15.7775,15.7775,15.7775,15.7775,0
2011-04-01,15.8926,15.8926,15.8926,15.8926,0
2011-04-04,15.9006,15.9006,15.9006,15.9006,0
2011-04-05,15.9565,15.9565,15.9565,15.9565,0
2011-04-06,15.9789,15.9789,15.9789,15.9789,0
2011-04-07,15.883,15.883,15.883,15.883,0
2011-04-08,15.7599,15.7599,15.7599,15.7599,0
2011-04-11,15.6464,15.6464,15.6464,15.6464,0
2011-04-12,15.4962,15.4962,15.4962,15.4962,0
2011-04-13,15.5505,15.5505,15.5505,15.5505,0
2011-04-14,15.5425,15.5425,15.5425,15.5425,0
2011-04-15,15.696,15.696,15.696,15.696,0
2011-04-18,15.4291,15.4291,15.4291,15.4291,0
2011-04-19,15.493,15.493,15.493,15.493,0
2011-04-20,15.7871,15.7871,15.7871,15.7871,0
2011-04-21,15.8718,15.8718,15.8718,15.8718,0
2011-04-25,15.8766,15.8766,15.8766,15.8766,0
2011-04-26,16.0284,16.0284,16.0284,16.0284,0
2011-04-27,16.1355,16.1355,16.1355,16.1355,0
2011-04-28,15.9901,15.9901,15.9901,15.9901,0
2011-04-29,16.2059,16.2059,16.2059,16.2059,0
2011-05-02,16.1115,16.1115,16.1115,16.1115,0
2011-05-03,15.9453,15.9453,15.9453,15.9453,0
2011-05-04,15.8063,15.8063,15.8063,15.8063,0
2011-05-05,15.7487,15.7487,15.7487,15.7487,0
2011-05-06,15.7855,15.7855,15.7855,15.7855,0
2011-05-09,15.9469,15.9469,15.9469,15.9469,0
2011-05-10,16.1036,16.1036,16.1036,16.1036,0
2011-05-11,15.9437,15.9437,15.9437,15.9437,0
2011-05-12,16.0332,16.0332,16.0332,16.0332,0
2011-05-13,15.8782,15.8782,15.8782,15.8782,0
2011-05-16,15.7343,15.7343,15.7343,15.7343,0
2011-05-17,15.6257,15.6257,15.6257,15.6257,0
2011-05-18,15.8542,15.8542,15.8542,15.8542,0
2011-05-19,15.8878,15.8878,15.8878,15.8878,0
2011-05-20,15.7631,15.7631,15.7631,15.7631,0
2011-05-23,15.5202,15.5202,15.5202,15.5202,0
2011-05-24,15.469,15.469,15.469,15.469,0
2011-05-25,15.5889,15.5889,15.5889,15.5889,0
2011-05-26,15.7232,15.7232,15.7232,15.7232,0
2011-05-27,15.8159,15.8159,15.8159,15.8159,0
2011-05-31,15.9949,15.9949,15.9949,15.9949,0
2011-06-01,15.5985,15.5985,15.5985,15.5985,0
2011-06-02,15.5745,15.5745,15.5745,15.5745,0
2011-06-03,15.3571,15.3571,15.3571,15.3571,0
2011-06-06,15.1477,15.1477,15.1477,15.1477,0
2011-06-07,15.1989,15.1989,15.1989,15.1989,0
2011-06-08,15.0598,15.0598,15.0598,15.0598,0
2011-06-09,15.1238,15.1238,15.1238,15.1238,0
2011-06-10,14.8968,14.8968,14.8968,14.8968,0
2011-06-13,14.86,14.86,14.86,14.86,0
2011-06-14,15.127,15.127,15.127,15.127,0
2011-06-15,14.8968,14.8968,14.8968,14.8968,0
2011-06-16,14.8888,14.8888,14.8888,14.8888,0
2011-06-17,14.9144,14.9144,14.9144,14.9144,0
2011-06-20,15.0406,15.0406,15.0406,15.0406,0
2011-06-21,15.3268,15.3268,15.3268,15.3268,0
2011-06-22,15.258,15.258,15.258,15.258,0
2011-06-23,15.2514,15.2514,15.2514,15.2514,0
2011-06-24,15.1377,15.1377,15.1377,15.1377,0
2011-06-27,15.2018,15.2018,15.2018,15.2018,0
2011-06-28,15.4421,15.4421,15.4421,15.4421,0
2011-06-29,15.5671,15.5671,15.5671,15.5671,0
2011-06-30,15.6553,15.6553,15.6553,15.6553,0
2011-07-01,15.9229,15.9229,15.9229,15.9229,0
2011-07-05,15.9357,15.9357,15.9357,15.9357,0
2011-07-06,16.035,16.035,16.035,16.035,0
2011-07-07,16.2001,16.2001,16.2001,16.2001,0
2011-07-08,16.0847,16.0847,16.0847,16.0847,0
2011-07-11,15.7434,15.7434,15.7434,15.7434,0
2011-07-12,15.6873,15.6873,15.6873,15.6873,0
2011-07-13,15.7386,15.7386,15.7386,15.7386,0
2011-07-14,15.5223,15.5223,15.5223,15.5223,0
2011-07-15,15.6184,15.6184,15.6184,15.6184,0
2011-07-18,15.4101,15.4101,15.4101,15.4101,0
2011-07-19,15.7178,15.7178,15.7178,15.7178,0
2011-07-20,15.6873,15.6873,15.6873,15.6873,0
2011-07-21,15.8331,15.8331,15.8331,15.8331,0
2011-07-22,15.8764,15.8764,15.8764,15.8764,0
2011-07-25,15.7466,15.7466,15.7466,15.7466,0
2011-07-26,15.6472,15.6472,15.6472,15.6472,0
2011-07-27,15.2162,15.2162,15.2162,15.2162,0
2011-07-28,15.1393,15.1393,15.1393,15.1393,0
2011-07-29,15.0864,15.0864,15.0864,15.0864,0
2011-08-01,15.0159,15.0159,15.0159,15.0159,0
2011-08-02,14.5608,14.5608,14.5608,14.5608,0
2011-08-03,14.6153,14.6153,14.6153,14.6153,0
2011-08-04,13.7484,13.7484,13.7484,13.7484,0
2011-08-05,13.5193,13.5193,13.5193,13.5193,0
2011-08-08,12.4281,12.4281,12.4281,12.4281,0
2011-08-09,13.178,13.178,13.178,13.178,0
2011-08-10,12.7598,12.7598,12.7598,12.7598,0
2011-08-11,13.4424,13.4424,13.4424,13.4424,0
2011-08-12,13.5161,13.5161,13.5161,13.5161,0
2011-08-15,13.8734,13.8734,13.8734,13.8734,0
2011-08-16,13.6827,13.6827,13.6827,13.6827,0
2011-08-17,13.6074,13.6074,13.6074,13.6074,0
2011-08-18,12.8783,12.8783,12.8783,12.8783,0
2011-08-19,12.6364,12.6364,12.6364,12.6364,0
2011-08-22,12.6492,12.6492,12.6492,12.6492,0
2011-08-23,13.1571,13.1571,13.1571,13.1571,0
2011-08-24,13.343,13.343,13.343,13.343,0
2011-08-25,13.0514,13.0514,13.0514,13.0514,0
2011-08-26,13.3991,13.3991,13.3991,13.3991,0
2011-08-29,13.9151,13.9151,13.9151,13.9151,0
2011-08-30,13.976,13.976,13.976,13.976,0
2011-08-31,14.0304,14.0304,14.0304,14.0304,0
2011-09-01,13.8061,13.8061,13.8061,13.8061,0
2011-09-02,13.3703,13.3703,13.3703,13.3703,0
2011-09-06,13.2805,13.2805,13.2805,13.2805,0
2011-09-07,13.7516,13.7516,13.7516,13.7516,0
2011-09-08,13.5786,13.5786,13.5786,13.5786,0
2011-09-09,13.2116,13.2116,13.2116,13.2116,0
2011-09-12,13.2757,13.2757,13.2757,13.2757,0
2011-09-13,13.4632,13.4632,13.4632,13.4632,0
2011-09-14,13.7116,13.7116,13.7116,13.7116,0
2011-09-15,13.8958,13.8958,13.8958,13.8958,0
2011-09-16,13.8926,13.8926,13.8926,13.8926,0
2011-09-19,13.7052,13.7052,13.7052,13.7052,0
2011-09-20,13.5305,13.5305,13.5305,13.5305,0
2011-09-21,13.0562,13.0562,13.0562,13.0562,0
2011-09-22,12.5867,12.5867,12.5867,12.5867,0
2011-09-23,12.7357,12.7357,12.7357,12.7357,0
2011-09-26,12.9901,12.9901,12.9901,12.9901,0
2011-09-27,13.2121,13.2121,13.2121,13.2121,0
2011-09-28,12.7972,12.7972,12.7972,12.7972,0
2011-09-29,12.9146,12.9146,12.9146,12.9146,0
2011-09-30,12.543,12.543,12.543,12.543,0
2011-10-03,11.9657,11.9657,11.9657,11.9657,0
2011-10-04,12.4578,12.4578,12.4578,12.4578,0
2011-10-05,12.7135,12.7135,12.7135,12.7135,0
2011-10-06,13.032,13.032,13.032,13.032,0
2011-10-07,12.8293,12.8293,12.8293,12.8293,0
2011-10-10,13.2957,13.2957,13.2957,13.2957,0
2011-10-11,13.3054,13.3054,13.3054,13.3054,0
2011-10-12,13.4694,13.4694,13.4694,13.4694,0
2011-10-13,13.4968,13.4968,13.4968,13.4968,0
2011-10-14,13.7412,13.7412,13.7412,13.7412,0
2011-10-17,13.3504,13.3504,13.3504,13.3504,0
2011-10-18,13.6978,13.6978,13.6978,13.6978,0
2011-10-19,13.471,13.471,13.471,13.471,0
2011-10-20,13.5337,13.5337,13.5337,13.5337,0
2011-10-21,13.8168,13.8168,13.8168,13.8168,0
2011-10-24,14.2237,14.2237,14.2237,14.2237,0
2011-10-25,13.8876,13.8876,13.8876,13.8876,0
2011-10-26,14.0564,14.0564,14.0564,14.0564,0
2011-10-27,14.6724,14.6724,14.6724,14.6724,0
2011-10-28,14.6274,14.6274,14.6274,14.6274,0
2011-10-31,14.2575,14.2575,14.2575,14.2575,0
2011-11-01,13.8104,13.8104,13.8104,13.8104,0
2011-11-02,14.0999,14.0999,14.0999,14.0999,0
2011-11-03,14.4264,14.4264,14.4264,14.4264,0
2011-11-04,14.4698,14.4698,14.4698,14.4698,0
2011-11-07,14.4344,14.4344,14.4344,14.4344,0
2011-11-08,14.5904,14.5904,14.5904,14.5904,0
2011-11-09,13.9551,13.9551,13.9551,13.9551,0
2011-11-10,14.0114,14.0114,14.0114,14.0114,0
2011-11-11,14.3411,14.3411,14.3411,14.3411,0
2011-11-14,14.1899,14.1899,14.1899,14.1899,0
2011-11-15,14.3234,14.3234,14.3234,14.3234,0
2011-11-16,14.1417,14.1417,14.1417,14.1417,0
2011-11-17,13.8651,13.8651,13.8651,13.8651,0
2011-11-18,13.849,13.849,13.849,13.849,0
2011-11-21,13.5627,13.5627,13.5627,13.5627,0
2011-11-22,13.4951,13.4951,13.4951,13.4951,0
2011-11-23,13.1252,13.1252,13.1252,13.1252,0
2011-11-25,13.069,13.069,13.069,13.069,0
2011-11-28,13.537,13.537,13.537,13.537,0
2011-11-29,13.5466,13.5466,13.5466,13.5466,0
2011-11-30,14.2237,14.2237,14.2237,14.2237,0
2011-12-01,14.1401,14.1401,14.1401,14.1401,0
2011-12-02,14.1738,14.1738,14.1738,14.1738,0
2011-12-05,14.3749,14.3749,14.3749,14.3749,0
2011-12-06,14.3363,14.3363,14.3363,14.3363,0
2011-12-07,14.2929,14.2929,14.2929,14.2929,0
2011-12-08,13.931,13.931,13.931,13.931,0
2011-12-09,14.2559,14.2559,14.2559,14.2559,0
2011-12-12,14.0146,14.0146,14.0146,14.0146,0
2011-12-13,13.7364,13.7364,13.7364,13.7364,0
2011-12-14,13.537,13.537,13.537,13.537,0
2011-12-15,13.6351,13.6351,13.6351,13.6351,0
2011-12-16,13.7605,13.7605,13.7605,13.7605,0
2011-12-19,13.5354,13.5354,13.5354,13.5354,0
2011-12-20,14.0098,14.0098,14.0098,14.0098,0
2011-12-21,14.0275,14.0275,14.0275,14.0275,0
2011-12-22,14.1714,14.1714,14.1714,14.1714,0
2011-12-23,14.2602,14.2602,14.2602,14.2602,0
2011-12-27,14.2812,14.2812,14.2812,14.2812,0
2011-12-28,14.0422,14.0422,14.0422,14.0422,0
2011-12-29,14.2263,14.2263,14.2263,14.2263,0
2011-12-30,14.1488,14.1488,14.1488,14.1488,0
2012-01-03,14.3006,14.3006,14.3006,14.3006,0
2012-01-04,14.2602,14.2602,14.2602,14.2602,0
2012-01-05,14.37,14.37,14.37,14.37,0
2012-01-06,14.3587,14.3587,14.3587,14.3587,0
2012-01-09,14.4379,14.4379,14.4379,14.4379,0
2012-01-10,14.6365,14.6365,14.6365,14.6365,0
2012-01-11,14.6656,14.6656,14.6656,14.6656,0
2012-01-12,14.6979,14.6979,14.6979,14.6979,0
2012-01-13,14.6268,14.6268,14.6268,14.6268,0
2012-01-17,14.6462,14.6462,14.6462,14.6462,0
2012-01-18,14.8933,14.8933,14.8933,14.8933,0
2012-01-19,15.016,15.016,15.016,15.016,0
2012-01-20,14.9918,14.9918,14.9918,14.9918,0
2012-01-23,14.9999,14.9999,14.9999,14.9999,0
2012-01-24,15.0645,15.0645,15.0645,15.0645,0
2012-01-25,15.2114,15.2114,15.2114,15.2114,0
2012-01-26,15.1113,15.1113,15.1113,15.1113,0
2012-01-27,15.1969,15.1969,15.1969,15.1969,0
2012-01-30,15.1194,15.1194,15.1194,15.1194,0
2012-01-31,15.0839,15.0839,15.0839,15.0839,0
2012-02-01,15.3891,15.3891,15.3891,15.3891,0
2012-02-02,15.423,15.423,15.423,15.423,0
2012-02-03,15.6814,15.6814,15.6814,15.6814,0
2012-02-06,15.6507,15.6507,15.6507,15.6507,0
2012-02-07,15.6701,15.6701,15.6701,15.6701,0
2012-02-08,15.7088,15.7088,15.7088,15.7088,0
2012-02-09,15.725,15.725,15.725,15.725,0
2012-02-10,15.5538,15.5538,15.5538,15.5538,0
2012-02-13,15.7169,15.7169,15.7169,15.7169,0
2012-02-14,15.7105,15.7105,15.7105,15.7105,0
2012-02-15,15.6669,15.6669,15.6669,15.6669,0
2012-02-16,15.901,15.901,15.901,15.901,0
2012-02-17,15.8929,15.8929,15.8929,15.8929,0
2012-02-21,15.8251,15.8251,15.8251,15.8251,0
2012-02-22,15.7637,15.7637,15.7637,15.7637,0
2012-02-23,15.8913,15.8913,15.8913,15.8913,0
2012-02-24,15.9059,15.9059,15.9059,15.9059,0
2012-02-27,15.8978,15.8978,15.8978,15.8978,0
2012-02-28,15.8736,15.8736,15.8736,15.8736,0
2012-02-29,15.767,15.767,15.767,15.767,0
2012-03-01,15.9059,15.9059,15.9059,15.9059,0
2012-03-02,15.7831,15.7831,15.7831,15.7831,0
2012-03-05,15.7153,15.7153,15.7153,15.7153,0
2012-03-06,15.4133,15.4133,15.4133,15.4133,0
2012-03-07,15.5651,15.5651,15.5651,15.5651,0
2012-03-08,15.7524,15.7524,15.7524,15.7524,0
2012-03-09,15.9026,15.9026,15.9026,15.9026,0
2012-03-12,15.8461,15.8461,15.8461,15.8461,0
2012-03-13,16.153,16.153,16.153,16.153,0
2012-03-14,16.0302,16.0302,16.0302,16.0302,0
2012-03-15,16.1788,16.1788,16.1788,16.1788,0
2012-03-16,16.1578,16.1578,16.1578,16.1578,0
2012-03-19,16.2079,16.2079,16.2079,16.2079,0
2012-03-20,16.09,16.09,16.09,16.09,0
2012-03-21,16.0722,16.0722,16.0722,16.0722,0
2012-03-22,15.9059,15.9059,15.9059,15.9059,0
2012-03-23,16.0173,16.0173,16.0173,16.0173,0
2012-03-26,16.2518,16.2518,16.2518,16.2518,0
2012-03-27,16.1854,16.1854,16.1854,16.1854,0
2012-03-28,16.0979,16.0979,16.0979,16.0979,0
2012-03-29,16.0769,16.0769,16.0769,16.0769,0
2012-03-30,16.0656,16.0656,16.0656,16.0656,0
2012-04-02,16.1465,16.1465,16.1465,16.1465,0
2012-04-03,16.1935,16.1935,16.1935,16.1935,0
2012-04-04,15.9733,15.9733,15.9733,15.9733,0
2012-04-05,15.9069,15.9069,15.9069,15.9069,0
2012-04-09,15.7077,15.7077,15.7077,15.7077,0
2012-04-10,15.3418,15.3418,15.3418,15.3418,0
2012-04-11,15.5199,15.5199,15.5199,15.5199,0
2012-04-12,15.7984,15.7984,15.7984,15.7984,0
2012-04-13,15.6008,15.6008,15.6008,15.6008,0
2012-04-16,15.6106,15.6106,15.6106,15.6106,0
2012-04-17,15.8615,15.8615,15.8615,15.8615,0
2012-04-18,15.8049,15.8049,15.8049,15.8049,0
2012-04-19,15.7547,15.7547,15.7547,15.7547,0
2012-04-20,15.7822,15.7822,15.7822,15.7822,0
2012-04-23,15.6219,15.6219,15.6219,15.6219,0
2012-04-24,15.6591,15.6591,15.6591,15.6591,0
2012-04-25,15.9247,15.9247,15.9247,15.9247,0
2012-04-26,16.085,16.085,16.085,16.085,0
2012-04-27,16.1578,16.1578,16.1578,16.1578,0
2012-04-30,16.0073,16.0073,16.0073,16.0073,0
2012-05-01,16.0947,16.0947,16.0947,16.0947,0
2012-05-02,16.1287,16.1287,16.1287,16.1287,0
2012-05-03,15.8632,15.8632,15.8632,15.8632,0
2012-05-04,15.6106,15.6106,15.6106,15.6106,0
2012-05-07,15.6802,15.6802,15.6802,15.6802,0
2012-05-08,15.6527,15.6527,15.6527,15.6527,0
2012-05-09,15.5863,15.5863,15.5863,15.5863,0
2012-05-10,15.6008,15.6008,15.6008,15.6008,0
2012-05-11,15.6073,15.6073,15.6073,15.6073,0
2012-05-14,15.4341,15.4341,15.4341,15.4341,0
2012-05-15,15.3612,15.3612,15.3612,15.3612,0
2012-05-16,15.2317,15.2317,15.2317,15.2317,0
2012-05-17,14.8253,14.8253,14.8253,14.8253,0
2012-05-18,14.6407,14.6407,14.6407,14.6407,0
2012-05-21,14.9839,14.9839,14.9839,14.9839,0
2012-05-22,15.0244,15.0244,15.0244,15.0244,0
2012-05-23,15.1086,15.1086,15.1086,15.1086,0
2012-05-24,15.1701,15.1701,15.1701,15.1701,0
2012-05-25,15.1361,15.1361,15.1361,15.1361,0
2012-05-29,15.3288,15.3288,15.3288,15.3288,0
2012-05-30,15.0244,15.0244,15.0244,15.0244,0
2012-05-31,14.9823,14.9823,14.9823,14.9823,0
2012-06-01,14.5257,14.5257,14.5257,14.5257,0
2012-06-04,14.435,14.435,14.435,14.435,0
2012-06-05,14.6245,14.6245,14.6245,14.6245,0
2012-06-06,14.9418,14.9418,14.9418,14.9418,0
2012-06-07,14.8755,14.8755,14.8755,14.8755,0
2012-06-08,15.0017,15.0017,15.0017,15.0017,0
2012-06-11,14.7184,14.7184,14.7184,14.7184,0
2012-06-12,14.8625,14.8625,14.8625,14.8625,0
2012-06-13,14.6552,14.6552,14.6552,14.6552,0
2012-06-14,14.7621,14.7621,14.7621,14.7621,0
2012-06-15,14.8981,14.8981,14.8981,14.8981,0
2012-06-18,15.0422,15.0422,15.0422,15.0422,0
2012-06-19,15.2035,15.2035,15.2035,15.2035,0
2012-06-20,15.1873,15.1873,15.1873,15.1873,0
2012-06-21,14.778,14.778,14.778,14.778,0
2012-06-22,14.851,14.851,14.851,14.851,0
2012-06-25,14.5847,14.5847,14.5847,14.5847,0
2012-06-26,14.6821,14.6821,14.6821,14.6821,0
2012-06-27,14.8218,14.8218,14.8218,14.8218,0
2012-06-28,14.8657,14.8657,14.8657,14.8657,0
2012-06-29,15.2961,15.2961,15.2961,15.2961,0
2012-07-02,15.3871,15.3871,15.3871,15.3871,0
2012-07-03,15.5592,15.5592,15.5592,15.5592,0
2012-07-05,15.5657,15.5657,15.5657,15.5657,0
2012-07-06,15.3854,15.3854,15.3854,15.3854,0
2012-07-09,15.3286,15.3286,15.3286,15.3286,0
2012-07-10,15.1532,15.1532,15.1532,15.1532,0
2012-07-11,15.1126,15.1126,15.1126,15.1126,0
2012-07-12,15.0622,15.0622,15.0622,15.0622,0
2012-07-13,15.2929,15.2929,15.2929,15.2929,0
2012-07-16,15.2052,15.2052,15.2052,15.2052,0
2012-07-17,15.2945,15.2945,15.2945,15.2945,0
2012-07-18,15.4066,15.4066,15.4066,15.4066,0
2012-07-19,15.4147,15.4147,15.4147,15.4147,0
2012-07-20,15.2604,15.2604,15.2604,15.2604,0
2012-07-23,15.0655,15.0655,15.0655,15.0655,0
2012-07-24,14.8478,14.8478,14.8478,14.8478,0
2012-07-25,14.8689,14.8689,14.8689,14.8689,0
2012-07-26,15.0947,15.0947,15.0947,15.0947,0
2012-07-27,15.4017,15.4017,15.4017,15.4017,0
2012-07-30,15.3659,15.3659,15.3659,15.3659,0
2012-07-31,15.262,15.262,15.262,15.262,0
2012-08-01,15.1304,15.1304,15.1304,15.1304,0
2012-08-02,15.0378,15.0378,15.0378,15.0378,0
2012-08-03,15.3335,15.3335,15.3335,15.3335,0
2012-08-06,15.4163,15.4163,15.4163,15.4163,0
2012-08-07,15.5641,15.5641,15.5641,15.5641,0
2012-08-08,15.5852,15.5852,15.5852,15.5852,0
2012-08-09,15.6145,15.6145,15.6145,15.6145,0
2012-08-10,15.621,15.621,15.621,15.621,0
2012-08-13,15.5999,15.5999,15.5999,15.5999,0
2012-08-14,15.5804,15.5804,15.5804,15.5804,0
2012-08-15,15.6681,15.6681,15.6681,15.6681,0
2012-08-16,15.8094,15.8094,15.8094,15.8094,0
2012-08-17,15.8809,15.8809,15.8809,15.8809,0
2012-08-20,15.8305,15.8305,15.8305,15.8305,0
2012-08-21,15.8662,15.8662,15.8662,15.8662,0
2012-08-22,15.8256,15.8256,15.8256,15.8256,0
2012-08-23,15.7184,15.7184,15.7184,15.7184,0
2012-08-24,15.7639,15.7639,15.7639,15.7639,0
2012-08-27,15.7607,15.7607,15.7607,15.7607,0
2012-08-28,15.8256,15.8256,15.8256,15.8256,0
2012-08-29,15.8386,15.8386,15.8386,15.8386,0
2012-08-30,15.7152,15.7152,15.7152,15.7152,0
2012-08-31,15.7948,15.7948,15.7948,15.7948,0
2012-09-04,15.9848,15.9848,15.9848,15.9848,0
2012-09-05,15.9491,15.9491,15.9491,15.9491,0
2012-09-06,16.2561,16.2561,16.2561,16.2561,0
2012-09-07,16.3454,16.3454,16.3454,16.3454,0
2012-09-10,16.2756,16.2756,16.2756,16.2756,0
2012-09-11,16.2934,16.2934,16.2934,16.2934,0
2012-09-12,16.3828,16.3828,16.3828,16.3828,0
2012-09-13,16.5322,16.5322,16.5322,16.5322,0
2012-09-14,16.7174,16.7174,16.7174,16.7174,0
2012-09-17,16.5468,16.5468,16.5468,16.5468,0
2012-09-18,16.4396,16.4396,16.4396,16.4396,0
2012-09-19,16.4786,16.4786,16.4786,16.4786,0
2012-09-20,16.3665,16.3665,16.3665,16.3665,0
2012-09-21,16.3649,16.3649,16.3649,16.3649,0
2012-09-24,16.3405,16.3405,16.3405,16.3405,0
2012-09-25,16.0888,16.0888,16.0888,16.0888,0
2012-09-26,15.9731,15.9731,15.9731,15.9731,0
2012-09-27,16.1621,16.1621,16.1621,16.1621,0
2012-09-28,16.079,16.079,16.079,16.079,0
2012-10-01,16.0204,16.0204,16.0204,16.0204,0
2012-10-02,16.0806,16.0806,16.0806,16.0806,0
2012-10-03,16.0839,16.0839,16.0839,16.0839,0
2012-10-04,16.2306,16.2306,16.2306,16.2306,0
2012-10-05,16.2371,16.2371,16.2371,16.2371,0
2012-10-08,16.1621,16.1621,16.1621,16.1621,0
2012-10-09,16.0171,16.0171,16.0171,16.0171,0
2012-10-10,15.934,15.934,15.934,15.934,0
2012-10-11,16.009,16.009,16.009,16.009,0
2012-10-12,15.8851,15.8851,15.8851,15.8851,0
2012-10-15,16.0285,16.0285,16.0285,16.0285,0
2012-10-16,16.2012,16.2012,16.2012,16.2012,0
2012-10-17,16.3299,16.3299,16.3299,16.3299,0
2012-10-18,16.3104,16.3104,16.3104,16.3104,0
2012-10-19,16.0644,16.0644,16.0644,16.0644,0
2012-10-22,16.0513,16.0513,16.0513,16.0513,0
2012-10-23,15.9405,15.9405,15.9405,15.9405,0
2012-10-24,15.8916,15.8916,15.8916,15.8916,0
2012-10-25,15.9275,15.9275,15.9275,15.9275,0
2012-10-26,15.8851,15.8851,15.8851,15.8851,0
2012-10-31,15.9584,15.9584,15.9584,15.9584,0
2012-11-01,16.343,16.343,16.343,16.343,0
2012-11-02,16.1035,16.1035,16.1035,16.1035,0
2012-11-05,16.1963,16.1963,16.1963,16.1963,0
2012-11-06,16.3381,16.3381,16.3381,16.3381,0
2012-11-07,15.9992,15.9992,15.9992,15.9992,0
2012-11-08,15.7808,15.7808,15.7808,15.7808,0
2012-11-09,15.8134,15.8134,15.8134,15.8134,0
2012-11-12,15.7971,15.7971,15.7971,15.7971,0
2012-11-13,15.7564,15.7564,15.7564,15.7564,0
2012-11-14,15.4973,15.4973,15.4973,15.4973,0
2012-11-15,15.4289,15.4289,15.4289,15.4289,0
2012-11-16,15.5397,15.5397,15.5397,15.5397,0
2012-11-19,15.8542,15.8542,15.8542,15.8542,0
2012-11-20,15.9096,15.9096,15.9096,15.9096,0
2012-11-21,15.9747,15.9747,15.9747,15.9747,0
2012-11-23,16.1523,16.1523,16.1523,16.1523,0
2012-11-26,16.1377,16.1377,16.1377,16.1377,0
2012-11-27,16.1051,16.1051,16.1051,16.1051,0
2012-11-28,16.2126,16.2126,16.2126,16.2126,0
2012-11-29,16.3251,16.3251,16.3251,16.3251,0
2012-11-30,16.3137,16.3137,16.3137,16.3137,0
2012-12-03,16.2859,16.2859,16.2859,16.2859,0
2012-12-04,16.2843,16.2843,16.2843,16.2843,0
2012-12-05,16.3153,16.3153,16.3153,16.3153,0
2012-12-06,16.3495,16.3495,16.3495,16.3495,0
2012-12-07,16.3625,16.3625,16.3625,16.3625,0
2012-12-10,16.4636,16.4636,16.4636,16.4636,0
2012-12-11,16.5353,16.5353,16.5353,16.5353,0
2012-12-12,16.5173,16.5173,16.5173,16.5173,0
2012-12-13,16.4163,16.4163,16.4163,16.4163,0
2012-12-14,16.3788,16.3788,16.3788,16.3788,0
2012-12-17,16.5304,16.5304,16.5304,16.5304,0
2012-12-18,16.7503,16.7503,16.7503,16.7503,0
2012-12-19,16.7298,16.7298,16.7298,16.7298,0
2012-12-20,16.8478,16.8478,16.8478,16.8478,0
2012-12-21,16.72,16.72,16.72,16.72,0
2012-12-24,16.6741,16.6741,16.6741,16.6741,0
2012-12-26,16.5512,16.5512,16.5512,16.5512,0
2012-12-27,16.5283,16.5283,16.5283,16.5283,0
2012-12-28,16.4119,16.4119,16.4119,16.4119,0
2012-12-31,16.6659,16.6659,16.6659,16.6659,0
2013-01-02,17.1428,17.1428,17.1428,17.1428,0
2013-01-03,17.1494,17.1494,17.1494,17.1494,0
2013-01-04,17.269,17.269,17.269,17.269,0
2013-01-07,17.2247,17.2247,17.2247,17.2247,0
2013-01-08,17.1756,17.1756,17.1756,17.1756,0
2013-01-09,17.2788,17.2788,17.2788,17.2788,0
2013-01-10,17.3001,17.3001,17.3001,17.3001,0
2013-01-11,17.2887,17.2887,17.2887,17.2887,0
2013-01-14,17.3296,17.3296,17.3296,17.3296,0
2013-01-15,17.4017,17.4017,17.4017,17.4017,0
2013-01-16,17.3722,17.3722,17.3722,17.3722,0
2013-01-17,17.5148,17.5148,17.5148,17.5148,0
2013-01-18,17.541,17.541,17.541,17.541,0
2013-01-22,17.6934,17.6934,17.6934,17.6934,0
2013-01-23,17.6934,17.6934,17.6934,17.6934,0
2013-01-24,17.7868,17.7868,17.7868,17.7868,0
2013-01-25,17.9491,17.9491,17.9491,17.9491,0
2013-01-28,17.9278,17.9278,17.9278,17.9278,0
2013-01-29,17.9294,17.9294,17.9294,17.9294,0
2013-01-30,17.8131,17.8131,17.8131,17.8131,0
2013-01-31,17.8786,17.8786,17.8786,17.8786,0
2013-02-01,18.0277,18.0277,18.0277,18.0277,0
2013-02-04,17.8622,17.8622,17.8622,17.8622,0
2013-02-05,17.9605,17.9605,17.9605,17.9605,0
2013-02-06,18.0605,18.0605,18.0605,18.0605,0
2013-02-07,18.0441,18.0441,18.0441,18.0441,0
2013-02-08,18.1474,18.1474,18.1474,18.1474,0
2013-02-11,18.1211,18.1211,18.1211,18.1211,0
2013-02-12,18.1998,18.1998,18.1998,18.1998,0
2013-02-13,18.2588,18.2588,18.2588,18.2588,0
2013-02-14,18.2948,18.2948,18.2948,18.2948,0
2013-02-15,18.267,18.267,18.267,18.267,0
2013-02-19,18.3817,18.3817,18.3817,18.3817,0
2013-02-20,18.0818,18.0818,18.0818,18.0818,0
2013-02-21,17.8999,17.8999,17.8999,17.8999,0
2013-02-22,18.0818,18.0818,18.0818,18.0818,0
2013-02-25,17.7164,17.7164,17.7164,17.7164,0
2013-02-26,17.8245,17.8245,17.8245,17.8245,0
2013-02-27,18.0785,18.0785,18.0785,18.0785,0
2013-02-28,18.031,18.031,18.031,18.031,0
2013-03-01,17.9917,17.9917,17.9917,17.9917,0
2013-03-04,18.049,18.049,18.049,18.049,0
2013-03-05,18.2981,18.2981,18.2981,18.2981,0
2013-03-06,18.3178,18.3178,18.3178,18.3178,0
2013-03-07,18.3784,18.3784,18.3784,18.3784,0
2013-03-08,18.5357,18.5357,18.5357,18.5357,0
2013-03-11,18.5603,18.5603,18.5603,18.5603,0
2013-03-12,18.5423,18.5423,18.5423,18.5423,0
2013-03-13,18.6046,18.6046,18.6046,18.6046,0
2013-03-14,18.7471,18.7471,18.7471,18.7471,0
2013-03-15,18.7176,18.7176,18.7176,18.7176,0
2013-03-18,18.6373,18.6373,18.6373,18.6373,0
2013-03-19,18.6078,18.6078,18.6078,18.6078,0
2013-03-20,18.7783,18.7783,18.7783,18.7783,0
2013-03-21,18.6259,18.6259,18.6259,18.6259,0
2013-03-22,18.6914,18.6914,18.6914,18.6914,0
2013-03-25,18.6454,18.6454,18.6454,18.6454,0
2013-03-26,18.7621,18.7621,18.7621,18.7621,0
2013-03-27,18.7933,18.7933,18.7933,18.7933,0
2013-03-28,18.915,18.915,18.915,18.915,0
2013-04-01,18.7292,18.7292,18.7292,18.7292,0
2013-04-02,18.6487,18.6487,18.6487,18.6487,0
2013-04-03,18.3594,18.3594,18.3594,18.3594,0
2013-04-04,18.4646,18.4646,18.4646,18.4646,0
2013-04-05,18.4481,18.4481,18.4481,18.4481,0
2013-04-08,18.5928,18.5928,18.5928,18.5928,0
2013-04-09,18.5879,18.5879,18.5879,18.5879,0
2013-04-10,18.8476,18.8476,18.8476,18.8476,0
2013-04-11,18.9183,18.9183,18.9183,18.9183,0
2013-04-12,18.8492,18.8492,18.8492,18.8492,0
2013-04-15,18.2459,18.2459,18.2459,18.2459,0
2013-04-16,18.5336,18.5336,18.5336,18.5336,0
2013-04-17,18.2197,18.2197,18.2197,18.2197,0
2013-04-18,18.1292,18.1292,18.1292,18.1292,0
2013-04-19,18.3807,18.3807,18.3807,18.3807,0
2013-04-22,18.4498,18.4498,18.4498,18.4498,0
2013-04-23,18.6503,18.6503,18.6503,18.6503,0
2013-04-24,18.7194,18.7194,18.7194,18.7194,0
2013-04-25,18.8048,18.8048,18.8048,18.8048,0
2013-04-26,18.7292,18.7292,18.7292,18.7292,0
2013-04-29,18.8689,18.8689,18.8689,18.8689,0
2013-04-30,19.0284,19.0284,19.0284,19.0284,0
2013-05-01,18.6898,18.6898,18.6898,18.6898,0
2013-05-02,18.8755,18.8755,18.8755,18.8755,0
2013-05-03,19.1188,19.1188,19.1188,19.1188,0
2013-05-06,19.2158,19.2158,19.2158,19.2158,0
2013-05-07,19.3884,19.3884,19.3884,19.3884,0
2013-05-08,19.4771,19.4771,19.4771,19.4771,0
2013-05-09,19.4097,19.4097,19.4097,19.4097,0
2013-05-10,19.5314,19.5314,19.5314,19.5314,0
2013-05-13,19.5034,19.5034,19.5034,19.5034,0
2013-05-14,19.7254,19.7254,19.7254,19.7254,0
2013-05-15,19.8026,19.8026,19.8026,19.8026,0
2013-05-16,19.7155,19.7155,19.7155,19.7155,0
2013-05-17,19.8963,19.8963,19.8963,19.8963,0
2013-05-20,19.916,19.916,19.916,19.916,0
2013-05-21,19.9538,19.9538,19.9538,19.9538,0
2013-05-22,19.6136,19.6136,19.6136,19.6136,0
2013-05-23,19.6004,19.6004,19.6004,19.6004,0
2013-05-24,19.5182,19.5182,19.5182,19.5182,0
2013-05-28,19.6662,19.6662,19.6662,19.6662,0
2013-05-29,19.4969,19.4969,19.4969,19.4969,0
2013-05-30,19.6464,19.6464,19.6464,19.6464,0
2013-05-31,19.4508,19.4508,19.4508,19.4508,0
2013-06-03,19.4097,19.4097,19.4097,19.4097,0
2013-06-04,19.27,19.27,19.27,19.27,0
2013-06-05,18.9988,18.9988,18.9988,18.9988,0
2013-06-06,19.2372,19.2372,19.2372,19.2372,0
2013-06-07,19.4196,19.4196,19.4196,19.4196,0
2013-06-10,19.4295,19.4295,19.4295,19.4295,0
2013-06-11,19.1993,19.1993,19.1993,19.1993,0
2013-06-12,19.0152,19.0152,19.0152,19.0152,0
2013-06-13,19.3572,19.3572,19.3572,19.3572,0
2013-06-14,19.2865,19.2865,19.2865,19.2865,0
2013-06-17,19.3966,19.3966,19.3966,19.3966,0
2013-06-18,19.5593,19.5593,19.5593,19.5593,0
2013-06-19,19.2717,19.2717,19.2717,19.2717,0
2013-06-20,18.7703,18.7703,18.7703,18.7703,0
2013-06-21,18.7013,18.7013,18.7013,18.7013,0
2013-06-24,18.5024,18.5024,18.5024,18.5024,0
2013-06-25,18.7325,18.7325,18.7325,18.7325,0
2013-06-26,18.8751,18.8751,18.8751,18.8751,0
2013-06-27,19.1441,19.1441,19.1441,19.1441,0
2013-06-28,19.0599,19.0599,19.0599,19.0599,0
2013-07-01,19.3058,19.3058,19.3058,19.3058,0
2013-07-02,19.2695,19.2695,19.2695,19.2695,0
2013-07-03,19.2794,19.2794,19.2794,19.2794,0
2013-07-05,19.5286,19.5286,19.5286,19.5286,0
2013-07-08,19.5665,19.5665,19.5665,19.5665,0
2013-07-09,19.7893,19.7893,19.7893,19.7893,0
2013-07-10,19.7926,19.7926,19.7926,19.7926,0
2013-07-11,20.0451,20.0451,20.0451,20.0451,0
2013-07-12,20.1012,20.1012,20.1012,20.1012,0
2013-07-15,20.1821,20.1821,20.1821,20.1821,0
2013-07-16,20.0335,20.0335,20.0335,20.0335,0
2013-07-17,20.1177,20.1177,20.1177,20.1177,0
2013-07-18,20.3009,20.3009,20.3009,20.3009,0
2013-07-19,20.3306,20.3306,20.3306,20.3306,0
2013-07-22,20.4048,20.4048,20.4048,20.4048,0
2013-07-23,20.418,20.418,20.418,20.418,0
2013-07-24,20.253,20.253,20.253,20.253,0
2013-07-25,20.3388,20.3388,20.3388,20.3388,0
2013-07-26,20.2629,20.2629,20.2629,20.2629,0
2013-07-29,20.154,20.154,20.154,20.154,0
2013-07-30,20.1969,20.1969,20.1969,20.1969,0
2013-07-31,20.3009,20.3009,20.3009,20.3009,0
2013-08-01,20.7118,20.7118,20.7118,20.7118,0
2013-08-02,20.6392,20.6392,20.6392,20.6392,0
2013-08-05,20.6491,20.6491,20.6491,20.6491,0
2013-08-06,20.4362,20.4362,20.4362,20.4362,0
2013-08-07,20.2877,20.2877,20.2877,20.2877,0
2013-08-08,20.3718,20.3718,20.3718,20.3718,0
2013-08-09,20.3916,20.3916,20.3916,20.3916,0
2013-08-12,20.4395,20.4395,20.4395,20.4395,0
2013-08-13,20.4246,20.4246,20.4246,20.4246,0
2013-08-14,20.2959,20.2959,20.2959,20.2959,0
2013-08-15,19.9362,19.9362,19.9362,19.9362,0
2013-08-16,19.8768,19.8768,19.8768,19.8768,0
2013-08-19,19.7365,19.7365,19.7365,19.7365,0
2013-08-20,19.9972,19.9972,19.9972,19.9972,0
2013-08-21,19.8355,19.8355,19.8355,19.8355,0
2013-08-22,20.05,20.05,20.05,20.05,0
2013-08-23,20.0748,20.0748,20.0748,20.0748,0
2013-08-26,20.0913,20.0913,20.0913,20.0913,0
2013-08-27,19.6721,19.6721,19.6721,19.6721,0
2013-08-28,19.7365,19.7365,19.7365,19.7365,0
2013-08-29,19.819,19.819,19.819,19.819,0
2013-08-30,19.4956,19.4956,19.4956,19.4956,0
2013-09-03,19.5022,19.5022,19.5022,19.5022,0
2013-09-04,19.7101,19.7101,19.7101,19.7101,0
2013-09-05,19.7381,19.7381,19.7381,19.7381,0
2013-09-06,19.7844,19.7844,19.7844,19.7844,0
2013-09-09,20.0896,20.0896,20.0896,20.0896,0
2013-09-10,20.2877,20.2877,20.2877,20.2877,0
2013-09-11,20.3058,20.3058,20.3058,20.3058,0
2013-09-12,20.2629,20.2629,20.2629,20.2629,0
2013-09-13,20.2992,20.2992,20.2992,20.2992,0
2013-09-16,20.4032,20.4032,20.4032,20.4032,0
2013-09-17,20.5484,20.5484,20.5484,20.5484,0
2013-09-18,20.7629,20.7629,20.7629,20.7629,0
2013-09-19,20.7151,20.7151,20.7151,20.7151,0
2013-09-20,20.5534,20.5534,20.5534,20.5534,0
2013-09-23,20.4758,20.4758,20.4758,20.4758,0
2013-09-24,20.5058,20.5058,20.5058,20.5058,0
2013-09-25,20.5107,20.5107,20.5107,20.5107,0
2013-09-26,20.6267,20.6267,20.6267,20.6267,0
2013-09-27,20.5571,20.5571,20.5571,20.5571,0
2013-09-30,20.5604,20.5604,20.5604,20.5604,0
2013-10-01,20.8304,20.8304,20.8304,20.8304,0
2013-10-02,20.8006,20.8006,20.8006,20.8006,0
2013-10-03,20.6267,20.6267,20.6267,20.6267,0
2013-10-04,20.7492,20.7492,20.7492,20.7492,0
2013-10-07,20.524,20.524,20.524,20.524,0
2013-10-08,20.2656,20.2656,20.2656,20.2656,0
2013-10-09,20.2159,20.2159,20.2159,20.2159,0
2013-10-10,20.6598,20.6598,20.6598,20.6598,0
2013-10-11,20.8453,20.8453,20.8453,20.8453,0
2013-10-14,20.9198,20.9198,20.9198,20.9198,0
2013-10-15,20.7062,20.7062,20.7062,20.7062,0
2013-10-16,20.9844,20.9844,20.9844,20.9844,0
2013-10-17,21.1434,21.1434,21.1434,21.1434,0
2013-10-18,21.3273,21.3273,21.3273,21.3273,0
2013-10-21,21.3289,21.3289,21.3289,21.3289,0
2013-10-22,21.4432,21.4432,21.4432,21.4432,0
2013-10-23,21.2908,21.2908,21.2908,21.2908,0
2013-10-24,21.3422,21.3422,21.3422,21.3422,0
2013-10-25,21.4001,21.4001,21.4001,21.4001,0
2013-10-28,21.3869,21.3869,21.3869,21.3869,0
2013-10-29,21.4863,21.4863,21.4863,21.4863,0
2013-10-30,21.3405,21.3405,21.3405,21.3405,0
2013-10-31,21.2892,21.2892,21.2892,21.2892,0
2013-11-01,21.3422,21.3422,21.3422,21.3422,0
2013-11-04,21.4813,21.4813,21.4813,21.4813,0
2013-11-05,21.3488,21.3488,21.3488,21.3488,0
2013-11-06,21.3405,21.3405,21.3405,21.3405,0
2013-11-07,20.953,20.953,20.953,20.953,0
2013-11-08,21.2809,21.2809,21.2809,21.2809,0
2013-11-11,21.3405,21.3405,21.3405,21.3405,0
2013-11-12,21.3223,21.3223,21.3223,21.3223,0
2013-11-13,21.5475,21.5475,21.5475,21.5475,0
2013-11-14,21.6221,21.6221,21.6221,21.6221,0
2013-11-15,21.6933,21.6933,21.6933,21.6933,0
2013-11-18,21.5426,21.5426,21.5426,21.5426,0
2013-11-19,21.3902,21.3902,21.3902,21.3902,0
2013-11-20,21.3438,21.3438,21.3438,21.3438,0
2013-11-21,21.6105,21.6105,21.6105,21.6105,0
2013-11-22,21.6502,21.6502,21.6502,21.6502,0
2013-11-25,21.6188,21.6188,21.6188,21.6188,0
2013-11-26,21.627,21.627,21.627,21.627,0
2013-11-27,21.6718,21.6718,21.6718,21.6718,0
2013-11-29,21.6022,21.6022,21.6022,21.6022,0
2013-12-02,21.5889,21.5889,21.5889,21.5889,0
2013-12-03,21.5128,21.5128,21.5128,21.5128,0
2013-12-04,21.4863,21.4863,21.4863,21.4863,0
2013-12-05,21.5128,21.5128,21.5128,21.5128,0
2013-12-06,21.6949,21.6949,21.6949,21.6949,0
2013-12-09,21.7165,21.7165,21.7165,21.7165,0
2013-12-10,21.637,21.637,21.637,21.637,0
2013-12-11,21.2892,21.2892,21.2892,21.2892,0
2013-12-12,21.3041,21.3041,21.3041,21.3041,0
2013-12-13,21.3687,21.3687,21.3687,21.3687,0
2013-12-16,21.5393,21.5393,21.5393,21.5393,0
2013-12-17,21.526,21.526,21.526,21.526,0
2013-12-18,21.7976,21.7976,21.7976,21.7976,0
2013-12-19,21.6121,21.6121,21.6121,21.6121,0
2013-12-20,21.8572,21.8572,21.8572,21.8572,0
2013-12-23,22.0222,22.0222,22.0222,22.0222,0
2013-12-24,22.1086,22.1086,22.1086,22.1086,0
2013-12-26,22.1368,22.1368,22.1368,22.1368,0
2013-12-27,22.1452,22.1452,22.1452,22.1452,0
2013-12-30,22.1917,22.1917,22.1917,22.1917,0
2013-12-31,22.2432,22.2432,22.2432,22.2432,0
2014-01-02,22.0005,22.0005,22.0005,22.0005,0
2014-01-03,22.1086,22.1086,22.1086,22.1086,0
2014-01-06,21.9773,21.9773,21.9773,21.9773,0
2014-01-07,22.1535,22.1535,22.1535,22.1535,0
2014-01-08,22.1867,22.1867,22.1867,22.1867,0
2014-01-09,22.2216,22.2216,22.2216,22.2216,0
2014-01-10,22.3762,22.3762,22.3762,22.3762,0
2014-01-13,22.0587,22.0587,22.0587,22.0587,0
2014-01-14,22.3297,22.3297,22.3297,22.3297,0
2014-01-15,22.4593,22.4593,22.4593,22.4593,0
2014-01-16,22.4228,22.4228,22.4228,22.4228,0
2014-01-17,22.3546,22.3546,22.3546,22.3546,0
2014-01-21,22.4344,22.4344,22.4344,22.4344,0
2014-01-22,22.5441,22.5441,22.5441,22.5441,0
2014-01-23,22.3746,22.3746,22.3746,22.3746,0
2014-01-24,21.7944,21.7944,21.7944,21.7944,0
2014-01-27,21.5949,21.5949,21.5949,21.5949,0
2014-01-28,21.7961,21.7961,21.7961,21.7961,0
2014-01-29,21.5717,21.5717,21.5717,21.5717,0
2014-01-30,21.8742,21.8742,21.8742,21.8742,0
2014-01-31,21.7562,21.7562,21.7562,21.7562,0
2014-02-03,21.0314,21.0314,21.0314,21.0314,0
2014-02-04,21.2608,21.2608,21.2608,21.2608,0
2014-02-05,21.1927,21.1927,21.1927,21.1927,0
2014-02-06,21.4769,21.4769,21.4769,21.4769,0
2014-02-07,21.6947,21.6947,21.6947,21.6947,0
2014-02-10,21.7678,21.7678,21.7678,21.7678,0
2014-02-11,21.9823,21.9823,21.9823,21.9823,0
2014-02-12,22.1169,22.1169,22.1169,22.1169,0
2014-02-13,22.2599,22.2599,22.2599,22.2599,0
2014-02-14,22.3413,22.3413,22.3413,22.3413,0
2014-02-18,22.4776,22.4776,22.4776,22.4776,0
2014-02-19,22.338,22.338,22.338,22.338,0
2014-02-20,22.4743,22.4743,22.4743,22.4743,0
2014-02-21,22.5275,22.5275,22.5275,22.5275,0
2014-02-24,22.5907,22.5907,22.5907,22.5907,0
2014-02-25,22.6023,22.6023,22.6023,22.6023,0
2014-02-26,22.7203,22.7203,22.7203,22.7203,0
2014-02-27,22.8034,22.8034,22.8034,22.8034,0
2014-02-28,22.84,22.84,22.84,22.84,0
2014-03-03,22.717,22.717,22.717,22.717,0
2014-03-04,23.0677,23.0677,23.0677,23.0677,0
2014-03-05,23.0062,23.0062,23.0062,23.0062,0
2014-03-06,23.0478,23.0478,23.0478,23.0478,0
2014-03-07,23.0877,23.0877,23.0877,23.0877,0
2014-03-10,22.9614,22.9614,22.9614,22.9614,0
2014-03-11,22.8267,22.8267,22.8267,22.8267,0
2014-03-12,22.8466,22.8466,22.8466,22.8466,0
2014-03-13,22.6139,22.6139,22.6139,22.6139,0
2014-03-14,22.6854,22.6854,22.6854,22.6854,0
2014-03-17,22.835,22.835,22.835,22.835,0
2014-03-18,23.0511,23.0511,23.0511,23.0511,0
2014-03-19,22.9065,22.9065,22.9065,22.9065,0
2014-03-20,22.9746,22.9746,22.9746,22.9746,0
2014-03-21,22.9181,22.9181,22.9181,22.9181,0
2014-03-24,22.7702,22.7702,22.7702,22.7702,0
2014-03-25,22.8219,22.8219,22.8219,22.8219,0
2014-03-26,22.525,22.525,22.525,22.525,0
2014-03-27,22.4667,22.4667,22.4667,22.4667,0
2014-03-28,22.5851,22.5851,22.5851,22.5851,0
2014-03-31,22.9253,22.9253,22.9253,22.9253,0
2014-04-01,23.1287,23.1287,23.1287,23.1287,0
2014-04-02,23.2004,23.2004,23.2004,23.2004,0
2014-04-03,23.0854,23.0854,23.0854,23.0854,0
2014-04-04,22.7485,22.7485,22.7485,22.7485,0
2014-04-07,22.3416,22.3416,22.3416,22.3416,0
2014-04-08,22.485,22.485,22.485,22.485,0
2014-04-09,22.7001,22.7001,22.7001,22.7001,0
2014-04-10,22.2082,22.2082,22.2082,22.2082,0
2014-04-11,21.943,21.943,21.943,21.943,0
2014-04-14,22.0398,22.0398,22.0398,22.0398,0
2014-04-15,22.1898,22.1898,22.1898,22.1898,0
2014-04-16,22.4317,22.4317,22.4317,22.4317,0
2014-04-17,22.475,22.475,22.475,22.475,0
2014-04-21,22.5551,22.5551,22.5551,22.5551,0
2014-04-22,22.7202,22.7202,22.7202,22.7202,0
2014-04-23,22.6685,22.6685,22.6685,22.6685,0
2014-04-24,22.6935,22.6935,22.6935,22.6935,0
2014-04-25,22.415,22.415,22.415,22.415,0
2014-04-28,22.3399,22.3399,22.3399,22.3399,0
2014-04-29,22.4283,22.4283,22.4283,22.4283,0
2014-04-30,22.5634,22.5634,22.5634,22.5634,0
2014-05-01,22.6017,22.6017,22.6017,22.6017,0
2014-05-02,22.6618,22.6618,22.6618,22.6618,0
2014-05-05,22.6701,22.6701,22.6701,22.6701,0
2014-05-06,22.495,22.495,22.495,22.495,0
2014-05-07,22.5951,22.5951,22.5951,22.5951,0
2014-05-08,22.49,22.49,22.49,22.49,0
2014-05-09,22.5517,22.5517,22.5517,22.5517,0
2014-05-12,22.8752,22.8752,22.8752,22.8752,0
2014-05-13,22.7869,22.7869,22.7869,22.7869,0
2014-05-14,22.5867,22.5867,22.5867,22.5867,0
2014-05-15,22.42,22.42,22.42,22.42,0
2014-05-16,22.5284,22.5284,22.5284,22.5284,0
2014-05-19,22.6468,22.6468,22.6468,22.6468,0
2014-05-20,22.415,22.415,22.415,22.415,0
2014-05-21,22.5267,22.5267,22.5267,22.5267,0
2014-05-22,22.6618,22.6618,22.6618,22.6618,0
2014-05-23,22.8169,22.8169,22.8169,22.8169,0
2014-05-27,22.9653,22.9653,22.9653,22.9653,0
2014-05-28,22.8969,22.8969,22.8969,22.8969,0
2014-05-29,23.0003,23.0003,23.0003,23.0003,0
2014-05-30,22.952,22.952,22.952,22.952,0
2014-06-02,23.042,23.042,23.042,23.042,0
2014-06-03,23.0203,23.0203,23.0203,23.0203,0
2014-06-04,23.1421,23.1421,23.1421,23.1421,0
2014-06-05,23.3672,23.3672,23.3672,23.3672,0
2014-06-06,23.5123,23.5123,23.5123,23.5123,0
2014-06-09,23.5973,23.5973,23.5973,23.5973,0
2014-06-10,23.5206,23.5206,23.5206,23.5206,0
2014-06-11,23.4556,23.4556,23.4556,23.4556,0
2014-06-12,23.3289,23.3289,23.3289,23.3289,0
2014-06-13,23.3956,23.3956,23.3956,23.3956,0
2014-06-16,23.3805,23.3805,23.3805,23.3805,0
2014-06-17,23.6007,23.6007,23.6007,23.6007,0
2014-06-18,23.6924,23.6924,23.6924,23.6924,0
2014-06-19,23.7224,23.7224,23.7224,23.7224,0
2014-06-20,23.7691,23.7691,23.7691,23.7691,0
2014-06-23,23.7658,23.7658,23.7658,23.7658,0
2014-06-24,23.5832,23.5832,23.5832,23.5832,0
2014-06-25,23.7236,23.7236,23.7236,23.7236,0
2014-06-26,23.6751,23.6751,23.6751,23.6751,0
2014-06-27,23.8206,23.8206,23.8206,23.8206,0
2014-06-30,23.926,23.926,23.926,23.926,0
2014-07-01,24.1116,24.1116,24.1116,24.1116,0
2014-07-02,23.9862,23.9862,23.9862,23.9862,0
2014-07-03,24.0999,24.0999,24.0999,24.0999,0
2014-07-07,23.8775,23.8775,23.8775,23.8775,0
2014-07-08,23.7019,23.7019,23.7019,23.7019,0
2014-07-09,23.7504,23.7504,23.7504,23.7504,0
2014-07-10,23.6032,23.6032,23.6032,23.6032,0
2014-07-11,23.5648,23.5648,23.5648,23.5648,0
2014-07-14,23.6668,23.6668,23.6668,23.6668,0
2014-07-15,23.5882,23.5882,23.5882,23.5882,0
2014-07-16,23.5581,23.5581,23.5581,23.5581,0
2014-07-17,23.2956,23.2956,23.2956,23.2956,0
2014-07-18,23.5798,23.5798,23.5798,23.5798,0
2014-07-21,23.4962,23.4962,23.4962,23.4962,0
2014-07-22,23.6083,23.6083,23.6083,23.6083,0
2014-07-23,23.5899,23.5899,23.5899,23.5899,0
2014-07-24,23.6283,23.6283,23.6283,23.6283,0
2014-07-25,23.4611,23.4611,23.4611,23.4611,0
2014-07-28,23.4143,23.4143,23.4143,23.4143,0
2014-07-29,23.3106,23.3106,23.3106,23.3106,0
2014-07-30,23.3524,23.3524,23.3524,23.3524,0
2014-07-31,22.8691,22.8691,22.8691,22.8691,0
2014-08-01,22.8624,22.8624,22.8624,22.8624,0
2014-08-04,22.9645,22.9645,22.9645,22.9645,0
2014-08-05,22.8507,22.8507,22.8507,22.8507,0
2014-08-06,22.8859,22.8859,22.8859,22.8859,0
2014-08-07,22.8006,22.8006,22.8006,22.8006,0
2014-08-08,23.033,23.033,23.033,23.033,0
2014-08-11,23.1333,23.1333,23.1333,23.1333,0
2014-08-12,23.0564,23.0564,23.0564,23.0564,0
2014-08-13,23.2454,23.2454,23.2454,23.2454,0
2014-08-14,23.3424,23.3424,23.3424,23.3424,0
2014-08-15,23.3307,23.3307,23.3307,23.3307,0
2014-08-18,23.6016,23.6016,23.6016,23.6016,0
2014-08-19,23.7404,23.7404,23.7404,23.7404,0
2014-08-20,23.8039,23.8039,23.8039,23.8039,0
2014-08-21,23.839,23.839,23.839,23.839,0
2014-08-22,23.819,23.819,23.819,23.819,0
2014-08-25,23.9009,23.9009,23.9009,23.9009,0
2014-08-26,23.9778,23.9778,23.9778,23.9778,0
2014-08-27,23.9444,23.9444,23.9444,23.9444,0
2014-08-28,23.9126,23.9126,23.9126,23.9126,0
2014-08-29,24.023,24.023,24.023,24.023,0
2014-09-02,24.1032,24.1032,24.1032,24.1032,0
2014-09-03,24.0664,24.0664,24.0664,24.0664,0
2014-09-04,23.9828,23.9828,23.9828,23.9828,0
2014-09-05,24.0781,24.0781,24.0781,24.0781,0
2014-09-08,24.0547,24.0547,24.0547,24.0547,0
2014-09-09,23.8708,23.8708,23.8708,23.8708,0
2014-09-10,23.9009,23.9009,23.9009,23.9009,0
2014-09-11,24.0096,24.0096,24.0096,24.0096,0
2014-09-12,23.7872,23.7872,23.7872,23.7872,0
2014-09-15,23.6919,23.6919,23.6919,23.6919,0
2014-09-16,23.8223,23.8223,23.8223,23.8223,0
2014-09-17,23.8039,23.8039,23.8039,23.8039,0
2014-09-18,23.8842,23.8842,23.8842,23.8842,0
2014-09-19,23.7387,23.7387,23.7387,23.7387,0
2014-09-22,23.421,23.421,23.421,23.421,0
2014-09-23,23.2287,23.2287,23.2287,23.2287,0
2014-09-24,23.3389,23.3389,23.3389,23.3389,0
2014-09-25,23.0185,23.0185,23.0185,23.0185,0
2014-09-26,23.1963,23.1963,23.1963,23.1963,0
2014-09-29,23.1392,23.1392,23.1392,23.1392,0
2014-09-30,22.9396,22.9396,22.9396,22.9396,0
2014-10-01,22.6309,22.6309,22.6309,22.6309,0
2014-10-02,22.6829,22.6829,22.6829,22.6829,0
2014-10-03,22.8289,22.8289,22.8289,22.8289,0
2014-10-06,22.7786,22.7786,22.7786,22.7786,0
2014-10-07,22.4397,22.4397,22.4397,22.4397,0
2014-10-08,22.7618,22.7618,22.7618,22.7618,0
2014-10-09,22.2216,22.2216,22.2216,22.2216,0
2014-10-10,21.8458,21.8458,21.8458,21.8458,0
2014-10-13,21.5606,21.5606,21.5606,21.5606,0
2014-10-14,21.7636,21.7636,21.7636,21.7636,0
2014-10-15,21.7619,21.7619,21.7619,21.7619,0
2014-10-16,21.9616,21.9616,21.9616,21.9616,0
2014-10-17,22.126,22.126,22.126,22.126,0
2014-10-20,22.3659,22.3659,22.3659,22.3659,0
2014-10-21,22.8893,22.8893,22.8893,22.8893,0
2014-10-22,22.6595,22.6595,22.6595,22.6595,0
2014-10-23,22.9849,22.9849,22.9849,22.9849,0
2014-10-24,23.0638,23.0638,23.0638,23.0638,0
2014-10-27,23.0671,23.0671,23.0671,23.0671,0
2014-10-28,23.4546,23.4546,23.4546,23.4546,0
2014-10-29,23.4144,23.4144,23.4144,23.4144,0
2014-10-30,23.4949,23.4949,23.4949,23.4949,0
2014-10-31,23.7516,23.7516,23.7516,23.7516,0
2014-11-03,23.8069,23.8069,23.8069,23.8069,0
2014-11-04,23.7096,23.7096,23.7096,23.7096,0
2014-11-05,23.7818,23.7818,23.7818,23.7818,0
2014-11-06,23.9613,23.9613,23.9613,23.9613,0
2014-11-07,23.9814,23.9814,23.9814,23.9814,0
2014-11-10,24.0485,24.0485,24.0485,24.0485,0
2014-11-11,24.0485,24.0485,24.0485,24.0485,0
2014-11-12,24.1072,24.1072,24.1072,24.1072,0
2014-11-13,23.9999,23.9999,23.9999,23.9999,0
2014-11-14,23.9965,23.9965,23.9965,23.9965,0
2014-11-17,23.9462,23.9462,23.9462,23.9462,0
2014-11-18,24.0888,24.0888,24.0888,24.0888,0
2014-11-19,23.9931,23.9931,23.9931,23.9931,0
2014-11-20,24.1072,24.1072,24.1072,24.1072,0
2014-11-21,24.2179,24.2179,24.2179,24.2179,0
2014-11-24,24.3824,24.3824,24.3824,24.3824,0
2014-11-25,24.3991,24.3991,24.3991,24.3991,0
2014-11-26,24.3941,24.3941,24.3941,24.3941,0
2014-11-28,24.2012,24.2012,24.2012,24.2012,0
2014-12-01,23.8908,23.8908,23.8908,23.8908,0
2014-12-02,24.0452,24.0452,24.0452,24.0452,0
2014-12-03,24.2482,24.2482,24.2482,24.2482,0
2014-12-04,24.2062,24.2062,24.2062,24.2062,0
2014-12-05,24.2448,24.2448,24.2448,24.2448,0
2014-12-08,24.0703,24.0703,24.0703,24.0703,0
2014-12-09,24.1978,24.1978,24.1978,24.1978,0
2014-12-10,23.7382,23.7382,23.7382,23.7382,0
2014-12-11,23.8707,23.8707,23.8707,23.8707,0
2014-12-12,23.5285,23.5285,23.5285,23.5285,0
2014-12-15,23.3657,23.3657,23.3657,23.3657,0
2014-12-16,23.3255,23.3255,23.3255,23.3255,0
2014-12-17,23.869,23.869,23.869,23.869,0
2014-12-18,24.2733,24.2733,24.2733,24.2733,0
2014-12-19,24.3505,24.3505,24.3505,24.3505,0
2014-12-22,24.4511,24.4511,24.4511,24.4511,0
2014-12-23,24.525,24.525,24.525,24.525,0
2014-12-24,24.5801,24.5801,24.5801,24.5801,0
2014-12-26,24.6475,24.6475,24.6475,24.6475,0
2014-12-29,24.7621,24.7621,24.7621,24.7621,0
2014-12-30,24.6593,24.6593,24.6593,24.6593,0
2014-12-31,24.4031,24.4031,24.4031,24.4031,0
2015-01-02,24.3677,24.3677,24.3677,24.3677,0
2015-01-05,24.002,24.002,24.002,24.002,0
2015-01-06,23.7357,23.7357,23.7357,23.7357,0
2015-01-07,24.0576,24.0576,24.0576,24.0576,0
2015-01-08,24.4284,24.4284,24.4284,24.4284,0
2015-01-09,24.2211,24.2211,24.2211,24.2211,0
2015-01-12,24.0728,24.0728,24.0728,24.0728,0
2015-01-13,24.0728,24.0728,24.0728,24.0728,0
2015-01-14,23.9868,23.9868,23.9868,23.9868,0
2015-01-15,23.7189,23.7189,23.7189,23.7189,0
2015-01-16,24.0357,24.0357,24.0357,24.0357,0
2015-01-20,23.975,23.975,23.975,23.975,0
2015-01-21,24.1419,24.1419,24.1419,24.1419,0
2015-01-22,24.5817,24.5817,24.5817,24.5817,0
2015-01-23,24.4688,24.4688,24.4688,24.4688,0
2015-01-26,24.7553,24.7553,24.7553,24.7553,0
2015-01-27,24.575,24.575,24.575,24.575,0
2015-01-28,24.2868,24.2868,24.2868,24.2868,0
2015-01-29,24.4671,24.4671,24.4671,24.4671,0
2015-01-30,24.1284,24.1284,24.1284,24.1284,0
2015-02-02,24.3374,24.3374,24.3374,24.3374,0
2015-02-03,24.7756,24.7756,24.7756,24.7756,0
2015-02-04,24.6694,24.6694,24.6694,24.6694,0
2015-02-05,24.9222,24.9222,24.9222,24.9222,0
2015-02-06,24.8312,24.8312,24.8312,24.8312,0
2015-02-09,24.7115,24.7115,24.7115,24.7115,0
2015-02-10,24.9104,24.9104,24.9104,24.9104,0
2015-02-11,24.9003,24.9003,24.9003,24.9003,0
2015-02-12,25.1278,25.1278,25.1278,25.1278,0
2015-02-13,25.2744,25.2744,25.2744,25.2744,0
2015-02-17,25.2896,25.2896,25.2896,25.2896,0
2015-02-18,25.3705,25.3705,25.3705,25.3705,0
2015-02-19,25.3283,25.3283,25.3283,25.3283,0
2015-02-20,25.512,25.512,25.512,25.512,0
2015-02-23,25.5171,25.5171,25.5171,25.5171,0
2015-02-24,25.5474,25.5474,25.5474,25.5474,0
2015-02-25,25.5171,25.5171,25.5171,25.5171,0
2015-02-26,25.4699,25.4699,25.4699,25.4699,0
2015-02-27,25.3553,25.3553,25.3553,25.3553,0
2015-03-02,25.5525,25.5525,25.5525,25.5525,0
2015-03-03,25.4244,25.4244,25.4244,25.4244,0
2015-03-04,25.3182,25.3182,25.3182,25.3182,0
2015-03-05,25.3401,25.3401,25.3401,25.3401,0
2015-03-06,25.0418,25.0418,25.0418,25.0418,0
2015-03-09,25.1362,25.1362,25.1362,25.1362,0
2015-03-10,24.8177,24.8177,24.8177,24.8177,0
2015-03-11,24.9997,24.9997,24.9997,24.9997,0
2015-03-12,25.2761,25.2761,25.2761,25.2761,0
2015-03-13,25.1227,25.1227,25.1227,25.1227,0
2015-03-16,25.4143,25.4143,25.4143,25.4143,0
2015-03-17,25.4682,25.4682,25.4682,25.4682,0
2015-03-18,25.7227,25.7227,25.7227,25.7227,0
2015-03-19,25.6536,25.6536,25.6536,25.6536,0
2015-03-20,25.9013,25.9013,25.9013,25.9013,0
2015-03-23,25.9148,25.9148,25.9148,25.9148,0
2015-03-24,25.7918,25.7918,25.7918,25.7918,0
2015-03-25,25.3744,25.3744,25.3744,25.3744,0
2015-03-26,25.3118,25.3118,25.3118,25.3118,0
2015-03-27,25.4302,25.4302,25.4302,25.4302,0
2015-03-30,25.7784,25.7784,25.7784,25.7784,0
2015-03-31,25.6939,25.6939,25.6939,25.6939,0
2015-04-01,25.6077,25.6077,25.6077,25.6077,0
2015-04-02,25.6973,25.6973,25.6973,25.6973,0
2015-04-06,25.9306,25.9306,25.9306,25.9306,0
2015-04-07,25.6973,25.6973,25.6973,25.6973,0
2015-04-08,25.8342,25.8342,25.8342,25.8342,0
2015-04-09,25.8325,25.8325,25.8325,25.8325,0
2015-04-10,25.8816,25.8816,25.8816,25.8816,0
2015-04-13,25.7953,25.7953,25.7953,25.7953,0
2015-04-14,25.819,25.819,25.819,25.819,0
2015-04-15,25.9424,25.9424,25.9424,25.9424,0
2015-04-16,25.868,25.868,25.868,25.868,0
2015-04-17,25.5654,25.5654,25.5654,25.5654,0
2015-04-20,25.7801,25.7801,25.7801,25.7801,0
2015-04-21,25.7852,25.7852,25.7852,25.7852,0
2015-04-22,25.863,25.863,25.863,25.863,0
2015-04-23,25.9864,25.9864,25.9864,25.9864,0
2015-04-24,25.8782,25.8782,25.8782,25.8782,0
2015-04-27,25.6685,25.6685,25.6685,25.6685,0
2015-04-28,25.7683,25.7683,25.7683,25.7683,0
2015-04-29,25.6195,25.6195,25.6195,25.6195,0
2015-04-30,25.3287,25.3287,25.3287,25.3287,0
2015-05-01,25.5215,25.5215,25.5215,25.5215,0
2015-05-04,25.6178,25.6178,25.6178,25.6178,0
2015-05-05,25.3118,25.3118,25.3118,25.3118,0
2015-05-06,25.3135,25.3135,25.3135,25.3135,0
2015-05-07,25.398,25.398,25.398,25.398,0
2015-05-08,25.6313,25.6313,25.6313,25.6313,0
2015-05-11,25.6144,25.6144,25.6144,25.6144,0
2015-05-12,25.5553,25.5553,25.5553,25.5553,0
2015-05-13,25.6043,25.6043,25.6043,25.6043,0
2015-05-14,25.8647,25.8647,25.8647,25.8647,0
2015-05-15,25.8511,25.8511,25.8511,25.8511,0
2015-05-18,26.0557,26.0557,26.0557,26.0557,0
2015-05-19,26.0236,26.0236,26.0236,26.0236,0
2015-05-20,26.0253,26.0253,26.0253,26.0253,0
2015-05-21,26.054,26.054,26.054,26.054,0
2015-05-22,26.0303,26.0303,26.0303,26.0303,0
2015-05-26,25.7429,25.7429,25.7429,25.7429,0
2015-05-27,25.9745,25.9745,25.9745,25.9745,0
2015-05-28,25.9204,25.9204,25.9204,25.9204,0
2015-05-29,25.7514,25.7514,25.7514,25.7514,0
2015-06-01,25.7936,25.7936,25.7936,25.7936,0
2015-06-02,25.8156,25.8156,25.8156,25.8156,0
2015-06-03,25.9492,25.9492,25.9492,25.9492,0
2015-06-04,25.721,25.721,25.721,25.721,0
2015-06-05,25.792,25.792,25.792,25.792,0
2015-06-08,25.628,25.628,25.628,25.628,0
2015-06-09,25.5722,25.5722,25.5722,25.5722,0
2015-06-10,25.8528,25.8528,25.8528,25.8528,0
2015-06-11,26.0016,26.0016,26.0016,26.0016,0
2015-06-12,25.8883,25.8883,25.8883,25.8883,0
2015-06-15,25.7362,25.7362,25.7362,25.7362,0
2015-06-16,25.912,25.912,25.912,25.912,0
2015-06-17,25.89,25.89,25.89,25.89,0
2015-06-18,26.1098,26.1098,26.1098,26.1098,0
2015-06-19,26.0253,26.0253,26.0253,26.0253,0
2015-06-22,26.1757,26.1757,26.1757,26.1757,0
2015-06-23,26.1977,26.1977,26.1977,26.1977,0
2015-06-24,25.9489,25.9489,25.9489,25.9489,0
2015-06-25,25.8709,25.8709,25.8709,25.8709,0
2015-06-26,25.9201,25.9201,25.9201,25.9201,0
2015-06-29,25.3775,25.3775,25.3775,25.3775,0
2015-06-30,25.4334,25.4334,25.4334,25.4334,0
2015-07-01,25.5114,25.5114,25.5114,25.5114,0
2015-07-02,25.4724,25.4724,25.4724,25.4724,0
2015-07-06,25.3944,25.3944,25.3944,25.3944,0
2015-07-07,25.5131,25.5131,25.5131,25.5131,0
2015-07-08,25.1553,25.1553,25.1553,25.1553,0
2015-07-09,25.1723,25.1723,25.1723,25.1723,0
2015-07-10,25.4334,25.4334,25.4334,25.4334,0
2015-07-13,25.6623,25.6623,25.6623,25.6623,0
2015-07-14,25.7658,25.7658,25.7658,25.7658,0
2015-07-15,25.6199,25.6199,25.6199,25.6199,0
2015-07-16,25.7149,25.7149,25.7149,25.7149,0
2015-07-17,25.508,25.508,25.508,25.508,0
2015-07-20,25.5063,25.5063,25.5063,25.5063,0
2015-07-21,25.3249,25.3249,25.3249,25.3249,0
2015-07-22,25.3842,25.3842,25.3842,25.3842,0
2015-07-23,25.2197,25.2197,25.2197,25.2197,0
2015-07-24,24.9925,24.9925,24.9925,24.9925,0
2015-07-27,24.8094,24.8094,24.8094,24.8094,0
2015-07-28,25.0637,25.0637,25.0637,25.0637,0
2015-07-29,25.3486,25.3486,25.3486,25.3486,0
2015-07-30,25.408,25.408,25.408,25.408,0
2015-07-31,25.4385,25.4385,25.4385,25.4385,0
2015-08-03,25.3605,25.3605,25.3605,25.3605,0
2015-08-04,25.3469,25.3469,25.3469,25.3469,0
2015-08-05,25.4843,25.4843,25.4843,25.4843,0
2015-08-06,25.2435,25.2435,25.2435,25.2435,0
2015-08-07,25.2045,25.2045,25.2045,25.2045,0
2015-08-10,25.586,25.586,25.586,25.586,0
2015-08-11,25.3334,25.3334,25.3334,25.3334,0
2015-08-12,25.274,25.274,25.274,25.274,0
2015-08-13,25.2706,25.2706,25.2706,25.2706,0
2015-08-14,25.4351,25.4351,25.4351,25.4351,0
2015-08-17,25.664,25.664,25.664,25.664,0
2015-08-18,25.5352,25.5352,25.5352,25.5352,0
2015-08-19,25.2604,25.2604,25.2604,25.2604,0
2015-08-20,24.6924,24.6924,24.6924,24.6924,0
2015-08-21,24.1158,24.1158,24.1158,24.1158,0
2015-08-24,23.217,23.217,23.217,23.217,0
2015-08-25,22.888,22.888,22.888,22.888,0
2015-08-26,23.5121,23.5121,23.5121,23.5121,0
2015-08-27,24.087,24.087,24.087,24.087,0
2015-08-28,24.1836,24.1836,24.1836,24.1836,0
2015-08-31,24.014,24.014,24.014,24.014,0
2015-09-01,23.334,23.334,23.334,23.334,0
2015-09-02,23.6851,23.6851,23.6851,23.6851,0
2015-09-03,23.7987,23.7987,23.7987,23.7987,0
2015-09-04,23.5138,23.5138,23.5138,23.5138,0
2015-09-08,24.0836,24.0836,24.0836,24.0836,0
2015-09-09,23.8207,23.8207,23.8207,23.8207,0
2015-09-10,23.8682,23.8682,23.8682,23.8682,0
2015-09-11,24.0056,24.0056,24.0056,24.0056,0
2015-09-14,23.9021,23.9021,23.9021,23.9021,0
2015-09-15,24.1734,24.1734,24.1734,24.1734,0
2015-09-16,24.4024,24.4024,24.4024,24.4024,0
2015-09-17,24.3752,24.3752,24.3752,24.3752,0
2015-09-18,23.9767,23.9767,23.9767,23.9767,0
2015-09-21,24.1039,24.1039,24.1039,24.1039,0
2015-09-22,23.78,23.78,23.78,23.78,0
2015-09-23,23.7207,23.7207,23.7207,23.7207,0
2015-09-24,23.6104,23.6104,23.6104,23.6104,0
2015-09-25,23.5694,23.5694,23.5694,23.5694,0
2015-09-28,22.9753,22.9753,22.9753,22.9753,0
2015-09-29,22.9532,22.9532,22.9532,22.9532,0
2015-09-30,23.2545,23.2545,23.2545,23.2545,0
2015-10-01,23.2034,23.2034,23.2034,23.2034,0
2015-10-02,23.5371,23.5371,23.5371,23.5371,0
2015-10-05,23.9933,23.9933,23.9933,23.9933,0
2015-10-06,23.9065,23.9065,23.9065,23.9065,0
2015-10-07,24.2078,24.2078,24.2078,24.2078,0
2015-10-08,24.4597,24.4597,24.4597,24.4597,0
2015-10-09,24.5108,24.5108,24.5108,24.5108,0
2015-10-12,24.4937,24.4937,24.4937,24.4937,0
2015-10-13,24.2605,24.2605,24.2605,24.2605,0
2015-10-14,24.0852,24.0852,24.0852,24.0852,0
2015-10-15,24.3678,24.3678,24.3678,24.3678,0
2015-10-16,24.3729,24.3729,24.3729,24.3729,0
2015-10-19,24.4444,24.4444,24.4444,24.4444,0
2015-10-20,24.4427,24.4427,24.4427,24.4427,0
2015-10-21,24.1788,24.1788,24.1788,24.1788,0
2015-10-22,24.3542,24.3542,24.3542,24.3542,0
2015-10-23,24.4801,24.4801,24.4801,24.4801,0
2015-10-26,24.4154,24.4154,24.4154,24.4154,0
2015-10-27,24.2197,24.2197,24.2197,24.2197,0
2015-10-28,24.7167,24.7167,24.7167,24.7167,0
2015-10-29,24.5908,24.5908,24.5908,24.5908,0
2015-10-30,24.5482,24.5482,24.5482,24.5482,0
2015-11-02,24.9193,24.9193,24.9193,24.9193,0
2015-11-03,24.9414,24.9414,24.9414,24.9414,0
2015-11-04,24.9057,24.9057,24.9057,24.9057,0
2015-11-05,24.9176,24.9176,24.9176,24.9176,0
2015-11-06,24.887,24.887,24.887,24.887,0
2015-11-09,24.664,24.664,24.664,24.664,0
2015-11-10,24.8036,24.8036,24.8036,24.8036,0
2015-11-11,24.6572,24.6572,24.6572,24.6572,0
2015-11-12,24.1261,24.1261,24.1261,24.1261,0
2015-11-13,23.9167,23.9167,23.9167,23.9167,0
2015-11-16,24.2146,24.2146,24.2146,24.2146,0
2015-11-17,24.138,24.138,24.138,24.138,0
2015-11-18,24.5482,24.5482,24.5482,24.5482,0
2015-11-19,24.5159,24.5159,24.5159,24.5159,0
2015-11-20,24.6401,24.6401,24.6401,24.6401,0
2015-11-23,24.6827,24.6827,24.6827,24.6827,0
2015-11-24,24.8495,24.8495,24.8495,24.8495,0
2015-11-25,24.9329,24.9329,24.9329,24.9329,0
2015-11-27,25.0061,25.0061,25.0061,25.0061,0
2015-11-30,24.8802,24.8802,24.8802,24.8802,0
2015-12-01,25.081,25.081,25.081,25.081,0
2015-12-02,24.7984,24.7984,24.7984,24.7984,0
2015-12-03,24.3848,24.3848,24.3848,24.3848,0
2015-12-04,24.6895,24.6895,24.6895,24.6895,0
2015-12-07,24.4291,24.4291,24.4291,24.4291,0
2015-12-08,24.2776,24.2776,24.2776,24.2776,0
2015-12-09,23.9797,23.9797,23.9797,23.9797,0
2015-12-10,24.0341,24.0341,24.0341,24.0341,0
2015-12-11,23.692,23.692,23.692,23.692,0
2015-12-14,23.5558,23.5558,23.5558,23.5558,0
2015-12-15,23.7975,23.7975,23.7975,23.7975,0
2015-12-16,24.0443,24.0443,24.0443,24.0443,0
2015-12-17,23.7567,23.7567,23.7567,23.7567,0
2015-12-18,23.4179,23.4179,23.4179,23.4179,0
2015-12-21,23.5881,23.5881,23.5881,23.5881,0
2015-12-22,23.8196,23.8196,23.8196,23.8196,0
2015-12-23,24.1226,24.1226,24.1226,24.1226,0
2015-12-24,24.1451,24.1451,24.1451,24.1451,0
2015-12-28,24.1091,24.1091,24.1091,24.1091,0
2015-12-29,24.2939,24.2939,24.2939,24.2939,0
2015-12-30,24.0852,24.0852,24.0852,24.0852,0
2015-12-31,23.832,23.832,23.832,23.832,0
2016-01-04,23.5224,23.5224,23.5224,23.5224,0
2016-01-05,23.5412,23.5412,23.5412,23.5412,0
2016-01-06,23.2111,23.2111,23.2111,23.2111,0
2016-01-07,22.6107,22.6107,22.6107,22.6107,0
2016-01-08,22.3181,22.3181,22.3181,22.3181,0
2016-01-11,22.2446,22.2446,22.2446,22.2446,0
2016-01-12,22.3301,22.3301,22.3301,22.3301,0
2016-01-13,21.7383,21.7383,21.7383,21.7383,0
2016-01-14,21.9931,21.9931,21.9931,21.9931,0
2016-01-15,21.6801,21.6801,21.6801,21.6801,0
2016-01-19,21.5604,21.5604,21.5604,21.5604,0
2016-01-20,21.4098,21.4098,21.4098,21.4098,0
2016-01-21,21.4457,21.4457,21.4457,21.4457,0
2016-01-22,21.976,21.976,21.976,21.976,0
2016-01-25,21.533,21.533,21.533,21.533,0
2016-01-26,22.0068,22.0068,22.0068,22.0068,0
2016-01-27,21.7896,21.7896,21.7896,21.7896,0
2016-01-28,21.8033,21.8033,21.8033,21.8033,0
2016-01-29,22.4995,22.4995,22.4995,22.4995,0
2016-02-01,22.4789,22.4789,22.4789,22.4789,0
2016-02-02,22.0017,22.0017,22.0017,22.0017,0
2016-02-03,22.1573,22.1573,22.1573,22.1573,0
2016-02-04,22.3147,22.3147,22.3147,22.3147,0
2016-02-05,21.8375,21.8375,21.8375,21.8375,0
2016-02-08,21.456,21.456,21.456,21.456,0
2016-02-09,21.403,21.403,21.403,21.403,0
2016-02-10,21.4628,21.4628,21.4628,21.4628,0
2016-02-11,21.1601,21.1601,21.1601,21.1601,0
2016-02-12,21.5569,21.5569,21.5569,21.5569,0
2016-02-16,22.0171,22.0171,22.0171,22.0171,0
2016-02-17,22.3506,22.3506,22.3506,22.3506,0
2016-02-18,22.3199,22.3199,22.3199,22.3199,0
2016-02-19,22.3113,22.3113,22.3113,22.3113,0
2016-02-22,22.5987,22.5987,22.5987,22.5987,0
2016-02-23,22.3985,22.3985,22.3985,22.3985,0
2016-02-24,22.5491,22.5491,22.5491,22.5491,0
2016-02-25,22.8005,22.8005,22.8005,22.8005,0
2016-02-26,22.9134,22.9134,22.9134,22.9134,0
2016-02-29,22.7954,22.7954,22.7954,22.7954,0
2016-03-01,23.3069,23.3069,23.3069,23.3069,0
2016-03-02,23.5173,23.5173,23.5173,23.5173,0
2016-03-03,23.7841,23.7841,23.7841,23.7841,0
2016-03-04,23.9381,23.9381,23.9381,23.9381,0
2016-03-07,24.039,24.039,24.039,24.039,0
2016-03-08,23.5994,23.5994,23.5994,23.5994,0
2016-03-09,23.6952,23.6952,23.6952,23.6952,0
2016-03-10,23.6216,23.6216,23.6216,23.6216,0
2016-03-11,24.0783,24.0783,24.0783,24.0783,0
2016-03-14,23.9911,23.9911,23.9911,23.9911,0
2016-03-15,23.8252,23.8252,23.8252,23.8252,0
2016-03-16,24.0835,24.0835,24.0835,24.0835,0
2016-03-17,24.3298,24.3298,24.3298,24.3298,0
2016-03-18,24.4547,24.4547,24.4547,24.4547,0
2016-03-21,24.4666,24.4666,24.4666,24.4666,0
2016-03-22,24.4769,24.4769,24.4769,24.4769,0
2016-03-23,24.1778,24.1778,24.1778,24.1778,0
2016-03-24,24.1933,24.1933,24.1933,24.1933,0
2016-03-28,24.2808,24.2808,24.2808,24.2808,0
2016-03-29,24.7375,24.7375,24.7375,24.7375,0
2016-03-30,24.729,24.729,24.729,24.729,0
2016-03-31,24.7564,24.7564,24.7564,24.7564,0
2016-04-01,24.8732,24.8732,24.8732,24.8732,0
2016-04-04,24.6311,24.6311,24.6311,24.6311,0
2016-04-05,24.3701,24.3701,24.3701,24.3701,0
2016-04-06,24.6088,24.6088,24.6088,24.6088,0
2016-04-07,24.2963,24.2963,24.2963,24.2963,0
2016-04-08,24.444,24.444,24.444,24.444,0
2016-04-11,24.4096,24.4096,24.4096,24.4096,0
2016-04-12,24.674,24.674,24.674,24.674,0
2016-04-13,25.0844,25.0844,25.0844,25.0844,0
2016-04-14,25.0002,25.0002,25.0002,25.0002,0
2016-04-15,25.1084,25.1084,25.1084,25.1084,0
2016-04-18,25.2028,25.2028,25.2028,25.2028,0
2016-04-19,25.3007,25.3007,25.3007,25.3007,0
2016-04-20,25.3162,25.3162,25.3162,25.3162,0
2016-04-21,25.0964,25.0964,25.0964,25.0964,0
2016-04-22,25.3144,25.3144,25.3144,25.3144,0
2016-04-25,25.1719,25.1719,25.1719,25.1719,0
2016-04-26,25.3883,25.3883,25.3883,25.3883,0
2016-04-27,25.5153,25.5153,25.5153,25.5153,0
2016-04-28,25.1857,25.1857,25.1857,25.1857,0
2016-04-29,25.038,25.038,25.038,25.038,0
2016-05-02,25.2732,25.2732,25.2732,25.2732,0
2016-05-03,24.9247,24.9247,24.9247,24.9247,0
2016-05-04,24.8165,24.8165,24.8165,24.8165,0
2016-05-05,24.7976,24.7976,24.7976,24.7976,0
2016-05-06,24.9007,24.9007,24.9007,24.9007,0
2016-05-09,24.9058,24.9058,24.9058,24.9058,0
2016-05-10,25.2028,25.2028,25.2028,25.2028,0
2016-05-11,24.9539,24.9539,24.9539,24.9539,0
2016-05-12,24.9436,24.9436,24.9436,24.9436,0
2016-05-13,24.6981,24.6981,24.6981,24.6981,0
2016-05-16,24.9607,24.9607,24.9607,24.9607,0
2016-05-17,24.6809,24.6809,24.6809,24.6809,0
2016-05-18,24.6294,24.6294,24.6294,24.6294,0
2016-05-19,24.5435,24.5435,24.5435,24.5435,0
2016-05-20,24.8818,24.8818,24.8818,24.8818,0
2016-05-23,24.8251,24.8251,24.8251,24.8251,0
2016-05-24,25.2578,25.2578,25.2578,25.2578,0
2016-05-25,25.414,25.414,25.414,25.414,0
2016-05-26,25.4157,25.4157,25.4157,25.4157,0
2016-05-27,25.6286,25.6286,25.6286,25.6286,0
2016-05-31,25.6201,25.6201,25.6201,25.6201,0
2016-06-01,25.7196,25.7196,25.7196,25.7196,0
2016-06-02,25.8776,25.8776,25.8776,25.8776,0
2016-06-03,25.7488,25.7488,25.7488,25.7488,0
2016-06-06,25.972,25.972,25.972,25.972,0
2016-06-07,26.0682,26.0682,26.0682,26.0682,0
2016-06-08,26.1866,26.1866,26.1866,26.1866,0
2016-06-09,26.1248,26.1248,26.1248,26.1248,0
2016-06-10,25.7626,25.7626,25.7626,25.7626,0
2016-06-13,25.4741,25.4741,25.4741,25.4741,0
2016-06-14,25.3951,25.3951,25.3951,25.3951,0
2016-06-15,25.4501,25.4501,25.4501,25.4501,0
2016-06-16,25.4157,25.4157,25.4157,25.4157,0
2016-06-17,25.4329,25.4329,25.4329,25.4329,0
2016-06-20,25.6853,25.6853,25.6853,25.6853,0
2016-06-21,25.6932,25.6932,25.6932,25.6932,0
2016-06-22,25.6294,25.6294,25.6294,25.6294,0
2016-06-23,26.107,26.107,26.107,26.107,0
2016-06-24,25.0571,25.0571,25.0571,25.0571,0
2016-06-27,24.3434,24.3434,24.3434,24.3434,0
2016-06-28,24.8175,24.8175,24.8175,24.8175,0
2016-06-29,25.245,25.245,25.245,25.245,0
2016-06-30,25.7536,25.7536,25.7536,25.7536,0
2016-07-01,25.807,25.807,25.807,25.807,0
2016-07-05,25.4932,25.4932,25.4932,25.4932,0
2016-07-06,25.6122,25.6122,25.6122,25.6122,0
2016-07-07,25.676,25.676,25.676,25.676,0
2016-07-08,26.1432,26.1432,26.1432,26.1432,0
2016-07-11,26.3069,26.3069,26.3069,26.3069,0
2016-07-12,26.5655,26.5655,26.5655,26.5655,0
2016-07-13,26.4948,26.4948,26.4948,26.4948,0
2016-07-14,26.5569,26.5569,26.5569,26.5569,0
2016-07-15,26.5569,26.5569,26.5569,26.5569,0
2016-07-18,26.5741,26.5741,26.5741,26.5741,0
2016-07-19,26.5259,26.5259,26.5259,26.5259,0
2016-07-20,26.6672,26.6672,26.6672,26.6672,0
2016-07-21,26.5276,26.5276,26.5276,26.5276,0
2016-07-22,26.7,26.7,26.7,26.7,0
2016-07-25,26.619,26.619,26.619,26.619,0
2016-07-26,26.7483,26.7483,26.7483,26.7483,0
2016-07-27,26.6362,26.6362,26.6362,26.6362,0
2016-07-28,26.7431,26.7431,26.7431,26.7431,0
2016-07-29,26.8207,26.8207,26.8207,26.8207,0
2016-08-01,26.7534,26.7534,26.7534,26.7534,0
2016-08-02,26.4483,26.4483,26.4483,26.4483,0
2016-08-03,26.6138,26.6138,26.6138,26.6138,0
2016-08-04,26.6224,26.6224,26.6224,26.6224,0
2016-08-05,26.8845,26.8845,26.8845,26.8845,0
2016-08-08,26.8982,26.8982,26.8982,26.8982,0
2016-08-09,26.8896,26.8896,26.8896,26.8896,0
2016-08-10,26.7983,26.7983,26.7983,26.7983,0
2016-08-11,26.8551,26.8551,26.8551,26.8551,0
2016-08-12,26.8155,26.8155,26.8155,26.8155,0
2016-08-15,27.0327,27.0327,27.0327,27.0327,0
2016-08-16,26.7621,26.7621,26.7621,26.7621,0
2016-08-17,26.7069,26.7069,26.7069,26.7069,0
2016-08-18,26.8913,26.8913,26.8913,26.8913,0
2016-08-19,26.9103,26.9103,26.9103,26.9103,0
2016-08-22,26.9275,26.9275,26.9275,26.9275,0
2016-08-23,27.0551,27.0551,27.0551,27.0551,0
2016-08-24,26.9017,26.9017,26.9017,26.9017,0
2016-08-25,26.9569,26.9569,26.9569,26.9569,0
2016-08-26,26.862,26.862,26.862,26.862,0
2016-08-29,27.0775,27.0775,27.0775,27.0775,0
2016-08-30,27.0689,27.0689,27.0689,27.0689,0
2016-08-31,26.9534,26.9534,26.9534,26.9534,0
2016-09-01,26.9465,26.9465,26.9465,26.9465,0
2016-09-02,27.2292,27.2292,27.2292,27.2292,0
2016-09-06,27.1672,27.1672,27.1672,27.1672,0
2016-09-07,27.2585,27.2585,27.2585,27.2585,0
2016-09-08,27.1413,27.1413,27.1413,27.1413,0
2016-09-09,26.3414,26.3414,26.3414,26.3414,0
2016-09-12,26.6552,26.6552,26.6552,26.6552,0
2016-09-13,26.1673,26.1673,26.1673,26.1673,0
2016-09-14,26.0949,26.0949,26.0949,26.0949,0
2016-09-15,26.3621,26.3621,26.3621,26.3621,0
2016-09-16,26.2328,26.2328,26.2328,26.2328,0
2016-09-19,26.4293,26.4293,26.4293,26.4293,0
2016-09-20,26.3069,26.3069,26.3069,26.3069,0
2016-09-21,26.6534,26.6534,26.6534,26.6534,0
2016-09-22,26.9724,26.9724,26.9724,26.9724,0
2016-09-23,26.75,26.75,26.75,26.75,0
2016-09-26,26.6147,26.6147,26.6147,26.6147,0
2016-09-27,26.6338,26.6338,26.6338,26.6338,0
2016-09-28,26.8676,26.8676,26.8676,26.8676,0
2016-09-29,26.5818,26.5818,26.5818,26.5818,0
2016-09-30,26.7931,26.7931,26.7931,26.7931,0
2016-10-03,26.5974,26.5974,26.5974,26.5974,0
2016-10-04,26.4744,26.4744,26.4744,26.4744,0
2016-10-05,26.6009,26.6009,26.6009,26.6009,0
2016-10-06,26.6511,26.6511,26.6511,26.6511,0
2016-10-07,26.4866,26.4866,26.4866,26.4866,0
2016-10-10,26.6875,26.6875,26.6875,26.6875,0
2016-10-11,26.258,26.258,26.258,26.258,0
2016-10-12,26.355,26.355,26.355,26.355,0
2016-10-13,26.2476,26.2476,26.2476,26.2476,0
2016-10-14,26.2337,26.2337,26.2337,26.2337,0
2016-10-17,26.2199,26.2199,26.2199,26.2199,0
2016-10-18,26.3723,26.3723,26.3723,26.3723,0
2016-10-19,26.4952,26.4952,26.4952,26.4952,0
2016-10-20,26.3671,26.3671,26.3671,26.3671,0
2016-10-21,26.374,26.374,26.374,26.374,0
2016-10-24,26.49,26.49,26.49,26.49,0
2016-10-25,26.2995,26.2995,26.2995,26.2995,0
2016-10-26,26.1506,26.1506,26.1506,26.1506,0
2016-10-27,25.9359,25.9359,25.9359,25.9359,0
2016-10-28,25.9116,25.9116,25.9116,25.9116,0
2016-10-31,26.0761,26.0761,26.0761,26.0761,0
2016-11-01,25.7973,25.7973,25.7973,25.7973,0
2016-11-02,25.5531,25.5531,25.5531,25.5531,0
2016-11-03,25.5012,25.5012,25.5012,25.5012,0
2016-11-04,25.5618,25.5618,25.5618,25.5618,0
2016-11-07,26.0744,26.0744,26.0744,26.0744,0
2016-11-08,26.1489,26.1489,26.1489,26.1489,0
2016-11-09,26.6355,26.6355,26.6355,26.6355,0
2016-11-10,26.755,26.755,26.755,26.755,0
2016-11-11,27.0286,27.0286,27.0286,27.0286,0
2016-11-14,27.4702,27.4702,27.4702,27.4702,0
2016-11-15,27.588,27.588,27.588,27.588,0
2016-11-16,27.6036,27.6036,27.6036,27.6036,0
2016-11-17,27.7629,27.7629,27.7629,27.7629,0
2016-11-18,27.7837,27.7837,27.7837,27.7837,0
2016-11-21,27.9586,27.9586,27.9586,27.9586,0
2016-11-22,28.1699,28.1699,28.1699,28.1699,0
2016-11-23,28.2963,28.2963,28.2963,28.2963,0
2016-11-25,28.3777,28.3777,28.3777,28.3777,0
2016-11-28,28.1786,28.1786,28.1786,28.1786,0
2016-11-29,28.2392,28.2392,28.2392,28.2392,0
2016-11-30,28.1457,28.1457,28.1457,28.1457,0
2016-12-01,28.092,28.092,28.092,28.092,0
2016-12-02,28.1301,28.1301,28.1301,28.1301,0
2016-12-05,28.4245,28.4245,28.4245,28.4245,0
2016-12-06,28.7189,28.7189,28.7189,28.7189,0
2016-12-07,29.0462,29.0462,29.0462,29.0462,0
2016-12-08,29.3666,29.3666,29.3666,29.3666,0
2016-12-09,29.306,29.306,29.306,29.306,0
2016-12-12,29.1259,29.1259,29.1259,29.1259,0
2016-12-13,29.1848,29.1848,29.1848,29.1848,0
2016-12-14,28.8349,28.8349,28.8349,28.8349,0
2016-12-15,28.9527,28.9527,28.9527,28.9527,0
2016-12-16,28.8903,28.8903,28.8903,28.8903,0
2016-12-19,29.0531,29.0531,29.0531,29.0531,0
2016-12-20,29.2263,29.2263,29.2263,29.2263,0
2016-12-21,29.0986,29.0986,29.0986,29.0986,0
2016-12-22,28.9263,28.9263,28.9263,28.9263,0
2016-12-23,28.9751,28.9751,28.9751,28.9751,0
2016-12-27,29.1038,29.1038,29.1038,29.1038,0
2016-12-28,28.8063,28.8063,28.8063,28.8063,0
2016-12-29,28.8846,28.8846,28.8846,28.8846,0
2016-12-30,28.7697,28.7697,28.7697,28.7697,0
2017-01-03,28.9246,28.9246,28.9246,28.9246,0
2017-01-04,29.3909,29.3909,29.3909,29.3909,0
2017-01-05,29.163,29.163,29.163,29.163,0
2017-01-06,29.1334,29.1334,29.1334,29.1334,0
2017-01-09,28.9403,28.9403,28.9403,28.9403,0
2017-01-10,29.1351,29.1351,29.1351,29.1351,0
2017-01-11,29.2448,29.2448,29.2448,29.2448,0
2017-01-12,29.0864,29.0864,29.0864,29.0864,0
2017-01-13,29.2535,29.2535,29.2535,29.2535,0
2017-01-17,28.982,28.982,28.982,28.982,0
2017-01-18,29.1108,29.1108,29.1108,29.1108,0
2017-01-19,28.902,28.902,28.902,28.902,0
2017-01-20,29.0429,29.0429,29.0429,29.0429,0
2017-01-23,28.9733,28.9733,28.9733,28.9733,0
2017-01-24,29.4066,29.4066,29.4066,29.4066,0
2017-01-25,29.6554,29.6554,29.6554,29.6554,0
2017-01-26,29.5562,29.5562,29.5562,29.5562,0
2017-01-27,29.4083,29.4083,29.4083,29.4083,0
2017-01-30,29.1786,29.1786,29.1786,29.1786,0
2017-01-31,29.2622,29.2622,29.2622,29.2622,0
2017-02-01,29.1804,29.1804,29.1804,29.1804,0
2017-02-02,29.203,29.203,29.203,29.203,0
2017-02-03,29.605,29.605,29.605,29.605,0
2017-02-06,29.4744,29.4744,29.4744,29.4744,0
2017-02-07,29.3735,29.3735,29.3735,29.3735,0
2017-02-08,29.3979,29.3979,29.3979,29.3979,0
2017-02-09,29.6885,29.6885,29.6885,29.6885,0
2017-02-10,29.8416,29.8416,29.8416,29.8416,0
2017-02-13,29.9268,29.9268,29.9268,29.9268,0
2017-02-14,30.0104,30.0104,30.0104,30.0104,0
2017-02-15,30.0991,30.0991,30.0991,30.0991,0
2017-02-16,30.0748,30.0748,30.0748,30.0748,0
2017-02-17,30.0956,30.0956,30.0956,30.0956,0
2017-02-21,30.3479,30.3479,30.3479,30.3479,0
2017-02-22,30.2505,30.2505,30.2505,30.2505,0
2017-02-23,30.1009,30.1009,30.1009,30.1009,0
2017-02-24,30.1391,30.1391,30.1391,30.1391,0
2017-02-27,30.3462,30.3462,30.3462,30.3462,0
2017-02-28,30.0069,30.0069,30.0069,30.0069,0
2017-03-01,30.5219,30.5219,30.5219,30.5219,0
2017-03-02,30.1861,30.1861,30.1861,30.1861,0
2017-03-03,30.1983,30.1983,30.1983,30.1983,0
2017-03-06,30.0156,30.0156,30.0156,30.0156,0
2017-03-07,29.8399,29.8399,29.8399,29.8399,0
2017-03-08,29.6989,29.6989,29.6989,29.6989,0
2017-03-09,29.5806,29.5806,29.5806,29.5806,0
2017-03-10,29.725,29.725,29.725,29.725,0
2017-03-13,29.7737,29.7737,29.7737,29.7737,0
2017-03-14,29.6572,29.6572,29.6572,29.6572,0
2017-03-15,30.0591,30.0591,30.0591,30.0591,0
2017-03-16,30.026,30.026,30.026,30.026,0
2017-03-17,30.0539,30.0539,30.0539,30.0539,0
2017-03-20,29.9321,29.9321,29.9321,29.9321,0
2017-03-21,29.33,29.33,29.33,29.33,0
2017-03-22,29.3909,29.3909,29.3909,29.3909,0
2017-03-23,29.4727,29.4727,29.4727,29.4727,0
2017-03-24,29.4402,29.4402,29.4402,29.4402,0
2017-03-27,29.4018,29.4018,29.4018,29.4018,0
2017-03-28,29.6253,29.6253,29.6253,29.6253,0
2017-03-29,29.7318,29.7318,29.7318,29.7318,0
2017-03-30,29.8766,29.8766,29.8766,29.8766,0
2017-03-31,29.8871,29.8871,29.8871,29.8871,0
2017-04-03,29.7318,29.7318,29.7318,29.7318,0
2017-04-04,29.6776,29.6776,29.6776,29.6776,0
2017-04-05,29.4594,29.4594,29.4594,29.4594,0
2017-04-06,29.7073,29.7073,29.7073,29.7073,0
2017-04-07,29.6794,29.6794,29.6794,29.6794,0
2017-04-10,29.7387,29.7387,29.7387,29.7387,0
2017-04-11,29.922,29.922,29.922,29.922,0
2017-04-12,29.5659,29.5659,29.5659,29.5659,0
2017-04-13,29.2255,29.2255,29.2255,29.2255,0
2017-04-17,29.5729,29.5729,29.5729,29.5729,0
2017-04-18,29.5851,29.5851,29.5851,29.5851,0
2017-04-19,29.6375,29.6375,29.6375,29.6375,0
2017-04-20,29.9307,29.9307,29.9307,29.9307,0
2017-04-21,29.8574,29.8574,29.8574,29.8574,0
2017-04-24,30.2275,30.2275,30.2275,30.2275,0
2017-04-25,30.3951,30.3951,30.3951,30.3951,0
2017-04-26,30.402,30.402,30.402,30.402,0
2017-04-27,30.43,30.43,30.43,30.43,0
2017-04-28,30.1262,30.1262,30.1262,30.1262,0
2017-05-01,30.2345,30.2345,30.2345,30.2345,0
2017-05-02,30.1646,30.1646,30.1646,30.1646,0
2017-05-03,30.0494,30.0494,30.0494,30.0494,0
2017-05-04,30.0058,30.0058,30.0058,30.0058,0
2017-05-05,30.2624,30.2624,30.2624,30.2624,0
2017-05-08,30.1367,30.1367,30.1367,30.1367,0
2017-05-09,30.0704,30.0704,30.0704,30.0704,0
2017-05-10,30.2502,30.2502,30.2502,30.2502,0
2017-05-11,30.0756,30.0756,30.0756,30.0756,0
2017-05-12,29.9325,29.9325,29.9325,29.9325,0
2017-05-15,30.135,30.135,30.135,30.135,0
2017-05-16,30.1158,30.1158,30.1158,30.1158,0
2017-05-17,29.4874,29.4874,29.4874,29.4874,0
2017-05-18,29.524,29.524,29.524,29.524,0
2017-05-19,29.8225,29.8225,29.8225,29.8225,0
2017-05-22,29.9604,29.9604,29.9604,29.9604,0
2017-05-23,30.0198,30.0198,30.0198,30.0198,0
2017-05-24,30.1105,30.1105,30.1105,30.1105,0
2017-05-25,30.1524,30.1524,30.1524,30.1524,0
2017-05-26,30.0791,30.0791,30.0791,30.0791,0
2017-05-30,29.9831,29.9831,29.9831,29.9831,0
2017-05-31,29.9936,29.9936,29.9936,29.9936,0
2017-06-01,30.4701,30.4701,30.4701,30.4701,0
2017-06-02,30.5085,30.5085,30.5085,30.5085,0
2017-06-05,30.3951,30.3951,30.3951,30.3951,0
2017-06-06,30.2903,30.2903,30.2903,30.2903,0
2017-06-07,30.2641,30.2641,30.2641,30.2641,0
2017-06-08,30.5277,30.5277,30.5277,30.5277,0
2017-06-09,30.6394,30.6394,30.6394,30.6394,0
2017-06-12,30.6831,30.6831,30.6831,30.6831,0
2017-06-13,30.8786,30.8786,30.8786,30.8786,0
2017-06-14,30.7267,30.7267,30.7267,30.7267,0
2017-06-15,30.5906,30.5906,30.5906,30.5906,0
2017-06-16,30.5748,30.5748,30.5748,30.5748,0
2017-06-19,30.7721,30.7721,30.7721,30.7721,0
2017-06-20,30.4369,30.4369,30.4369,30.4369,0
2017-06-21,30.2519,30.2519,30.2519,30.2519,0
2017-06-22,30.2973,30.2973,30.2973,30.2973,0
2017-06-23,30.416,30.416,30.416,30.416,0
2017-06-26,30.5364,30.5364,30.5364,30.5364,0
2017-06-27,30.2828,30.2828,30.2828,30.2828,0
2017-06-28,30.6261,30.6261,30.6261,30.6261,0
2017-06-29,30.4387,30.4387,30.4387,30.4387,0
2017-06-30,30.4685,30.4685,30.4685,30.4685,0
2017-07-03,30.6734,30.6734,30.6734,30.6734,0
2017-07-05,30.5736,30.5736,30.5736,30.5736,0
2017-07-06,30.1882,30.1882,30.1882,30.1882,0
2017-07-07,30.4965,30.4965,30.4965,30.4965,0
2017-07-10,30.4334,30.4334,30.4334,30.4334,0
2017-07-11,30.4685,30.4685,30.4685,30.4685,0
2017-07-12,30.6699,30.6699,30.6699,30.6699,0
2017-07-13,30.7014,30.7014,30.7014,30.7014,0
2017-07-14,30.81,30.81,30.81,30.81,0
2017-07-17,30.8643,30.8643,30.8643,30.8643,0
2017-07-18,30.7715,30.7715,30.7715,30.7715,0
2017-07-19,31.0798,31.0798,31.0798,31.0798,0
2017-07-20,31.0588,31.0588,31.0588,31.0588,0
2017-07-21,30.9712,30.9712,30.9712,30.9712,0
2017-07-24,31.0307,31.0307,31.0307,31.0307,0
2017-07-25,31.3092,31.3092,31.3092,31.3092,0
2017-07-26,31.0255,31.0255,31.0255,31.0255,0
2017-07-27,30.9344,30.9344,30.9344,30.9344,0
2017-07-28,30.7768,30.7768,30.7768,30.7768,0
2017-07-31,30.7382,30.7382,30.7382,30.7382,0
2017-08-01,30.817,30.817,30.817,30.817,0
2017-08-02,30.6016,30.6016,30.6016,30.6016,0
2017-08-03,30.5035,30.5035,30.5035,30.5035,0
2017-08-04,30.5946,30.5946,30.5946,30.5946,0
2017-08-07,30.5893,30.5893,30.5893,30.5893,0
2017-08-08,30.5245,30.5245,30.5245,30.5245,0
2017-08-09,30.3161,30.3161,30.3161,30.3161,0
2017-08-10,29.8309,29.8309,29.8309,29.8309,0
2017-08-11,29.8975,29.8975,29.8975,29.8975,0
2017-08-14,30.239,30.239,30.239,30.239,0
2017-08-15,30.0796,30.0796,30.0796,30.0796,0
2017-08-16,30.1567,30.1567,30.1567,30.1567,0
2017-08-17,29.6312,29.6312,29.6312,29.6312,0
2017-08-18,29.5717,29.5717,29.5717,29.5717,0
2017-08-21,29.5787,29.5787,29.5787,29.5787,0
2017-08-22,29.8397,29.8397,29.8397,29.8397,0
2017-08-23,29.7679,29.7679,29.7679,29.7679,0
2017-08-24,29.7398,29.7398,29.7398,29.7398,0
2017-08-25,29.8887,29.8887,29.8887,29.8887,0
2017-08-28,29.8659,29.8659,29.8659,29.8659,0
2017-08-29,29.8432,29.8432,29.8432,29.8432,0
2017-08-30,30.0341,30.0341,30.0341,30.0341,0
2017-08-31,30.2688,30.2688,30.2688,30.2688,0
2017-09-01,30.3862,30.3862,30.3862,30.3862,0
2017-09-05,30.0569,30.0569,30.0569,30.0569,0
2017-09-06,30.0937,30.0937,30.0937,30.0937,0
2017-09-07,29.9868,29.9868,29.9868,29.9868,0
2017-09-08,30.0761,30.0761,30.0761,30.0761,0
2017-09-11,30.444,30.444,30.444,30.444,0
2017-09-12,30.6454,30.6454,30.6454,30.6454,0
2017-09-13,30.6121,30.6121,30.6121,30.6121,0
2017-09-14,30.5981,30.5981,30.5981,30.5981,0
2017-09-15,30.6944,30.6944,30.6944,30.6944,0
2017-09-18,30.8433,30.8433,30.8433,30.8433,0
2017-09-19,30.8398,30.8398,30.8398,30.8398,0
2017-09-20,30.9449,30.9449,30.9449,30.9449,0
2017-09-21,30.8784,30.8784,30.8784,30.8784,0
2017-09-22,30.9677,30.9677,30.9677,30.9677,0
2017-09-25,31.0342,31.0342,31.0342,31.0342,0
2017-09-26,31.0683,31.0683,31.0683,31.0683,0
2017-09-27,31.3637,31.3637,31.3637,31.3637,0
2017-09-28,31.4305,31.4305,31.4305,31.4305,0
2017-09-29,31.448,31.448,31.448,31.448,0
2017-10-02,31.7434,31.7434,31.7434,31.7434,0
2017-10-03,31.8137,31.8137,31.8137,31.8137,0
2017-10-04,31.8031,31.8031,31.8031,31.8031,0
2017-10-05,31.8928,31.8928,31.8928,31.8928,0
2017-10-06,31.8752,31.8752,31.8752,31.8752,0
2017-10-09,31.7697,31.7697,31.7697,31.7697,0
2017-10-10,31.8682,31.8682,31.8682,31.8682,0
2017-10-11,31.8893,31.8893,31.8893,31.8893,0
2017-10-12,31.9033,31.9033,31.9033,31.9033,0
2017-10-13,31.884,31.884,31.884,31.884,0
2017-10-16,31.8857,31.8857,31.8857,31.8857,0
2017-10-17,31.8313,31.8313,31.8313,31.8313,0
2017-10-18,31.9385,31.9385,31.9385,31.9385,0
2017-10-19,31.9719,31.9719,31.9719,31.9719,0
2017-10-20,32.1617,32.1617,32.1617,32.1617,0
2017-10-23,31.9947,31.9947,31.9947,31.9947,0
2017-10-24,32.1125,32.1125,32.1125,32.1125,0
2017-10-25,31.9174,31.9174,31.9174,31.9174,0
2017-10-26,32.0756,32.0756,32.0756,32.0756,0
2017-10-27,32.2303,32.2303,32.2303,32.2303,0
2017-10-30,32.0,32.0,32.0,32.0,0
2017-10-31,32.1617,32.1617,32.1617,32.1617,0
2017-11-01,32.0861,32.0861,32.0861,32.0861,0
2017-11-02,32.1002,32.1002,32.1002,32.1002,0
2017-11-03,32.1951,32.1951,32.1951,32.1951,0
2017-11-06,32.3146,32.3146,32.3146,32.3146,0
2017-11-07,32.1107,32.1107,32.1107,32.1107,0
2017-11-08,32.1969,32.1969,32.1969,32.1969,0
2017-11-09,32.0299,32.0299,32.0299,32.0299,0
2017-11-10,32.0246,32.0246,32.0246,32.0246,0
2017-11-13,32.0967,32.0967,32.0967,32.0967,0
2017-11-14,32.058,32.058,32.058,32.058,0
2017-11-15,31.9104,31.9104,31.9104,31.9104,0
2017-11-16,32.2233,32.2233,32.2233,32.2233,0
2017-11-17,32.3111,32.3111,32.3111,32.3111,0
2017-11-20,32.4272,32.4272,32.4272,32.4272,0
2017-11-21,32.6346,32.6346,32.6346,32.6346,0
2017-11-22,32.6153,32.6153,32.6153,32.6153,0
2017-11-24,32.6293,32.6293,32.6293,32.6293,0
2017-11-27,32.5748,32.5748,32.5748,32.5748,0
2017-11-28,33.0213,33.0213,33.0213,33.0213,0
2017-11-29,33.1637,33.1637,33.1637,33.1637,0
2017-11-30,33.3606,33.3606,33.3606,33.3606,0
2017-12-01,33.2832,33.2832,33.2832,33.2832,0
2017-12-04,33.2692,33.2692,33.2692,33.2692,0
2017-12-05,33.002,33.002,33.002,33.002,0
2017-12-06,32.8701,32.8701,32.8701,32.8701,0
2017-12-07,33.1004,33.1004,33.1004,33.1004,0
2017-12-08,33.2199,33.2199,33.2199,33.2199,0
2017-12-11,33.183,33.183,33.183,33.183,0
2017-12-12,33.1004,33.1004,33.1004,33.1004,0
2017-12-13,33.1145,33.1145,33.1145,33.1145,0
2017-12-14,32.8332,32.8332,32.8332,32.8332,0
2017-12-15,33.1602,33.1602,33.1602,33.1602,0
2017-12-18,33.503,33.503,33.503,33.503,0
2017-12-19,33.3537,33.3537,33.3537,33.3537,0
2017-12-20,33.4171,33.4171,33.4171,33.4171,0
2017-12-21,33.4982,33.4982,33.4982,33.4982,0
2017-12-22,33.4929,33.4929,33.4929,33.4929,0
2017-12-26,33.5123,33.5123,33.5123,33.5123,0
2017-12-27,33.5035,33.5035,33.5035,33.5035,0
2017-12-28,33.6145,33.6145,33.6145,33.6145,0
2017-12-29,33.4471,33.4471,33.4471,33.4471,0
2018-01-02,33.7626,33.7626,33.7626,33.7626,0
2018-01-03,33.8242,33.8242,33.8242,33.8242,0
2018-01-04,33.9212,33.9212,33.9212,33.9212,0
2018-01-05,34.0534,34.0534,34.0534,34.0534,0
2018-01-08,34.2226,34.2226,34.2226,34.2226,0
2018-01-09,34.1767,34.1767,34.1767,34.1767,0
2018-01-10,34.0146,34.0146,34.0146,34.0146,0
2018-01-11,34.4993,34.4993,34.4993,34.4993,0
2018-01-12,34.598,34.598,34.598,34.598,0
2018-01-16,34.3371,34.3371,34.3371,34.3371,0
2018-01-17,34.598,34.598,34.598,34.598,0
2018-01-18,34.4587,34.4587,34.4587,34.4587,0
2018-01-19,34.8306,34.8306,34.8306,34.8306,0
2018-01-22,35.0033,35.0033,35.0033,35.0033,0
2018-01-23,35.0791,35.0791,35.0791,35.0791,0
2018-01-24,34.9857,34.9857,34.9857,34.9857,0
2018-01-25,34.9593,34.9593,34.9593,34.9593,0
2018-01-26,35.1091,35.1091,35.1091,35.1091,0
2018-01-29,34.8218,34.8218,34.8218,34.8218,0
2018-01-30,34.4587,34.4587,34.4587,34.4587,0
2018-01-31,34.3741,34.3741,34.3741,34.3741,0
2018-02-01,34.4393,34.4393,34.4393,34.4393,0
2018-02-02,33.7485,33.7485,33.7485,33.7485,0
2018-02-05,32.5077,32.5077,32.5077,32.5077,0
2018-02-06,32.8056,32.8056,32.8056,32.8056,0
2018-02-07,32.795,32.795,32.795,32.795,0
2018-02-08,31.7041,31.7041,31.7041,31.7041,0
2018-02-09,32.0759,32.0759,32.0759,32.0759,0
2018-02-12,32.3738,32.3738,32.3738,32.3738,0
2018-02-13,32.4654,32.4654,32.4654,32.4654,0
2018-02-14,33.084,33.084,33.084,33.084,0
2018-02-15,33.4224,33.4224,33.4224,33.4224,0
2018-02-16,33.4982,33.4982,33.4982,33.4982,0
2018-02-20,33.2603,33.2603,33.2603,33.2603,0
2018-02-21,33.1845,33.1845,33.1845,33.1845,0
2018-02-22,33.1387,33.1387,33.1387,33.1387,0
2018-02-23,33.5599,33.5599,33.5599,33.5599,0
2018-02-26,33.745,33.745,33.745,33.745,0
2018-02-27,33.2656,33.2656,33.2656,33.2656,0
2018-02-28,32.862,32.862,32.862,32.862,0
2018-03-01,32.7668,32.7668,32.7668,32.7668,0
2018-03-02,33.1052,33.1052,33.1052,33.1052,0
2018-03-05,33.4489,33.4489,33.4489,33.4489,0
2018-03-06,33.8049,33.8049,33.8049,33.8049,0
2018-03-07,33.8912,33.8912,33.8912,33.8912,0
2018-03-08,33.826,33.826,33.826,33.826,0
2018-03-09,34.3812,34.3812,34.3812,34.3812,0
2018-03-12,34.4182,34.4182,34.4182,34.4182,0
2018-03-13,34.2226,34.2226,34.2226,34.2226,0
2018-03-14,34.0516,34.0516,34.0516,34.0516,0
2018-03-15,33.9265,33.9265,33.9265,33.9265,0
2018-03-16,34.138,34.138,34.138,34.138,0
2018-03-19,33.8296,33.8296,33.8296,33.8296,0
2018-03-20,33.8595,33.8595,33.8595,33.8595,0
2018-03-21,33.9582,33.9582,33.9582,33.9582,0
2018-03-22,33.1109,33.1109,33.1109,33.1109,0
2018-03-23,32.4494,32.4494,32.4494,32.4494,0
2018-03-26,33.1711,33.1711,33.1711,33.1711,0
2018-03-27,32.6634,32.6634,32.6634,32.6634,0
2018-03-28,32.7271,32.7271,32.7271,32.7271,0
2018-03-29,33.1781,33.1781,33.1781,33.1781,0
2018-04-02,32.3999,32.3999,32.3999,32.3999,0
2018-04-03,32.8474,32.8474,32.8474,32.8474,0
2018-04-04,33.1375,33.1375,33.1375,33.1375,0
2018-04-05,33.3886,33.3886,33.3886,33.3886,0
2018-04-06,32.7253,32.7253,32.7253,32.7253,0
2018-04-09,32.7448,32.7448,32.7448,32.7448,0
2018-04-10,33.2684,33.2684,33.2684,33.2684,0
2018-04-11,33.2277,33.2277,33.2277,33.2277,0
2018-04-12,33.3709,33.3709,33.3709,33.3709,0
2018-04-13,33.2631,33.2631,33.2631,33.2631,0
2018-04-16,33.6062,33.6062,33.6062,33.6062,0
2018-04-17,33.8609,33.8609,33.8609,33.8609,0
2018-04-18,33.9582,33.9582,33.9582,33.9582,0
2018-04-19,33.7919,33.7919,33.7919,33.7919,0
2018-04-20,33.5814,33.5814,33.5814,33.5814,0
2018-04-23,33.5744,33.5744,33.5744,33.5744,0
2018-04-24,33.3303,33.3303,33.3303,33.3303,0
2018-04-25,33.355,33.355,33.355,33.355,0
2018-04-26,33.4806,33.4806,33.4806,33.4806,0
2018-04-27,33.4258,33.4258,33.4258,33.4258,0
2018-04-30,33.0702,33.0702,33.0702,33.0702,0
2018-05-01,33.1976,33.1976,33.1976,33.1976,0
2018-05-02,33.1375,33.1375,33.1375,33.1375,0
2018-05-03,33.0862,33.0862,33.0862,33.0862,0
2018-05-04,33.5319,33.5319,33.5319,33.5319,0
2018-05-07,33.7177,33.7177,33.7177,33.7177,0
2018-05-08,33.8238,33.8238,33.8238,33.8238,0
2018-05-09,33.9953,33.9953,33.9953,33.9953,0
2018-05-10,34.2518,34.2518,34.2518,34.2518,0
2018-05-11,34.2801,34.2801,34.2801,34.2801,0
2018-05-14,34.2412,34.2412,34.2412,34.2412,0
2018-05-15,34.1422,34.1422,34.1422,34.1422,0
2018-05-16,34.3827,34.3827,34.3827,34.3827,0
2018-05-17,34.4535,34.4535,34.4535,34.4535,0
2018-05-18,34.3827,34.3827,34.3827,34.3827,0
2018-05-21,34.717,34.717,34.717,34.717,0
2018-05-22,34.4782,34.4782,34.4782,34.4782,0
2018-05-23,34.5065,34.5065,34.5065,34.5065,0
2018-05-24,34.5366,34.5366,34.5366,34.5366,0
2018-05-25,34.4411,34.4411,34.4411,34.4411,0
2018-05-29,34.3084,34.3084,34.3084,34.3084,0
2018-05-30,34.8409,34.8409,34.8409,34.8409,0
2018-05-31,34.4517,34.4517,34.4517,34.4517,0
2018-06-01,34.6516,34.6516,34.6516,34.6516,0
2018-06-04,34.8479,34.8479,34.8479,34.8479,0
2018-06-05,34.9311,34.9311,34.9311,34.9311,0
2018-06-06,35.2265,35.2265,35.2265,35.2265,0
2018-06-07,35.2424,35.2424,35.2424,35.2424,0
2018-06-08,35.4334,35.4334,35.4334,35.4334,0
2018-06-11,35.4387,35.4387,35.4387,35.4387,0
2018-06-12,35.49,35.49,35.49,35.49,0
2018-06-13,35.276,35.276,35.276,35.276,0
2018-06-14,35.3591,35.3591,35.3591,35.3591,0
2018-06-15,35.2795,35.2795,35.2795,35.2795,0
2018-06-18,35.345,35.345,35.345,35.345,0
2018-06-19,35.2919,35.2919,35.2919,35.2919,0
2018-06-20,35.467,35.467,35.467,35.467,0
2018-06-21,35.2212,35.2212,35.2212,35.2212,0
2018-06-22,35.2459,35.2459,35.2459,35.2459,0
2018-06-25,34.7347,34.7347,34.7347,34.7347,0
2018-06-26,34.7948,34.7948,34.7948,34.7948,0
2018-06-27,34.4146,34.4146,34.4146,34.4146,0
2018-06-28,34.5638,34.5638,34.5638,34.5638,0
2018-06-29,34.6029,34.6029,34.6029,34.6029,0
2018-07-02,34.6171,34.6171,34.6171,34.6171,0
2018-07-03,34.7059,34.7059,34.7059,34.7059,0
2018-07-05,35.0115,35.0115,35.0115,35.0115,0
2018-07-06,35.2673,35.2673,35.2673,35.2673,0
2018-07-09,35.6173,35.6173,35.6173,35.6173,0
2018-07-10,35.6066,35.6066,35.6066,35.6066,0
2018-07-11,35.3029,35.3029,35.3029,35.3029,0
2018-07-12,35.4094,35.4094,35.4094,35.4094,0
2018-07-13,35.3952,35.3952,35.3952,35.3952,0
2018-07-16,35.214,35.214,35.214,35.214,0
2018-07-17,35.3704,35.3704,35.3704,35.3704,0
2018-07-18,35.4911,35.4911,35.4911,35.4911,0
2018-07-19,35.6421,35.6421,35.6421,35.6421,0
2018-07-20,35.4219,35.4219,35.4219,35.4219,0
2018-07-23,35.4343,35.4343,35.4343,35.4343,0
2018-07-24,35.1678,35.1678,35.1678,35.1678,0
2018-07-25,35.2691,35.2691,35.2691,35.2691,0
2018-07-26,35.4308,35.4308,35.4308,35.4308,0
2018-07-27,35.0346,35.0346,35.0346,35.0346,0
2018-07-30,34.8818,34.8818,34.8818,34.8818,0
2018-07-31,35.1927,35.1927,35.1927,35.1927,0
2018-08-01,35.0968,35.0968,35.0968,35.0968,0
2018-08-02,35.3828,35.3828,35.3828,35.3828,0
2018-08-03,35.4858,35.4858,35.4858,35.4858,0
2018-08-06,35.6581,35.6581,35.6581,35.6581,0
2018-08-07,35.7417,35.7417,35.7417,35.7417,0
2018-08-08,35.6564,35.6564,35.6564,35.6564,0
2018-08-09,35.6155,35.6155,35.6155,35.6155,0
2018-08-10,35.4148,35.4148,35.4148,35.4148,0
2018-08-13,35.23,35.23,35.23,35.23,0
2018-08-14,35.5551,35.5551,35.5551,35.5551,0
2018-08-15,35.23,35.23,35.23,35.23,0
2018-08-16,35.5107,35.5107,35.5107,35.5107,0
2018-08-17,35.6937,35.6937,35.6937,35.6937,0
2018-08-20,35.8287,35.8287,35.8287,35.8287,0
2018-08-21,36.1165,36.1165,36.1165,36.1165,0
2018-08-22,36.1112,36.1112,36.1112,36.1112,0
2018-08-23,35.9868,35.9868,35.9868,35.9868,0
2018-08-24,36.1218,36.1218,36.1218,36.1218,0
2018-08-27,36.2924,36.2924,36.2924,36.2924,0
2018-08-28,36.2906,36.2906,36.2906,36.2906,0
2018-08-29,36.415,36.415,36.415,36.415,0
2018-08-30,36.2266,36.2266,36.2266,36.2266,0
2018-08-31,36.303,36.303,36.303,36.303,0
2018-09-04,36.2355,36.2355,36.2355,36.2355,0
2018-09-05,36.2142,36.2142,36.2142,36.2142,0
2018-09-06,36.097,36.097,36.097,36.097,0
2018-09-07,36.0206,36.0206,36.0206,36.0206,0
2018-09-10,36.0987,36.0987,36.0987,36.0987,0
2018-09-11,36.152,36.152,36.152,36.152,0
2018-09-12,36.1787,36.1787,36.1787,36.1787,0
2018-09-13,36.2586,36.2586,36.2586,36.2586,0
2018-09-14,36.3954,36.3954,36.3954,36.3954,0
2018-09-17,36.0508,36.0508,36.0508,36.0508,0
2018-09-18,36.2053,36.2053,36.2053,36.2053,0
2018-09-19,36.0881,36.0881,36.0881,36.0881,0
2018-09-20,36.3563,36.3563,36.3563,36.3563,0
2018-09-21,36.2551,36.2551,36.2551,36.2551,0
2018-09-24,36.1272,36.1272,36.1272,36.1272,0
2018-09-25,36.1041,36.1041,36.1041,36.1041,0
2018-09-26,35.7726,35.7726,35.7726,35.7726,0
2018-09-27,35.7994,35.7994,35.7994,35.7994,0
2018-09-28,35.9082,35.9082,35.9082,35.9082,0
2018-10-01,35.6353,35.6353,35.6353,35.6353,0
2018-10-02,35.4907,35.4907,35.4907,35.4907,0
2018-10-03,35.6335,35.6335,35.6335,35.6335,0
2018-10-04,35.2481,35.2481,35.2481,35.2481,0
2018-10-05,34.993,34.993,34.993,34.993,0
2018-10-08,34.993,34.993,34.993,34.993,0
2018-10-09,34.7968,34.7968,34.7968,34.7968,0
2018-10-10,33.8924,33.8924,33.8924,33.8924,0
2018-10-11,33.1931,33.1931,33.1931,33.1931,0
2018-10-12,33.2644,33.2644,33.2644,33.2644,0
2018-10-15,33.4089,33.4089,33.4089,33.4089,0
2018-10-16,34.1189,34.1189,34.1189,34.1189,0
2018-10-17,34.0351,34.0351,34.0351,34.0351,0
2018-10-18,33.5267,33.5267,33.5267,33.5267,0
2018-10-19,33.309,33.309,33.309,33.309,0
2018-10-22,33.136,33.136,33.136,33.136,0
2018-10-23,32.8113,32.8113,32.8113,32.8113,0
2018-10-24,31.8088,31.8088,31.8088,31.8088,0
2018-10-25,32.2815,32.2815,32.2815,32.2815,0
2018-10-26,31.9301,31.9301,31.9301,31.9301,0
2018-10-29,31.8016,31.8016,31.8016,31.8016,0
2018-10-30,32.3653,32.3653,32.3653,32.3653,0
2018-10-31,32.4759,32.4759,32.4759,32.4759,0
2018-11-01,33.12,33.12,33.12,33.12,0
2018-11-02,33.1521,33.1521,33.1521,33.1521,0
2018-11-05,33.3037,33.3037,33.3037,33.3037,0
2018-11-06,33.4964,33.4964,33.4964,33.4964,0
2018-11-07,34.0101,34.0101,34.0101,34.0101,0
2018-11-08,33.8745,33.8745,33.8745,33.8745,0
2018-11-09,33.5142,33.5142,33.5142,33.5142,0
2018-11-12,32.9808,32.9808,32.9808,32.9808,0
2018-11-13,32.9969,32.9969,32.9969,32.9969,0
2018-11-14,32.8042,32.8042,32.8042,32.8042,0
2018-11-15,33.1931,33.1931,33.1931,33.1931,0
2018-11-16,33.2163,33.2163,33.2163,33.2163,0
2018-11-19,32.7703,32.7703,32.7703,32.7703,0
2018-11-20,32.2119,32.2119,32.2119,32.2119,0
2018-11-21,32.5598,32.5598,32.5598,32.5598,0
2018-11-23,32.5152,32.5152,32.5152,32.5152,0
2018-11-26,32.9273,32.9273,32.9273,32.9273,0
2018-11-27,32.6615,32.6615,32.6615,32.6615,0
2018-11-28,33.3108,33.3108,33.3108,33.3108,0
2018-11-29,33.2751,33.2751,33.2751,33.2751,0
2018-11-30,33.4999,33.4999,33.4999,33.4999,0
2018-12-03,33.7925,33.7925,33.7925,33.7925,0
2018-12-04,32.583,32.583,32.583,32.583,0
2018-12-06,32.4082,32.4082,32.4082,32.4082,0
2018-12-07,31.741,31.741,31.741,31.741,0
2018-12-10,31.543,31.543,31.543,31.543,0
2018-12-11,31.4431,31.4431,31.4431,31.4431,0
2018-12-12,31.6892,31.6892,31.6892,31.6892,0
2018-12-13,31.3646,31.3646,31.3646,31.3646,0
2018-12-14,30.924,30.924,30.924,30.924,0
2018-12-17,30.2452,30.2452,30.2452,30.2452,0
2018-12-18,30.2398,30.2398,30.2398,30.2398,0
2018-12-19,29.7139,29.7139,29.7139,29.7139,0
2018-12-20,29.3526,29.3526,29.3526,29.3526,0
2018-12-21,28.7462,28.7462,28.7462,28.7462,0
2018-12-24,27.9896,27.9896,27.9896,27.9896,0
2018-12-26,29.2488,29.2488,29.2488,29.2488,0
2018-12-27,29.4152,29.4152,29.4152,29.4152,0
2018-12-28,29.3901,29.3901,29.3901,29.3901,0
2018-12-31,29.7032,29.7032,29.7032,29.7032,0
2019-01-02,29.6066,29.6066,29.6066,29.6066,0
2019-01-03,29.1254,29.1254,29.1254,29.1254,0
2019-01-04,30.0895,30.0895,30.0895,30.0895,0
2019-01-07,30.4169,30.4169,30.4169,30.4169,0
2019-01-08,30.9248,30.9248,30.9248,30.9248,0
2019-01-09,31.2272,31.2272,31.2272,31.2272,0
2019-01-10,31.4668,31.4668,31.4668,31.4668,0
2019-01-11,31.4919,31.4919,31.4919,31.4919,0
2019-01-14,31.3041,31.3041,31.3041,31.3041,0
2019-01-15,31.4954,31.4954,31.4954,31.4954,0
2019-01-16,31.7172,31.7172,31.7172,31.7172,0
2019-01-17,32.0464,32.0464,32.0464,32.0464,0
2019-01-18,32.456,32.456,32.456,32.456,0
2019-01-22,31.9784,31.9784,31.9784,31.9784,0
2019-01-23,31.9301,31.9301,31.9301,31.9301,0
2019-01-24,32.143,32.143,32.143,32.143,0
2019-01-25,32.4935,32.4935,32.4935,32.4935,0
2019-01-28,32.4524,32.4524,32.4524,32.4524,0
2019-01-29,32.4542,32.4542,32.4542,32.4542,0
2019-01-30,32.6474,32.6474,32.6474,32.6474,0
2019-01-31,32.7601,32.7601,32.7601,32.7601,0
2019-02-01,32.871,32.871,32.871,32.871,0
2019-02-04,33.2037,33.2037,33.2037,33.2037,0
2019-02-05,33.3271,33.3271,33.3271,33.3271,0
2019-02-06,33.311,33.311,33.311,33.311,0
2019-02-07,33.15,33.15,33.15,33.15,0
2019-02-08,33.125,33.125,33.125,33.125,0
2019-02-11,33.3378,33.3378,33.3378,33.3378,0
2019-02-12,33.6848,33.6848,33.6848,33.6848,0
2019-02-13,33.8583,33.8583,33.8583,33.8583,0
2019-02-14,33.844,33.844,33.844,33.844,0
2019-02-15,34.2483,34.2483,34.2483,34.2483,0
2019-02-19,34.2948,34.2948,34.2948,34.2948,0
2019-02-20,34.4343,34.4343,34.4343,34.4343,0
2019-02-21,34.327,34.327,34.327,34.327,0
2019-02-22,34.5881,34.5881,34.5881,34.5881,0
2019-02-25,34.5935,34.5935,34.5935,34.5935,0
2019-02-26,34.2966,34.2966,34.2966,34.2966,0
2019-02-27,34.3377,34.3377,34.3377,34.3377,0
2019-02-28,34.1928,34.1928,34.1928,34.1928,0
2019-03-01,34.4558,34.4558,34.4558,34.4558,0
2019-03-04,34.293,34.293,34.293,34.293,0
2019-03-05,34.1499,34.1499,34.1499,34.1499,0
2019-03-06,33.683,33.683,33.683,33.683,0
2019-03-07,33.3986,33.3986,33.3986,33.3986,0
2019-03-08,33.311,33.311,33.311,33.311,0
2019-03-11,33.76,33.76,33.76,33.76,0
2019-03-12,33.8154,33.8154,33.8154,33.8154,0
2019-03-13,33.946,33.946,33.946,33.946,0
2019-03-14,33.9084,33.9084,33.9084,33.9084,0
2019-03-15,33.937,33.937,33.937,33.937,0
2019-03-18,34.2071,34.2071,34.2071,34.2071,0
2019-03-19,34.0265,34.0265,34.0265,34.0265,0
2019-03-20,33.7448,33.7448,33.7448,33.7448,0
2019-03-21,34.2008,34.2008,34.2008,34.2008,0
2019-03-22,33.2206,33.2206,33.2206,33.2206,0
2019-03-25,33.2888,33.2888,33.2888,33.2888,0
2019-03-26,33.6227,33.6227,33.6227,33.6227,0
2019-03-27,33.5994,33.5994,33.5994,33.5994,0
2019-03-28,33.8848,33.8848,33.8848,33.8848,0
2019-03-29,34.0033,34.0033,34.0033,34.0033,0
2019-04-01,34.4647,34.4647,34.4647,34.4647,0
2019-04-02,34.3318,34.3318,34.3318,34.3318,0
2019-04-03,34.5042,34.5042,34.5042,34.5042,0
2019-04-04,34.6873,34.6873,34.6873,34.6873,0
2019-04-05,34.953,34.953,34.953,34.953,0
2019-04-08,34.953,34.953,34.953,34.953,0
2019-04-09,34.5706,34.5706,34.5706,34.5706,0
2019-04-10,34.8776,34.8776,34.8776,34.8776,0
2019-04-11,34.9817,34.9817,34.9817,34.9817,0
2019-04-12,35.2546,35.2546,35.2546,35.2546,0
2019-04-15,35.1936,35.1936,35.1936,35.1936,0
2019-04-16,35.2133,35.2133,35.2133,35.2133,0
2019-04-17,34.962,34.962,34.962,34.962,0
2019-04-18,35.0302,35.0302,35.0302,35.0302,0
2019-04-22,34.9189,34.9189,34.9189,34.9189,0
2019-04-23,35.3552,35.3552,35.3552,35.3552,0
2019-04-24,35.4683,35.4683,35.4683,35.4683,0
2019-04-25,35.05,35.05,35.05,35.05,0
2019-04-26,35.3947,35.3947,35.3947,35.3947,0
2019-04-29,35.4108,35.4108,35.4108,35.4108,0
2019-04-30,35.348,35.348,35.348,35.348,0
2019-05-01,34.9512,34.9512,34.9512,34.9512,0
2019-05-02,35.041,35.041,35.041,35.041,0
2019-05-03,35.5473,35.5473,35.5473,35.5473,0
2019-05-06,35.4934,35.4934,35.4934,35.4934,0
2019-05-07,34.7843,34.7843,34.7843,34.7843,0
2019-05-08,34.6855,34.6855,34.6855,34.6855,0
2019-05-09,34.585,34.585,34.585,34.585,0
2019-05-10,34.6999,34.6999,34.6999,34.6999,0
2019-05-13,33.6855,33.6855,33.6855,33.6855,0
2019-05-14,34.0248,34.0248,34.0248,34.0248,0
2019-05-15,34.1146,34.1146,34.1146,34.1146,0
2019-05-16,34.3175,34.3175,34.3175,34.3175,0
2019-05-17,33.9369,33.9369,33.9369,33.9369,0
2019-05-20,33.6819,33.6819,33.6819,33.6819,0
2019-05-21,34.1218,34.1218,34.1218,34.1218,0
2019-05-22,33.8471,33.8471,33.8471,33.8471,0
2019-05-23,33.2834,33.2834,33.2834,33.2834,0
2019-05-24,33.4719,33.4719,33.4719,33.4719,0
2019-05-28,33.1128,33.1128,33.1128,33.1128,0
2019-05-29,32.9118,32.9118,32.9118,32.9118,0
2019-05-30,32.8525,32.8525,32.8525,32.8525,0
2019-05-31,32.5204,32.5204,32.5204,32.5204,0
2019-06-03,32.734,32.734,32.734,32.734,0
2019-06-04,33.5724,33.5724,33.5724,33.5724,0
2019-06-05,33.6909,33.6909,33.6909,33.6909,0
2019-06-06,33.8363,33.8363,33.8363,33.8363,0
2019-06-07,34.0015,34.0015,34.0015,34.0015,0
2019-06-10,34.1846,34.1846,34.1846,34.1846,0
2019-06-11,34.2151,34.2151,34.2151,34.2151,0
2019-06-12,34.19,34.19,34.19,34.19,0
2019-06-13,34.409,34.409,34.409,34.409,0
2019-06-14,34.1774,34.1774,34.1774,34.1774,0
2019-06-17,34.1877,34.1877,34.1877,34.1877,0
2019-06-18,34.5719,34.5719,34.5719,34.5719,0
2019-06-19,34.6747,34.6747,34.6747,34.6747,0
2019-06-20,34.8839,34.8839,34.8839,34.8839,0
2019-06-21,34.6729,34.6729,34.6729,34.6729,0
2019-06-24,34.4096,34.4096,34.4096,34.4096,0
2019-06-25,34.213,34.213,34.213,34.213,0
2019-06-26,34.1553,34.1553,34.1553,34.1553,0
2019-06-27,34.5953,34.5953,34.5953,34.5953,0
2019-06-28,35.0372,35.0372,35.0372,35.0372,0
2019-07-01,35.1364,35.1364,35.1364,35.1364,0
2019-07-02,35.0354,35.0354,35.0354,35.0354,0
2019-07-03,35.3601,35.3601,35.3601,35.3601,0
2019-07-05,35.3853,35.3853,35.3853,35.3853,0
2019-07-08,35.0427,35.0427,35.0427,35.0427,0
2019-07-09,35.0535,35.0535,35.0535,35.0535,0
2019-07-10,35.0318,35.0318,35.0318,35.0318,0
2019-07-11,34.9561,34.9561,34.9561,34.9561,0
2019-07-12,35.315,35.315,35.315,35.315,0
2019-07-15,35.1328,35.1328,35.1328,35.1328,0
2019-07-16,35.1437,35.1437,35.1437,35.1437,0
2019-07-17,34.8767,34.8767,34.8767,34.8767,0
2019-07-18,35.0102,35.0102,35.0102,35.0102,0
2019-07-19,34.8821,34.8821,34.8821,34.8821,0
2019-07-22,34.8677,34.8677,34.8677,34.8677,0
2019-07-23,35.2374,35.2374,35.2374,35.2374,0
2019-07-24,35.7479,35.7479,35.7479,35.7479,0
2019-07-25,35.3944,35.3944,35.3944,35.3944,0
2019-07-26,35.7406,35.7406,35.7406,35.7406,0
2019-07-29,35.5675,35.5675,35.5675,35.5675,0
2019-07-30,35.8056,35.8056,35.8056,35.8056,0
2019-07-31,35.398,35.398,35.398,35.398,0
2019-08-01,34.8461,34.8461,34.8461,34.8461,0
2019-08-02,34.498,34.498,34.498,34.498,0
2019-08-05,33.5222,33.5222,33.5222,33.5222,0
2019-08-06,33.9352,33.9352,33.9352,33.9352,0
2019-08-07,34.0182,34.0182,34.0182,34.0182,0
2019-08-08,34.7252,34.7252,34.7252,34.7252,0
2019-08-09,34.2689,34.2689,34.2689,34.2689,0
2019-08-12,33.7585,33.7585,33.7585,33.7585,0
2019-08-13,34.139,34.139,34.139,34.139,0
2019-08-14,33.147,33.147,33.147,33.147,0
2019-08-15,33.0893,33.0893,33.0893,33.0893,0
2019-08-16,33.7945,33.7945,33.7945,33.7945,0
2019-08-19,34.103,34.103,34.103,34.103,0
2019-08-20,33.8396,33.8396,33.8396,33.8396,0
2019-08-21,34.029,34.029,34.029,34.029,0
2019-08-22,34.0687,34.0687,34.0687,34.0687,0
2019-08-23,33.1434,33.1434,33.1434,33.1434,0
2019-08-26,33.423,33.423,33.423,33.423,0
2019-08-27,33.037,33.037,33.037,33.037,0
2019-08-28,33.3617,33.3617,33.3617,33.3617,0
2019-08-29,33.8847,33.8847,33.8847,33.8847,0
2019-08-30,33.9388,33.9388,33.9388,33.9388,0
2019-09-03,33.5222,33.5222,33.5222,33.5222,0
2019-09-04,33.9478,33.9478,33.9478,33.9478,0
2019-09-05,34.5358,34.5358,34.5358,34.5358,0
2019-09-06,34.5034,34.5034,34.5034,34.5034,0
2019-09-09,34.7919,34.7919,34.7919,34.7919,0
2019-09-10,34.9994,34.9994,34.9994,34.9994,0
2019-09-11,35.4629,35.4629,35.4629,35.4629,0
2019-09-12,35.4503,35.4503,35.4503,35.4503,0
2019-09-13,35.4737,35.4737,35.4737,35.4737,0
2019-09-16,35.5062,35.5062,35.5062,35.5062,0
2019-09-17,35.3799,35.3799,35.3799,35.3799,0
2019-09-18,35.3078,35.3078,35.3078,35.3078,0
2019-09-19,35.2338,35.2338,35.2338,35.2338,0
2019-09-20,35.1058,35.1058,35.1058,35.1058,0
2019-09-23,35.1797,35.1797,35.1797,35.1797,0
2019-09-24,34.8025,34.8025,34.8025,34.8025,0
2019-09-25,35.2065,35.2065,35.2065,35.2065,0
2019-09-26,35.0,35.0,35.0,35.0,0
2019-09-27,34.7518,34.7518,34.7518,34.7518,0
2019-09-30,35.0054,35.0054,35.0054,35.0054,0
2019-10-01,34.346,34.346,34.346,34.346,0
2019-10-02,33.8895,33.8895,33.8895,33.8895,0
2019-10-03,34.0833,34.0833,34.0833,34.0833,0
2019-10-04,34.4239,34.4239,34.4239,34.4239,0
2019-10-07,34.2518,34.2518,34.2518,34.2518,0
2019-10-08,33.6558,33.6558,33.6558,33.6558,0
2019-10-09,33.875,33.875,33.875,33.875,0
2019-10-10,34.0797,34.0797,34.0797,34.0797,0
2019-10-11,34.6558,34.6558,34.6558,34.6558,0
2019-10-14,34.529,34.529,34.529,34.529,0
2019-10-15,34.7953,34.7953,34.7953,34.7953,0
2019-10-16,34.7591,34.7591,34.7591,34.7591,0
2019-10-17,35.0526,35.0526,35.0526,35.0526,0
2019-10-18,35.0218,35.0218,35.0218,35.0218,0
2019-10-21,35.2246,35.2246,35.2246,35.2246,0
2019-10-22,35.2138,35.2138,35.2138,35.2138,0
2019-10-23,35.2464,35.2464,35.2464,35.2464,0
2019-10-24,35.2555,35.2555,35.2555,35.2555,0
2019-10-25,35.442,35.442,35.442,35.442,0
2019-10-28,35.6467,35.6467,35.6467,35.6467,0
2019-10-29,35.7428,35.7428,35.7428,35.7428,0
2019-10-30,35.6576,35.6576,35.6576,35.6576,0
2019-10-31,35.3823,35.3823,35.3823,35.3823,0
2019-11-01,35.9022,35.9022,35.9022,35.9022,0
2019-11-04,36.0906,36.0906,36.0906,36.0906,0
2019-11-05,36.1794,36.1794,36.1794,36.1794,0
2019-11-06,36.029,36.029,36.029,36.029,0
2019-11-07,36.0833,36.0833,36.0833,36.0833,0
2019-11-08,36.1812,36.1812,36.1812,36.1812,0
2019-11-11,36.1196,36.1196,36.1196,36.1196,0
2019-11-12,36.0526,36.0526,36.0526,36.0526,0
2019-11-13,35.9928,35.9928,35.9928,35.9928,0
2019-11-14,36.0634,36.0634,36.0634,36.0634,0
2019-11-15,36.241,36.241,36.241,36.241,0
2019-11-18,36.183,36.183,36.183,36.183,0
2019-11-19,36.2555,36.2555,36.2555,36.2555,0
2019-11-20,36.1449,36.1449,36.1449,36.1449,0
2019-11-21,35.8913,35.8913,35.8913,35.8913,0
2019-11-22,35.9855,35.9855,35.9855,35.9855,0
2019-11-25,36.4276,36.4276,36.4276,36.4276,0
2019-11-26,36.558,36.558,36.558,36.558,0
2019-11-27,36.817,36.817,36.817,36.817,0
2019-11-29,36.4312,36.4312,36.4312,36.4312,0
2019-12-02,36.1812,36.1812,36.1812,36.1812,0
2019-12-03,35.9747,35.9747,35.9747,35.9747,0
2019-12-04,36.2645,36.2645,36.2645,36.2645,0
2019-12-05,36.3207,36.3207,36.3207,36.3207,0
2019-12-06,36.6939,36.6939,36.6939,36.6939,0
2019-12-09,36.5217,36.5217,36.5217,36.5217,0
2019-12-10,36.491,36.491,36.491,36.491,0
2019-12-11,36.5489,36.5489,36.5489,36.5489,0
2019-12-12,36.9547,36.9547,36.9547,36.9547,0
2019-12-13,36.7428,36.7428,36.7428,36.7428,0
2019-12-16,36.9775,36.9775,36.9775,36.9775,0
2019-12-17,37.1031,37.1031,37.1031,37.1031,0
2019-12-18,37.1231,37.1231,37.1231,37.1231,0
2019-12-19,37.2905,37.2905,37.2905,37.2905,0
2019-12-20,37.4761,37.4761,37.4761,37.4761,0
2019-12-23,37.4379,37.4379,37.4379,37.4379,0
2019-12-24,37.4343,37.4343,37.4343,37.4343,0
2019-12-26,37.5162,37.5162,37.5162,37.5162,0
2019-12-27,37.4543,37.4543,37.4543,37.4543,0
2019-12-30,37.4179,37.4179,37.4179,37.4179,0
2019-12-31,37.4543,37.4543,37.4543,37.4543,0
2020-01-02,37.5107,37.5107,37.5107,37.5107,0
2020-01-03,37.3214,37.3214,37.3214,37.3214,0
2020-01-06,37.3105,37.3105,37.3105,37.3105,0
2020-01-07,37.2141,37.2141,37.2141,37.2141,0
2020-01-08,37.2723,37.2723,37.2723,37.2723,0
2020-01-09,37.3779,37.3779,37.3779,37.3779,0
2020-01-10,37.2687,37.2687,37.2687,37.2687,0
2020-01-13,37.5598,37.5598,37.5598,37.5598,0
2020-01-14,37.6636,37.6636,37.6636,37.6636,0
2020-01-15,37.7109,37.7109,37.7109,37.7109,0
2020-01-16,38.1367,38.1367,38.1367,38.1367,0
2020-01-17,38.0603,38.0603,38.0603,38.0603,0
2020-01-21,37.8474,37.8474,37.8474,37.8474,0
2020-01-22,37.8273,37.8273,37.8273,37.8273,0
2020-01-23,37.9111,37.9111,37.9111,37.9111,0
2020-01-24,37.5052,37.5052,37.5052,37.5052,0
2020-01-27,37.0012,37.0012,37.0012,37.0012,0
2020-01-28,37.3651,37.3651,37.3651,37.3651,0
2020-01-29,37.1813,37.1813,37.1813,37.1813,0
2020-01-30,37.2232,37.2232,37.2232,37.2232,0
2020-01-31,36.4789,36.4789,36.4789,36.4789,0
2020-02-03,36.8829,36.8829,36.8829,36.8829,0
2020-02-04,37.3779,37.3779,37.3779,37.3779,0
2020-02-05,37.8,37.8,37.8,37.8,0
2020-02-06,37.6163,37.6163,37.6163,37.6163,0
2020-02-07,37.2687,37.2687,37.2687,37.2687,0
2020-02-10,37.4707,37.4707,37.4707,37.4707,0
2020-02-11,37.7655,37.7655,37.7655,37.7655,0
2020-02-12,38.0111,38.0111,38.0111,38.0111,0
2020-02-13,38.1476,38.1476,38.1476,38.1476,0
2020-02-14,38.1331,38.1331,38.1331,38.1331,0
2020-02-18,38.002,38.002,38.002,38.002,0
2020-02-19,38.1658,38.1658,38.1658,38.1658,0
2020-02-20,38.3205,38.3205,38.3205,38.3205,0
2020-02-21,37.9111,37.9111,37.9111,37.9111,0
2020-02-24,36.7701,36.7701,36.7701,36.7701,0
2020-02-25,35.4999,35.4999,35.4999,35.4999,0
2020-02-26,34.9758,34.9758,34.9758,34.9758,0
2020-02-27,33.6746,33.6746,33.6746,33.6746,0
2020-02-28,33.0196,33.0196,33.0196,33.0196,0
2020-03-02,34.1405,34.1405,34.1405,34.1405,0
2020-03-03,33.389,33.389,33.389,33.389,0
2020-03-04,34.5772,34.5772,34.5772,34.5772,0
2020-03-05,33.3307,33.3307,33.3307,33.3307,0
2020-03-06,32.7575,32.7575,32.7575,32.7575,0
2020-03-09,29.6894,29.6894,29.6894,29.6894,0
2020-03-10,30.9068,30.9068,30.9068,30.9068,0
2020-03-11,28.8268,28.8268,28.8268,28.8268,0
2020-03-12,25.8934,25.8934,25.8934,25.8934,0
2020-03-13,28.0425,28.0425,28.0425,28.0425,0
2020-03-16,23.9953,23.9953,23.9953,23.9953,0
2020-03-17,25.5713,25.5713,25.5713,25.5713,0
2020-03-18,22.9144,22.9144,22.9144,22.9144,0
2020-03-19,23.8625,23.8625,23.8625,23.8625,0
2020-03-20,22.9781,22.9781,22.9781,22.9781,0
2020-03-23,22.1556,22.1556,22.1556,22.1556,0
2020-03-24,24.5413,24.5413,24.5413,24.5413,0
2020-03-25,25.336,25.336,25.336,25.336,0
2020-03-26,26.7547,26.7547,26.7547,26.7547,0
2020-03-27,25.9602,25.9602,25.9602,25.9602,0
2020-03-30,26.6156,26.6156,26.6156,26.6156,0
2020-03-31,26.3355,26.3355,26.3355,26.3355,0
2020-04-01,24.7923,24.7923,24.7923,24.7923,0
2020-04-02,25.0577,25.0577,25.0577,25.0577,0
2020-04-03,24.3804,24.3804,24.3804,24.3804,0
2020-04-06,26.3428,26.3428,26.3428,26.3428,0
2020-04-07,26.6558,26.6558,26.6558,26.6558,0
2020-04-08,28.0435,28.0435,28.0435,28.0435,0
2020-04-09,28.9332,28.9332,28.9332,28.9332,0
2020-04-13,28.0874,28.0874,28.0874,28.0874,0
2020-04-14,28.6622,28.6622,28.6622,28.6622,0
2020-04-15,27.5291,27.5291,27.5291,27.5291,0
2020-04-16,27.4998,27.4998,27.4998,27.4998,0
2020-04-17,28.4956,28.4956,28.4956,28.4956,0
2020-04-20,27.9501,27.9501,27.9501,27.9501,0
2020-04-21,27.2233,27.2233,27.2233,27.2233,0
2020-04-22,27.595,27.595,27.595,27.595,0
2020-04-23,27.8988,27.8988,27.8988,27.8988,0
2020-04-24,28.2851,28.2851,28.2851,28.2851,0
2020-04-27,29.4805,29.4805,29.4805,29.4805,0
2020-04-28,29.7679,29.7679,29.7679,29.7679,0
2020-04-29,31.0237,31.0237,31.0237,31.0237,0
2020-04-30,30.0553,30.0553,30.0553,30.0553,0
2020-05-01,29.0448,29.0448,29.0448,29.0448,0
2020-05-04,29.0759,29.0759,29.0759,29.0759,0
2020-05-05,29.3487,29.3487,29.3487,29.3487,0
2020-05-06,29.1016,29.1016,29.1016,29.1016,0
2020-05-07,29.6032,29.6032,29.6032,29.6032,0
2020-05-08,30.6411,30.6411,30.6411,30.6411,0
2020-05-11,30.4306,30.4306,30.4306,30.4306,0
2020-05-12,29.3395,29.3395,29.3395,29.3395,0
2020-05-13,28.3364,28.3364,28.3364,28.3364,0
2020-05-14,28.6311,28.6311,28.6311,28.6311,0
2020-05-15,28.8691,28.8691,28.8691,28.8691,0
2020-05-18,30.6283,30.6283,30.6283,30.6283,0
2020-05-19,30.2128,30.2128,30.2128,30.2128,0
2020-05-20,30.8626,30.8626,30.8626,30.8626,0
2020-05-21,31.0146,31.0146,31.0146,31.0146,0
2020-05-22,30.9926,30.9926,30.9926,30.9926,0
2020-05-26,32.0709,32.0709,32.0709,32.0709,0
2020-05-27,32.9276,32.9276,32.9276,32.9276,0
2020-05-28,32.4406,32.4406,32.4406,32.4406,0
2020-05-29,32.2411,32.2411,32.2411,32.2411,0
2020-06-01,32.653,32.653,32.653,32.653,0
2020-06-02,32.9422,32.9422,32.9422,32.9422,0
2020-06-03,33.8484,33.8484,33.8484,33.8484,0
2020-06-04,33.8667,33.8667,33.8667,33.8667,0
2020-06-05,34.9541,34.9541,34.9541,34.9541,0
2020-06-08,35.5912,35.5912,35.5912,35.5912,0
2020-06-09,34.8626,34.8626,34.8626,34.8626,0
2020-06-10,33.9729,33.9729,33.9729,33.9729,0
2020-06-11,31.5473,31.5473,31.5473,31.5473,0
2020-06-12,32.2118,32.2118,32.2118,32.2118,0
2020-06-15,32.7059,32.7059,32.7059,32.7059,0
2020-06-16,33.4004,33.4004,33.4004,33.4004,0
2020-06-17,32.919,32.919,32.919,32.919,0
2020-06-18,32.8437,32.8437,32.8437,32.8437,0
2020-06-19,32.6802,32.6802,32.6802,32.6802,0
2020-06-22,32.7739,32.7739,32.7739,32.7739,0
2020-06-23,32.8272,32.8272,32.8272,32.8272,0
2020-06-24,31.7027,31.7027,31.7027,31.7027,0
2020-06-25,32.1161,32.1161,32.1161,32.1161,0
2020-06-26,31.484,31.484,31.484,31.484,0
2020-06-29,32.2502,32.2502,32.2502,32.2502,0
2020-06-30,32.6728,32.6728,32.6728,32.6728,0
2020-07-01,32.4284,32.4284,32.4284,32.4284,0
2020-07-02,32.6085,32.6085,32.6085,32.6085,0
2020-07-06,32.9503,32.9503,32.9503,32.9503,0
2020-07-07,32.2998,32.2998,32.2998,32.2998,0
2020-07-08,32.5258,32.5258,32.5258,32.5258,0
2020-07-09,32.0499,32.0499,32.0499,32.0499,0
2020-07-10,32.4854,32.4854,32.4854,32.4854,0
2020-07-13,32.1455,32.1455,32.1455,32.1455,0
2020-07-14,32.6581,32.6581,32.6581,32.6581,0
2020-07-15,33.6503,33.6503,33.6503,33.6503,0
2020-07-16,33.5235,33.5235,33.5235,33.5235,0
2020-07-17,33.6779,33.6779,33.6779,33.6779,0
2020-07-20,33.4721,33.4721,33.4721,33.4721,0
2020-07-21,33.8763,33.8763,33.8763,33.8763,0
2020-07-22,34.1189,34.1189,34.1189,34.1189,0
2020-07-23,34.1887,34.1887,34.1887,34.1887,0
2020-07-24,33.9241,33.9241,33.9241,33.9241,0
2020-07-27,34.242,34.242,34.242,34.242,0
2020-07-28,33.891,33.891,33.891,33.891,0
2020-07-29,34.6425,34.6425,34.6425,34.6425,0
2020-07-30,34.4147,34.4147,34.4147,34.4147,0
2020-07-31,34.163,34.163,34.163,34.163,0
2020-08-03,34.5654,34.5654,34.5654,34.5654,0
2020-08-04,34.7528,34.7528,34.7528,34.7528,0
2020-08-05,35.236,35.236,35.236,35.236,0
2020-08-06,35.1405,35.1405,35.1405,35.1405,0
2020-08-07,35.5576,35.5576,35.5576,35.5576,0
2020-08-10,35.7211,35.7211,35.7211,35.7211,0
2020-08-11,35.6898,35.6898,35.6898,35.6898,0
2020-08-12,35.9103,35.9103,35.9103,35.9103,0
2020-08-13,35.8479,35.8479,35.8479,35.8479,0
2020-08-14,35.7633,35.7633,35.7633,35.7633,0
2020-08-17,35.8644,35.8644,35.8644,35.8644,0
2020-08-18,35.5539,35.5539,35.5539,35.5539,0
2020-08-19,35.3867,35.3867,35.3867,35.3867,0
2020-08-20,35.1478,35.1478,35.1478,35.1478,0
2020-08-21,35.0706,35.0706,35.0706,35.0706,0
2020-08-24,35.5906,35.5906,35.5906,35.5906,0
2020-08-25,35.5318,35.5318,35.5318,35.5318,0
2020-08-26,35.4106,35.4106,35.4106,35.4106,0
2020-08-27,35.5465,35.5465,35.5465,35.5465,0
2020-08-28,35.7597,35.7597,35.7597,35.7597,0
2020-08-31,35.383,35.383,35.383,35.383,0
2020-09-01,35.6439,35.6439,35.6439,35.6439,0
2020-09-02,36.1033,36.1033,36.1033,36.1033,0
2020-09-03,34.9972,34.9972,34.9972,34.9972,0
2020-09-04,34.8593,34.8593,34.8593,34.8593,0
2020-09-08,34.0619,34.0619,34.0619,34.0619,0
2020-09-09,34.5341,34.5341,34.5341,34.5341,0
2020-09-10,34.106,34.106,34.106,34.106,0
2020-09-11,34.0913,34.0913,34.0913,34.0913,0
2020-09-14,34.7601,34.7601,34.7601,34.7601,0
2020-09-15,34.7895,34.7895,34.7895,34.7895,0
2020-09-16,34.8961,34.8961,34.8961,34.8961,0
2020-09-17,34.6976,34.6976,34.6976,34.6976,0
2020-09-18,34.3155,34.3155,34.3155,34.3155,0
2020-09-21,33.4849,33.4849,33.4849,33.4849,0
2020-09-22,33.6963,33.6963,33.6963,33.6963,0
2020-09-23,32.9271,32.9271,32.9271,32.9271,0
2020-09-24,32.9493,32.9493,32.9493,32.9493,0
2020-09-25,33.3978,33.3978,33.3978,33.3978,0
2020-09-28,34.197,34.197,34.197,34.197,0
2020-09-29,33.9884,33.9884,33.9884,33.9884,0
2020-09-30,34.2044,34.2044,34.2044,34.2044,0
2020-10-01,34.6585,34.6585,34.6585,34.6585,0
2020-10-02,34.9889,34.9889,34.9889,34.9889,0
2020-10-05,35.7826,35.7826,35.7826,35.7826,0
2020-10-06,35.6349,35.6349,35.6349,35.6349,0
2020-10-07,36.2422,36.2422,36.2422,36.2422,0
2020-10-08,36.6242,36.6242,36.6242,36.6242,0
2020-10-09,36.7332,36.7332,36.7332,36.7332,0
2020-10-12,36.9528,36.9528,36.9528,36.9528,0
2020-10-13,36.6722,36.6722,36.6722,36.6722,0
2020-10-14,36.5061,36.5061,36.5061,36.5061,0
2020-10-15,36.8476,36.8476,36.8476,36.8476,0
2020-10-16,36.7516,36.7516,36.7516,36.7516,0
2020-10-19,36.34,36.34,36.34,36.34,0
2020-10-20,36.4969,36.4969,36.4969,36.4969,0
2020-10-21,36.2588,36.2588,36.2588,36.2588,0
2020-10-22,36.8697,36.8697,36.8697,36.8697,0
2020-10-23,37.1041,37.1041,37.1041,37.1041,0
2020-10-26,36.3123,36.3123,36.3123,36.3123,0
2020-10-27,35.8195,35.8195,35.8195,35.8195,0
2020-10-28,34.8707,34.8707,34.8707,34.8707,0
2020-10-29,35.2177,35.2177,35.2177,35.2177,0
2020-10-30,34.9723,34.9723,34.9723,34.9723,0
2020-11-02,35.6607,35.6607,35.6607,35.6607,0
2020-11-03,36.4526,36.4526,36.4526,36.4526,0
2020-11-04,36.4729,36.4729,36.4729,36.4729,0
2020-11-05,37.5158,37.5158,37.5158,37.5158,0
2020-11-06,37.3238,37.3238,37.3238,37.3238,0
2020-11-09,38.3759,38.3759,38.3759,38.3759,0
2020-11-10,38.8318,38.8318,38.8318,38.8318,0
2020-11-11,38.7894,38.7894,38.7894,38.7894,0
2020-11-12,38.1009,38.1009,38.1009,38.1009,0
2020-11-13,38.9315,38.9315,38.9315,38.9315,0
2020-11-16,39.7123,39.7123,39.7123,39.7123,0
2020-11-17,39.8119,39.8119,39.8119,39.8119,0
2020-11-18,39.2397,39.2397,39.2397,39.2397,0
2020-11-19,39.5867,39.5867,39.5867,39.5867,0
2020-11-20,39.5738,39.5738,39.5738,39.5738,0
2020-11-23,40.1885,40.1885,40.1885,40.1885,0
2020-11-24,40.8474,40.8474,40.8474,40.8474,0
2020-11-25,40.5798,40.5798,40.5798,40.5798,0
2020-11-27,40.6241,40.6241,40.6241,40.6241,0
2020-11-30,39.9651,39.9651,39.9651,39.9651,0
2020-12-01,40.4524,40.4524,40.4524,40.4524,0
2020-12-02,40.4026,40.4026,40.4026,40.4026,0
2020-12-03,40.6333,40.6333,40.6333,40.6333,0
2020-12-04,41.3864,41.3864,41.3864,41.3864,0
2020-12-07,41.2313,41.2313,41.2313,41.2313,0
2020-12-08,41.4455,41.4455,41.4455,41.4455,0
2020-12-09,41.272,41.272,41.272,41.272,0
2020-12-10,41.4067,41.4067,41.4067,41.4067,0
2020-12-11,41.3107,41.3107,41.3107,41.3107,0
2020-12-14,41.2107,41.2107,41.2107,41.2107,0
2020-12-15,42.1771,42.1771,42.1771,42.1771,0
2020-12-16,42.042,42.042,42.042,42.042,0
2020-12-17,42.403,42.403,42.403,42.403,0
2020-12-18,42.1715,42.1715,42.1715,42.1715,0
2020-12-21,42.079,42.079,42.079,42.079,0
2020-12-22,42.2771,42.2771,42.2771,42.2771,0
2020-12-23,42.6399,42.6399,42.6399,42.6399,0
2020-12-24,42.7066,42.7066,42.7066,42.7066,0
2020-12-28,42.5862,42.5862,42.5862,42.5862,0
2020-12-29,42.1456,42.1456,42.1456,42.1456,0
2020-12-30,42.5122,42.5122,42.5122,42.5122,0
2020-12-31,42.5474,42.5474,42.5474,42.5474,0
2021-01-04,41.8939,41.8939,41.8939,41.8939,0
2021-01-05,42.5011,42.5011,42.5011,42.5011,0
2021-01-06,44.1968,44.1968,44.1968,44.1968,0
2021-01-07,44.6633,44.6633,44.6633,44.6633,0
2021-01-08,44.6022,44.6022,44.6022,44.6022,0
2021-01-11,44.6781,44.6781,44.6781,44.6781,0
2021-01-12,45.1965,45.1965,45.1965,45.1965,0
2021-01-13,44.7578,44.7578,44.7578,44.7578,0
2021-01-14,45.1928,45.1928,45.1928,45.1928,0
2021-01-15,44.7263,44.7263,44.7263,44.7263,0
2021-01-19,45.1187,45.1187,45.1187,45.1187,0
2021-01-20,45.5908,45.5908,45.5908,45.5908,0
2021-01-21,45.2742,45.2742,45.2742,45.2742,0
2021-01-22,45.4483,45.4483,45.4483,45.4483,0
2021-01-25,45.2835,45.2835,45.2835,45.2835,0
2021-01-26,44.8096,44.8096,44.8096,44.8096,0
2021-01-27,43.7007,43.7007,43.7007,43.7007,0
2021-01-28,44.0339,44.0339,44.0339,44.0339,0
2021-01-29,43.1805,43.1805,43.1805,43.1805,0
2021-02-01,44.0802,44.0802,44.0802,44.0802,0
2021-02-02,44.6374,44.6374,44.6374,44.6374,0
2021-02-03,44.6485,44.6485,44.6485,44.6485,0
2021-02-04,45.2668,45.2668,45.2668,45.2668,0
2021-02-05,45.7482,45.7482,45.7482,45.7482,0
2021-02-08,46.485,46.485,46.485,46.485,0
2021-02-09,46.6257,46.6257,46.6257,46.6257,0
2021-02-10,46.5627,46.5627,46.5627,46.5627,0
2021-02-11,46.8534,46.8534,46.8534,46.8534,0
2021-02-12,46.9941,46.9941,46.9941,46.9941,0
2021-02-16,46.9089,46.9089,46.9089,46.9089,0
2021-02-17,46.6756,46.6756,46.6756,46.6756,0
2021-02-18,46.1573,46.1573,46.1573,46.1573,0
2021-02-19,46.8534,46.8534,46.8534,46.8534,0
2021-02-22,46.6979,46.6979,46.6979,46.6979,0
2021-02-23,46.7738,46.7738,46.7738,46.7738,0
2021-02-24,47.6198,47.6198,47.6198,47.6198,0
2021-02-25,46.174,46.174,46.174,46.174,0
2021-02-26,46.1369,46.1369,46.1369,46.1369,0
2021-03-01,47.405,47.405,47.405,47.405,0
2021-03-02,46.7516,46.7516,46.7516,46.7516,0
2021-03-03,46.3498,46.3498,46.3498,46.3498,0
2021-03-04,45.3464,45.3464,45.3464,45.3464,0
2021-03-05,46.435,46.435,46.435,46.435,0
2021-03-08,46.7941,46.7941,46.7941,46.7941,0
2021-03-09,47.1144,47.1144,47.1144,47.1144,0
2021-03-10,47.7771,47.7771,47.7771,47.7771,0
2021-03-11,48.4825,48.4825,48.4825,48.4825,0
2021-03-12,48.9286,48.9286,48.9286,48.9286,0
2021-03-15,49.6006,49.6006,49.6006,49.6006,0
2021-03-16,48.9638,48.9638,48.9638,48.9638,0
2021-03-17,49.2859,49.2859,49.2859,49.2859,0
2021-03-18,48.3233,48.3233,48.3233,48.3233,0
2021-03-19,48.301,48.301,48.301,48.301,0
2021-03-22,48.0659,48.0659,48.0659,48.0659,0
2021-03-23,46.7904,46.7904,46.7904,46.7904,0
2021-03-24,46.5201,46.5201,46.5201,46.5201,0
2021-03-25,47.5034,47.5034,47.5034,47.5034,0
2021-03-26,48.5966,48.5966,48.5966,48.5966,0
2021-03-29,47.7131,47.7131,47.7131,47.7131,0
2021-03-30,48.2904,48.2904,48.2904,48.2904,0
2021-03-31,48.3127,48.3127,48.3127,48.3127,0
2021-04-01,48.9976,48.9976,48.9976,48.9976,0
2021-04-05,49.341,49.341,49.341,49.341,0
2021-04-06,49.3781,49.3781,49.3781,49.3781,0
2021-04-07,48.9679,48.9679,48.9679,48.9679,0
2021-04-08,49.2092,49.2092,49.2092,49.2092,0
2021-04-09,49.4004,49.4004,49.4004,49.4004,0
2021-04-12,49.5897,49.5897,49.5897,49.5897,0
2021-04-13,49.3744,49.3744,49.3744,49.3744,0
2021-04-14,49.6528,49.6528,49.6528,49.6528,0
2021-04-15,50.0036,50.0036,50.0036,50.0036,0
2021-04-16,50.3693,50.3693,50.3693,50.3693,0
2021-04-19,50.1039,50.1039,50.1039,50.1039,0
2021-04-20,49.3725,49.3725,49.3725,49.3725,0
2021-04-21,50.2264,50.2264,50.2264,50.2264,0
2021-04-22,49.9999,49.9999,49.9999,49.9999,0
2021-04-23,50.8426,50.8426,50.8426,50.8426,0
2021-04-26,51.0412,51.0412,51.0412,51.0412,0
2021-04-27,51.1545,51.1545,51.1545,51.1545,0
2021-04-28,51.1378,51.1378,51.1378,51.1378,0
2021-04-29,51.1563,51.1563,51.1563,51.1563,0
2021-04-30,50.4436,50.4436,50.4436,50.4436,0
2021-05-03,50.7461,50.7461,50.7461,50.7461,0
2021-05-04,50.5828,50.5828,50.5828,50.5828,0
2021-05-05,50.4844,50.4844,50.4844,50.4844,0
2021-05-06,50.7554,50.7554,50.7554,50.7554,0
2021-05-07,51.3011,51.3011,51.3011,51.3011,0
2021-05-10,50.7053,50.7053,50.7053,50.7053,0
2021-05-11,50.2245,50.2245,50.2245,50.2245,0
2021-05-12,48.6616,48.6616,48.6616,48.6616,0
2021-05-13,49.6175,49.6175,49.6175,49.6175,0
2021-05-14,50.4213,50.4213,50.4213,50.4213,0
2021-05-17,50.3823,50.3823,50.3823,50.3823,0
2021-05-18,49.8551,49.8551,49.8551,49.8551,0
2021-05-19,49.5229,49.5229,49.5229,49.5229,0
2021-05-20,49.7549,49.7549,49.7549,49.7549,0
2021-05-21,49.831,49.831,49.831,49.831,0
2021-05-24,50.0872,50.0872,50.0872,50.0872,0
2021-05-25,49.7196,49.7196,49.7196,49.7196,0
2021-05-26,50.2189,50.2189,50.2189,50.2189,0
2021-05-27,50.5104,50.5104,50.5104,50.5104,0
2021-05-28,50.5846,50.5846,50.5846,50.5846,0
2021-06-01,50.8612,50.8612,50.8612,50.8612,0
2021-06-02,50.5828,50.5828,50.5828,50.5828,0
2021-06-03,50.3099,50.3099,50.3099,50.3099,0
2021-06-04,50.6069,50.6069,50.6069,50.6069,0
2021-06-07,50.5252,50.5252,50.5252,50.5252,0
2021-06-08,50.98,50.98,50.98,50.98,0
2021-06-09,50.6496,50.6496,50.6496,50.6496,0
2021-06-10,50.6492,50.6492,50.6492,50.6492,0
2021-06-11,51.0289,51.0289,51.0289,51.0289,0
2021-06-14,50.5878,50.5878,50.5878,50.5878,0
2021-06-15,50.5394,50.5394,50.5394,50.5394,0
2021-06-16,50.1932,50.1932,50.1932,50.1932,0
2021-06-17,49.3985,49.3985,49.3985,49.3985,0
2021-06-18,48.4306,48.4306,48.4306,48.4306,0
2021-06-21,49.5716,49.5716,49.5716,49.5716,0
2021-06-22,49.6293,49.6293,49.6293,49.6293,0
2021-06-23,49.6646,49.6646,49.6646,49.6646,0
2021-06-24,50.1374,50.1374,50.1374,50.1374,0
2021-06-25,50.5952,50.5952,50.5952,50.5952,0
2021-06-28,50.0741,50.0741,50.0741,50.0741,0
2021-06-29,50.0257,50.0257,50.0257,50.0257,0
2021-06-30,50.0164,50.0164,50.0164,50.0164,0
2021-07-01,50.4649,50.4649,50.4649,50.4649,0
2021-07-02,50.303,50.303,50.303,50.303,0
2021-07-06,49.7447,49.7447,49.7447,49.7447,0
2021-07-07,49.8079,49.8079,49.8079,49.8079,0
2021-07-08,49.1881,49.1881,49.1881,49.1881,0
2021-07-09,50.2249,50.2249,50.2249,50.2249,0
2021-07-12,50.3607,50.3607,50.3607,50.3607,0
2021-07-13,49.5958,49.5958,49.5958,49.5958,0
2021-07-14,49.311,49.311,49.311,49.311,0
2021-07-15,49.1826,49.1826,49.1826,49.1826,0
2021-07-16,48.5702,48.5702,48.5702,48.5702,0
2021-07-19,47.729,47.729,47.729,47.729,0
2021-07-20,49.0821,49.0821,49.0821,49.0821,0
2021-07-21,49.6832,49.6832,49.6832,49.6832,0
2021-07-22,49.1975,49.1975,49.1975,49.1975,0
2021-07-23,49.62,49.62,49.62,49.62,0
2021-07-26,49.6963,49.6963,49.6963,49.6963,0
2021-07-27,49.3892,49.3892,49.3892,49.3892,0
2021-07-28,49.7596,49.7596,49.7596,49.7596,0
2021-07-29,50.2732,50.2732,50.2732,50.2732,0
2021-07-30,50.1988,50.1988,50.1988,50.1988,0
2021-08-02,50.0071,50.0071,50.0071,50.0071,0
2021-08-03,50.2993,50.2993,50.2993,50.2993,0
2021-08-04,49.7893,49.7893,49.7893,49.7893,0
2021-08-05,50.2602,50.2602,50.2602,50.2602,0
2021-08-06,50.4947,50.4947,50.4947,50.4947,0
2021-08-09,50.3477,50.3477,50.3477,50.3477,0
2021-08-10,50.5301,50.5301,50.5301,50.5301,0
2021-08-11,50.9396,50.9396,50.9396,50.9396,0
2021-08-12,50.8558,50.8558,50.8558,50.8558,0
2021-08-13,50.7814,50.7814,50.7814,50.7814,0
2021-08-16,50.6529,50.6529,50.6529,50.6529,0
2021-08-17,50.0276,50.0276,50.0276,50.0276,0
2021-08-18,49.5604,49.5604,49.5604,49.5604,0
2021-08-19,49.1435,49.1435,49.1435,49.1435,0
2021-08-20,49.7484,49.7484,49.7484,49.7484,0
2021-08-23,50.1802,50.1802,50.1802,50.1802,0
2021-08-24,50.6678,50.6678,50.6678,50.6678,0
2021-08-25,50.9489,50.9489,50.9489,50.9489,0
2021-08-26,50.4892,50.4892,50.4892,50.4892,0
2021-08-27,51.4719,51.4719,51.4719,51.4719,0
2021-08-30,51.3397,51.3397,51.3397,51.3397,0
2021-08-31,51.1964,51.1964,51.1964,51.1964,0
2021-09-01,51.3416,51.3416,51.3416,51.3416,0
2021-09-02,51.5631,51.5631,51.5631,51.5631,0
2021-09-03,51.3137,51.3137,51.3137,51.3137,0
2021-09-07,50.7255,50.7255,50.7255,50.7255,0
2021-09-08,50.5561,50.5561,50.5561,50.5561,0
2021-09-09,50.4482,50.4482,50.4482,50.4482,0
2021-09-10,49.9754,49.9754,49.9754,49.9754,0
2021-09-13,50.2677,50.2677,50.2677,50.2677,0
2021-09-14,49.7354,49.7354,49.7354,49.7354,0
2021-09-15,50.2825,50.2825,50.2825,50.2825,0
2021-09-16,50.1988,50.1988,50.1988,50.1988,0
2021-09-17,49.8042,49.8042,49.8042,49.8042,0
2021-09-20,49.0206,49.0206,49.0206,49.0206,0
2021-09-21,48.9778,48.9778,48.9778,48.9778,0
2021-09-22,49.6162,49.6162,49.6162,49.6162,0
2021-09-23,50.3179,50.3179,50.3179,50.3179,0
2021-09-24,50.2112,50.2112,50.2112,50.2112,0
2021-09-27,50.6857,50.6857,50.6857,50.6857,0
2021-09-28,49.8974,49.8974,49.8974,49.8974,0
2021-09-29,49.9161,49.9161,49.9161,49.9161,0
2021-09-30,49.1409,49.1409,49.1409,49.1409,0
2021-10-01,49.9385,49.9385,49.9385,49.9385,0
2021-10-04,49.6789,49.6789,49.6789,49.6789,0
2021-10-05,49.7162,49.7162,49.7162,49.7162,0
2021-10-06,49.6527,49.6527,49.6527,49.6527,0
2021-10-07,50.3794,50.3794,50.3794,50.3794,0
2021-10-08,50.0768,50.0768,50.0768,50.0768,0
2021-10-11,49.804,49.804,49.804,49.804,0
2021-10-12,50.0936,50.0936,50.0936,50.0936,0
2021-10-13,50.2916,50.2916,50.2916,50.2916,0
2021-10-14,51.1415,51.1415,51.1415,51.1415,0
2021-10-15,51.1901,51.1901,51.1901,51.1901,0
2021-10-18,51.2965,51.2965,51.2965,51.2965,0
2021-10-19,51.4404,51.4404,51.4404,51.4404,0
2021-10-20,51.8569,51.8569,51.8569,51.8569,0
2021-10-21,51.9858,51.9858,51.9858,51.9858,0
2021-10-22,52.0736,52.0736,52.0736,52.0736,0
2021-10-25,52.3482,52.3482,52.3482,52.3482,0
2021-10-26,52.0082,52.0082,52.0082,52.0082,0
2021-10-27,51.1919,51.1919,51.1919,51.1919,0
2021-10-28,52.0008,52.0008,52.0008,52.0008,0
2021-10-29,52.0512,52.0512,52.0512,52.0512,0
2021-11-01,53.1234,53.1234,53.1234,53.1234,0
2021-11-02,53.2336,53.2336,53.2336,53.2336,0
2021-11-03,53.8314,53.8314,53.8314,53.8314,0
2021-11-04,53.6539,53.6539,53.6539,53.6539,0
2021-11-05,54.1284,54.1284,54.1284,54.1284,0
2021-11-08,54.1564,54.1564,54.1564,54.1564,0
2021-11-09,54.0948,54.0948,54.0948,54.0948,0
2021-11-10,53.6147,53.6147,53.6147,53.6147,0
2021-11-11,53.9024,53.9024,53.9024,53.9024,0
2021-11-12,54.091,54.091,54.091,54.091,0
2021-11-15,54.205,54.205,54.205,54.205,0
2021-11-16,54.2722,54.2722,54.2722,54.2722,0
2021-11-17,53.8146,53.8146,53.8146,53.8146,0
2021-11-18,53.7567,53.7567,53.7567,53.7567,0
2021-11-19,53.5064,53.5064,53.5064,53.5064,0
2021-11-22,53.6128,53.6128,53.6128,53.6128,0
2021-11-23,53.5549,53.5549,53.5549,53.5549,0
2021-11-24,53.5082,53.5082,53.5082,53.5082,0
2021-11-26,51.8102,51.8102,51.8102,51.8102,0
2021-11-29,51.8289,51.8289,51.8289,51.8289,0
2021-11-30,50.4802,50.4802,50.4802,50.4802,0
2021-12-01,49.6695,49.6695,49.6695,49.6695,0
2021-12-02,51.0724,51.0724,51.0724,51.0724,0
2021-12-03,50.3831,50.3831,50.3831,50.3831,0
2021-12-06,51.4236,51.4236,51.4236,51.4236,0
2021-12-07,52.2996,52.2996,52.2996,52.2996,0
2021-12-08,52.5761,52.5761,52.5761,52.5761,0
2021-12-09,51.814,51.814,51.814,51.814,0
2021-12-10,51.8793,51.8793,51.8793,51.8793,0
2021-12-13,51.3125,51.3125,51.3125,51.3125,0
2021-12-14,51.1101,51.1101,51.1101,51.1101,0
2021-12-15,51.6537,51.6537,51.6537,51.6537,0
2021-12-16,50.9582,50.9582,50.9582,50.9582,0
2021-12-17,50.8645,50.8645,50.8645,50.8645,0
2021-12-20,50.0397,50.0397,50.0397,50.0397,0
2021-12-21,51.3537,51.3537,51.3537,51.3537,0
2021-12-22,51.8167,51.8167,51.8167,51.8167,0
2021-12-23,52.1991,52.1991,52.1991,52.1991,0
2021-12-27,52.8871,52.8871,52.8871,52.8871,0
2021-12-28,52.8833,52.8833,52.8833,52.8833,0
2021-12-29,53.1851,53.1851,53.1851,53.1851,0
2021-12-30,53.0071,53.0071,53.0071,53.0071,0
2021-12-31,53.0633,53.0633,53.0633,53.0633,0
2022-01-03,53.232,53.232,53.232,53.232,0
2022-01-04,53.4925,53.4925,53.4925,53.4925,0
2022-01-05,52.276,52.276,52.276,52.276,0
2022-01-06,52.5553,52.5553,52.5553,52.5553,0
2022-01-07,52.1542,52.1542,52.1542,52.1542,0
2022-01-10,51.9517,51.9517,51.9517,51.9517,0
2022-01-11,52.4316,52.4316,52.4316,52.4316,0
2022-01-12,52.2648,52.2648,52.2648,52.2648,0
2022-01-13,52.126,52.126,52.126,52.126,0
2022-01-14,51.9798,51.9798,51.9798,51.9798,0
2022-01-18,50.8608,50.8608,50.8608,50.8608,0
2022-01-19,50.1578,50.1578,50.1578,50.1578,0
2022-01-20,49.2806,49.2806,49.2806,49.2806,0
2022-01-21,48.437,48.437,48.437,48.437,0
2022-01-24,49.3443,49.3443,49.3443,49.3443,0
2022-01-25,48.4783,48.4783,48.4783,48.4783,0
2022-01-26,47.9815,47.9815,47.9815,47.9815,0
2022-01-27,47.2298,47.2298,47.2298,47.2298,0
2022-01-28,48.1765,48.1765,48.1765,48.1765,0
2022-01-31,49.2131,49.2131,49.2131,49.2131,0
2022-02-01,49.7173,49.7173,49.7173,49.7173,0
2022-02-02,49.7285,49.7285,49.7285,49.7285,0
2022-02-03,48.9263,48.9263,48.9263,48.9263,0
2022-02-04,49.0144,49.0144,49.0144,49.0144,0
2022-02-07,49.0425,49.0425,49.0425,49.0425,0
2022-02-08,49.9535,49.9535,49.9535,49.9535,0
2022-02-09,50.8533,50.8533,50.8533,50.8533,0
2022-02-10,50.1278,50.1278,50.1278,50.1278,0
2022-02-11,49.4755,49.4755,49.4755,49.4755,0
2022-02-14,49.3143,49.3143,49.3143,49.3143,0
2022-02-15,50.3865,50.3865,50.3865,50.3865,0
2022-02-16,50.5383,50.5383,50.5383,50.5383,0
2022-02-17,49.4174,49.4174,49.4174,49.4174,0
2022-02-18,49.2393,49.2393,49.2393,49.2393,0
2022-02-22,48.5551,48.5551,48.5551,48.5551,0
2022-02-23,47.7378,47.7378,47.7378,47.7378,0
2022-02-24,48.4258,48.4258,48.4258,48.4258,0
2022-02-25,49.8092,49.8092,49.8092,49.8092,0
2022-02-28,49.8092,49.8092,49.8092,49.8092,0
2022-03-01,48.8288,48.8288,48.8288,48.8288,0
2022-03-02,50.1259,50.1259,50.1259,50.1259,0
2022-03-03,49.7117,49.7117,49.7117,49.7117,0
2022-03-04,48.9188,48.9188,48.9188,48.9188,0
2022-03-07,47.0893,47.0893,47.0893,47.0893,0
2022-03-08,47.243,47.243,47.243,47.243,0
2022-03-09,48.6057,48.6057,48.6057,48.6057,0
2022-03-10,48.587,48.587,48.587,48.587,0
2022-03-11,48.0977,48.0977,48.0977,48.0977,0
2022-03-14,47.6703,47.6703,47.6703,47.6703,0
2022-03-15,48.4108,48.4108,48.4108,48.4108,0
2022-03-16,49.7904,49.7904,49.7904,49.7904,0
2022-03-17,50.2797,50.2797,50.2797,50.2797,0
2022-03-18,50.6471,50.6471,50.6471,50.6471,0
2022-03-21,50.5102,50.5102,50.5102,50.5102,0
2022-03-22,50.8308,50.8308,50.8308,50.8308,0
2022-03-23,49.8898,49.8898,49.8898,49.8898,0
2022-03-24,50.4571,50.4571,50.4571,50.4571,0
2022-03-25,50.8106,50.8106,50.8106,50.8106,0
2022-03-28,50.9028,50.9028,50.9028,50.9028,0
2022-03-29,51.969,51.969,51.969,51.969,0
2022-03-30,51.2055,51.2055,51.2055,51.2055,0
2022-03-31,50.4609,50.4609,50.4609,50.4609,0
2022-04-01,50.7881,50.7881,50.7881,50.7881,0
2022-04-04,50.6828,50.6828,50.6828,50.6828,0
2022-04-05,49.7444,49.7444,49.7444,49.7444,0
2022-04-06,49.1727,49.1727,49.1727,49.1727,0
2022-04-07,49.0881,49.0881,49.0881,49.0881,0
2022-04-08,49.0637,49.0637,49.0637,49.0637,0
2022-04-11,48.8211,48.8211,48.8211,48.8211,0
2022-04-12,48.7515,48.7515,48.7515,48.7515,0
2022-04-13,49.5488,49.5488,49.5488,49.5488,0
2022-04-14,49.2574,49.2574,49.2574,49.2574,0
2022-04-18,49.1765,49.1765,49.1765,49.1765,0
2022-04-19,50.2841,50.2841,50.2841,50.2841,0
2022-04-20,50.6545,50.6545,50.6545,50.6545,0
2022-04-21,49.7482,49.7482,49.7482,49.7482,0
2022-04-22,48.4036,48.4036,48.4036,48.4036,0
2022-04-25,48.6819,48.6819,48.6819,48.6819,0
2022-04-26,47.2565,47.2565,47.2565,47.2565,0
2022-04-27,47.3016,47.3016,47.3016,47.3016,0
2022-04-28,48.1855,48.1855,48.1855,48.1855,0
2022-04-29,46.8748,46.8748,46.8748,46.8748,0
2022-05-02,47.1475,47.1475,47.1475,47.1475,0
2022-05-03,47.6232,47.6232,47.6232,47.6232,0
2022-05-04,48.9471,48.9471,48.9471,48.9471,0
2022-05-05,47.1418,47.1418,47.1418,47.1418,0
2022-05-06,46.5156,46.5156,46.5156,46.5156,0
2022-05-09,44.9416,44.9416,44.9416,44.9416,0
2022-05-10,44.8025,44.8025,44.8025,44.8025,0
2022-05-11,44.0296,44.0296,44.0296,44.0296,0
2022-05-12,44.4621,44.4621,44.4621,44.4621,0
2022-05-13,45.6224,45.6224,45.6224,45.6224,0
2022-05-16,45.3704,45.3704,45.3704,45.3704,0
2022-05-17,46.7356,46.7356,46.7356,46.7356,0
2022-05-18,44.9379,44.9379,44.9379,44.9379,0
2022-05-19,44.889,44.889,44.889,44.889,0
2022-05-20,44.7724,44.7724,44.7724,44.7724,0
2022-05-23,45.25,45.25,45.25,45.25,0
2022-05-24,44.6916,44.6916,44.6916,44.6916,0
2022-05-25,45.5584,45.5584,45.5584,45.5584,0
2022-05-26,46.619,46.619,46.619,46.619,0
2022-05-27,47.6966,47.6966,47.6966,47.6966,0
2022-05-31,47.234,47.234,47.234,47.234,0
2022-06-01,46.8315,46.8315,46.8315,46.8315,0
2022-06-02,47.8996,47.8996,47.8996,47.8996,0
2022-06-03,47.3524,47.3524,47.3524,47.3524,0
2022-06-06,47.6288,47.6288,47.6288,47.6288,0
2022-06-07,48.2457,48.2457,48.2457,48.2457,0
2022-06-08,47.3524,47.3524,47.3524,47.3524,0
2022-06-09,46.3734,46.3734,46.3734,46.3734,0
2022-06-10,45.1472,45.1472,45.1472,45.1472,0
2022-06-13,43.0967,43.0967,43.0967,43.0967,0
2022-06-14,42.9382,42.9382,42.9382,42.9382,0
2022-06-15,43.4438,43.4438,43.4438,43.4438,0
2022-06-16,41.3254,41.3254,41.3254,41.3254,0
2022-06-17,41.7196,41.7196,41.7196,41.7196,0
2022-06-21,42.2874,42.2874,42.2874,42.2874,0
2022-06-22,42.1346,42.1346,42.1346,42.1346,0
2022-06-23,42.3987,42.3987,42.3987,42.3987,0
2022-06-24,43.8928,43.8928,43.8928,43.8928,0
2022-06-27,44.0625,44.0625,44.0625,44.0625,0
2022-06-28,43.4155,43.4155,43.4155,43.4155,0
2022-06-29,43.076,43.076,43.076,43.076,0
2022-06-30,42.676,42.676,42.676,42.676,0
2022-07-01,43.208,43.208,43.208,43.208,0
2022-07-05,43.1495,43.1495,43.1495,43.1495,0
2022-07-06,42.893,42.893,42.893,42.893,0
2022-07-07,43.8079,43.8079,43.8079,43.8079,0
2022-07-08,43.6626,43.6626,43.6626,43.6626,0
2022-07-11,43.1684,43.1684,43.1684,43.1684,0
2022-07-12,43.076,43.076,43.076,43.076,0
2022-07-13,42.9665,42.9665,42.9665,42.9665,0
2022-07-14,42.544,42.544,42.544,42.544,0
2022-07-15,43.3627,43.3627,43.3627,43.3627,0
2022-07-18,43.2665,43.2665,43.2665,43.2665,0
2022-07-19,44.6832,44.6832,44.6832,44.6832,0
2022-07-20,45.1585,45.1585,45.1585,45.1585,0
2022-07-21,45.517,45.517,45.517,45.517,0
2022-07-22,45.1133,45.1133,45.1133,45.1133,0
2022-07-25,45.383,45.383,45.383,45.383,0
2022-07-26,45.1378,45.1378,45.1378,45.1378,0
2022-07-27,45.981,45.981,45.981,45.981,0
2022-07-28,46.6978,46.6978,46.6978,46.6978,0
2022-07-29,47.3354,47.3354,47.3354,47.3354,0
2022-08-01,47.3241,47.3241,47.3241,47.3241,0
2022-08-02,46.8582,46.8582,46.8582,46.8582,0
2022-08-03,47.2581,47.2581,47.2581,47.2581,0
2022-08-04,46.9016,46.9016,46.9016,46.9016,0
2022-08-05,47.1713,47.1713,47.1713,47.1713,0
2022-08-08,47.4807,47.4807,47.4807,47.4807,0
2022-08-09,47.0732,47.0732,47.0732,47.0732,0
2022-08-10,48.2371,48.2371,48.2371,48.2371,0
2022-08-11,48.5239,48.5239,48.5239,48.5239,0
2022-08-12,49.2841,49.2841,49.2841,49.2841,0
2022-08-15,49.3464,49.3464,49.3464,49.3464,0
2022-08-16,49.6651,49.6651,49.6651,49.6651,0
2022-08-17,48.9936,48.9936,48.9936,48.9936,0
2022-08-18,49.4011,49.4011,49.4011,49.4011,0
2022-08-19,48.5899,48.5899,48.5899,48.5899,0
2022-08-22,47.5524,47.5524,47.5524,47.5524,0
2022-08-23,47.5467,47.5467,47.5467,47.5467,0
2022-08-24,47.7712,47.7712,47.7712,47.7712,0
2022-08-25,48.5748,48.5748,48.5748,48.5748,0
2022-08-26,47.1185,47.1185,47.1185,47.1185,0
2022-08-29,46.8091,46.8091,46.8091,46.8091,0
2022-08-30,46.1715,46.1715,46.1715,46.1715,0
2022-08-31,45.8358,45.8358,45.8358,45.8358,0
2022-09-01,45.4773,45.4773,45.4773,45.4773,0
2022-09-02,45.1435,45.1435,45.1435,45.1435,0
2022-09-06,44.8605,44.8605,44.8605,44.8605,0
2022-09-07,45.881,45.881,45.881,45.881,0
2022-09-08,46.3187,46.3187,46.3187,46.3187,0
2022-09-09,47.1449,47.1449,47.1449,47.1449,0
2022-09-12,47.609,47.609,47.609,47.609,0
2022-09-13,45.8282,45.8282,45.8282,45.8282,0
2022-09-14,45.8377,45.8377,45.8377,45.8377,0
2022-09-15,45.5641,45.5641,45.5641,45.5641,0
2022-09-16,44.9077,44.9077,44.9077,44.9077,0
2022-09-19,45.4849,45.4849,45.4849,45.4849,0
2022-09-20,44.7454,44.7454,44.7454,44.7454,0
2022-09-21,44.1418,44.1418,44.1418,44.1418,0
2022-09-22,43.1835,43.1835,43.1835,43.1835,0
2022-09-23,42.2799,42.2799,42.2799,42.2799,0
2022-09-26,41.6251,41.6251,41.6251,41.6251,0
2022-09-27,41.6631,41.6631,41.6631,41.6631,0
2022-09-28,42.7752,42.7752,42.7752,42.7752,0
2022-09-29,41.9364,41.9364,41.9364,41.9364,0
2022-09-30,41.6119,41.6119,41.6119,41.6119,0
2022-10-03,42.8284,42.8284,42.8284,42.8284,0
2022-10-04,44.5155,44.5155,44.5155,44.5155,0
2022-10-05,44.3087,44.3087,44.3087,44.3087,0
2022-10-06,43.9405,43.9405,43.9405,43.9405,0
2022-10-07,42.8379,42.8379,42.8379,42.8379,0
2022-10-10,42.7525,42.7525,42.7525,42.7525,0
2022-10-11,42.8189,42.8189,42.8189,42.8189,0
2022-10-12,42.5798,42.5798,42.5798,42.5798,0
2022-10-13,43.5173,43.5173,43.5173,43.5173,0
2022-10-14,42.4583,42.4583,42.4583,42.4583,0
2022-10-17,43.6008,43.6008,43.6008,43.6008,0
2022-10-18,44.265,44.265,44.265,44.265,0
2022-10-19,43.4793,43.4793,43.4793,43.4793,0
2022-10-20,42.8303,42.8303,42.8303,42.8303,0
2022-10-21,43.7052,43.7052,43.7052,43.7052,0
2022-10-24,44.0012,44.0012,44.0012,44.0012,0
2022-10-25,45.1039,45.1039,45.1039,45.1039,0
2022-10-26,45.2007,45.2007,45.2007,45.2007,0
2022-10-27,45.231,45.231,45.231,45.231,0
2022-10-28,46.0319,46.0319,46.0319,46.0319,0
2022-10-31,46.0281,46.0281,46.0281,46.0281,0
2022-11-01,46.197,46.197,46.197,46.197,0
2022-11-02,44.842,44.842,44.842,44.842,0
2022-11-03,44.7547,44.7547,44.7547,44.7547,0
2022-11-04,45.5195,45.5195,45.5195,45.5195,0
2022-11-07,45.9047,45.9047,45.9047,45.9047,0
2022-11-08,45.9996,45.9996,45.9996,45.9996,0
2022-11-09,45.0336,45.0336,45.0336,45.0336,0
2022-11-10,47.6432,47.6432,47.6432,47.6432,0
2022-11-11,47.9165,47.9165,47.9165,47.9165,0
2022-11-14,47.4572,47.4572,47.4572,47.4572,0
2022-11-15,48.1878,48.1878,48.1878,48.1878,0
2022-11-16,47.5198,47.5198,47.5198,47.5198,0
2022-11-17,47.2256,47.2256,47.2256,47.2256,0
2022-11-18,47.5274,47.5274,47.5274,47.5274,0
2022-11-21,47.4325,47.4325,47.4325,47.4325,0
2022-11-22,48.2144,48.2144,48.2144,48.2144,0
2022-11-23,48.2543,48.2543,48.2543,48.2543,0
2022-11-25,48.4706,48.4706,48.4706,48.4706,0
2022-11-28,47.5597,47.5597,47.5597,47.5597,0
2022-11-29,47.6963,47.6963,47.6963,47.6963,0
2022-11-30,48.7743,48.7743,48.7743,48.7743,0
2022-12-01,48.723,48.723,48.723,48.723,0
2022-12-02,48.7743,48.7743,48.7743,48.7743,0
2022-12-05,47.5805,47.5805,47.5805,47.5805,0
2022-12-06,47.0055,47.0055,47.0055,47.0055,0
2022-12-07,46.9334,46.9334,46.9334,46.9334,0
2022-12-08,47.3092,47.3092,47.3092,47.3092,0
2022-12-09,46.791,46.791,46.791,46.791,0
2022-12-12,47.2769,47.2769,47.2769,47.2769,0
2022-12-13,47.5788,47.5788,47.5788,47.5788,0
2022-12-14,47.3634,47.3634,47.3634,47.3634,0
2022-12-15,46.2979,46.2979,46.2979,46.2979,0
2022-12-16,45.7794,45.7794,45.7794,45.7794,0
2022-12-19,45.2762,45.2762,45.2762,45.2762,0
2022-12-20,45.5183,45.5183,45.5183,45.5183,0
2022-12-21,46.378,46.378,46.378,46.378,0
2022-12-22,45.8538,45.8538,45.8538,45.8538,0
2022-12-23,46.1778,46.1778,46.1778,46.1778,0
2022-12-27,46.1931,46.1931,46.1931,46.1931,0
2022-12-28,45.4135,45.4135,45.4135,45.4135,0
2022-12-29,46.3112,46.3112,46.3112,46.3112,0
2022-12-30,46.1073,46.1073,46.1073,46.1073,0
2023-01-03,45.8881,45.8881,45.8881,45.8881,0
2023-01-04,46.5781,46.5781,46.5781,46.5781,0
2023-01-05,46.1149,46.1149,46.1149,46.1149,0
2023-01-06,47.2738,47.2738,47.2738,47.2738,0
2023-01-09,47.2834,47.2834,47.2834,47.2834,0
2023-01-10,47.737,47.737,47.737,47.737,0
2023-01-11,48.3203,48.3203,48.3203,48.3203,0
2023-01-12,48.774,48.774,48.774,48.774,0
2023-01-13,49.0198,49.0198,49.0198,49.0198,0
2023-01-17,48.9017,48.9017,48.9017,48.9017,0
2023-01-18,48.2726,48.2726,48.2726,48.2726,0
2023-01-19,47.7866,47.7866,47.7866,47.7866,0
2023-01-20,48.5681,48.5681,48.5681,48.5681,0
2023-01-23,49.1761,49.1761,49.1761,49.1761,0
2023-01-24,49.0065,49.0065,49.0065,49.0065,0
2023-01-25,49.138,49.138,49.138,49.138,0
2023-01-26,49.5593,49.5593,49.5593,49.5593,0
2023-01-27,49.7499,49.7499,49.7499,49.7499,0
2023-01-30,49.2105,49.2105,49.2105,49.2105,0
2023-01-31,50.377,50.377,50.377,50.377,0
2023-02-01,51.2043,51.2043,51.2043,51.2043,0
2023-02-02,51.7933,51.7933,51.7933,51.7933,0
2023-02-03,51.4292,51.4292,51.4292,51.4292,0
2023-02-06,50.8726,50.8726,50.8726,50.8726,0
2023-02-07,51.2329,51.2329,51.2329,51.2329,0
2023-02-08,50.6382,50.6382,50.6382,50.6382,0
2023-02-09,50.0244,50.0244,50.0244,50.0244,0
2023-02-10,50.154,50.154,50.154,50.154,0
2023-02-13,50.7525,50.7525,50.7525,50.7525,0
2023-02-14,50.7659,50.7659,50.7659,50.7659,0
2023-02-15,51.1395,51.1395,51.1395,51.1395,0
2023-02-16,50.7487,50.7487,50.7487,50.7487,0
2023-02-17,50.6915,50.6915,50.6915,50.6915,0
2023-02-21,49.4563,49.4563,49.4563,49.4563,0
2023-02-22,49.5383,49.5383,49.5383,49.5383,0
2023-02-23,49.7518,49.7518,49.7518,49.7518,0
2023-02-24,49.4449,49.4449,49.4449,49.4449,0
2023-02-27,49.5555,49.5555,49.5555,49.5555,0
2023-02-28,49.4335,49.4335,49.4335,49.4335,0
2023-03-01,49.5917,49.5917,49.5917,49.5917,0
2023-03-02,49.8376,49.8376,49.8376,49.8376,0
2023-03-03,50.3923,50.3923,50.3923,50.3923,0
2023-03-06,49.7766,49.7766,49.7766,49.7766,0
2023-03-07,49.1761,49.1761,49.1761,49.1761,0
2023-03-08,49.2238,49.2238,49.2238,49.2238,0
2023-03-09,48.0287,48.0287,48.0287,48.0287,0
2023-03-10,46.6601,46.6601,46.6601,46.6601,0
2023-03-13,45.789,45.789,45.789,45.789,0
2023-03-14,46.6753,46.6753,46.6753,46.6753,0
2023-03-15,45.6574,45.6574,45.6574,45.6574,0
2023-03-16,46.2922,46.2922,46.2922,46.2922,0
2023-03-17,45.2229,45.2229,45.2229,45.2229,0
2023-03-20,46.0024,46.0024,46.0024,46.0024,0
2023-03-21,46.8125,46.8125,46.8125,46.8125,0
2023-03-22,45.6193,45.6193,45.6193,45.6193,0
2023-03-23,45.4216,45.4216,45.4216,45.4216,0
2023-03-24,45.7986,45.7986,45.7986,45.7986,0
2023-03-27,46.2426,46.2426,46.2426,46.2426,0
2023-03-28,46.344,46.344,46.344,46.344,0
2023-03-29,46.9124,46.9124,46.9124,46.9124,0
2023-03-30,47.0502,47.0502,47.0502,47.0502,0
2023-03-31,47.8731,47.8731,47.8731,47.8731,0
2023-04-03,47.8635,47.8635,47.8635,47.8635,0
2023-04-04,47.033,47.033,47.033,47.033,0
2023-04-05,46.7095,46.7095,46.7095,46.7095,0
2023-04-06,46.6521,46.6521,46.6521,46.6521,0
2023-04-10,47.2186,47.2186,47.2186,47.2186,0
2023-04-11,47.6568,47.6568,47.6568,47.6568,0
2023-04-12,47.387,47.387,47.387,47.387,0
2023-04-13,47.7162,47.7162,47.7162,47.7162,0
2023-04-14,47.4559,47.4559,47.4559,47.4559,0
2023-04-17,47.8252,47.8252,47.8252,47.8252,0
2023-04-18,47.7621,47.7621,47.7621,47.7621,0
2023-04-19,47.852,47.852,47.852,47.852,0
2023-04-20,47.6607,47.6607,47.6607,47.6607,0
2023-04-21,47.6396,47.6396,47.6396,47.6396,0
2023-04-24,47.6607,47.6607,47.6607,47.6607,0
2023-04-25,46.7402,46.7402,46.7402,46.7402,0
2023-04-26,46.3211,46.3211,46.3211,46.3211,0
2023-04-27,47.0502,47.0502,47.0502,47.0502,0
2023-04-28,47.498,47.498,47.498,47.498,0
2023-05-01,47.4846,47.4846,47.4846,47.4846,0
2023-05-02,46.8091,46.8091,46.8091,46.8091,0
2023-05-03,46.7593,46.7593,46.7593,46.7593,0
2023-05-04,45.9804,45.9804,45.9804,45.9804,0
2023-05-05,46.9449,46.9449,46.9449,46.9449,0
2023-05-08,46.8167,46.8167,46.8167,46.8167,0
2023-05-09,46.633,46.633,46.633,46.633,0
2023-05-10,46.7153,46.7153,46.7153,46.7153,0
2023-05-11,46.4206,46.4206,46.4206,46.4206,0
2023-05-12,46.4263,46.4263,46.4263,46.4263,0
2023-05-15,46.8129,46.8129,46.8129,46.8129,0
2023-05-16,46.1259,46.1259,46.1259,46.1259,0
2023-05-17,46.9296,46.9296,46.9296,46.9296,0
2023-05-18,47.3315,47.3315,47.3315,47.3315,0
2023-05-19,46.8913,46.8913,46.8913,46.8913,0
2023-05-22,47.144,47.144,47.144,47.144,0
2023-05-23,46.6751,46.6751,46.6751,46.6751,0
2023-05-24,46.2216,46.2216,46.2216,46.2216,0
2023-05-25,46.2158,46.2158,46.2158,46.2158,0
2023-05-26,46.6598,46.6598,46.6598,46.6598,0
2023-05-30,46.6253,46.6253,46.6253,46.6253,0
2023-05-31,45.9709,45.9709,45.9709,45.9709,0
2023-06-01,46.3345,46.3345,46.3345,46.3345,0
2023-06-02,47.896,47.896,47.896,47.896,0
2023-06-05,47.3793,47.3793,47.3793,47.3793,0
2023-06-06,48.3496,48.3496,48.3496,48.3496,0
2023-06-07,49.0936,49.0936,49.0936,49.0936,0
2023-06-08,48.8901,48.8901,48.8901,48.8901,0
2023-06-09,48.5926,48.5926,48.5926,48.5926,0
2023-06-12,48.8594,48.8594,48.8594,48.8594,0
2023-06-13,49.3796,49.3796,49.3796,49.3796,0
2023-06-14,49.0763,49.0763,49.0763,49.0763,0
2023-06-15,49.5581,49.5581,49.5581,49.5581,0
2023-06-16,49.3469,49.3469,49.3469,49.3469,0
2023-06-20,48.988,48.988,48.988,48.988,0
2023-06-21,48.9343,48.9343,48.9343,48.9343,0
2023-06-22,48.6655,48.6655,48.6655,48.6655,0
2023-06-23,48.1051,48.1051,48.1051,48.1051,0
2023-06-26,48.4928,48.4928,48.4928,48.4928,0
2023-06-27,49.2702,49.2702,49.2702,49.2702,0
2023-06-28,49.2874,49.2874,49.2874,49.2874,0
2023-06-29,49.8863,49.8863,49.8863,49.8863,0
2023-06-30,50.1896,50.1896,50.1896,50.1896,0
2023-07-03,50.3335,50.3335,50.3335,50.3335,0
2023-07-05,49.917,49.917,49.917,49.917,0
2023-07-06,49.3738,49.3738,49.3738,49.3738,0
2023-07-07,49.8383,49.8383,49.8383,49.8383,0
2023-07-10,50.4775,50.4775,50.4775,50.4775,0
2023-07-11,51.0322,51.0322,51.0322,51.0322,0
2023-07-12,51.4007,51.4007,51.4007,51.4007,0
2023-07-13,51.681,51.681,51.681,51.681,0
2023-07-14,51.2165,51.2165,51.2165,51.2165,0
2023-07-17,51.5313,51.5313,51.5313,51.5313,0
2023-07-18,52.0284,52.0284,52.0284,52.0284,0
2023-07-19,52.205,52.205,52.205,52.205,0
2023-07-20,51.942,51.942,51.942,51.942,0
2023-07-21,51.8172,51.8172,51.8172,51.8172,0
2023-07-24,51.8787,51.8787,51.8787,51.8787,0
2023-07-25,51.9689,51.9689,51.9689,51.9689,0
2023-07-26,52.2645,52.2645,52.2645,52.2645,0
2023-07-27,51.6272,51.6272,51.6272,51.6272,0
2023-07-28,52.061,52.061,52.061,52.061,0
2023-07-31,52.2856,52.2856,52.2856,52.2856,0
2023-08-01,52.157,52.157,52.157,52.157,0
2023-08-02,51.5658,51.5658,51.5658,51.5658,0
2023-08-03,51.3815,51.3815,51.3815,51.3815,0
2023-08-04,51.3873,51.3873,51.3873,51.3873,0
2023-08-07,51.7769,51.7769,51.7769,51.7769,0
2023-08-08,51.3393,51.3393,51.3393,51.3393,0
2023-08-09,51.0917,51.0917,51.0917,51.0917,0
2023-08-10,51.013,51.013,51.013,51.013,0
2023-08-11,51.0034,51.0034,51.0034,51.0034,0
2023-08-14,51.0955,51.0955,51.0955,51.0955,0
2023-08-15,50.4026,50.4026,50.4026,50.4026,0
2023-08-16,49.9151,49.9151,49.9151,49.9151,0
2023-08-17,49.2951,49.2951,49.2951,49.2951,0
2023-08-18,49.4448,49.4448,49.4448,49.4448,0
2023-08-21,49.4813,49.4813,49.4813,49.4813,0
2023-08-22,49.2625,49.2625,49.2625,49.2625,0
2023-08-23,49.8057,49.8057,49.8057,49.8057,0
2023-08-24,49.3009,49.3009,49.3009,49.3009,0
2023-08-25,49.4506,49.4506,49.4506,49.4506,0
2023-08-28,49.9151,49.9151,49.9151,49.9151,0
2023-08-29,50.6138,50.6138,50.6138,50.6138,0
2023-08-30,50.7424,50.7424,50.7424,50.7424,0
2023-08-31,50.7309,50.7309,50.7309,50.7309,0
2023-09-01,51.228,51.228,51.228,51.228,0
2023-09-05,50.0629,50.0629,50.0629,50.0629,0
2023-09-06,49.9208,49.9208,49.9208,49.9208,0
2023-09-07,49.4506,49.4506,49.4506,49.4506,0
2023-09-08,49.4045,49.4045,49.4045,49.4045,0
2023-09-11,49.4813,49.4813,49.4813,49.4813,0
2023-09-12,49.4679,49.4679,49.4679,49.4679,0
2023-09-13,49.2087,49.2087,49.2087,49.2087,0
2023-09-14,49.7961,49.7961,49.7961,49.7961,0
2023-09-15,49.3143,49.3143,49.3143,49.3143,0
2023-09-18,49.2414,49.2414,49.2414,49.2414,0
2023-09-19,49.1646,49.1646,49.1646,49.1646,0
2023-09-20,48.8767,48.8767,48.8767,48.8767,0
2023-09-21,47.986,47.986,47.986,47.986,0
2023-09-22,47.9285,47.9285,47.9285,47.9285,0
2023-09-25,48.2241,48.2241,48.2241,48.2241,0
2023-09-26,47.462,47.462,47.462,47.462,0
2023-09-27,47.7416,47.7416,47.7416,47.7416,0
2023-09-28,48.2391,48.2391,48.2391,48.2391,0
2023-09-29,48.0791,48.0791,48.0791,48.0791,0
2023-10-02,47.4524,47.4524,47.4524,47.4524,0
2023-10-03,46.6811,46.6811,46.6811,46.6811,0
2023-10-04,46.9106,46.9106,46.9106,46.9106,0
2023-10-05,46.8296,46.8296,46.8296,46.8296,0
2023-10-06,47.2133,47.2133,47.2133,47.2133,0
2023-10-09,47.5681,47.5681,47.5681,47.5681,0
2023-10-10,48.0116,48.0116,48.0116,48.0116,0
2023-10-11,48.1581,48.1581,48.1581,48.1581,0
2023-10-12,47.2442,47.2442,47.2442,47.2442,0
2023-10-13,46.9665,46.9665,46.9665,46.9665,0
2023-10-16,47.7204,47.7204,47.7204,47.7204,0
2023-10-17,48.3027,48.3027,48.3027,48.3027,0
2023-10-18,47.2326,47.2326,47.2326,47.2326,0
2023-10-19,46.5018,46.5018,46.5018,46.5018,0
2023-10-20,45.9966,45.9966,45.9966,45.9966,0
2023-10-23,45.5628,45.5628,45.5628,45.5628,0
2023-10-24,45.8154,45.8154,45.8154,45.8154,0
2023-10-25,45.129,45.129,45.129,45.129,0
2023-10-26,45.3411,45.3411,45.3411,45.3411,0
2023-10-27,44.7414,44.7414,44.7414,44.7414,0
2023-10-30,45.1019,45.1019,45.1019,45.1019,0
2023-10-31,45.5049,45.5049,45.5049,45.5049,0
2023-11-01,45.7845,45.7845,45.7845,45.7845,0
2023-11-02,46.7698,46.7698,46.7698,46.7698,0
2023-11-03,47.6838,47.6838,47.6838,47.6838,0
2023-11-06,47.2152,47.2152,47.2152,47.2152,0
2023-11-07,47.0976,47.0976,47.0976,47.0976,0
2023-11-08,46.8701,46.8701,46.8701,46.8701,0
2023-11-09,46.3707,46.3707,46.3707,46.3707,0
2023-11-10,46.9453,46.9453,46.9453,46.9453,0
2023-11-13,46.8797,46.8797,46.8797,46.8797,0
2023-11-14,48.7096,48.7096,48.7096,48.7096,0
2023-11-15,48.9159,48.9159,48.9159,48.9159,0
2023-11-16,48.43,48.43,48.43,48.43,0
2023-11-17,48.8233,48.8233,48.8233,48.8233,0
2023-11-20,49.0431,49.0431,49.0431,49.0431,0
2023-11-21,48.806,48.806,48.806,48.806,0
2023-11-22,49.101,49.101,49.101,49.101,0
2023-11-24,49.3035,49.3035,49.3035,49.3035,0
2023-11-27,49.2205,49.2205,49.2205,49.2205,0
2023-11-28,48.9043,48.9043,48.9043,48.9043,0
2023-11-29,49.0952,49.0952,49.0952,49.0952,0
2023-11-30,49.3729,49.3729,49.3729,49.3729,0
2023-12-01,50.5645,50.5645,50.5645,50.5645,0
2023-12-04,50.9887,50.9887,50.9887,50.9887,0
2023-12-05,50.3196,50.3196,50.3196,50.3196,0
2023-12-06,50.2328,50.2328,50.2328,50.2328,0
2023-12-07,50.5143,50.5143,50.5143,50.5143,0
2023-12-08,50.7399,50.7399,50.7399,50.7399,0
2023-12-11,50.9925,50.9925,50.9925,50.9925,0
2023-12-12,50.8903,50.8903,50.8903,50.8903,0
2023-12-13,52.1938,52.1938,52.1938,52.1938,0
2023-12-14,53.3835,53.3835,53.3835,53.3835,0
2023-12-15,52.94,52.94,52.94,52.94,0
2023-12-18,53.019,53.019,53.019,53.019,0
2023-12-19,53.719,53.719,53.719,53.719,0
2023-12-20,52.8467,52.8467,52.8467,52.8467,0
2023-12-21,53.5613,53.5613,53.5613,53.5613,0
2023-12-22,53.7821,53.7821,53.7821,53.7821,0
2023-12-26,54.1849,54.1849,54.1849,54.1849,0
2023-12-27,54.1946,54.1946,54.1946,54.1946,0
2023-12-28,54.1946,54.1946,54.1946,54.1946,0
2023-12-29,53.6717,53.6717,53.6717,53.6717,0
2024-01-02,53.4994,53.4994,53.4994,53.4994,0
2024-01-03,52.289,52.289,52.289,52.289,0
2024-01-04,52.1941,52.1941,52.1941,52.1941,0
2024-01-05,52.3839,52.3839,52.3839,52.3839,0
2024-01-08,53.0404,53.0404,53.0404,53.0404,0
2024-01-09,52.6996,52.6996,52.6996,52.6996,0
2024-01-10,52.8216,52.8216,52.8216,52.8216,0
2024-01-11,52.7034,52.7034,52.7034,52.7034,0
2024-01-12,52.688,52.688,52.688,52.688,0
2024-01-16,52.3316,52.3316,52.3316,52.3316,0
2024-01-17,51.9676,51.9676,51.9676,51.9676,0
2024-01-18,52.4072,52.4072,52.4072,52.4072,0
2024-01-19,52.9029,52.9029,52.9029,52.9029,0
2024-01-22,53.5284,53.5284,53.5284,53.5284,0
2024-01-23,53.3154,53.3154,53.3154,53.3154,0
2024-01-24,52.9726,52.9726,52.9726,52.9726,0
2024-01-25,53.3077,53.3077,53.3077,53.3077,0
2024-01-26,53.3619,53.3619,53.3619,53.3619,0
2024-01-29,53.8712,53.8712,53.8712,53.8712,0
2024-01-30,53.7414,53.7414,53.7414,53.7414,0
2024-01-31,52.7402,52.7402,52.7402,52.7402,0
2024-02-01,53.4374,53.4374,53.4374,53.4374,0
2024-02-02,53.4471,53.4471,53.4471,53.4471,0
2024-02-05,52.8448,52.8448,52.8448,52.8448,0
2024-02-06,53.1062,53.1062,53.1062,53.1062,0
2024-02-07,53.3696,53.3696,53.3696,53.3696,0
2024-02-08,53.8634,53.8634,53.8634,53.8634,0
2024-02-09,54.2798,54.2798,54.2798,54.2798,0
2024-02-12,54.7852,54.7852,54.7852,54.7852,0
2024-02-13,53.4413,53.4413,53.4413,53.4413,0
2024-02-14,54.1965,54.1965,54.1965,54.1965,0
2024-02-15,55.188,55.188,55.188,55.188,0
2024-02-16,54.6749,54.6749,54.6749,54.6749,0
2024-02-20,54.2895,54.2895,54.2895,54.2895,0
2024-02-21,54.3553,54.3553,54.3553,54.3553,0
2024-02-22,55.2016,55.2016,55.2016,55.2016,0
2024-02-23,55.2307,55.2307,55.2307,55.2307,0
2024-02-26,55.1726,55.1726,55.1726,55.1726,0
2024-02-27,55.463,55.463,55.463,55.463,0
2024-02-28,55.4243,55.4243,55.4243,55.4243,0
2024-02-29,55.831,55.831,55.831,55.831,0
2024-03-01,56.3054,56.3054,56.3054,56.3054,0
2024-03-04,56.6443,56.6443,56.6443,56.6443,0
2024-03-05,56.4894,56.4894,56.4894,56.4894,0
2024-03-06,56.8864,56.8864,56.8864,56.8864,0
2024-03-07,57.4383,57.4383,57.4383,57.4383,0
2024-03-08,57.1382,57.1382,57.1382,57.1382,0
2024-03-11,56.8574,56.8574,56.8574,56.8574,0
2024-03-12,57.1672,57.1672,57.1672,57.1672,0
2024-03-13,57.3996,57.3996,57.3996,57.3996,0
2024-03-14,56.7024,56.7024,56.7024,56.7024,0
2024-03-15,56.6153,56.6153,56.6153,56.6153,0
2024-03-18,56.4894,56.4894,56.4894,56.4894,0
2024-03-19,56.9348,56.9348,56.9348,56.9348,0
2024-03-20,57.7094,57.7094,57.7094,57.7094,0
2024-03-21,58.3308,58.3308,58.3308,58.3308,0
2024-03-22,57.8648,57.8648,57.8648,57.8648,0
2024-03-25,57.9133,57.9133,57.9133,57.9133,0
2024-03-26,57.8357,57.8357,57.8357,57.8357,0
2024-03-27,58.8163,58.8163,58.8163,58.8163,0
2024-03-28,58.9716,58.9716,58.9716,58.9716,0
2024-04-01,58.6124,58.6124,58.6124,58.6124,0
2024-04-02,57.8357,57.8357,57.8357,57.8357,0
2024-04-03,58.0978,58.0978,58.0978,58.0978,0
2024-04-04,57.4376,57.4376,57.4376,57.4376,0
2024-04-05,57.923,57.923,57.923,57.923,0
2024-04-08,58.1755,58.1755,58.1755,58.1755,0
2024-04-09,58.2531,58.2531,58.2531,58.2531,0
2024-04-10,57.0687,57.0687,57.0687,57.0687,0
2024-04-11,57.0978,57.0978,57.0978,57.0978,0
2024-04-12,56.2046,56.2046,56.2046,56.2046,0
2024-04-15,55.5929,55.5929,55.5929,55.5929,0
2024-04-16,55.3502,55.3502,55.3502,55.3502,0
2024-04-17,54.8648,54.8648,54.8648,54.8648,0
2024-04-18,54.7871,54.7871,54.7871,54.7871,0
2024-04-19,54.9327,54.9327,54.9327,54.9327,0
2024-04-22,55.4958,55.4958,55.4958,55.4958,0
2024-04-23,56.1657,56.1657,56.1657,56.1657,0
2024-04-24,56.1852,56.1852,56.1852,56.1852,0
2024-04-25,56.0007,56.0007,56.0007,56.0007,0
2024-04-26,56.1366,56.1366,56.1366,56.1366,0
2024-04-29,56.4764,56.4764,56.4764,56.4764,0
2024-04-30,55.4667,55.4667,55.4667,55.4667,0
2024-05-01,55.4958,55.4958,55.4958,55.4958,0
2024-05-02,56.2337,56.2337,56.2337,56.2337,0
2024-05-03,56.8259,56.8259,56.8259,56.8259,0
2024-05-06,57.5929,57.5929,57.5929,57.5929,0
2024-05-07,57.7871,57.7871,57.7871,57.7871,0
2024-05-08,57.5541,57.5541,57.5541,57.5541,0
2024-05-09,58.1075,58.1075,58.1075,58.1075,0
2024-05-10,58.0687,58.0687,58.0687,58.0687,0
2024-05-13,58.0395,58.0395,58.0395,58.0395,0
2024-05-14,58.5541,58.5541,58.5541,58.5541,0
2024-05-15,59.0201,59.0201,59.0201,59.0201,0
2024-05-16,58.5056,58.5056,58.5056,58.5056,0
2024-05-17,58.5541,58.5541,58.5541,58.5541,0
2024-05-20,58.5832,58.5832,58.5832,58.5832,0
2024-05-21,58.5153,58.5153,58.5153,58.5153,0
2024-05-22,58.0298,58.0298,58.0298,58.0298,0
2024-05-23,57.3017,57.3017,57.3017,57.3017,0
2024-05-24,57.7871,57.7871,57.7871,57.7871,0
2024-05-28,57.4279,57.4279,57.4279,57.4279,0
2024-05-29,56.6803,56.6803,56.6803,56.6803,0
2024-05-30,57.1949,57.1949,57.1949,57.1949,0
2024-05-31,57.9425,57.9425,57.9425,57.9425,0
2024-06-03,57.4667,57.4667,57.4667,57.4667,0
2024-06-04,56.6997,56.6997,56.6997,56.6997,0
2024-06-05,57.3308,57.3308,57.3308,57.3308,0
2024-06-06,57.156,57.156,57.156,57.156,0
2024-06-07,56.7483,56.7483,56.7483,56.7483,0
2024-06-10,56.8259,56.8259,56.8259,56.8259,0
2024-06-11,56.5738,56.5738,56.5738,56.5738,0
2024-06-12,57.3332,57.3332,57.3332,57.3332,0
2024-06-13,56.9827,56.9827,56.9827,56.9827,0
2024-06-14,56.3012,56.3012,56.3012,56.3012,0
2024-06-17,56.8074,56.8074,56.8074,56.8074,0
2024-06-18,56.9145,56.9145,56.9145,56.9145,0
2024-06-20,56.7685,56.7685,56.7685,56.7685,0
2024-06-21,57.0022,57.0022,57.0022,57.0022,0
2024-06-24,57.3429,57.3429,57.3429,57.3429,0
2024-06-25,56.7977,56.7977,56.7977,56.7977,0
2024-06-26,56.6419,56.6419,56.6419,56.6419,0
2024-06-27,56.8269,56.8269,56.8269,56.8269,0
2024-06-28,56.9729,56.9729,56.9729,56.9729,0
2024-07-01,56.4375,56.4375,56.4375,56.4375,0
2024-07-02,56.6127,56.6127,56.6127,56.6127,0
2024-07-03,56.7296,56.7296,56.7296,56.7296,0
2024-07-05,56.3693,56.3693,56.3693,56.3693,0
2024-07-08,56.5446,56.5446,56.5446,56.5446,0
2024-07-09,56.2038,56.2038,56.2038,56.2038,0
2024-07-10,56.8269,56.8269,56.8269,56.8269,0
2024-07-11,58.2289,58.2289,58.2289,58.2289,0
2024-07-12,58.8227,58.8227,58.8227,58.8227,0
2024-07-15,59.1829,59.1829,59.1829,59.1829,0
2024-07-16,60.6043,60.6043,60.6043,60.6043,0
2024-07-17,59.7184,59.7184,59.7184,59.7184,0
2024-07-18,59.0661,59.0661,59.0661,59.0661,0
2024-07-19,58.6572,58.6572,58.6572,58.6572,0
2024-07-22,59.3777,59.3777,59.3777,59.3777,0
2024-07-23,59.514,59.514,59.514,59.514,0
2024-07-24,58.3554,58.3554,58.3554,58.3554,0
2024-07-25,58.8227,58.8227,58.8227,58.8227,0
2024-07-26,59.8352,59.8352,59.8352,59.8352,0
2024-07-29,59.7573,59.7573,59.7573,59.7573,0
2024-07-30,59.9715,59.9715,59.9715,59.9715,0
2024-07-31,60.3317,60.3317,60.3317,60.3317,0
2024-08-01,58.998,58.998,58.998,58.998,0
2024-08-02,57.3624,57.3624,57.3624,57.3624,0
2024-08-05,55.8047,55.8047,55.8047,55.8047,0
2024-08-06,56.3596,56.3596,56.3596,56.3596,0
2024-08-07,55.9604,55.9604,55.9604,55.9604,0
2024-08-08,57.1579,57.1579,57.1579,57.1579,0
2024-08-09,57.119,57.119,57.119,57.119,0
2024-08-12,56.7782,56.7782,56.7782,56.7782,0
2024-08-13,57.5474,57.5474,57.5474,57.5474,0
2024-08-14,57.4792,57.4792,57.4792,57.4792,0
2024-08-15,58.6183,58.6183,58.6183,58.6183,0
2024-08-16,58.6475,58.6475,58.6475,58.6475,0
2024-08-19,59.2121,59.2121,59.2121,59.2121,0
2024-08-20,58.6864,58.6864,58.6864,58.6864,0
2024-08-21,59.3971,59.3971,59.3971,59.3971,0
2024-08-22,59.0369,59.0369,59.0369,59.0369,0
2024-08-23,60.322,60.322,60.322,60.322,0
2024-08-26,60.137,60.137,60.137,60.137,0
2024-08-27,59.9034,59.9034,59.9034,59.9034,0
2024-08-28,59.6308,59.6308,59.6308,59.6308,0
2024-08-29,59.7866,59.7866,59.7866,59.7866,0
2024-08-30,60.2539,60.2539,60.2539,60.2539,0
2024-09-03,58.6962,58.6962,58.6962,58.6962,0
2024-09-04,58.5014,58.5014,58.5014,58.5014,0
2024-09-05,58.1023,58.1023,58.1023,58.1023,0
2024-09-06,57.3332,57.3332,57.3332,57.3332,0
2024-09-09,57.5668,57.5668,57.5668,57.5668,0
2024-09-10,57.4403,57.4403,57.4403,57.4403,0
2024-09-11,57.6739,57.6739,57.6739,57.6739,0
2024-09-12,58.1607,58.1607,58.1607,58.1607,0
2024-09-13,59.2024,59.2024,59.2024,59.2024,0
2024-09-16,59.6016,59.6016,59.6016,59.6016,0
2024-09-17,59.9034,59.9034,59.9034,59.9034,0
2024-09-18,59.9618,59.9618,59.9618,59.9618,0
2024-09-19,60.9938,60.9938,60.9938,60.9938,0
2024-09-20,60.5557,60.5557,60.5557,60.5557,0
2024-09-23,60.8867,60.8867,60.8867,60.8867,0
2024-09-24,60.8769,60.8769,60.8769,60.8769,0
2024-09-25,60.2603,60.2603,60.2603,60.2603,0
2024-09-26,60.7489,60.7489,60.7489,60.7489,0
2024-09-27,60.8564,60.8564,60.8564,60.8564,0
2024-09-30,60.9053,60.9053,60.9053,60.9053,0
2024-10-01,60.4264,60.4264,60.4264,60.4264,0
2024-10-02,60.4753,60.4753,60.4753,60.4753,0
2024-10-03,60.2798,60.2798,60.2798,60.2798,0
2024-10-04,60.8662,60.8662,60.8662,60.8662,0
2024-10-07,60.446,60.446,60.446,60.446,0
2024-10-08,60.485,60.485,60.485,60.485,0
2024-10-09,60.8857,60.8857,60.8857,60.8857,0
2024-10-10,60.5632,60.5632,60.5632,60.5632,0
2024-10-11,61.5894,61.5894,61.5894,61.5894,0
2024-10-14,61.9608,61.9608,61.9608,61.9608,0
2024-10-15,61.8044,61.8044,61.8044,61.8044,0
2024-10-16,62.3615,62.3615,62.3615,62.3615,0
2024-10-17,62.4299,62.4299,62.4299,62.4299,0
2024-10-18,62.4592,62.4592,62.4592,62.4592,0
2024-10-21,61.7262,61.7262,61.7262,61.7262,0
2024-10-22,61.3158,61.3158,61.3158,61.3158,0
2024-10-23,60.9444,60.9444,60.9444,60.9444,0
2024-10-24,61.0421,61.0421,61.0421,61.0421,0
2024-10-25,60.7098,60.7098,60.7098,60.7098,0
2024-10-28,61.3158,61.3158,61.3158,61.3158,0
2024-10-29,61.3842,61.3842,61.3842,61.3842,0
2024-10-30,61.2962,61.2962,61.2962,61.2962,0
2024-10-31,60.4948,60.4948,60.4948,60.4948,0
2024-11-01,60.6121,60.6121,60.6121,60.6121,0
2024-11-04,60.788,60.788,60.788,60.788,0
2024-11-05,61.6676,61.6676,61.6676,61.6676,0
2024-11-06,64.2183,64.2183,64.2183,64.2183,0
2024-11-07,64.1206,64.1206,64.1206,64.1206,0
2024-11-08,64.4333,64.4333,64.4333,64.4333,0
2024-11-11,65.0002,65.0002,65.0002,65.0002,0
2024-11-12,64.3161,64.3161,64.3161,64.3161,0
2024-11-13,63.9545,63.9545,63.9545,63.9545,0
2024-11-14,63.3876,63.3876,63.3876,63.3876,0
2024-11-15,62.7133,62.7133,62.7133,62.7133,0
2024-11-18,62.8306,62.8306,62.8306,62.8306,0
2024-11-19,62.8599,62.8599,62.8599,62.8599,0
2024-11-20,63.241,63.241,63.241,63.241,0
2024-11-21,64.2379,64.2379,64.2379,64.2379,0
2024-11-22,65.3227,65.3227,65.3227,65.3227,0
2024-11-25,66.3293,66.3293,66.3293,66.3293,0
2024-11-26,66.0166,66.0166,66.0166,66.0166,0
2024-11-27,65.7918,65.7918,65.7918,65.7918,0
2024-11-29,65.87,65.87,65.87,65.87,0
2024-12-02,65.6647,65.6647,65.6647,65.6647,0
2024-12-03,65.4986,65.4986,65.4986,65.4986,0
2024-12-04,65.6843,65.6843,65.6843,65.6843,0
2024-12-05,65.1468,65.1468,65.1468,65.1468,0
2024-12-06,65.1565,65.1565,65.1565,65.1565,0
2024-12-09,64.8536,64.8536,64.8536,64.8536,0
2024-12-10,64.4236,64.4236,64.4236,64.4236,0
2024-12-11,64.8243,64.8243,64.8243,64.8243,0
2024-12-12,64.4529,64.4529,64.4529,64.4529,0
2024-12-13,64.1401,64.1401,64.1401,64.1401,0
2024-12-16,64.1304,64.1304,64.1304,64.1304,0
2024-12-17,63.3522,63.3522,63.3522,63.3522,0
2024-12-18,60.948,60.948,60.948,60.948,0
2024-12-19,60.791,60.791,60.791,60.791,0
2024-12-20,61.1934,61.1934,61.1934,61.1934,0
2024-12-23,61.3504,61.3504,61.3504,61.3504,0
2024-12-24,61.8116,61.8116,61.8116,61.8116,0
2024-12-26,62.0471,62.0471,62.0471,62.0471,0
2024-12-27,61.4387,61.4387,61.4387,61.4387,0
2024-12-30,61.0069,61.0069,61.0069,61.0069,0
2024-12-31,61.1443,61.1443,61.1443,61.1443,0
2025-01-02,60.9873,60.9873,60.9873,60.9873,0
2025-01-03,61.7331,61.7331,61.7331,61.7331,0
2025-01-06,61.841,61.841,61.841,61.841,0
2025-01-07,61.4387,61.4387,61.4387,61.4387,0
2025-01-08,61.6055,61.6055,61.6055,61.6055,0
2025-01-10,60.7322,60.7322,60.7322,60.7322,0
2025-01-13,61.2032,61.2032,61.2032,61.2032,0
2025-01-14,61.9195,61.9195,61.9195,61.9195,0
2025-01-15,62.734,62.734,62.734,62.734,0
2025-01-16,63.205,63.205,63.205,63.205,0
2025-01-17,63.4896,63.4896,63.4896,63.4896,0
2025-01-21,64.569,64.569,64.569,64.569,0
2025-01-22,64.255,64.255,64.255,64.255,0
2025-01-23,64.2648,64.2648,64.2648,64.2648,0
2025-01-24,64.1765,64.1765,64.1765,64.1765,0
2025-01-27,63.4994,63.4994,63.4994,63.4994,0
2025-01-28,63.5779,63.5779,63.5779,63.5779,0
2025-01-29,63.3326,63.3326,63.3326,63.3326,0
2025-01-30,64.0293,64.0293,64.0293,64.0293,0
2025-01-31,63.4405,63.4405,63.4405,63.4405,0
2025-02-03,62.7144,62.7144,62.7144,62.7144,0
2025-02-04,63.1167,63.1167,63.1167,63.1167,0
2025-02-05,63.6858,63.6858,63.6858,63.6858,0
2025-02-06,63.6662,63.6662,63.6662,63.6662,0
2025-02-07,62.8517,62.8517,62.8517,62.8517,0
2025-02-10,62.9204,62.9204,62.9204,62.9204,0
2025-02-11,62.626,62.626,62.626,62.626,0
2025-02-12,62.1648,62.1648,62.1648,62.1648,0
2025-02-13,62.7438,62.7438,62.7438,62.7438,0
2025-02-14,62.7045,62.7045,62.7045,62.7045,0
2025-02-18,63.2835,63.2835,63.2835,63.2835,0
2025-02-19,62.9401,62.9401,62.9401,62.9401,0
2025-02-20,62.3317,62.3317,62.3317,62.3317,0
2025-02-21,60.8401,60.8401,60.8401,60.8401,0
2025-02-24,60.7518,60.7518,60.7518,60.7518,0
2025-02-25,60.742,60.742,60.742,60.742,0
2025-02-26,60.8499,60.8499,60.8499,60.8499,0
2025-02-27,60.1041,60.1041,60.1041,60.1041,0
2025-02-28,60.7223,60.7223,60.7223,60.7223,0
2025-03-03,59.3682,59.3682,59.3682,59.3682,0
2025-03-04,58.4359,58.4359,58.4359,58.4359,0
2025-03-05,59.1621,59.1621,59.1621,59.1621,0
2025-03-06,58.2593,58.2593,58.2593,58.2593,0
2025-03-07,58.6224,58.6224,58.6224,58.6224,0
2025-03-10,57.3761,57.3761,57.3761,57.3761,0
2025-03-11,57.0719,57.0719,57.0719,57.0719,0
2025-03-12,57.0229,57.0229,57.0229,57.0229,0
2025-03-13,56.1397,56.1397,56.1397,56.1397,0
2025-03-14,57.5037,57.5037,57.5037,57.5037,0
2025-03-17,58.3672,58.3672,58.3672,58.3672,0
2025-03-18,57.888,57.888,57.888,57.888,0
2025-03-19,58.6063,58.6063,58.6063,58.6063,0
2025-03-20,58.1832,58.1832,58.1832,58.1832,0
2025-03-21,57.8585,57.8585,57.8585,57.8585,0
2025-03-24,59.2951,59.2951,59.2951,59.2951,0
2025-03-25,59.1475,59.1475,59.1475,59.1475,0
2025-03-26,58.7736,58.7736,58.7736,58.7736,0
2025-03-27,58.3308,58.3308,58.3308,58.3308,0
2025-03-28,57.278,57.278,57.278,57.278,0
2025-03-31,57.4157,57.4157,57.4157,57.4157,0
2025-04-01,57.7208,57.7208,57.7208,57.7208,0
2025-04-02,58.6457,58.6457,58.6457,58.6457,0
2025-04-03,54.6999,54.6999,54.6999,54.6999,0
2025-04-04,52.0333,52.0333,52.0333,52.0333,0
2025-04-07,51.4626,51.4626,51.4626,51.4626,0
2025-04-08,50.3409,50.3409,50.3409,50.3409,0
2025-04-09,55.005,55.005,55.005,55.005,0
2025-04-10,52.8205,52.8205,52.8205,52.8205,0
2025-04-11,53.4995,53.4995,53.4995,53.4995,0
2025-04-14,54.1882,54.1882,54.1882,54.1882,0
2025-04-15,54.0997,54.0997,54.0997,54.0997,0
2025-04-16,53.5191,53.5191,53.5191,53.5191,0
2025-04-17,53.9718,53.9718,53.9718,53.9718,0
2025-04-21,52.7418,52.7418,52.7418,52.7418,0
2025-04-22,54.0603,54.0603,54.0603,54.0603,0
2025-04-23,54.759,54.759,54.759,54.759,0
2025-04-24,55.9397,55.9397,55.9397,55.9397,0
2025-04-25,55.6839,55.6839,55.6839,55.6839,0
2025-04-28,55.8905,55.8905,55.8905,55.8905,0
2025-04-29,56.1661,56.1661,56.1661,56.1661,0
2025-04-30,55.9988,55.9988,55.9988,55.9988,0
2025-05-01,56.3432,56.3432,56.3432,56.3432,0
2025-05-02,57.6912,57.6912,57.6912,57.6912,0
2025-05-05,57.5633,57.5633,57.5633,57.5633,0
2025-05-06,57.1501,57.1501,57.1501,57.1501,0
2025-05-07,57.3075,57.3075,57.3075,57.3075,0
2025-05-08,58.0258,58.0258,58.0258,58.0258,0
2025-05-09,57.9569,57.9569,57.9569,57.9569,0
2025-05-12,60.0331,60.0331,60.0331,60.0331,0
2025-05-13,60.2299,60.2299,60.2299,60.2299,0
2025-05-14,60.043,60.043,60.043,60.043,0
2025-05-15,60.1807,60.1807,60.1807,60.1807,0
2025-05-16,60.8302,60.8302,60.8302,60.8302,0
2025-05-19,60.594,60.594,60.594,60.594,0
2025-05-20,60.4267,60.4267,60.4267,60.4267,0
2025-05-21,58.8032,58.8032,58.8032,58.8032,0
2025-05-22,58.7441,58.7441,58.7441,58.7441,0
2025-05-23,58.6359,58.6359,58.6359,58.6359,0
2025-05-27,59.9347,59.9347,59.9347,59.9347,0
2025-05-28,59.1672,59.1672,59.1672,59.1672,0
2025-05-29,59.3247,59.3247,59.3247,59.3247,0
2025-05-30,59.0787,59.0787,59.0787,59.0787,0
2025-06-02,58.9999,58.9999,58.9999,58.9999,0
2025-06-03,59.7379,59.7379,59.7379,59.7379,0
2025-06-04,59.6297,59.6297,59.6297,59.6297,0
2025-06-05,59.5411,59.5411,59.5411,59.5411,0
2025-06-06,60.1119,60.1119,60.1119,60.1119,0
2025-06-09,60.289,60.289,60.289,60.289,0
2025-06-10,60.4661,60.4661,60.4661,60.4661,0
2025-06-11,60.1512,60.1512,60.1512,60.1512,0
2025-06-12,60.2201,60.2201,60.2201,60.2201,0
2025-06-13,59.2951,59.2951,59.2951,59.2951,0
2025-06-16,59.9565,59.9565,59.9565,59.9565,0
2025-06-17,59.4531,59.4531,59.4531,59.4531,0
2025-06-18,59.6702,59.6702,59.6702,59.6702,0
2025-06-20,59.6505,59.6505,59.6505,59.6505,0
2025-06-23,60.1835,60.1835,60.1835,60.1835,0
2025-06-24,60.7363,60.7363,60.7363,60.7363,0
2025-06-25,60.2526,60.2526,60.2526,60.2526,0
2025-06-26,61.0522,61.0522,61.0522,61.0522,0
2025-06-27,61.22,61.22,61.22,61.22,0
2025-06-30,61.22,61.22,61.22,61.22,0
2025-07-01,61.9801,61.9801,61.9801,61.9801,0
2025-07-02,62.6019,62.6019,62.6019,62.6019,0
2025-07-03,62.9672,62.9672,62.9672,62.9672,0
2025-07-07,62.3354,62.3354,62.3354,62.3354,0
2025-07-08,62.5921,62.5921,62.5921,62.5921,0
2025-07-09,62.829,62.829,62.829,62.829,0
2025-07-10,63.1646,63.1646,63.1646,63.1646,0
2025-07-11,62.6217,62.6217,62.6217,62.6217,0
2025-07-14,62.8191,62.8191,62.8191,62.8191,0
2025-07-15,61.7135,61.7135,61.7135,61.7135,0
2025-07-16,61.9998,61.9998,61.9998,61.9998,0
2025-07-17,62.6809,62.6809,62.6809,62.6809,0
2025-07-18,62.6414,62.6414,62.6414,62.6414,0
2025-07-21,62.2268,62.2268,62.2268,62.2268,0
2025-07-22,63.056,63.056,63.056,63.056,0
2025-07-23,63.5693,63.5693,63.5693,63.5693,0
2025-07-24,62.977,62.977,62.977,62.977,0
2025-07-25,63.5298,63.5298,63.5298,63.5298,0
2025-07-28,63.4015,63.4015,63.4015,63.4015,0
2025-07-29,63.3225,63.3225,63.3225,63.3225,0
2025-07-30,62.9277,62.9277,62.9277,62.9277,0
2025-07-31,62.217,62.217,62.217,62.217,0
2025-08-01,61.2891,61.2891,61.2891,61.2891,0
2025-08-04,62.0886,62.0886,62.0886,62.0886,0
2025-08-05,62.0492,62.0492,62.0492,62.0492,0
2025-08-06,61.8517,61.8517,61.8517,61.8517,0
2025-08-07,61.7333,61.7333,61.7333,61.7333,0
2025-08-08,61.7234,61.7234,61.7234,61.7234,0
2025-08-11,61.4865,61.4865,61.4865,61.4865,0
2025-08-12,62.8882,62.8882,62.8882,62.8882,0
2025-08-13,63.8654,63.8654,63.8654,63.8654,0
2025-08-14,63.0461,63.0461,63.0461,63.0461,0
2025-08-15,62.7105,62.7105,62.7105,62.7105,0
2025-08-18,62.8685,62.8685,62.8685,62.8685,0
2025-08-19,62.9869,62.9869,62.9869,62.9869,0
2025-08-20,62.7303,62.7303,62.7303,62.7303,0
2025-08-21,62.6315,62.6315,62.6315,62.6315,0
2025-08-22,64.3688,64.3688,64.3688,64.3688,0
2025-08-25,63.8753,63.8753,63.8753,63.8753,0
2025-08-26,64.1418,64.1418,64.1418,64.1418,0
2025-08-27,64.586,64.586,64.586,64.586,0
2025-08-28,64.665,64.665,64.665,64.665,0
2025-08-29,64.3195,64.3195,64.3195,64.3195,0
2025-09-02,64.0727,64.0727,64.0727,64.0727,0
2025-09-03,63.9641,63.9641,63.9641,63.9641,0
2025-09-04,64.8821,64.8821,64.8821,64.8821,0
2025-09-05,65.198,65.198,65.198,65.198,0
2025-09-08,65.198,65.198,65.198,65.198,0
2025-09-09,64.6057,64.6057,64.6057,64.6057,0
2025-09-10,64.5761,64.5761,64.5761,64.5761,0
2025-09-11,65.6521,65.6521,65.6521,65.6521,0
2025-09-12,64.9315,64.9315,64.9315,64.9315,0
2025-09-15,64.9414,64.9414,64.9414,64.9414,0
2025-09-16,64.7552,64.7552,64.7552,64.7552,0
2025-09-17,64.676,64.676,64.676,64.676,0
2025-09-18,65.4979,65.4979,65.4979,65.4979,0
2025-09-19,64.973,64.973,64.973,64.973,0
2025-09-22,64.9532,64.9532,64.9532,64.9532,0
2025-09-23,64.8938,64.8938,64.8938,64.8938,0
2025-09-24,64.4086,64.4086,64.4086,64.4086,0
2025-09-25,64.0521,64.0521,64.0521,64.0521,0
2025-09-26,64.7057,64.7057,64.7057,64.7057,0
2025-09-29,64.5571,64.5571,64.5571,64.5571,0
2025-09-30,64.6265,64.6265,64.6265,64.6265,0
2025-10-01,64.8542,64.8542,64.8542,64.8542,0
2025-10-02,64.9334,64.9334,64.9334,64.9334,0
2025-10-03,65.1315,65.1315,65.1315,65.1315,0
2025-10-06,65.2404,65.2404,65.2404,65.2404,0
2025-10-07,64.5175,64.5175,64.5175,64.5175,0
2025-10-08,65.1711,65.1711,65.1711,65.1711,0
2025-10-09,64.4581,64.4581,64.4581,64.4581,0
2025-10-10,62.636,62.636,62.636,62.636,0
2025-10-13,63.8639,63.8639,63.8639,63.8639,0
2025-10-14,64.4482,64.4482,64.4482,64.4482,0
2025-10-15,64.5076,64.5076,64.5076,64.5076,0
2025-10-16,63.7154,63.7154,63.7154,63.7154,0
2025-10-17,63.8441,63.8441,63.8441,63.8441,0
2025-10-20,64.6265,64.6265,64.6265,64.6265,0
2025-10-21,64.874,64.874,64.874,64.874,0
2025-10-22,64.1115,64.1115,64.1115,64.1115,0
2025-10-23,64.9829,64.9829,64.9829,64.9829,0
2025-10-24,65.3494,65.3494,65.3494,65.3494,0
2025-10-27,65.5969,65.5969,65.5969,65.5969,0
2025-10-28,65.0028,65.0028,65.0028,65.0028,0
2025-10-29,64.5967,64.5967,64.5967,64.5967,0
2025-10-30,63.9035,63.9035,63.9035,63.9035,0
2025-10-31,64.2997,64.2997,64.2997,64.2997,0
2025-11-03,64.2699,64.2699,64.2699,64.2699,0
2025-11-04,63.7154,63.7154,63.7154,63.7154,0
2025-11-05,64.1511,64.1511,64.1511,64.1511,0
2025-11-06,63.5371,63.5371,63.5371,63.5371,0
2025-11-07,64.2997,64.2997,64.2997,64.2997,0
2025-11-10,64.7156,64.7156,64.7156,64.7156,0
2025-11-11,64.6958,64.6958,64.6958,64.6958,0
2025-11-12,64.9235,64.9235,64.9235,64.9235,0
2025-11-13,63.7154,63.7154,63.7154,63.7154,0
2025-11-14,63.5767,63.5767,63.5767,63.5767,0
2025-11-17,62.3983,62.3983,62.3983,62.3983,0
2025-11-18,62.5963,62.5963,62.5963,62.5963,0
2025-11-19,62.6855,62.6855,62.6855,62.6855,0
2025-11-20,61.6556,61.6556,61.6556,61.6556,0
2025-11-21,63.141,63.141,63.141,63.141,0
2025-11-24,63.7748,63.7748,63.7748,63.7748,0
2025-11-25,64.9631,64.9631,64.9631,64.9631,0
2025-11-26,65.3494,65.3494,65.3494,65.3494,0
2025-11-28,65.696,65.696,65.696,65.696,0
2025-12-01,65.3196,65.3196,65.3196,65.3196,0
2025-12-02,65.0919,65.0919,65.0919,65.0919,0
2025-12-03,65.5474,65.5474,65.5474,65.5474,0
2025-12-04,65.8742,65.8742,65.8742,65.8742,0
2025-12-05,65.894,65.894,65.894,65.894,0
2025-12-08,65.5672,65.5672,65.5672,65.5672,0
2025-12-09,65.5276,65.5276,65.5276,65.5276,0
2025-12-10,66.7655,66.7655,66.7655,66.7655,0
2025-12-11,67.3993,67.3993,67.3993,67.3993,0
2025-12-12,66.5179,66.5179,66.5179,66.5179,0
2025-12-15,66.3991,66.3991,66.3991,66.3991,0
2025-12-16,65.9612,65.9612,65.9612,65.9612,0
2025-12-17,65.6626,65.6626,65.6626,65.6626,0
2025-12-18,65.991,65.991,65.991,65.991,0
2025-12-19,66.5284,66.5284,66.5284,66.5284,0
2025-12-22,67.0957,67.0957,67.0957,67.0957,0
2025-12-23,66.8967,66.8967,66.8967,66.8967,0
2025-12-24,66.9962,66.9962,66.9962,66.9962,0
2025-12-26,67.0061,67.0061,67.0061,67.0061,0
2025-12-29,66.6081,66.6081,66.6081,66.6081,0
2025-12-30,66.3792,66.3792,66.3792,66.3792,0
2025-12-31,65.6825,65.6825,65.6825,65.6825,0
2026-01-02,66.5882,66.5882,66.5882,66.5882,0
2026-01-05,67.454,67.454,67.454,67.454,0
2026-01-06,68.4293,68.4293,68.4293,68.4293,0
2026-01-07,67.9317,67.9317,67.9317,67.9317,0
2026-01-08,68.1805,68.1805,68.1805,68.1805,0
2026-01-09,68.7776,68.7776,68.7776,68.7776,0
2026-01-12,68.887,68.887,68.887,68.887,0
2026-01-13,69.0264,69.0264,69.0264,69.0264,0
2026-01-14,69.096,69.096,69.096,69.096,0
2026-01-15,69.9021,69.9021,69.9021,69.9021,0
2026-01-16,69.723,69.723,69.723,69.723,0
2026-01-20,68.7577,68.7577,68.7577,68.7577,0
2026-01-21,70.0017,70.0017,70.0017,70.0017,0
2026-01-22,70.0116,70.0116,70.0116,70.0116,0
2026-01-23,69.305,69.305,69.305,69.305,0
2026-01-26,69.2752,69.2752,69.2752,69.2752,0
2026-01-27,69.2752,69.2752,69.2752,69.2752,0
2026-01-28,69.1159,69.1159,69.1159,69.1159,0
2026-01-29,68.9667,68.9667,68.9667,68.9667,0
2026-01-30,68.3397,68.3397,68.3397,68.3397,0
2026-02-02,68.9169,68.9169,68.9169,68.9169,0
2026-02-03,69.0463,69.0463,69.0463,69.0463,0
2026-02-04,69.5638,69.5638,69.5638,69.5638,0
2026-02-05,69.1955,69.1955,69.1955,69.1955,0
2026-02-06,71.385,71.385,71.385,71.385,0
2026-02-09,71.4447,71.4447,71.4447,71.4447,0
2026-02-10,71.4148,71.4148,71.4148,71.4148,0
2026-02-11,71.2456,71.2456,71.2456,71.2456,0
2026-02-12,70.2007,70.2007,70.2007,70.2007,0
2026-02-13,70.8973,70.8973,70.8973,70.8973,0
2026-02-17,71.0267,71.0267,71.0267,71.0267,0
2026-02-18,71.3253,71.3253,71.3253,71.3253,0
2026-02-19,71.3153,71.3153,71.3153,71.3153,0
2026-02-20,71.7631,71.7631,71.7631,71.7631,0
2026-02-23,70.5291,70.5291,70.5291,70.5291,0
2026-02-24,71.166,71.166,71.166,71.166,0
2026-02-25,71.4347,71.4347,71.4347,71.4347,0
2026-02-26,71.7233,71.7233,71.7233,71.7233,0
2026-02-27,71.1461,71.1461,71.1461,71.1461,0
2026-03-02,71.7532,71.7532,71.7532,71.7532,0
2026-03-03,70.5191,70.5191,70.5191,70.5191,0
2026-03-04,70.5191,70.5191,70.5191,70.5191,0
2026-03-05,69.524,69.524,69.524,69.524,0
2026-03-06,67.8919,67.8919,67.8919,67.8919,0
2026-03-09,68.5586,68.5586,68.5586,68.5586,0
2026-03-10,68.2402,68.2402,68.2402,68.2402,0
2026-03-11,68.0411,68.0411,68.0411,68.0411,0
2026-03-12,66.6777,66.6777,66.6777,66.6777,0
2026-03-13,66.5782,66.5782,66.5782,66.5782,0
2026-03-16,67.0459,67.0459,67.0459,67.0459,0
2026-03-17,67.6514,67.6514,67.6514,67.6514,0
2026-03-18,67.023,67.023,67.023,67.023,0
2026-03-19,67.1826,67.1826,67.1826,67.1826,0
2026-03-20,65.7063,65.7063,65.7063,65.7063,0
2026-03-23,66.9133,66.9133,66.9133,66.9133,0
2026-03-24,67.4619,67.4619,67.4619,67.4619,0
2026-03-25,68.0504,68.0504,68.0504,68.0504,0
2026-03-26,67.0429,67.0429,67.0429,67.0429,0
2026-03-27,65.9457,65.9457,65.9457,65.9457,0
2026-03-30,65.427,65.427,65.427,65.427,0
2026-03-31,67.3622,67.3622,67.3622,67.3622,0
2026-04-01,67.9307,67.9307,67.9307,67.9307,0
2026-04-02,68.0105,68.0105,68.0105,68.0105,0
2026-04-06,68.2898,68.2898,68.2898,68.2898,0
2026-04-07,68.3796,68.3796,68.3796,68.3796,0
2026-04-08,70.3547,70.3547,70.3547,70.3547,0
2026-04-09,70.4943,70.4943,70.4943,70.4943,0
2026-04-10,70.2749,70.2749,70.2749,70.2749,0
2026-04-13,71.033,71.033,71.033,71.033,0
2026-04-14,71.3921,71.3921,71.3921,71.3921,0
2026-04-15,71.1826,71.1826,71.1826,71.1826,0
2026-04-16,71.3123,71.3123,71.3123,71.3123,0
2026-04-17,72.7188,72.7188,72.7188,72.7188,0
2026-04-20,73.1777,73.1777,73.1777,73.1777,0
2026-04-21,72.7388,72.7388,72.7388,72.7388,0
2026-04-22,72.4594,72.4594,72.4594,72.4594,0
2026-04-23,72.4594,72.4594,72.4594,72.4594,0
2026-04-24,72.6091,72.6091,72.6091,72.6091,0
2026-04-27,72.659,72.659,72.659,72.659,0
2026-04-28,71.9308,71.9308,71.9308,71.9308,0
2026-04-29,71.3921,71.3921,71.3921,71.3921,0
2026-04-30,72.5891,72.5891,72.5891,72.5891,0
2026-05-01,72.629,72.629,72.629,72.629,0
2026-05-04,72.1702,72.1702,72.1702,72.1702,0
2026-05-05,73.0879,73.0879,73.0879,73.0879,0
2026-05-06,74.4345,74.4345,74.4345,74.4345,0
2026-05-07,73.4769,73.4769,73.4769,73.4769,0
2026-05-08,73.8061,73.8061,73.8061,73.8061,0
2026-05-11,73.6066,73.6066,73.6066,73.6066,0
2026-05-12,73.1477,73.1477,73.1477,73.1477,0
2026-05-13,72.9482,72.9482,72.9482,72.9482,0
2026-05-14,73.2575,73.2575,73.2575,73.2575,0
2026-05-15,72.0405,72.0405,72.0405,72.0405,0
2026-05-18,71.9707,71.9707,71.9707,71.9707,0
2026-05-19,71.2724,71.2724,71.2724,71.2724,0
2026-05-20,72.6091,72.6091,72.6091,72.6091,0
2026-05-21,72.7188,72.7188,72.7188,72.7188,0
2026-05-22,73.3173,73.3173,73.3173,73.3173,0
2026-05-26,74.4645,74.4645,74.4645,74.4645,0
2026-05-27,74.1752,74.1752,74.1752,74.1752,0
2026-05-28,74.265,74.265,74.265,74.265,0
2026-05-29,74.4146,74.4146,74.4146,74.4146,0
2026-06-01,74.3547,74.3547,74.3547,74.3547,0
2026-06-02,75.033,75.033,75.033,75.033,0
2026-06-03,74.9433,74.9433,74.9433,74.9433,0
2026-06-04,75.2724,75.2724,75.2724,75.2724,0
2026-06-05,73.7662,73.7662,73.7662,73.7662,0
2026-06-08,73.9258,73.9258,73.9258,73.9258,0
2026-06-09,74.5443,74.5443,74.5443,74.5443,0
2026-06-10,73.4669,73.4669,73.4669,73.4669,0
2026-06-11,75.3123,75.3123,75.3123,75.3123,0
2026-06-12,75.851,75.851,75.851,75.851,0
2026-06-15,76.16,76.16,76.16,76.16,0
2026-06-16,75.93,75.93,75.93,75.93,0
2026-06-17,74.98,74.98,74.98,74.98,0
2026-06-18,75.78,75.78,75.78,75.78,0
2026-06-22,76.07,76.07,76.07,76.07,0
2026-06-23,75.3,75.3,75.3,75.3,0
2026-06-24,75.76,75.76,75.76,75.76,0
2026-06-25,76.46,76.46,76.46,76.46,0
2026-06-26,76.22,76.22,76.22,76.22,0
2026-06-29,76.53,76.53,76.53,76.53,0
2026-06-30,77.11,77.11,77.11,77.11,0
2026-07-01,76.44,76.44,76.44,76.44,0
2026-07-02,76.09,76.09,76.09,76.09,0
2026-07-06,76.42,76.42,76.42,76.42,0
2026-07-07,75.47,75.47,75.47,75.47,0
2026-07-08,74.73,74.73,74.73,74.73,0
2026-07-09,75.7,75.7,75.7,75.7,0
2026-07-10,75.67,75.67,75.67,75.67,0
2026-07-13,75.24,75.24,75.24,75.24,0
2026-07-14,75.57,75.57,75.57,75.57,0
2026-07-15,75.63,75.63,75.63,75.63,0
2026-07-16,75.99,75.99,75.99,75.99,0
2026-07-17,75.54,75.54,75.54,75.54,0
2026-07-20,74.93,74.93,74.93,74.93,0
2026-07-21,75.72,75.72,75.72,75.72,0
2026-07-22,75.69,75.69,75.69,75.69,0
2026-07-23,75.45,75.45,75.45,75.45,0
2026-07-24,75.77,75.77,75.77,75.77,0
2026-07-27,76.0,76.0,76.0,76.0,0
2026-07-28,76.03,76.03,76.03,76.03,0
2026-07-29,74.73,74.73,74.73,74.73,0
2026-07-30,75.35,75.35,75.35,75.35,0
2026-07-31,75.27,75.27,75.27,75.27,0
2026-08-03,76.11,76.11,76.11,76.11,0
2026-08-04,77.48,77.48,77.48,77.48,0
2026-08-05,77.0,77.0,77.0,77.0,0
2026-08-06,76.75,76.75,76.75,76.75,0
2026-08-07,77.79,77.79,77.79,77.79,0
2026-08-10,77.54,77.54,77.54,77.54,0
2026-08-11,77.77,77.77,77.77,77.77,0
2026-08-12,78.06,78.06,78.06,78.06,0
2026-08-13,78.42,78.42,78.42,78.42,0
2026-08-14,78.67,78.67,78.67,78.67,0
2026-08-17,78.48,78.48,78.48,78.48,0
2026-08-18,77.24,77.24,77.24,77.24,0
2026-08-19,77.04,77.04,77.04,77.04,0
2026-08-20,76.37,76.37,76.37,76.37,0
2026-08-21,76.77,76.77,76.77,76.77,0
2026-08-24,76.2,76.2,76.2,76.2,0
2026-08-25,76.14,76.14,76.14,76.14,0
2026-08-26,76.62,76.62,76.62,76.62,0
2026-08-27,76.65,76.65,76.65,76.65,0
