datetime,open,high,low,close,volume
2000-05-26,11.5504,11.5504,11.5504,11.5504,0
2000-05-30,11.7805,11.7805,11.7805,11.7805,0
2000-05-31,12.0106,12.0106,12.0106,12.0106,0
2000-06-01,12.2897,12.2897,12.2897,12.2897,0
2000-06-02,12.6405,12.6405,12.6405,12.6405,0
2000-06-05,12.6839,12.6839,12.6839,12.6839,0
2000-06-06,12.567,12.567,12.567,12.567,0
2000-06-07,12.5651,12.5651,12.5651,12.5651,0
2000-06-08,12.5613,12.5613,12.5613,12.5613,0
2000-06-09,12.6292,12.6292,12.6292,12.6292,0
2000-06-12,12.516,12.516,12.516,12.516,0
2000-06-13,12.5085,12.5085,12.5085,12.5085,0
2000-06-14,12.616,12.616,12.616,12.616,0
2000-06-15,12.5538,12.5538,12.5538,12.5538,0
2000-06-16,12.5236,12.5236,12.5236,12.5236,0
2000-06-19,12.682,12.682,12.682,12.682,0
2000-06-20,12.6858,12.6858,12.6858,12.6858,0
2000-06-21,12.6947,12.6947,12.6947,12.6947,0
2000-06-22,12.6306,12.6306,12.6306,12.6306,0
2000-06-23,12.4268,12.4268,12.4268,12.4268,0
2000-06-26,12.4136,12.4136,12.4136,12.4136,0
2000-06-27,12.5212,12.5212,12.5212,12.5212,0
2000-06-28,12.8683,12.8683,12.8683,12.8683,0
2000-06-29,12.74,12.74,12.74,12.74,0
2000-06-30,12.7174,12.7174,12.7174,12.7174,0
2000-07-03,12.8476,12.8476,12.8476,12.8476,0
2000-07-05,12.7778,12.7778,12.7778,12.7778,0
2000-07-06,12.8381,12.8381,12.8381,12.8381,0
2000-07-07,13.0249,13.0249,13.0249,13.0249,0
2000-07-10,13.1212,13.1212,13.1212,13.1212,0
2000-07-11,13.1023,13.1023,13.1023,13.1023,0
2000-07-12,13.2551,13.2551,13.2551,13.2551,0
2000-07-13,13.274,13.274,13.274,13.274,0
2000-07-14,13.2759,13.2759,13.2759,13.2759,0
2000-07-17,13.3627,13.3627,13.3627,13.3627,0
2000-07-18,13.2608,13.2608,13.2608,13.2608,0
2000-07-19,12.9872,12.9872,12.9872,12.9872,0
2000-07-20,13.0419,13.0419,13.0419,13.0419,0
2000-07-21,12.8004,12.8004,12.8004,12.8004,0
2000-07-24,12.6646,12.6646,12.6646,12.6646,0
2000-07-25,12.6797,12.6797,12.6797,12.6797,0
2000-07-26,12.5985,12.5985,12.5985,12.5985,0
2000-07-27,12.4966,12.4966,12.4966,12.4966,0
2000-07-28,12.191,12.191,12.191,12.191,0
2000-07-31,12.3589,12.3589,12.3589,12.3589,0
2000-08-01,12.3891,12.3891,12.3891,12.3891,0
2000-08-02,12.5136,12.5136,12.5136,12.5136,0
2000-08-03,12.423,12.423,12.423,12.423,0
2000-08-04,12.4721,12.4721,12.4721,12.4721,0
2000-08-07,12.6514,12.6514,12.6514,12.6514,0
2000-08-08,12.6532,12.6532,12.6532,12.6532,0
2000-08-09,12.6174,12.6174,12.6174,12.6174,0
2000-08-10,12.6117,12.6117,12.6117,12.6117,0
2000-08-11,12.6797,12.6797,12.6797,12.6797,0
2000-08-14,12.8495,12.8495,12.8495,12.8495,0
2000-08-15,12.7683,12.7683,12.7683,12.7683,0
2000-08-16,12.8004,12.8004,12.8004,12.8004,0
2000-08-17,12.808,12.808,12.808,12.808,0
2000-08-18,12.9476,12.9476,12.9476,12.9476,0
2000-08-21,12.9514,12.9514,12.9514,12.9514,0
2000-08-22,12.9834,12.9834,12.9834,12.9834,0
2000-08-23,13.0023,13.0023,13.0023,13.0023,0
2000-08-24,13.1174,13.1174,13.1174,13.1174,0
2000-08-25,13.2231,13.2231,13.2231,13.2231,0
2000-08-28,13.2023,13.2023,13.2023,13.2023,0
2000-08-29,13.3287,13.3287,13.3287,13.3287,0
2000-08-30,13.3665,13.3665,13.3665,13.3665,0
2000-08-31,13.5099,13.5099,13.5099,13.5099,0
2000-09-01,13.5589,13.5589,13.5589,13.5589,0
2000-09-05,13.4438,13.4438,13.4438,13.4438,0
2000-09-06,13.4004,13.4004,13.4004,13.4004,0
2000-09-07,13.6193,13.6193,13.6193,13.6193,0
2000-09-08,13.4797,13.4797,13.4797,13.4797,0
2000-09-11,13.3891,13.3891,13.3891,13.3891,0
2000-09-12,13.4382,13.4382,13.4382,13.4382,0
2000-09-13,13.3778,13.3778,13.3778,13.3778,0
2000-09-14,13.5533,13.5533,13.5533,13.5533,0
2000-09-15,13.408,13.408,13.408,13.408,0
2000-09-18,13.0948,13.0948,13.0948,13.0948,0
2000-09-19,13.1306,13.1306,13.1306,13.1306,0
2000-09-20,13.1579,13.1579,13.1579,13.1579,0
2000-09-21,12.9351,12.9351,12.9351,12.9351,0
2000-09-22,13.0975,13.0975,13.0975,13.0975,0
2000-09-25,12.9785,12.9785,12.9785,12.9785,0
2000-09-26,12.8784,12.8784,12.8784,12.8784,0
2000-09-27,12.8557,12.8557,12.8557,12.8557,0
2000-09-28,13.2334,13.2334,13.2334,13.2334,0
2000-09-29,13.1295,13.1295,13.1295,13.1295,0
2000-10-02,12.9917,12.9917,12.9917,12.9917,0
2000-10-03,12.7802,12.7802,12.7802,12.7802,0
2000-10-04,12.9048,12.9048,12.9048,12.9048,0
2000-10-05,12.801,12.801,12.801,12.801,0
2000-10-06,12.4951,12.4951,12.4951,12.4951,0
2000-10-09,12.4781,12.4781,12.4781,12.4781,0
2000-10-10,12.3213,12.3213,12.3213,12.3213,0
2000-10-11,12.2364,12.2364,12.2364,12.2364,0
2000-10-12,12.0211,12.0211,12.0211,12.0211,0
2000-10-13,12.3912,12.3912,12.3912,12.3912,0
2000-10-16,12.4743,12.4743,12.4743,12.4743,0
2000-10-17,12.2024,12.2024,12.2024,12.2024,0
2000-10-18,12.0664,12.0664,12.0664,12.0664,0
2000-10-19,12.4837,12.4837,12.4837,12.4837,0
2000-10-20,12.6518,12.6518,12.6518,12.6518,0
2000-10-23,12.7424,12.7424,12.7424,12.7424,0
2000-10-24,12.7538,12.7538,12.7538,12.7538,0
2000-10-25,12.3837,12.3837,12.3837,12.3837,0
2000-10-26,12.5498,12.5498,12.5498,12.5498,0
2000-10-27,12.5631,12.5631,12.5631,12.5631,0
2000-10-30,12.6291,12.6291,12.6291,12.6291,0
2000-10-31,13.1994,13.1994,13.1994,13.1994,0
2000-11-01,13.0672,13.0672,13.0672,13.0672,0
2000-11-02,13.2995,13.2995,13.2995,13.2995,0
2000-11-03,13.3543,13.3543,13.3543,13.3543,0
2000-11-06,13.2334,13.2334,13.2334,13.2334,0
2000-11-07,13.3033,13.3033,13.3033,13.3033,0
2000-11-08,13.0276,13.0276,13.0276,13.0276,0
2000-11-09,12.9804,12.9804,12.9804,12.9804,0
2000-11-10,12.6896,12.6896,12.6896,12.6896,0
2000-11-13,12.6291,12.6291,12.6291,12.6291,0
2000-11-14,12.8916,12.8916,12.8916,12.8916,0
2000-11-15,13.0484,13.0484,13.0484,13.0484,0
2000-11-16,12.7727,12.7727,12.7727,12.7727,0
2000-11-17,12.8746,12.8746,12.8746,12.8746,0
2000-11-20,12.5461,12.5461,12.5461,12.5461,0
2000-11-21,12.4328,12.4328,12.4328,12.4328,0
2000-11-22,12.2647,12.2647,12.2647,12.2647,0
2000-11-24,12.5612,12.5612,12.5612,12.5612,0
2000-11-27,12.6348,12.6348,12.6348,12.6348,0
2000-11-28,12.2005,12.2005,12.2005,12.2005,0
2000-11-29,12.0475,12.0475,12.0475,12.0475,0
2000-11-30,11.8738,11.8738,11.8738,11.8738,0
2000-12-01,12.1759,12.1759,12.1759,12.1759,0
2000-12-04,12.1363,12.1363,12.1363,12.1363,0
2000-12-05,12.6084,12.6084,12.6084,12.6084,0
2000-12-06,12.4214,12.4214,12.4214,12.4214,0
2000-12-07,12.446,12.446,12.446,12.446,0
2000-12-08,12.6291,12.6291,12.6291,12.6291,0
2000-12-11,13.1239,13.1239,13.1239,13.1239,0
2000-12-12,12.9464,12.9464,12.9464,12.9464,0
2000-12-13,12.7359,12.7359,12.7359,12.7359,0
2000-12-14,12.5411,12.5411,12.5411,12.5411,0
2000-12-15,12.501,12.501,12.501,12.501,0
2000-12-18,12.6328,12.6328,12.6328,12.6328,0
2000-12-19,12.48,12.48,12.48,12.48,0
2000-12-20,12.1343,12.1343,12.1343,12.1343,0
2000-12-21,12.2164,12.2164,12.2164,12.2164,0
2000-12-22,12.6366,12.6366,12.6366,12.6366,0
2000-12-26,12.8085,12.8085,12.8085,12.8085,0
2000-12-27,13.0339,13.0339,13.0339,13.0339,0
2000-12-28,13.5649,13.5649,13.5649,13.5649,0
2000-12-29,13.2134,13.2134,13.2134,13.2134,0
2001-01-02,12.7531,12.7531,12.7531,12.7531,0
2001-01-03,13.2325,13.2325,13.2325,13.2325,0
2001-01-04,13.0645,13.0645,13.0645,13.0645,0
2001-01-05,12.7398,12.7398,12.7398,12.7398,0
2001-01-08,12.778,12.778,12.778,12.778,0
2001-01-09,12.7436,12.7436,12.7436,12.7436,0
2001-01-10,13.0989,13.0989,13.0989,13.0989,0
2001-01-11,13.2899,13.2899,13.2899,13.2899,0
2001-01-12,13.3624,13.3624,13.3624,13.3624,0
2001-01-16,13.4617,13.4617,13.4617,13.4617,0
2001-01-17,13.5305,13.5305,13.5305,13.5305,0
2001-01-18,13.5458,13.5458,13.5458,13.5458,0
2001-01-19,13.3395,13.3395,13.3395,13.3395,0
2001-01-22,13.4503,13.4503,13.4503,13.4503,0
2001-01-23,13.7062,13.7062,13.7062,13.7062,0
2001-01-24,13.7062,13.7062,13.7062,13.7062,0
2001-01-25,13.6604,13.6604,13.6604,13.6604,0
2001-01-26,13.6795,13.6795,13.6795,13.6795,0
2001-01-29,13.878,13.878,13.878,13.878,0
2001-01-30,13.911,13.911,13.911,13.911,0
2001-01-31,13.8413,13.8413,13.8413,13.8413,0
2001-02-01,13.9256,13.9256,13.9256,13.9256,0
2001-02-02,13.7398,13.7398,13.7398,13.7398,0
2001-02-05,13.7887,13.7887,13.7887,13.7887,0
2001-02-06,13.9281,13.9281,13.9281,13.9281,0
2001-02-07,14.0014,14.0014,14.0014,14.0014,0
2001-02-08,13.7948,13.7948,13.7948,13.7948,0
2001-02-09,13.691,13.691,13.691,13.691,0
2001-02-12,14.0259,14.0259,14.0259,14.0259,0
2001-02-13,13.8914,13.8914,13.8914,13.8914,0
2001-02-14,14.0442,14.0442,14.0442,14.0442,0
2001-02-15,14.0577,14.0577,14.0577,14.0577,0
2001-02-16,13.7826,13.7826,13.7826,13.7826,0
2001-02-20,13.5809,13.5809,13.5809,13.5809,0
2001-02-21,13.3523,13.3523,13.3523,13.3523,0
2001-02-22,13.1849,13.1849,13.1849,13.1849,0
2001-02-23,13.2105,13.2105,13.2105,13.2105,0
2001-02-26,13.5076,13.5076,13.5076,13.5076,0
2001-02-27,13.1947,13.1947,13.1947,13.1947,0
2001-02-28,13.0186,13.0186,13.0186,13.0186,0
2001-03-01,13.081,13.081,13.081,13.081,0
2001-03-02,13.1433,13.1433,13.1433,13.1433,0
2001-03-05,13.147,13.147,13.147,13.147,0
2001-03-06,13.2998,13.2998,13.2998,13.2998,0
2001-03-07,13.3792,13.3792,13.3792,13.3792,0
2001-03-08,13.3059,13.3059,13.3059,13.3059,0
2001-03-09,13.059,13.059,13.059,13.059,0
2001-03-12,12.6955,12.6955,12.6955,12.6955,0
2001-03-13,12.8277,12.8277,12.8277,12.8277,0
2001-03-14,12.5132,12.5132,12.5132,12.5132,0
2001-03-15,12.4728,12.4728,12.4728,12.4728,0
2001-03-16,12.1876,12.1876,12.1876,12.1876,0
2001-03-19,12.5009,12.5009,12.5009,12.5009,0
2001-03-20,12.2623,12.2623,12.2623,12.2623,0
2001-03-21,12.0726,12.0726,12.0726,12.0726,0
2001-03-22,11.9319,11.9319,11.9319,11.9319,0
2001-03-23,12.2806,12.2806,12.2806,12.2806,0
2001-03-26,12.3785,12.3785,12.3785,12.3785,0
2001-03-27,12.5682,12.5682,12.5682,12.5682,0
2001-03-28,12.2195,12.2195,12.2195,12.2195,0
2001-03-29,12.1338,12.1338,12.1338,12.1338,0
2001-03-30,12.4214,12.4214,12.4214,12.4214,0
2001-04-02,12.0726,12.0726,12.0726,12.0726,0
2001-04-03,11.6908,11.6908,11.6908,11.6908,0
2001-04-04,11.6859,11.6859,11.6859,11.6859,0
2001-04-05,12.2855,12.2855,12.2855,12.2855,0
2001-04-06,11.9649,11.9649,11.9649,11.9649,0
2001-04-09,12.2195,12.2195,12.2195,12.2195,0
2001-04-10,12.5034,12.5034,12.5034,12.5034,0
2001-04-11,12.3969,12.3969,12.3969,12.3969,0
2001-04-12,12.5744,12.5744,12.5744,12.5744,0
2001-04-16,12.3406,12.3406,12.3406,12.3406,0
2001-04-17,12.6049,12.6049,12.6049,12.6049,0
2001-04-18,12.8791,12.8791,12.8791,12.8791,0
2001-04-19,13.0333,13.0333,13.0333,13.0333,0
2001-04-20,12.8252,12.8252,12.8252,12.8252,0
2001-04-23,12.6906,12.6906,12.6906,12.6906,0
2001-04-24,12.6894,12.6894,12.6894,12.6894,0
2001-04-25,13.021,13.021,13.021,13.021,0
2001-04-26,13.1973,13.1973,13.1973,13.1973,0
2001-04-27,13.3796,13.3796,13.3796,13.3796,0
2001-04-30,13.3967,13.3967,13.3967,13.3967,0
2001-05-01,13.5203,13.5203,13.5203,13.5203,0
2001-05-02,13.4848,13.4848,13.4848,13.4848,0
2001-05-03,13.3306,13.3306,13.3306,13.3306,0
2001-05-04,13.4971,13.4971,13.4971,13.4971,0
2001-05-07,13.3943,13.3943,13.3943,13.3943,0
2001-05-08,13.5093,13.5093,13.5093,13.5093,0
2001-05-09,13.4555,13.4555,13.4555,13.4555,0
2001-05-10,13.4861,13.4861,13.4861,13.4861,0
2001-05-11,13.3906,13.3906,13.3906,13.3906,0
2001-05-14,13.42,13.42,13.42,13.42,0
2001-05-15,13.5473,13.5473,13.5473,13.5473,0
2001-05-16,13.7981,13.7981,13.7981,13.7981,0
2001-05-17,13.9621,13.9621,13.9621,13.9621,0
2001-05-18,14.0417,14.0417,14.0417,14.0417,0
2001-05-21,14.3023,14.3023,14.3023,14.3023,0
2001-05-22,14.4161,14.4161,14.4161,14.4161,0
2001-05-23,14.0294,14.0294,14.0294,14.0294,0
2001-05-24,14.0392,14.0392,14.0392,14.0392,0
2001-05-25,14.0123,14.0123,14.0123,14.0123,0
2001-05-29,13.8226,13.8226,13.8226,13.8226,0
2001-05-30,13.5742,13.5742,13.5742,13.5742,0
2001-05-31,13.6696,13.6696,13.6696,13.6696,0
2001-06-01,13.7651,13.7651,13.7651,13.7651,0
2001-06-04,13.9352,13.9352,13.9352,13.9352,0
2001-06-05,14.153,14.153,14.153,14.153,0
2001-06-06,14.0049,14.0049,14.0049,14.0049,0
2001-06-07,14.1273,14.1273,14.1273,14.1273,0
2001-06-08,14.0086,14.0086,14.0086,14.0086,0
2001-06-11,13.9337,13.9337,13.9337,13.9337,0
2001-06-12,13.9251,13.9251,13.9251,13.9251,0
2001-06-13,13.8589,13.8589,13.8589,13.8589,0
2001-06-14,13.5625,13.5625,13.5625,13.5625,0
2001-06-15,13.4927,13.4927,13.4927,13.4927,0
2001-06-18,13.3824,13.3824,13.3824,13.3824,0
2001-06-19,13.3457,13.3457,13.3457,13.3457,0
2001-06-20,13.4621,13.4621,13.4621,13.4621,0
2001-06-21,13.5576,13.5576,13.5576,13.5576,0
2001-06-22,13.2979,13.2979,13.2979,13.2979,0
2001-06-25,13.2783,13.2783,13.2783,13.2783,0
2001-06-26,13.4008,13.4008,13.4008,13.4008,0
2001-06-27,13.576,13.576,13.576,13.576,0
2001-06-28,13.7805,13.7805,13.7805,13.7805,0
2001-06-29,13.9655,13.9655,13.9655,13.9655,0
2001-07-02,13.903,13.903,13.903,13.903,0
2001-07-03,13.8418,13.8418,13.8418,13.8418,0
2001-07-05,13.7364,13.7364,13.7364,13.7364,0
2001-07-06,13.4964,13.4964,13.4964,13.4964,0
2001-07-09,13.5123,13.5123,13.5123,13.5123,0
2001-07-10,13.3322,13.3322,13.3322,13.3322,0
2001-07-11,13.3947,13.3947,13.3947,13.3947,0
2001-07-12,13.7303,13.7303,13.7303,13.7303,0
2001-07-13,13.805,13.805,13.805,13.805,0
2001-07-16,13.6556,13.6556,13.6556,13.6556,0
2001-07-17,13.8283,13.8283,13.8283,13.8283,0
2001-07-18,13.6887,13.6887,13.6887,13.6887,0
2001-07-19,13.8112,13.8112,13.8112,13.8112,0
2001-07-20,13.8406,13.8406,13.8406,13.8406,0
2001-07-23,13.7009,13.7009,13.7009,13.7009,0
2001-07-24,13.4927,13.4927,13.4927,13.4927,0
2001-07-25,13.5356,13.5356,13.5356,13.5356,0
2001-07-26,13.8112,13.8112,13.8112,13.8112,0
2001-07-27,13.8675,13.8675,13.8675,13.8675,0
2001-07-30,13.8847,13.8847,13.8847,13.8847,0
2001-07-31,13.8724,13.8724,13.8724,13.8724,0
2001-08-01,13.9312,13.9312,13.9312,13.9312,0
2001-08-02,13.9508,13.9508,13.9508,13.9508,0
2001-08-03,13.9226,13.9226,13.9226,13.9226,0
2001-08-06,13.7132,13.7132,13.7132,13.7132,0
2001-08-07,13.7156,13.7156,13.7156,13.7156,0
2001-08-08,13.5123,13.5123,13.5123,13.5123,0
2001-08-09,13.5662,13.5662,13.5662,13.5662,0
2001-08-10,13.6041,13.6041,13.6041,13.6041,0
2001-08-13,13.7009,13.7009,13.7009,13.7009,0
2001-08-14,13.7854,13.7854,13.7854,13.7854,0
2001-08-15,13.8173,13.8173,13.8173,13.8173,0
2001-08-16,13.9312,13.9312,13.9312,13.9312,0
2001-08-17,13.7952,13.7952,13.7952,13.7952,0
2001-08-20,13.8479,13.8479,13.8479,13.8479,0
2001-08-21,13.6752,13.6752,13.6752,13.6752,0
2001-08-22,13.8148,13.8148,13.8148,13.8148,0
2001-08-23,13.6715,13.6715,13.6715,13.6715,0
2001-08-24,13.8565,13.8565,13.8565,13.8565,0
2001-08-27,13.8332,13.8332,13.8332,13.8332,0
2001-08-28,13.7009,13.7009,13.7009,13.7009,0
2001-08-29,13.6654,13.6654,13.6654,13.6654,0
2001-08-30,13.5637,13.5637,13.5637,13.5637,0
2001-08-31,13.6225,13.6225,13.6225,13.6225,0
2001-09-04,13.5601,13.5601,13.5601,13.5601,0
2001-09-05,13.4522,13.4522,13.4522,13.4522,0
2001-09-06,13.1987,13.1987,13.1987,13.1987,0
2001-09-07,12.9745,12.9745,12.9745,12.9745,0
2001-09-10,12.7969,12.7969,12.7969,12.7969,0
2001-09-17,12.1575,12.1575,12.1575,12.1575,0
2001-09-18,11.888,11.888,11.888,11.888,0
2001-09-19,11.6553,11.6553,11.6553,11.6553,0
2001-09-20,11.2082,11.2082,11.2082,11.2082,0
2001-09-21,10.9877,10.9877,10.9877,10.9877,0
2001-09-24,11.3797,11.3797,11.3797,11.3797,0
2001-09-25,11.5083,11.5083,11.5083,11.5083,0
2001-09-26,11.3282,11.3282,11.3282,11.3282,0
2001-09-27,11.4532,11.4532,11.4532,11.4532,0
2001-09-28,11.6981,11.6981,11.6981,11.6981,0
2001-10-01,11.485,11.485,11.485,11.485,0
2001-10-02,11.6351,11.6351,11.6351,11.6351,0
2001-10-03,12.0182,12.0182,12.0182,12.0182,0
2001-10-04,12.0525,12.0525,12.0525,12.0525,0
2001-10-05,12.0562,12.0562,12.0562,12.0562,0
2001-10-08,11.9359,11.9359,11.9359,11.9359,0
2001-10-09,11.8524,11.8524,11.8524,11.8524,0
2001-10-10,12.1679,12.1679,12.1679,12.1679,0
2001-10-11,12.492,12.492,12.492,12.492,0
2001-10-12,12.3594,12.3594,12.3594,12.3594,0
2001-10-15,12.4134,12.4134,12.4134,12.4134,0
2001-10-16,12.5362,12.5362,12.5362,12.5362,0
2001-10-17,12.2158,12.2158,12.2158,12.2158,0
2001-10-18,12.1286,12.1286,12.1286,12.1286,0
2001-10-19,12.2931,12.2931,12.2931,12.2931,0
2001-10-22,12.4454,12.4454,12.4454,12.4454,0
2001-10-23,12.325,12.325,12.325,12.325,0
2001-10-24,12.3705,12.3705,12.3705,12.3705,0
2001-10-25,12.589,12.589,12.589,12.589,0
2001-10-26,12.6577,12.6577,12.6577,12.6577,0
2001-10-29,12.384,12.384,12.384,12.384,0
2001-10-30,12.2023,12.2023,12.2023,12.2023,0
2001-10-31,12.3692,12.3692,12.3692,12.3692,0
2001-11-01,12.5374,12.5374,12.5374,12.5374,0
2001-11-02,12.508,12.508,12.508,12.508,0
2001-11-05,12.6872,12.6872,12.6872,12.6872,0
2001-11-06,12.7707,12.7707,12.7707,12.7707,0
2001-11-07,12.7547,12.7547,12.7547,12.7547,0
2001-11-08,12.6626,12.6626,12.6626,12.6626,0
2001-11-09,12.6504,12.6504,12.6504,12.6504,0
2001-11-12,12.7056,12.7056,12.7056,12.7056,0
2001-11-13,12.9118,12.9118,12.9118,12.9118,0
2001-11-14,13.026,13.026,13.026,13.026,0
2001-11-15,12.945,12.945,12.945,12.945,0
2001-11-16,12.9597,12.9597,12.9597,12.9597,0
2001-11-19,13.0739,13.0739,13.0739,13.0739,0
2001-11-20,13.0788,13.0788,13.0788,13.0788,0
2001-11-21,13.0125,13.0125,13.0125,13.0125,0
2001-11-23,13.1979,13.1979,13.1979,13.1979,0
2001-11-26,13.2273,13.2273,13.2273,13.2273,0
2001-11-27,13.2151,13.2151,13.2151,13.2151,0
2001-11-28,12.9769,12.9769,12.9769,12.9769,0
2001-11-29,13.2433,13.2433,13.2433,13.2433,0
2001-11-30,13.1844,13.1844,13.1844,13.1844,0
2001-12-03,13.1353,13.1353,13.1353,13.1353,0
2001-12-04,13.4544,13.4544,13.4544,13.4544,0
2001-12-05,13.819,13.819,13.819,13.819,0
2001-12-06,13.9136,13.9136,13.9136,13.9136,0
2001-12-07,13.8718,13.8718,13.8718,13.8718,0
2001-12-10,13.6152,13.6152,13.6152,13.6152,0
2001-12-11,13.6582,13.6582,13.6582,13.6582,0
2001-12-12,13.6607,13.6607,13.6607,13.6607,0
2001-12-13,13.4667,13.4667,13.4667,13.4667,0
2001-12-14,13.5858,13.5858,13.5858,13.5858,0
2001-12-17,13.8155,13.8155,13.8155,13.8155,0
2001-12-18,13.9446,13.9446,13.9446,13.9446,0
2001-12-19,13.9311,13.9311,13.9311,13.9311,0
2001-12-20,13.7123,13.7123,13.7123,13.7123,0
2001-12-21,13.963,13.963,13.963,13.963,0
2001-12-24,14.0651,14.0651,14.0651,14.0651,0
2001-12-26,14.2089,14.2089,14.2089,14.2089,0
2001-12-27,14.2679,14.2679,14.2679,14.2679,0
2001-12-28,14.2691,14.2691,14.2691,14.2691,0
2001-12-31,14.0626,14.0626,14.0626,14.0626,0
2002-01-02,14.07,14.07,14.07,14.07,0
2002-01-03,14.3109,14.3109,14.3109,14.3109,0
2002-01-04,14.4953,14.4953,14.4953,14.4953,0
2002-01-07,14.3085,14.3085,14.3085,14.3085,0
2002-01-08,14.4265,14.4265,14.4265,14.4265,0
2002-01-09,14.322,14.322,14.322,14.322,0
2002-01-10,14.3576,14.3576,14.3576,14.3576,0
2002-01-11,14.1757,14.1757,14.1757,14.1757,0
2002-01-14,13.9434,13.9434,13.9434,13.9434,0
2002-01-15,14.0675,14.0675,14.0675,14.0675,0
2002-01-16,13.8414,13.8414,13.8414,13.8414,0
2002-01-17,13.9766,13.9766,13.9766,13.9766,0
2002-01-18,13.8303,13.8303,13.8303,13.8303,0
2002-01-22,13.6717,13.6717,13.6717,13.6717,0
2002-01-23,13.9372,13.9372,13.9372,13.9372,0
2002-01-24,14.0257,14.0257,14.0257,14.0257,0
2002-01-25,14.0319,14.0319,14.0319,14.0319,0
2002-01-28,14.1339,14.1339,14.1339,14.1339,0
2002-01-29,13.9126,13.9126,13.9126,13.9126,0
2002-01-30,14.0811,14.0811,14.0811,14.0811,0
2002-01-31,14.2777,14.2777,14.2777,14.2777,0
2002-02-01,14.1536,14.1536,14.1536,14.1536,0
2002-02-04,13.893,13.893,13.893,13.893,0
2002-02-05,13.8377,13.8377,13.8377,13.8377,0
2002-02-06,13.6348,13.6348,13.6348,13.6348,0
2002-02-07,13.5021,13.5021,13.5021,13.5021,0
2002-02-08,13.7614,13.7614,13.7614,13.7614,0
2002-02-11,13.9212,13.9212,13.9212,13.9212,0
2002-02-12,13.9335,13.9335,13.9335,13.9335,0
2002-02-13,14.0479,14.0479,14.0479,14.0479,0
2002-02-14,13.9495,13.9495,13.9495,13.9495,0
2002-02-15,13.8856,13.8856,13.8856,13.8856,0
2002-02-19,13.6729,13.6729,13.6729,13.6729,0
2002-02-20,13.8352,13.8352,13.8352,13.8352,0
2002-02-21,13.5869,13.5869,13.5869,13.5869,0
2002-02-22,13.7676,13.7676,13.7676,13.7676,0
2002-02-25,13.9422,13.9422,13.9422,13.9422,0
2002-02-26,13.9827,13.9827,13.9827,13.9827,0
2002-02-27,14.086,14.086,14.086,14.086,0
2002-02-28,13.9827,13.9827,13.9827,13.9827,0
2002-03-01,14.2753,14.2753,14.2753,14.2753,0
2002-03-04,14.5543,14.5543,14.5543,14.5543,0
2002-03-05,14.5297,14.5297,14.5297,14.5297,0
2002-03-06,14.7424,14.7424,14.7424,14.7424,0
2002-03-07,14.7473,14.7473,14.7473,14.7473,0
2002-03-08,14.8542,14.8542,14.8542,14.8542,0
2002-03-11,14.8861,14.8861,14.8861,14.8861,0
2002-03-12,14.8578,14.8578,14.8578,14.8578,0
2002-03-13,14.7495,14.7495,14.7495,14.7495,0
2002-03-14,14.8098,14.8098,14.8098,14.8098,0
2002-03-15,14.8554,14.8554,14.8554,14.8554,0
2002-03-18,15.0104,15.0104,15.0104,15.0104,0
2002-03-19,15.0756,15.0756,15.0756,15.0756,0
2002-03-20,14.8837,14.8837,14.8837,14.8837,0
2002-03-21,15.0301,15.0301,15.0301,15.0301,0
2002-03-22,14.9796,14.9796,14.9796,14.9796,0
2002-03-25,14.8197,14.8197,14.8197,14.8197,0
2002-03-26,14.9981,14.9981,14.9981,14.9981,0
2002-03-27,15.1334,15.1334,15.1334,15.1334,0
2002-03-28,15.0707,15.0707,15.0707,15.0707,0
2002-04-01,15.0781,15.0781,15.0781,15.0781,0
2002-04-02,14.9981,14.9981,14.9981,14.9981,0
2002-04-03,14.9021,14.9021,14.9021,14.9021,0
2002-04-04,14.8258,14.8258,14.8258,14.8258,0
2002-04-05,14.939,14.939,14.939,14.939,0
2002-04-08,15.0965,15.0965,15.0965,15.0965,0
2002-04-09,15.115,15.115,15.115,15.115,0
2002-04-10,15.3795,15.3795,15.3795,15.3795,0
2002-04-11,15.1703,15.1703,15.1703,15.1703,0
2002-04-12,15.4718,15.4718,15.4718,15.4718,0
2002-04-15,15.4041,15.4041,15.4041,15.4041,0
2002-04-16,15.7363,15.7363,15.7363,15.7363,0
2002-04-17,15.6637,15.6637,15.6637,15.6637,0
2002-04-18,15.6354,15.6354,15.6354,15.6354,0
2002-04-19,15.6477,15.6477,15.6477,15.6477,0
2002-04-22,15.4927,15.4927,15.4927,15.4927,0
2002-04-23,15.5444,15.5444,15.5444,15.5444,0
2002-04-24,15.4103,15.4103,15.4103,15.4103,0
2002-04-25,15.5025,15.5025,15.5025,15.5025,0
2002-04-26,15.2872,15.2872,15.2872,15.2872,0
2002-04-29,15.2626,15.2626,15.2626,15.2626,0
2002-04-30,15.5505,15.5505,15.5505,15.5505,0
2002-05-01,15.596,15.596,15.596,15.596,0
2002-05-02,15.6637,15.6637,15.6637,15.6637,0
2002-05-03,15.6379,15.6379,15.6379,15.6379,0
2002-05-06,15.3549,15.3549,15.3549,15.3549,0
2002-05-07,15.1826,15.1826,15.1826,15.1826,0
2002-05-08,15.5345,15.5345,15.5345,15.5345,0
2002-05-09,15.302,15.302,15.302,15.302,0
2002-05-10,15.0399,15.0399,15.0399,15.0399,0
2002-05-13,15.1949,15.1949,15.1949,15.1949,0
2002-05-14,15.6871,15.6871,15.6871,15.6871,0
2002-05-15,15.7265,15.7265,15.7265,15.7265,0
2002-05-16,15.4422,15.4422,15.4422,15.4422,0
2002-05-17,15.5234,15.5234,15.5234,15.5234,0
2002-05-20,15.3487,15.3487,15.3487,15.3487,0
2002-05-21,15.0744,15.0744,15.0744,15.0744,0
2002-05-22,15.0571,15.0571,15.0571,15.0571,0
2002-05-23,15.3057,15.3057,15.3057,15.3057,0
2002-05-24,15.0719,15.0719,15.0719,15.0719,0
2002-05-28,15.0411,15.0411,15.0411,15.0411,0
2002-05-29,14.8849,14.8849,14.8849,14.8849,0
2002-05-30,14.8689,14.8689,14.8689,14.8689,0
2002-05-31,14.8873,14.8873,14.8873,14.8873,0
2002-06-03,14.4075,14.4075,14.4075,14.4075,0
2002-06-04,14.3706,14.3706,14.3706,14.3706,0
2002-06-05,14.4137,14.4137,14.4137,14.4137,0
2002-06-06,14.1996,14.1996,14.1996,14.1996,0
2002-06-07,14.3767,14.3767,14.3767,14.3767,0
2002-06-10,14.2857,14.2857,14.2857,14.2857,0
2002-06-11,14.0852,14.0852,14.0852,14.0852,0
2002-06-12,14.0938,14.0938,14.0938,14.0938,0
2002-06-13,13.9092,13.9092,13.9092,13.9092,0
2002-06-14,13.9818,13.9818,13.9818,13.9818,0
2002-06-17,14.3604,14.3604,14.3604,14.3604,0
2002-06-18,14.3764,14.3764,14.3764,14.3764,0
2002-06-19,14.1485,14.1485,14.1485,14.1485,0
2002-06-20,14.0881,14.0881,14.0881,14.0881,0
2002-06-21,14.0807,14.0807,14.0807,14.0807,0
2002-06-24,14.0598,14.0598,14.0598,14.0598,0
2002-06-25,13.7616,13.7616,13.7616,13.7616,0
2002-06-26,13.8368,13.8368,13.8368,13.8368,0
2002-06-27,14.0857,14.0857,14.0857,14.0857,0
2002-06-28,14.1066,14.1066,14.1066,14.1066,0
2002-07-01,13.7185,13.7185,13.7185,13.7185,0
2002-07-02,13.3181,13.3181,13.3181,13.3181,0
2002-07-03,13.1727,13.1727,13.1727,13.1727,0
2002-07-05,13.6224,13.6224,13.6224,13.6224,0
2002-07-08,13.3982,13.3982,13.3982,13.3982,0
2002-07-09,13.2861,13.2861,13.2861,13.2861,0
2002-07-10,12.9362,12.9362,12.9362,12.9362,0
2002-07-11,12.7662,12.7662,12.7662,12.7662,0
2002-07-12,12.6812,12.6812,12.6812,12.6812,0
2002-07-15,12.5173,12.5173,12.5173,12.5173,0
2002-07-16,12.3682,12.3682,12.3682,12.3682,0
2002-07-17,12.4052,12.4052,12.4052,12.4052,0
2002-07-18,12.0923,12.0923,12.0923,12.0923,0
2002-07-19,11.8619,11.8619,11.8619,11.8619,0
2002-07-22,11.507,11.507,11.507,11.507,0
2002-07-23,11.119,11.119,11.119,11.119,0
2002-07-24,11.6044,11.6044,11.6044,11.6044,0
2002-07-25,11.6672,11.6672,11.6672,11.6672,0
2002-07-26,11.7535,11.7535,11.7535,11.7535,0
2002-07-29,12.4064,12.4064,12.4064,12.4064,0
2002-07-30,12.3818,12.3818,12.3818,12.3818,0
2002-07-31,12.1354,12.1354,12.1354,12.1354,0
2002-08-01,12.0491,12.0491,12.0491,12.0491,0
2002-08-02,11.6118,11.6118,11.6118,11.6118,0
2002-08-05,11.3124,11.3124,11.3124,11.3124,0
2002-08-06,11.7214,11.7214,11.7214,11.7214,0
2002-08-07,11.8545,11.8545,11.8545,11.8545,0
2002-08-08,12.0923,12.0923,12.0923,12.0923,0
2002-08-09,12.0738,12.0738,12.0738,12.0738,0
2002-08-12,12.1046,12.1046,12.1046,12.1046,0
2002-08-13,11.8274,11.8274,11.8274,11.8274,0
2002-08-14,12.1822,12.1822,12.1822,12.1822,0
2002-08-15,12.2512,12.2512,12.2512,12.2512,0
2002-08-16,12.4101,12.4101,12.4101,12.4101,0
2002-08-19,12.6405,12.6405,12.6405,12.6405,0
2002-08-20,12.5321,12.5321,12.5321,12.5321,0
2002-08-21,12.7662,12.7662,12.7662,12.7662,0
2002-08-22,12.8376,12.8376,12.8376,12.8376,0
2002-08-23,12.5518,12.5518,12.5518,12.5518,0
2002-08-26,12.6898,12.6898,12.6898,12.6898,0
2002-08-27,12.404,12.404,12.404,12.404,0
2002-08-28,12.1625,12.1625,12.1625,12.1625,0
2002-08-29,12.2672,12.2672,12.2672,12.2672,0
2002-08-30,12.2068,12.2068,12.2068,12.2068,0
2002-09-03,11.8335,11.8335,11.8335,11.8335,0
2002-09-04,12.1452,12.1452,12.1452,12.1452,0
2002-09-05,11.9321,11.9321,11.9321,11.9321,0
2002-09-06,12.2586,12.2586,12.2586,12.2586,0
2002-09-09,12.3079,12.3079,12.3079,12.3079,0
2002-09-10,12.4249,12.4249,12.4249,12.4249,0
2002-09-11,12.4064,12.4064,12.4064,12.4064,0
2002-09-12,12.1477,12.1477,12.1477,12.1477,0
2002-09-13,12.2598,12.2598,12.2598,12.2598,0
2002-09-16,12.1664,12.1664,12.1664,12.1664,0
2002-09-17,11.9776,11.9776,11.9776,11.9776,0
2002-09-18,11.8356,11.8356,11.8356,11.8356,0
2002-09-19,11.516,11.516,11.516,11.516,0
2002-09-20,11.5765,11.5765,11.5765,11.5765,0
2002-09-23,11.2741,11.2741,11.2741,11.2741,0
2002-09-24,11.2297,11.2297,11.2297,11.2297,0
2002-09-25,11.4901,11.4901,11.4901,11.4901,0
2002-09-26,11.7554,11.7554,11.7554,11.7554,0
2002-09-27,11.5049,11.5049,11.5049,11.5049,0
2002-09-30,11.495,11.495,11.495,11.495,0
2002-10-01,11.8134,11.8134,11.8134,11.8134,0
2002-10-02,11.5419,11.5419,11.5419,11.5419,0
2002-10-03,11.2926,11.2926,11.2926,11.2926,0
2002-10-04,11.0334,11.0334,11.0334,11.0334,0
2002-10-07,10.7002,10.7002,10.7002,10.7002,0
2002-10-08,10.8495,10.8495,10.8495,10.8495,0
2002-10-09,10.4534,10.4534,10.4534,10.4534,0
2002-10-10,10.694,10.694,10.694,10.694,0
2002-10-11,11.0273,11.0273,11.0273,11.0273,0
2002-10-14,11.084,11.084,11.084,11.084,0
2002-10-15,11.5394,11.5394,11.5394,11.5394,0
2002-10-16,11.2877,11.2877,11.2877,11.2877,0
2002-10-17,11.5888,11.5888,11.5888,11.5888,0
2002-10-18,11.632,11.632,11.632,11.632,0
2002-10-21,11.8924,11.8924,11.8924,11.8924,0
2002-10-22,11.6752,11.6752,11.6752,11.6752,0
2002-10-23,11.8603,11.8603,11.8603,11.8603,0
2002-10-24,11.7653,11.7653,11.7653,11.7653,0
2002-10-25,11.8875,11.8875,11.8875,11.8875,0
2002-10-28,11.7468,11.7468,11.7468,11.7468,0
2002-10-29,11.7369,11.7369,11.7369,11.7369,0
2002-10-30,11.9047,11.9047,11.9047,11.9047,0
2002-10-31,11.8295,11.8295,11.8295,11.8295,0
2002-11-01,12.0948,12.0948,12.0948,12.0948,0
2002-11-04,12.1577,12.1577,12.1577,12.1577,0
2002-11-05,12.1096,12.1096,12.1096,12.1096,0
2002-11-06,12.2799,12.2799,12.2799,12.2799,0
2002-11-07,12.0467,12.0467,12.0467,12.0467,0
2002-11-08,11.9146,11.9146,11.9146,11.9146,0
2002-11-11,11.6197,11.6197,11.6197,11.6197,0
2002-11-12,11.7258,11.7258,11.7258,11.7258,0
2002-11-13,11.7924,11.7924,11.7924,11.7924,0
2002-11-14,12.0639,12.0639,12.0639,12.0639,0
2002-11-15,12.0948,12.0948,12.0948,12.0948,0
2002-11-18,11.9652,11.9652,11.9652,11.9652,0
2002-11-19,11.8295,11.8295,11.8295,11.8295,0
2002-11-20,12.1405,12.1405,12.1405,12.1405,0
2002-11-21,12.4157,12.4157,12.4157,12.4157,0
2002-11-22,12.428,12.428,12.428,12.428,0
2002-11-25,12.4774,12.4774,12.4774,12.4774,0
2002-11-26,12.3602,12.3602,12.3602,12.3602,0
2002-11-27,12.6551,12.6551,12.6551,12.6551,0
2002-11-29,12.4663,12.4663,12.4663,12.4663,0
2002-12-02,12.5897,12.5897,12.5897,12.5897,0
2002-12-03,12.465,12.465,12.465,12.465,0
2002-12-04,12.4169,12.4169,12.4169,12.4169,0
2002-12-05,12.2417,12.2417,12.2417,12.2417,0
2002-12-06,12.3379,12.3379,12.3379,12.3379,0
2002-12-09,12.0948,12.0948,12.0948,12.0948,0
2002-12-10,12.3416,12.3416,12.3416,12.3416,0
2002-12-11,12.3108,12.3108,12.3108,12.3108,0
2002-12-12,12.4157,12.4157,12.4157,12.4157,0
2002-12-13,12.1812,12.1812,12.1812,12.1812,0
2002-12-16,12.3787,12.3787,12.3787,12.3787,0
2002-12-17,12.2674,12.2674,12.2674,12.2674,0
2002-12-18,12.119,12.119,12.119,12.119,0
2002-12-19,11.9978,11.9978,11.9978,11.9978,0
2002-12-20,12.1536,12.1536,12.1536,12.1536,0
2002-12-23,12.2179,12.2179,12.2179,12.2179,0
2002-12-24,12.161,12.161,12.161,12.161,0
2002-12-26,12.1672,12.1672,12.1672,12.1672,0
2002-12-27,11.999,11.999,11.999,11.999,0
2002-12-30,12.0238,12.0238,12.0238,12.0238,0
2002-12-31,12.051,12.051,12.051,12.051,0
2003-01-02,12.3911,12.3911,12.3911,12.3911,0
2003-01-03,12.3169,12.3169,12.3169,12.3169,0
2003-01-06,12.4331,12.4331,12.4331,12.4331,0
2003-01-07,12.3416,12.3416,12.3416,12.3416,0
2003-01-08,12.2241,12.2241,12.2241,12.2241,0
2003-01-09,12.3465,12.3465,12.3465,12.3465,0
2003-01-10,12.354,12.354,12.354,12.354,0
2003-01-13,12.3416,12.3416,12.3416,12.3416,0
2003-01-14,12.2798,12.2798,12.2798,12.2798,0
2003-01-15,12.2427,12.2427,12.2427,12.2427,0
2003-01-16,12.2958,12.2958,12.2958,12.2958,0
2003-01-17,12.0807,12.0807,12.0807,12.0807,0
2003-01-21,11.9174,11.9174,11.9174,11.9174,0
2003-01-22,11.8469,11.8469,11.8469,11.8469,0
2003-01-23,11.9434,11.9434,11.9434,11.9434,0
2003-01-24,11.7332,11.7332,11.7332,11.7332,0
2003-01-27,11.5019,11.5019,11.5019,11.5019,0
2003-01-28,11.5625,11.5625,11.5625,11.5625,0
2003-01-29,11.6676,11.6676,11.6676,11.6676,0
2003-01-30,11.4809,11.4809,11.4809,11.4809,0
2003-01-31,11.6825,11.6825,11.6825,11.6825,0
2003-02-03,11.5501,11.5501,11.5501,11.5501,0
2003-02-04,11.5811,11.5811,11.5811,11.5811,0
2003-02-05,11.4821,11.4821,11.4821,11.4821,0
2003-02-06,11.4005,11.4005,11.4005,11.4005,0
2003-02-07,11.2175,11.2175,11.2175,11.2175,0
2003-02-10,11.309,11.309,11.309,11.309,0
2003-02-11,11.2756,11.2756,11.2756,11.2756,0
2003-02-12,11.1408,11.1408,11.1408,11.1408,0
2003-02-13,11.1074,11.1074,11.1074,11.1074,0
2003-02-14,11.2472,11.2472,11.2472,11.2472,0
2003-02-18,11.3745,11.3745,11.3745,11.3745,0
2003-02-19,11.2855,11.2855,11.2855,11.2855,0
2003-02-20,11.2039,11.2039,11.2039,11.2039,0
2003-02-21,11.3572,11.3572,11.3572,11.3572,0
2003-02-24,11.1482,11.1482,11.1482,11.1482,0
2003-02-25,11.2595,11.2595,11.2595,11.2595,0
2003-02-26,11.1445,11.1445,11.1445,11.1445,0
2003-02-27,11.2472,11.2472,11.2472,11.2472,0
2003-02-28,11.2744,11.2744,11.2744,11.2744,0
2003-03-03,11.2286,11.2286,11.2286,11.2286,0
2003-03-04,11.032,11.032,11.032,11.032,0
2003-03-05,11.0431,11.0431,11.0431,11.0431,0
2003-03-06,10.9912,10.9912,10.9912,10.9912,0
2003-03-07,11.0172,11.0172,11.0172,11.0172,0
2003-03-10,10.7825,10.7825,10.7825,10.7825,0
2003-03-11,10.7206,10.7206,10.7206,10.7206,0
2003-03-12,10.6958,10.6958,10.6958,10.6958,0
2003-03-13,10.9684,10.9684,10.9684,10.9684,0
2003-03-14,11.0067,11.0067,11.0067,11.0067,0
2003-03-17,11.2693,11.2693,11.2693,11.2693,0
2003-03-18,11.3994,11.3994,11.3994,11.3994,0
2003-03-19,11.3957,11.3957,11.3957,11.3957,0
2003-03-20,11.4849,11.4849,11.4849,11.4849,0
2003-03-21,11.6979,11.6979,11.6979,11.6979,0
2003-03-24,11.4006,11.4006,11.4006,11.4006,0
2003-03-25,11.5257,11.5257,11.5257,11.5257,0
2003-03-26,11.3722,11.3722,11.3722,11.3722,0
2003-03-27,11.4415,11.4415,11.4415,11.4415,0
2003-03-28,11.501,11.501,11.501,11.501,0
2003-03-31,11.3313,11.3313,11.3313,11.3313,0
2003-04-01,11.4143,11.4143,11.4143,11.4143,0
2003-04-02,11.693,11.693,11.693,11.693,0
2003-04-03,11.6533,11.6533,11.6533,11.6533,0
2003-04-04,11.6186,11.6186,11.6186,11.6186,0
2003-04-07,11.6521,11.6521,11.6521,11.6521,0
2003-04-08,11.6025,11.6025,11.6025,11.6025,0
2003-04-09,11.501,11.501,11.501,11.501,0
2003-04-10,11.5208,11.5208,11.5208,11.5208,0
2003-04-11,11.4626,11.4626,11.4626,11.4626,0
2003-04-14,11.693,11.693,11.693,11.693,0
2003-04-15,11.7735,11.7735,11.7735,11.7735,0
2003-04-16,11.6608,11.6608,11.6608,11.6608,0
2003-04-17,11.8292,11.8292,11.8292,11.8292,0
2003-04-21,11.9221,11.9221,11.9221,11.9221,0
2003-04-22,12.0831,12.0831,12.0831,12.0831,0
2003-04-23,12.1215,12.1215,12.1215,12.1215,0
2003-04-24,12.1116,12.1116,12.1116,12.1116,0
2003-04-25,11.9283,11.9283,11.9283,11.9283,0
2003-04-28,12.1389,12.1389,12.1389,12.1389,0
2003-04-29,12.2095,12.2095,12.2095,12.2095,0
2003-04-30,12.3024,12.3024,12.3024,12.3024,0
2003-05-01,12.2689,12.2689,12.2689,12.2689,0
2003-05-02,12.5699,12.5699,12.5699,12.5699,0
2003-05-05,12.56,12.56,12.56,12.56,0
2003-05-06,12.6529,12.6529,12.6529,12.6529,0
2003-05-07,12.6294,12.6294,12.6294,12.6294,0
2003-05-08,12.5439,12.5439,12.5439,12.5439,0
2003-05-09,12.6901,12.6901,12.6901,12.6901,0
2003-05-12,12.8127,12.8127,12.8127,12.8127,0
2003-05-13,12.8127,12.8127,12.8127,12.8127,0
2003-05-14,12.7656,12.7656,12.7656,12.7656,0
2003-05-15,12.8127,12.8127,12.8127,12.8127,0
2003-05-16,12.5972,12.5972,12.5972,12.5972,0
2003-05-19,12.368,12.368,12.368,12.368,0
2003-05-20,12.3495,12.3495,12.3495,12.3495,0
2003-05-21,12.4027,12.4027,12.4027,12.4027,0
2003-05-22,12.4907,12.4907,12.4907,12.4907,0
2003-05-23,12.6121,12.6121,12.6121,12.6121,0
2003-05-27,12.8325,12.8325,12.8325,12.8325,0
2003-05-28,12.9576,12.9576,12.9576,12.9576,0
2003-05-29,13.0059,13.0059,13.0059,13.0059,0
2003-05-30,13.245,13.245,13.245,13.245,0
2003-06-02,13.3156,13.3156,13.3156,13.3156,0
2003-06-03,13.3156,13.3156,13.3156,13.3156,0
2003-06-04,13.5609,13.5609,13.5609,13.5609,0
2003-06-05,13.6587,13.6587,13.6587,13.6587,0
2003-06-06,13.5695,13.5695,13.5695,13.5695,0
2003-06-09,13.3416,13.3416,13.3416,13.3416,0
2003-06-10,13.5311,13.5311,13.5311,13.5311,0
2003-06-11,13.6934,13.6934,13.6934,13.6934,0
2003-06-12,13.7578,13.7578,13.7578,13.7578,0
2003-06-13,13.5881,13.5881,13.5881,13.5881,0
2003-06-16,13.7692,13.7692,13.7692,13.7692,0
2003-06-17,13.8399,13.8399,13.8399,13.8399,0
2003-06-18,13.794,13.794,13.794,13.794,0
2003-06-19,13.6885,13.6885,13.6885,13.6885,0
2003-06-20,13.5619,13.5619,13.5619,13.5619,0
2003-06-23,13.3609,13.3609,13.3609,13.3609,0
2003-06-24,13.4031,13.4031,13.4031,13.4031,0
2003-06-25,13.4515,13.4515,13.4515,13.4515,0
2003-06-26,13.6451,13.6451,13.6451,13.6451,0
2003-06-27,13.5954,13.5954,13.5954,13.5954,0
2003-06-30,13.6079,13.6079,13.6079,13.6079,0
2003-07-01,13.6674,13.6674,13.6674,13.6674,0
2003-07-02,13.9231,13.9231,13.9231,13.9231,0
2003-07-03,13.8561,13.8561,13.8561,13.8561,0
2003-07-07,14.072,14.072,14.072,14.072,0
2003-07-08,14.3636,14.3636,14.3636,14.3636,0
2003-07-09,14.4182,14.4182,14.4182,14.4182,0
2003-07-10,14.1812,14.1812,14.1812,14.1812,0
2003-07-11,14.3177,14.3177,14.3177,14.3177,0
2003-07-14,14.3947,14.3947,14.3947,14.3947,0
2003-07-15,14.3239,14.3239,14.3239,14.3239,0
2003-07-16,14.2346,14.2346,14.2346,14.2346,0
2003-07-17,13.9082,13.9082,13.9082,13.9082,0
2003-07-18,14.0286,14.0286,14.0286,14.0286,0
2003-07-21,13.8325,13.8325,13.8325,13.8325,0
2003-07-22,13.9764,13.9764,13.9764,13.9764,0
2003-07-23,14.0521,14.0521,14.0521,14.0521,0
2003-07-24,14.0546,14.0546,14.0546,14.0546,0
2003-07-25,14.108,14.108,14.108,14.108,0
2003-07-28,14.2532,14.2532,14.2532,14.2532,0
2003-07-29,14.2892,14.2892,14.2892,14.2892,0
2003-07-30,14.2507,14.2507,14.2507,14.2507,0
2003-07-31,14.2855,14.2855,14.2855,14.2855,0
2003-08-01,14.0919,14.0919,14.0919,14.0919,0
2003-08-04,14.0546,14.0546,14.0546,14.0546,0
2003-08-05,13.8362,13.8362,13.8362,13.8362,0
2003-08-06,13.7642,13.7642,13.7642,13.7642,0
2003-08-07,13.8623,13.8623,13.8623,13.8623,0
2003-08-08,13.8275,13.8275,13.8275,13.8275,0
2003-08-11,13.9491,13.9491,13.9491,13.9491,0
2003-08-12,14.17,14.17,14.17,14.17,0
2003-08-13,14.2346,14.2346,14.2346,14.2346,0
2003-08-14,14.3103,14.3103,14.3103,14.3103,0
2003-08-15,14.4207,14.4207,14.4207,14.4207,0
2003-08-18,14.6354,14.6354,14.6354,14.6354,0
2003-08-19,14.8675,14.8675,14.8675,14.8675,0
2003-08-20,14.87,14.87,14.87,14.87,0
2003-08-21,14.9705,14.9705,14.9705,14.9705,0
2003-08-22,14.7037,14.7037,14.7037,14.7037,0
2003-08-25,14.6702,14.6702,14.6702,14.6702,0
2003-08-26,14.767,14.767,14.767,14.767,0
2003-08-27,14.762,14.762,14.762,14.762,0
2003-08-28,14.9655,14.9655,14.9655,14.9655,0
2003-08-29,14.999,14.999,14.999,14.999,0
2003-09-02,15.2646,15.2646,15.2646,15.2646,0
2003-09-03,15.3701,15.3701,15.3701,15.3701,0
2003-09-04,15.426,15.426,15.426,15.426,0
2003-09-05,15.246,15.246,15.246,15.246,0
2003-09-08,15.4508,15.4508,15.4508,15.4508,0
2003-09-09,15.3329,15.3329,15.3329,15.3329,0
2003-09-10,15.0288,15.0288,15.0288,15.0288,0
2003-09-11,15.1405,15.1405,15.1405,15.1405,0
2003-09-12,15.1889,15.1889,15.1889,15.1889,0
2003-09-15,15.1361,15.1361,15.1361,15.1361,0
2003-09-16,15.34,15.34,15.34,15.34,0
2003-09-17,15.3338,15.3338,15.3338,15.3338,0
2003-09-18,15.4655,15.4655,15.4655,15.4655,0
2003-09-19,15.3163,15.3163,15.3163,15.3163,0
2003-09-22,15.1945,15.1945,15.1945,15.1945,0
2003-09-23,15.2778,15.2778,15.2778,15.2778,0
2003-09-24,15.0055,15.0055,15.0055,15.0055,0
2003-09-25,14.6525,14.6525,14.6525,14.6525,0
2003-09-26,14.4026,14.4026,14.4026,14.4026,0
2003-09-29,14.645,14.645,14.645,14.645,0
2003-09-30,14.5928,14.5928,14.5928,14.5928,0
2003-10-01,14.9185,14.9185,14.9185,14.9185,0
2003-10-02,15.023,15.023,15.023,15.023,0
2003-10-03,15.3151,15.3151,15.3151,15.3151,0
2003-10-06,15.3773,15.3773,15.3773,15.3773,0
2003-10-07,15.519,15.519,15.519,15.519,0
2003-10-08,15.3847,15.3847,15.3847,15.3847,0
2003-10-09,15.5028,15.5028,15.5028,15.5028,0
2003-10-10,15.468,15.468,15.468,15.468,0
2003-10-13,15.6843,15.6843,15.6843,15.6843,0
2003-10-14,15.7888,15.7888,15.7888,15.7888,0
2003-10-15,15.6644,15.6644,15.6644,15.6644,0
2003-10-16,15.7987,15.7987,15.7987,15.7987,0
2003-10-17,15.5563,15.5563,15.5563,15.5563,0
2003-10-20,15.5899,15.5899,15.5899,15.5899,0
2003-10-21,15.6023,15.6023,15.6023,15.6023,0
2003-10-22,15.3959,15.3959,15.3959,15.3959,0
2003-10-23,15.3163,15.3163,15.3163,15.3163,0
2003-10-24,15.192,15.192,15.192,15.192,0
2003-10-27,15.4618,15.4618,15.4618,15.4618,0
2003-10-28,15.7602,15.7602,15.7602,15.7602,0
2003-10-29,15.8571,15.8571,15.8571,15.8571,0
2003-10-30,15.8547,15.8547,15.8547,15.8547,0
2003-10-31,15.8534,15.8534,15.8534,15.8534,0
2003-11-03,16.1306,16.1306,16.1306,16.1306,0
2003-11-04,16.1655,16.1655,16.1655,16.1655,0
2003-11-05,16.1704,16.1704,16.1704,16.1704,0
2003-11-06,16.2363,16.2363,16.2363,16.2363,0
2003-11-07,16.2363,16.2363,16.2363,16.2363,0
2003-11-10,15.9939,15.9939,15.9939,15.9939,0
2003-11-11,15.9019,15.9019,15.9019,15.9019,0
2003-11-12,16.2177,16.2177,16.2177,16.2177,0
2003-11-13,16.2425,16.2425,16.2425,16.2425,0
2003-11-14,16.0125,16.0125,16.0125,16.0125,0
2003-11-17,15.8795,15.8795,15.8795,15.8795,0
2003-11-18,15.7266,15.7266,15.7266,15.7266,0
2003-11-19,15.8571,15.8571,15.8571,15.8571,0
2003-11-20,15.7515,15.7515,15.7515,15.7515,0
2003-11-21,15.8696,15.8696,15.8696,15.8696,0
2003-11-24,16.2488,16.2488,16.2488,16.2488,0
2003-11-25,16.3868,16.3868,16.3868,16.3868,0
2003-11-26,16.434,16.434,16.434,16.434,0
2003-11-28,16.4663,16.4663,16.4663,16.4663,0
2003-12-01,16.6913,16.6913,16.6913,16.6913,0
2003-12-02,16.659,16.659,16.659,16.659,0
2003-12-03,16.3544,16.3544,16.3544,16.3544,0
2003-12-04,16.383,16.383,16.383,16.383,0
2003-12-05,16.2115,16.2115,16.2115,16.2115,0
2003-12-08,16.3283,16.3283,16.3283,16.3283,0
2003-12-09,16.0921,16.0921,16.0921,16.0921,0
2003-12-10,15.9454,15.9454,15.9454,15.9454,0
2003-12-11,16.3059,16.3059,16.3059,16.3059,0
2003-12-12,16.4352,16.4352,16.4352,16.4352,0
2003-12-15,16.1606,16.1606,16.1606,16.1606,0
2003-12-16,16.1793,16.1793,16.1793,16.1793,0
2003-12-17,16.2478,16.2478,16.2478,16.2478,0
2003-12-18,16.4309,16.4309,16.4309,16.4309,0
2003-12-19,16.4645,16.4645,16.4645,16.4645,0
2003-12-22,16.594,16.594,16.594,16.594,0
2003-12-23,16.6899,16.6899,16.6899,16.6899,0
2003-12-24,16.5779,16.5779,16.5779,16.5779,0
2003-12-26,16.6875,16.6875,16.6875,16.6875,0
2003-12-29,16.9141,16.9141,16.9141,16.9141,0
2003-12-30,16.939,16.939,16.939,16.939,0
2003-12-31,16.6899,16.6899,16.6899,16.6899,0
2004-01-02,16.7721,16.7721,16.7721,16.7721,0
2004-01-05,16.9764,16.9764,16.9764,16.9764,0
2004-01-06,16.9366,16.9366,16.9366,16.9366,0
2004-01-07,17.0698,17.0698,17.0698,17.0698,0
2004-01-08,17.1159,17.1159,17.1159,17.1159,0
2004-01-09,16.964,16.964,16.964,16.964,0
2004-01-12,17.1508,17.1508,17.1508,17.1508,0
2004-01-13,17.1744,17.1744,17.1744,17.1744,0
2004-01-14,17.2816,17.2816,17.2816,17.2816,0
2004-01-15,17.3027,17.3027,17.3027,17.3027,0
2004-01-16,17.3002,17.3002,17.3002,17.3002,0
2004-01-20,17.4846,17.4846,17.4846,17.4846,0
2004-01-21,17.5618,17.5618,17.5618,17.5618,0
2004-01-22,17.4373,17.4373,17.4373,17.4373,0
2004-01-23,17.588,17.588,17.588,17.588,0
2004-01-26,17.7437,17.7437,17.7437,17.7437,0
2004-01-27,17.4871,17.4871,17.4871,17.4871,0
2004-01-28,17.2504,17.2504,17.2504,17.2504,0
2004-01-29,17.1471,17.1471,17.1471,17.1471,0
2004-01-30,17.1844,17.1844,17.1844,17.1844,0
2004-02-02,17.1458,17.1458,17.1458,17.1458,0
2004-02-03,17.1334,17.1334,17.1334,17.1334,0
2004-02-04,16.8008,16.8008,16.8008,16.8008,0
2004-02-05,16.9415,16.9415,16.9415,16.9415,0
2004-02-06,17.3002,17.3002,17.3002,17.3002,0
2004-02-09,17.375,17.375,17.375,17.375,0
2004-02-10,17.5493,17.5493,17.5493,17.5493,0
2004-02-11,17.7163,17.7163,17.7163,17.7163,0
2004-02-12,17.6415,17.6415,17.6415,17.6415,0
2004-02-13,17.4248,17.4248,17.4248,17.4248,0
2004-02-17,17.6677,17.6677,17.6677,17.6677,0
2004-02-18,17.6353,17.6353,17.6353,17.6353,0
2004-02-19,17.3376,17.3376,17.3376,17.3376,0
2004-02-20,17.2728,17.2728,17.2728,17.2728,0
2004-02-23,17.0761,17.0761,17.0761,17.0761,0
2004-02-24,17.1259,17.1259,17.1259,17.1259,0
2004-02-25,17.3476,17.3476,17.3476,17.3476,0
2004-02-26,17.4497,17.4497,17.4497,17.4497,0
2004-02-27,17.4983,17.4983,17.4983,17.4983,0
2004-03-01,17.8408,17.8408,17.8408,17.8408,0
2004-03-02,17.7362,17.7362,17.7362,17.7362,0
2004-03-03,17.7673,17.7673,17.7673,17.7673,0
2004-03-04,17.9205,17.9205,17.9205,17.9205,0
2004-03-05,17.8993,17.8993,17.8993,17.8993,0
2004-03-08,17.7486,17.7486,17.7486,17.7486,0
2004-03-09,17.6565,17.6565,17.6565,17.6565,0
2004-03-10,17.2753,17.2753,17.2753,17.2753,0
2004-03-11,17.096,17.096,17.096,17.096,0
2004-03-12,17.5244,17.5244,17.5244,17.5244,0
2004-03-15,17.1259,17.1259,17.1259,17.1259,0
2004-03-16,17.1259,17.1259,17.1259,17.1259,0
2004-03-17,17.3874,17.3874,17.3874,17.3874,0
2004-03-18,17.2504,17.2504,17.2504,17.2504,0
2004-03-19,17.1508,17.1508,17.1508,17.1508,0
2004-03-22,16.8942,16.8942,16.8942,16.8942,0
2004-03-23,16.8954,16.8954,16.8954,16.8954,0
2004-03-24,16.8456,16.8456,16.8456,16.8456,0
2004-03-25,17.1657,17.1657,17.1657,17.1657,0
2004-03-26,17.2056,17.2056,17.2056,17.2056,0
2004-03-29,17.5742,17.5742,17.5742,17.5742,0
2004-03-30,17.7102,17.7102,17.7102,17.7102,0
2004-03-31,17.7638,17.7638,17.7638,17.7638,0
2004-04-01,17.8449,17.8449,17.8449,17.8449,0
2004-04-02,18.057,18.057,18.057,18.057,0
2004-04-05,18.2017,18.2017,18.2017,18.2017,0
2004-04-06,18.0408,18.0408,18.0408,18.0408,0
2004-04-07,18.1231,18.1231,18.1231,18.1231,0
2004-04-08,17.9734,17.9734,17.9734,17.9734,0
2004-04-12,18.0632,18.0632,18.0632,18.0632,0
2004-04-13,17.6753,17.6753,17.6753,17.6753,0
2004-04-14,17.6017,17.6017,17.6017,17.6017,0
2004-04-15,17.5206,17.5206,17.5206,17.5206,0
2004-04-16,17.6478,17.6478,17.6478,17.6478,0
2004-04-19,17.7576,17.7576,17.7576,17.7576,0
2004-04-20,17.4358,17.4358,17.4358,17.4358,0
2004-04-21,17.664,17.664,17.664,17.664,0
2004-04-22,17.9946,17.9946,17.9946,17.9946,0
2004-04-23,17.9223,17.9223,17.9223,17.9223,0
2004-04-26,17.8399,17.8399,17.8399,17.8399,0
2004-04-27,17.8611,17.8611,17.8611,17.8611,0
2004-04-28,17.5518,17.5518,17.5518,17.5518,0
2004-04-29,17.2461,17.2461,17.2461,17.2461,0
2004-04-30,17.0727,17.0727,17.0727,17.0727,0
2004-05-03,17.2549,17.2549,17.2549,17.2549,0
2004-05-04,17.3809,17.3809,17.3809,17.3809,0
2004-05-05,17.417,17.417,17.417,17.417,0
2004-05-06,17.2187,17.2187,17.2187,17.2187,0
2004-05-07,16.7721,16.7721,16.7721,16.7721,0
2004-05-10,16.4677,16.4677,16.4677,16.4677,0
2004-05-11,16.7808,16.7808,16.7808,16.7808,0
2004-05-12,16.8407,16.8407,16.8407,16.8407,0
2004-05-13,16.691,16.691,16.691,16.691,0
2004-05-14,16.6124,16.6124,16.6124,16.6124,0
2004-05-17,16.4303,16.4303,16.4303,16.4303,0
2004-05-18,16.6336,16.6336,16.6336,16.6336,0
2004-05-19,16.5301,16.5301,16.5301,16.5301,0
2004-05-20,16.6087,16.6087,16.6087,16.6087,0
2004-05-21,16.7696,16.7696,16.7696,16.7696,0
2004-05-24,16.9567,16.9567,16.9567,16.9567,0
2004-05-25,17.3646,17.3646,17.3646,17.3646,0
2004-05-26,17.452,17.452,17.452,17.452,0
2004-05-27,17.4407,17.4407,17.4407,17.4407,0
2004-05-28,17.442,17.442,17.442,17.442,0
2004-06-01,17.5642,17.5642,17.5642,17.5642,0
2004-06-02,17.5468,17.5468,17.5468,17.5468,0
2004-06-03,17.2362,17.2362,17.2362,17.2362,0
2004-06-04,17.432,17.432,17.432,17.432,0
2004-06-07,17.7663,17.7663,17.7663,17.7663,0
2004-06-08,17.7925,17.7925,17.7925,17.7925,0
2004-06-09,17.5817,17.5817,17.5817,17.5817,0
2004-06-10,17.558,17.558,17.558,17.558,0
2004-06-14,17.3347,17.3347,17.3347,17.3347,0
2004-06-15,17.6042,17.6042,17.6042,17.6042,0
2004-06-16,17.7389,17.7389,17.7389,17.7389,0
2004-06-17,17.7451,17.7451,17.7451,17.7451,0
2004-06-18,17.7214,17.7214,17.7214,17.7214,0
2004-06-21,17.7264,17.7264,17.7264,17.7264,0
2004-06-22,17.8125,17.8125,17.8125,17.8125,0
2004-06-23,18.0283,18.0283,18.0283,18.0283,0
2004-06-24,17.9921,17.9921,17.9921,17.9921,0
2004-06-25,18.1568,18.1568,18.1568,18.1568,0
2004-06-28,18.0897,18.0897,18.0897,18.0897,0
2004-06-29,18.2734,18.2734,18.2734,18.2734,0
2004-06-30,18.4009,18.4009,18.4009,18.4009,0
2004-07-01,18.1772,18.1772,18.1772,18.1772,0
2004-07-02,18.1472,18.1472,18.1472,18.1472,0
2004-07-06,17.9171,17.9171,17.9171,17.9171,0
2004-07-07,17.8609,17.8609,17.8609,17.8609,0
2004-07-08,17.5634,17.5634,17.5634,17.5634,0
2004-07-09,17.6209,17.6209,17.6209,17.6209,0
2004-07-12,17.5771,17.5771,17.5771,17.5771,0
2004-07-13,17.6159,17.6159,17.6159,17.6159,0
2004-07-14,17.5196,17.5196,17.5196,17.5196,0
2004-07-15,17.5696,17.5696,17.5696,17.5696,0
2004-07-16,17.4646,17.4646,17.4646,17.4646,0
2004-07-19,17.4446,17.4446,17.4446,17.4446,0
2004-07-20,17.7259,17.7259,17.7259,17.7259,0
2004-07-21,17.2196,17.2196,17.2196,17.2196,0
2004-07-22,17.1571,17.1571,17.1571,17.1571,0
2004-07-23,16.9758,16.9758,16.9758,16.9758,0
2004-07-26,16.8046,16.8046,16.8046,16.8046,0
2004-07-27,17.1271,17.1271,17.1271,17.1271,0
2004-07-28,17.0634,17.0634,17.0634,17.0634,0
2004-07-29,17.2984,17.2984,17.2984,17.2984,0
2004-07-30,17.3871,17.3871,17.3871,17.3871,0
2004-08-02,17.3659,17.3659,17.3659,17.3659,0
2004-08-03,17.1433,17.1433,17.1433,17.1433,0
2004-08-04,17.1509,17.1509,17.1509,17.1509,0
2004-08-05,16.7933,16.7933,16.7933,16.7933,0
2004-08-06,16.4383,16.4383,16.4383,16.4383,0
2004-08-09,16.3971,16.3971,16.3971,16.3971,0
2004-08-10,16.6733,16.6733,16.6733,16.6733,0
2004-08-11,16.6571,16.6571,16.6571,16.6571,0
2004-08-12,16.3746,16.3746,16.3746,16.3746,0
2004-08-13,16.3646,16.3646,16.3646,16.3646,0
2004-08-16,16.6821,16.6821,16.6821,16.6821,0
2004-08-17,16.7446,16.7446,16.7446,16.7446,0
2004-08-18,17.0446,17.0446,17.0446,17.0446,0
2004-08-19,17.0096,17.0096,17.0096,17.0096,0
2004-08-20,17.2684,17.2684,17.2684,17.2684,0
2004-08-23,17.1509,17.1509,17.1509,17.1509,0
2004-08-24,17.1659,17.1659,17.1659,17.1659,0
2004-08-25,17.2646,17.2646,17.2646,17.2646,0
2004-08-26,17.2121,17.2121,17.2121,17.2121,0
2004-08-27,17.3571,17.3571,17.3571,17.3571,0
2004-08-30,17.1134,17.1134,17.1134,17.1134,0
2004-08-31,17.2134,17.2134,17.2134,17.2134,0
2004-09-01,17.3596,17.3596,17.3596,17.3596,0
2004-09-02,17.6259,17.6259,17.6259,17.6259,0
2004-09-03,17.4996,17.4996,17.4996,17.4996,0
2004-09-07,17.7371,17.7371,17.7371,17.7371,0
2004-09-08,17.5784,17.5784,17.5784,17.5784,0
2004-09-09,17.7946,17.7946,17.7946,17.7946,0
2004-09-10,17.8946,17.8946,17.8946,17.8946,0
2004-09-13,18.0334,18.0334,18.0334,18.0334,0
2004-09-14,17.9797,17.9797,17.9797,17.9797,0
2004-09-15,17.8709,17.8709,17.8709,17.8709,0
2004-09-16,18.0396,18.0396,18.0396,18.0396,0
2004-09-17,18.0072,18.0072,18.0072,18.0072,0
2004-09-20,17.9696,17.9696,17.9696,17.9696,0
2004-09-21,18.1472,18.1472,18.1472,18.1472,0
2004-09-22,17.8746,17.8746,17.8746,17.8746,0
2004-09-23,17.8384,17.8384,17.8384,17.8384,0
2004-09-24,17.8859,17.8859,17.8859,17.8859,0
2004-09-27,17.6896,17.6896,17.6896,17.6896,0
2004-09-28,17.875,17.875,17.875,17.875,0
2004-09-29,18.0804,18.0804,18.0804,18.0804,0
2004-09-30,18.0666,18.0666,18.0666,18.0666,0
2004-10-01,18.5188,18.5188,18.5188,18.5188,0
2004-10-04,18.5727,18.5727,18.5727,18.5727,0
2004-10-05,18.5651,18.5651,18.5651,18.5651,0
2004-10-06,18.6904,18.6904,18.6904,18.6904,0
2004-10-07,18.4123,18.4123,18.4123,18.4123,0
2004-10-08,18.1618,18.1618,18.1618,18.1618,0
2004-10-11,18.2144,18.2144,18.2144,18.2144,0
2004-10-12,18.1819,18.1819,18.1819,18.1819,0
2004-10-13,17.9727,17.9727,17.9727,17.9727,0
2004-10-14,17.8236,17.8236,17.8236,17.8236,0
2004-10-15,17.9802,17.9802,17.9802,17.9802,0
2004-10-18,18.0165,18.0165,18.0165,18.0165,0
2004-10-19,17.8512,17.8512,17.8512,17.8512,0
2004-10-20,17.9652,17.9652,17.9652,17.9652,0
2004-10-21,18.2019,18.2019,18.2019,18.2019,0
2004-10-22,17.8888,17.8888,17.8888,17.8888,0
2004-10-25,18.0554,18.0554,18.0554,18.0554,0
2004-10-26,18.2971,18.2971,18.2971,18.2971,0
2004-10-27,18.5564,18.5564,18.5564,18.5564,0
2004-10-28,18.4449,18.4449,18.4449,18.4449,0
2004-10-29,18.4411,18.4411,18.4411,18.4411,0
2004-11-01,18.5388,18.5388,18.5388,18.5388,0
2004-11-02,18.5,18.5,18.5,18.5,0
2004-11-03,18.8194,18.8194,18.8194,18.8194,0
2004-11-04,19.0574,19.0574,19.0574,19.0574,0
2004-11-05,19.1989,19.1989,19.1989,19.1989,0
2004-11-08,19.11,19.11,19.11,19.11,0
2004-11-09,19.1889,19.1889,19.1889,19.1889,0
2004-11-10,19.2591,19.2591,19.2591,19.2591,0
2004-11-11,19.4219,19.4219,19.4219,19.4219,0
2004-11-12,19.6035,19.6035,19.6035,19.6035,0
2004-11-15,19.6849,19.6849,19.6849,19.6849,0
2004-11-16,19.5133,19.5133,19.5133,19.5133,0
2004-11-17,19.6636,19.6636,19.6636,19.6636,0
2004-11-18,19.6511,19.6511,19.6511,19.6511,0
2004-11-19,19.4018,19.4018,19.4018,19.4018,0
2004-11-22,19.6599,19.6599,19.6599,19.6599,0
2004-11-23,19.7275,19.7275,19.7275,19.7275,0
2004-11-24,19.9216,19.9216,19.9216,19.9216,0
2004-11-26,19.953,19.953,19.953,19.953,0
2004-11-29,20.0243,20.0243,20.0243,20.0243,0
2004-11-30,20.0594,20.0594,20.0594,20.0594,0
2004-12-01,20.3099,20.3099,20.3099,20.3099,0
2004-12-02,20.1872,20.1872,20.1872,20.1872,0
2004-12-03,20.1897,20.1897,20.1897,20.1897,0
2004-12-06,20.0457,20.0457,20.0457,20.0457,0
2004-12-07,19.6711,19.6711,19.6711,19.6711,0
2004-12-08,19.7676,19.7676,19.7676,19.7676,0
2004-12-09,19.735,19.735,19.735,19.735,0
2004-12-10,19.859,19.859,19.859,19.859,0
2004-12-13,20.0181,20.0181,20.0181,20.0181,0
2004-12-14,20.1521,20.1521,20.1521,20.1521,0
2004-12-15,20.2786,20.2786,20.2786,20.2786,0
2004-12-16,20.1421,20.1421,20.1421,20.1421,0
2004-12-17,20.0531,20.0531,20.0531,20.0531,0
2004-12-20,20.0845,20.0845,20.0845,20.0845,0
2004-12-21,20.2811,20.2811,20.2811,20.2811,0
2004-12-22,20.3588,20.3588,20.3588,20.3588,0
2004-12-23,20.3838,20.3838,20.3838,20.3838,0
2004-12-27,20.1871,20.1871,20.1871,20.1871,0
2004-12-28,20.5123,20.5123,20.5123,20.5123,0
2004-12-29,20.4909,20.4909,20.4909,20.4909,0
2004-12-30,20.457,20.457,20.457,20.457,0
2004-12-31,20.4294,20.4294,20.4294,20.4294,0
2005-01-03,20.0904,20.0904,20.0904,20.0904,0
2005-01-04,19.7137,19.7137,19.7137,19.7137,0
2005-01-05,19.3986,19.3986,19.3986,19.3986,0
2005-01-06,19.4714,19.4714,19.4714,19.4714,0
2005-01-07,19.268,19.268,19.268,19.268,0
2005-01-10,19.4877,19.4877,19.4877,19.4877,0
2005-01-11,19.3232,19.3232,19.3232,19.3232,0
2005-01-12,19.4162,19.4162,19.4162,19.4162,0
2005-01-13,19.3396,19.3396,19.3396,19.3396,0
2005-01-14,19.5492,19.5492,19.5492,19.5492,0
2005-01-18,19.8192,19.8192,19.8192,19.8192,0
2005-01-19,19.5656,19.5656,19.5656,19.5656,0
2005-01-20,19.4714,19.4714,19.4714,19.4714,0
2005-01-21,19.4237,19.4237,19.4237,19.4237,0
2005-01-24,19.2994,19.2994,19.2994,19.2994,0
2005-01-25,19.3735,19.3735,19.3735,19.3735,0
2005-01-26,19.6723,19.6723,19.6723,19.6723,0
2005-01-27,19.7313,19.7313,19.7313,19.7313,0
2005-01-28,19.651,19.651,19.651,19.651,0
2005-01-31,19.9711,19.9711,19.9711,19.9711,0
2005-02-01,20.1381,20.1381,20.1381,20.1381,0
2005-02-02,20.3013,20.3013,20.3013,20.3013,0
2005-02-03,20.2398,20.2398,20.2398,20.2398,0
2005-02-04,20.5135,20.5135,20.5135,20.5135,0
2005-02-07,20.5248,20.5248,20.5248,20.5248,0
2005-02-08,20.5776,20.5776,20.5776,20.5776,0
2005-02-09,20.1657,20.1657,20.1657,20.1657,0
2005-02-10,20.2574,20.2574,20.2574,20.2574,0
2005-02-11,20.4784,20.4784,20.4784,20.4784,0
2005-02-14,20.4746,20.4746,20.4746,20.4746,0
2005-02-15,20.4734,20.4734,20.4734,20.4734,0
2005-02-16,20.5851,20.5851,20.5851,20.5851,0
2005-02-17,20.3993,20.3993,20.3993,20.3993,0
2005-02-18,20.3905,20.3905,20.3905,20.3905,0
2005-02-22,20.005,20.005,20.005,20.005,0
2005-02-23,20.0979,20.0979,20.0979,20.0979,0
2005-02-24,20.3214,20.3214,20.3214,20.3214,0
2005-02-25,20.6592,20.6592,20.6592,20.6592,0
2005-02-28,20.5286,20.5286,20.5286,20.5286,0
2005-03-01,20.6931,20.6931,20.6931,20.6931,0
2005-03-02,20.6981,20.6981,20.6981,20.6981,0
2005-03-03,20.6981,20.6981,20.6981,20.6981,0
2005-03-04,20.9756,20.9756,20.9756,20.9756,0
2005-03-07,20.9768,20.9768,20.9768,20.9768,0
2005-03-08,20.7772,20.7772,20.7772,20.7772,0
2005-03-09,20.5299,20.5299,20.5299,20.5299,0
2005-03-10,20.3704,20.3704,20.3704,20.3704,0
2005-03-11,20.4219,20.4219,20.4219,20.4219,0
2005-03-14,20.5223,20.5223,20.5223,20.5223,0
2005-03-15,20.3792,20.3792,20.3792,20.3792,0
2005-03-16,20.3252,20.3252,20.3252,20.3252,0
2005-03-17,20.3038,20.3038,20.3038,20.3038,0
2005-03-18,20.2473,20.2473,20.2473,20.2473,0
2005-03-21,20.2524,20.2524,20.2524,20.2524,0
2005-03-22,20.1657,20.1657,20.1657,20.1657,0
2005-03-23,19.936,19.936,19.936,19.936,0
2005-03-24,20.0326,20.0326,20.0326,20.0326,0
2005-03-28,20.0543,20.0543,20.0543,20.0543,0
2005-03-29,19.7432,19.7432,19.7432,19.7432,0
2005-03-30,20.0316,20.0316,20.0316,20.0316,0
2005-03-31,20.0065,20.0065,20.0065,20.0065,0
2005-04-01,19.9132,19.9132,19.9132,19.9132,0
2005-04-04,20.0354,20.0354,20.0354,20.0354,0
2005-04-05,20.082,20.082,20.082,20.082,0
2005-04-06,20.0858,20.0858,20.0858,20.0858,0
2005-04-07,20.179,20.179,20.179,20.179,0
2005-04-08,19.8818,19.8818,19.8818,19.8818,0
2005-04-11,19.8339,19.8339,19.8339,19.8339,0
2005-04-12,19.9724,19.9724,19.9724,19.9724,0
2005-04-13,19.6601,19.6601,19.6601,19.6601,0
2005-04-14,19.2823,19.2823,19.2823,19.2823,0
2005-04-15,18.9548,18.9548,18.9548,18.9548,0
2005-04-18,19.0669,19.0669,19.0669,19.0669,0
2005-04-19,19.3969,19.3969,19.3969,19.3969,0
2005-04-20,19.1248,19.1248,19.1248,19.1248,0
2005-04-21,19.5102,19.5102,19.5102,19.5102,0
2005-04-22,19.2546,19.2546,19.2546,19.2546,0
2005-04-25,19.4649,19.4649,19.4649,19.4649,0
2005-04-26,19.1626,19.1626,19.1626,19.1626,0
2005-04-27,19.1677,19.1677,19.1677,19.1677,0
2005-04-28,18.7407,18.7407,18.7407,18.7407,0
2005-04-29,18.8931,18.8931,18.8931,18.8931,0
2005-05-02,19.1273,19.1273,19.1273,19.1273,0
2005-05-03,19.1437,19.1437,19.1437,19.1437,0
2005-05-04,19.3717,19.3717,19.3717,19.3717,0
2005-05-05,19.417,19.417,19.417,19.417,0
2005-05-06,19.4674,19.4674,19.4674,19.4674,0
2005-05-09,19.6399,19.6399,19.6399,19.6399,0
2005-05-10,19.3981,19.3981,19.3981,19.3981,0
2005-05-11,19.4473,19.4473,19.4473,19.4473,0
2005-05-12,19.1551,19.1551,19.1551,19.1551,0
2005-05-13,19.0631,19.0631,19.0631,19.0631,0
2005-05-16,19.3528,19.3528,19.3528,19.3528,0
2005-05-17,19.4813,19.4813,19.4813,19.4813,0
2005-05-18,19.8767,19.8767,19.8767,19.8767,0
2005-05-19,19.9498,19.9498,19.9498,19.9498,0
2005-05-20,19.8994,19.8994,19.8994,19.8994,0
2005-05-23,20.0732,20.0732,20.0732,20.0732,0
2005-05-24,20.014,20.014,20.014,20.014,0
2005-05-25,19.8175,19.8175,19.8175,19.8175,0
2005-05-26,20.0757,20.0757,20.0757,20.0757,0
2005-05-27,20.2029,20.2029,20.2029,20.2029,0
2005-05-31,20.1148,20.1148,20.1148,20.1148,0
2005-06-01,20.378,20.378,20.378,20.378,0
2005-06-02,20.4523,20.4523,20.4523,20.4523,0
2005-06-03,20.2873,20.2873,20.2873,20.2873,0
2005-06-06,20.3906,20.3906,20.3906,20.3906,0
2005-06-07,20.4535,20.4535,20.4535,20.4535,0
2005-06-08,20.3062,20.3062,20.3062,20.3062,0
2005-06-09,20.4939,20.4939,20.4939,20.4939,0
2005-06-10,20.5165,20.5165,20.5165,20.5165,0
2005-06-13,20.5354,20.5354,20.5354,20.5354,0
2005-06-14,20.7697,20.7697,20.7697,20.7697,0
2005-06-15,20.8339,20.8339,20.8339,20.8339,0
2005-06-16,20.9813,20.9813,20.9813,20.9813,0
2005-06-17,20.9133,20.9133,20.9133,20.9133,0
2005-06-20,20.9586,20.9586,20.9586,20.9586,0
2005-06-21,20.9529,20.9529,20.9529,20.9529,0
2005-06-22,20.9605,20.9605,20.9605,20.9605,0
2005-06-23,20.6879,20.6879,20.6879,20.6879,0
2005-06-24,20.3283,20.3283,20.3283,20.3283,0
2005-06-27,20.4419,20.4419,20.4419,20.4419,0
2005-06-28,20.7826,20.7826,20.7826,20.7826,0
2005-06-29,20.8659,20.8659,20.8659,20.8659,0
2005-06-30,20.828,20.828,20.828,20.828,0
2005-07-01,21.0059,21.0059,21.0059,21.0059,0
2005-07-05,21.2482,21.2482,21.2482,21.2482,0
2005-07-06,21.1195,21.1195,21.1195,21.1195,0
2005-07-07,21.1801,21.1801,21.1801,21.1801,0
2005-07-08,21.5359,21.5359,21.5359,21.5359,0
2005-07-11,21.7933,21.7933,21.7933,21.7933,0
2005-07-12,21.7441,21.7441,21.7441,21.7441,0
2005-07-13,21.6873,21.6873,21.6873,21.6873,0
2005-07-14,21.5018,21.5018,21.5018,21.5018,0
2005-07-15,21.5548,21.5548,21.5548,21.5548,0
2005-07-18,21.4147,21.4147,21.4147,21.4147,0
2005-07-19,21.7062,21.7062,21.7062,21.7062,0
2005-07-20,22.0015,22.0015,22.0015,22.0015,0
2005-07-21,21.6532,21.6532,21.6532,21.6532,0
2005-07-22,21.9296,21.9296,21.9296,21.9296,0
2005-07-25,21.8198,21.8198,21.8198,21.8198,0
2005-07-26,21.8047,21.8047,21.8047,21.8047,0
2005-07-27,21.922,21.922,21.922,21.922,0
2005-07-28,22.1756,22.1756,22.1756,22.1756,0
2005-07-29,22.1075,22.1075,22.1075,22.1075,0
2005-08-01,22.1719,22.1719,22.1719,22.1719,0
2005-08-02,22.3536,22.3536,22.3536,22.3536,0
2005-08-03,22.2627,22.2627,22.2627,22.2627,0
2005-08-04,21.9523,21.9523,21.9523,21.9523,0
2005-08-05,21.6911,21.6911,21.6911,21.6911,0
2005-08-08,21.5472,21.5472,21.5472,21.5472,0
2005-08-09,21.6002,21.6002,21.6002,21.6002,0
2005-08-10,21.6532,21.6532,21.6532,21.6532,0
2005-08-11,21.8425,21.8425,21.8425,21.8425,0
2005-08-12,21.5548,21.5548,21.5548,21.5548,0
2005-08-15,21.7327,21.7327,21.7327,21.7327,0
2005-08-16,21.4337,21.4337,21.4337,21.4337,0
2005-08-17,21.3163,21.3163,21.3163,21.3163,0
2005-08-18,21.3125,21.3125,21.3125,21.3125,0
2005-08-19,21.4034,21.4034,21.4034,21.4034,0
2005-08-22,21.4677,21.4677,21.4677,21.4677,0
2005-08-23,21.4488,21.4488,21.4488,21.4488,0
2005-08-24,21.3428,21.3428,21.3428,21.3428,0
2005-08-25,21.4564,21.4564,21.4564,21.4564,0
2005-08-26,21.1006,21.1006,21.1006,21.1006,0
2005-08-29,21.3088,21.3088,21.3088,21.3088,0
2005-08-30,21.3088,21.3088,21.3088,21.3088,0
2005-08-31,21.7479,21.7479,21.7479,21.7479,0
2005-09-01,21.8198,21.8198,21.8198,21.8198,0
2005-09-02,21.6457,21.6457,21.6457,21.6457,0
2005-09-06,21.9144,21.9144,21.9144,21.9144,0
2005-09-07,21.9939,21.9939,21.9939,21.9939,0
2005-09-08,21.9069,21.9069,21.9069,21.9069,0
2005-09-09,22.0507,22.0507,22.0507,22.0507,0
2005-09-12,22.1416,22.1416,22.1416,22.1416,0
2005-09-13,21.9902,21.9902,21.9902,21.9902,0
2005-09-14,21.7857,21.7857,21.7857,21.7857,0
2005-09-15,21.7706,21.7706,21.7706,21.7706,0
2005-09-16,21.9144,21.9144,21.9144,21.9144,0
2005-09-19,21.8728,21.8728,21.8728,21.8728,0
2005-09-20,21.6154,21.6154,21.6154,21.6154,0
2005-09-21,21.3088,21.3088,21.3088,21.3088,0
2005-09-22,21.339,21.339,21.339,21.339,0
2005-09-23,21.4791,21.4791,21.4791,21.4791,0
2005-09-26,21.6206,21.6206,21.6206,21.6206,0
2005-09-27,21.6395,21.6395,21.6395,21.6395,0
2005-09-28,21.6092,21.6092,21.6092,21.6092,0
2005-09-29,21.8671,21.8671,21.8671,21.8671,0
2005-09-30,21.905,21.905,21.905,21.905,0
2005-10-03,22.0453,22.0453,22.0453,22.0453,0
2005-10-04,21.7381,21.7381,21.7381,21.7381,0
2005-10-05,21.1996,21.1996,21.1996,21.1996,0
2005-10-06,20.991,20.991,20.991,20.991,0
2005-10-07,21.2679,21.2679,21.2679,21.2679,0
2005-10-10,20.9531,20.9531,20.9531,20.9531,0
2005-10-11,20.7483,20.7483,20.7483,20.7483,0
2005-10-12,20.3956,20.3956,20.3956,20.3956,0
2005-10-13,20.4639,20.4639,20.4639,20.4639,0
2005-10-14,20.8052,20.8052,20.8052,20.8052,0
2005-10-17,20.8317,20.8317,20.8317,20.8317,0
2005-10-18,20.6269,20.6269,20.6269,20.6269,0
2005-10-19,21.0176,21.0176,21.0176,21.0176,0
2005-10-20,20.6232,20.6232,20.6232,20.6232,0
2005-10-21,20.8166,20.8166,20.8166,20.8166,0
2005-10-24,21.2451,21.2451,21.2451,21.2451,0
2005-10-25,21.1541,21.1541,21.1541,21.1541,0
2005-10-26,20.919,20.919,20.919,20.919,0
2005-10-27,20.5549,20.5549,20.5549,20.5549,0
2005-10-28,20.9303,20.9303,20.9303,20.9303,0
2005-10-31,21.1238,21.1238,21.1238,21.1238,0
2005-11-01,21.2337,21.2337,21.2337,21.2337,0
2005-11-02,21.6547,21.6547,21.6547,21.6547,0
2005-11-03,21.6926,21.6926,21.6926,21.6926,0
2005-11-04,21.6244,21.6244,21.6244,21.6244,0
2005-11-07,21.6926,21.6926,21.6926,21.6926,0
2005-11-08,21.6585,21.6585,21.6585,21.6585,0
2005-11-09,21.6244,21.6244,21.6244,21.6244,0
2005-11-10,21.7154,21.7154,21.7154,21.7154,0
2005-11-11,21.8291,21.8291,21.8291,21.8291,0
2005-11-14,21.7988,21.7988,21.7988,21.7988,0
2005-11-15,21.5258,21.5258,21.5258,21.5258,0
2005-11-16,21.5675,21.5675,21.5675,21.5675,0
2005-11-17,21.8974,21.8974,21.8974,21.8974,0
2005-11-18,22.0074,22.0074,22.0074,22.0074,0
2005-11-21,22.2539,22.2539,22.2539,22.2539,0
2005-11-22,22.3677,22.3677,22.3677,22.3677,0
2005-11-23,22.4094,22.4094,22.4094,22.4094,0
2005-11-25,22.4246,22.4246,22.4246,22.4246,0
2005-11-28,22.0719,22.0719,22.0719,22.0719,0
2005-11-29,22.1553,22.1553,22.1553,22.1553,0
2005-11-30,22.2122,22.2122,22.2122,22.2122,0
2005-12-01,22.599,22.599,22.599,22.599,0
2005-12-02,22.6369,22.6369,22.6369,22.6369,0
2005-12-05,22.5232,22.5232,22.5232,22.5232,0
2005-12-06,22.5763,22.5763,22.5763,22.5763,0
2005-12-07,22.4321,22.4321,22.4321,22.4321,0
2005-12-08,22.4663,22.4663,22.4663,22.4663,0
2005-12-09,22.5307,22.5307,22.5307,22.5307,0
2005-12-12,22.58,22.58,22.58,22.58,0
2005-12-13,22.6256,22.6256,22.6256,22.6256,0
2005-12-14,22.6673,22.6673,22.6673,22.6673,0
2005-12-15,22.4246,22.4246,22.4246,22.4246,0
2005-12-16,22.3032,22.3032,22.3032,22.3032,0
2005-12-19,22.015,22.015,22.015,22.015,0
2005-12-20,22.0339,22.0339,22.0339,22.0339,0
2005-12-21,22.2615,22.2615,22.2615,22.2615,0
2005-12-22,22.3297,22.3297,22.3297,22.3297,0
2005-12-23,22.4586,22.4586,22.4586,22.4586,0
2005-12-27,22.0709,22.0709,22.0709,22.0709,0
2005-12-28,22.2154,22.2154,22.2154,22.2154,0
2005-12-29,22.1545,22.1545,22.1545,22.1545,0
2005-12-30,21.9683,21.9683,21.9683,21.9683,0
2006-01-03,22.356,22.356,22.356,22.356,0
2006-01-04,22.4814,22.4814,22.4814,22.4814,0
2006-01-05,22.5498,22.5498,22.5498,22.5498,0
2006-01-06,22.7474,22.7474,22.7474,22.7474,0
2006-01-09,22.9717,22.9717,22.9717,22.9717,0
2006-01-10,23.1769,23.1769,23.1769,23.1769,0
2006-01-11,23.1351,23.1351,23.1351,23.1351,0
2006-01-12,23.0401,23.0401,23.0401,23.0401,0
2006-01-13,22.9983,22.9983,22.9983,22.9983,0
2006-01-17,22.9185,22.9185,22.9185,22.9185,0
2006-01-18,22.8995,22.8995,22.8995,22.8995,0
2006-01-19,23.1997,23.1997,23.1997,23.1997,0
2006-01-20,22.9641,22.9641,22.9641,22.9641,0
2006-01-23,22.9299,22.9299,22.9299,22.9299,0
2006-01-24,23.2339,23.2339,23.2339,23.2339,0
2006-01-25,23.2643,23.2643,23.2643,23.2643,0
2006-01-26,23.5532,23.5532,23.5532,23.5532,0
2006-01-27,23.7318,23.7318,23.7318,23.7318,0
2006-01-30,23.7204,23.7204,23.7204,23.7204,0
2006-01-31,23.7699,23.7699,23.7699,23.7699,0
2006-02-01,23.8573,23.8573,23.8573,23.8573,0
2006-02-02,23.6254,23.6254,23.6254,23.6254,0
2006-02-03,23.5228,23.5228,23.5228,23.5228,0
2006-02-06,23.6444,23.6444,23.6444,23.6444,0
2006-02-07,23.31,23.31,23.31,23.31,0
2006-02-08,23.4202,23.4202,23.4202,23.4202,0
2006-02-09,23.2605,23.2605,23.2605,23.2605,0
2006-02-10,23.2225,23.2225,23.2225,23.2225,0
2006-02-13,23.0477,23.0477,23.0477,23.0477,0
2006-02-14,23.31,23.31,23.31,23.31,0
2006-02-15,23.4886,23.4886,23.4886,23.4886,0
2006-02-16,23.7166,23.7166,23.7166,23.7166,0
2006-02-17,23.6558,23.6558,23.6558,23.6558,0
2006-02-21,23.6368,23.6368,23.6368,23.6368,0
2006-02-22,23.7622,23.7622,23.7622,23.7622,0
2006-02-23,23.7432,23.7432,23.7432,23.7432,0
2006-02-24,23.9067,23.9067,23.9067,23.9067,0
2006-02-27,23.9333,23.9333,23.9333,23.9333,0
2006-02-28,23.6558,23.6558,23.6558,23.6558,0
2006-03-01,24.0283,24.0283,24.0283,24.0283,0
2006-03-02,24.0093,24.0093,24.0093,24.0093,0
2006-03-03,23.8573,23.8573,23.8573,23.8573,0
2006-03-06,23.6444,23.6444,23.6444,23.6444,0
2006-03-07,23.329,23.329,23.329,23.329,0
2006-03-08,23.3784,23.3784,23.3784,23.3784,0
2006-03-09,23.2149,23.2149,23.2149,23.2149,0
2006-03-10,23.5608,23.5608,23.5608,23.5608,0
2006-03-13,23.6254,23.6254,23.6254,23.6254,0
2006-03-14,23.8953,23.8953,23.8953,23.8953,0
2006-03-15,24.0929,24.0929,24.0929,24.0929,0
2006-03-16,24.0663,24.0663,24.0663,24.0663,0
2006-03-17,24.1651,24.1651,24.1651,24.1651,0
2006-03-20,24.1917,24.1917,24.1917,24.1917,0
2006-03-21,24.0207,24.0207,24.0207,24.0207,0
2006-03-22,24.2259,24.2259,24.2259,24.2259,0
2006-03-23,24.397,24.397,24.397,24.397,0
2006-03-24,24.53,24.53,24.53,24.53,0
2006-03-27,24.5289,24.5289,24.5289,24.5289,0
2006-03-28,24.4222,24.4222,24.4222,24.4222,0
2006-03-29,24.7726,24.7726,24.7726,24.7726,0
2006-03-30,24.7497,24.7497,24.7497,24.7497,0
2006-03-31,24.8373,24.8373,24.8373,24.8373,0
2006-04-03,24.6431,24.6431,24.6431,24.6431,0
2006-04-04,24.8258,24.8258,24.8258,24.8258,0
2006-04-05,24.8868,24.8868,24.8868,24.8868,0
2006-04-06,24.8944,24.8944,24.8944,24.8944,0
2006-04-07,24.5822,24.5822,24.5822,24.5822,0
2006-04-10,24.5174,24.5174,24.5174,24.5174,0
2006-04-11,24.1786,24.1786,24.1786,24.1786,0
2006-04-12,24.3423,24.3423,24.3423,24.3423,0
2006-04-13,24.3766,24.3766,24.3766,24.3766,0
2006-04-17,24.3842,24.3842,24.3842,24.3842,0
2006-04-18,24.9782,24.9782,24.9782,24.9782,0
2006-04-19,25.1952,25.1952,25.1952,25.1952,0
2006-04-20,25.1609,25.1609,25.1609,25.1609,0
2006-04-21,25.1419,25.1419,25.1419,25.1419,0
2006-04-24,24.9515,24.9515,24.9515,24.9515,0
2006-04-25,24.8601,24.8601,24.8601,24.8601,0
2006-04-26,24.902,24.902,24.902,24.902,0
2006-04-27,24.6735,24.6735,24.6735,24.6735,0
2006-04-28,24.8639,24.8639,24.8639,24.8639,0
2006-05-01,24.7116,24.7116,24.7116,24.7116,0
2006-05-02,24.9248,24.9248,24.9248,24.9248,0
2006-05-03,24.9058,24.9058,24.9058,24.9058,0
2006-05-04,25.1876,25.1876,25.1876,25.1876,0
2006-05-05,25.4237,25.4237,25.4237,25.4237,0
2006-05-08,25.4541,25.4541,25.4541,25.4541,0
2006-05-09,25.4693,25.4693,25.4693,25.4693,0
2006-05-10,25.3513,25.3513,25.3513,25.3513,0
2006-05-11,24.7916,24.7916,24.7916,24.7916,0
2006-05-12,24.2738,24.2738,24.2738,24.2738,0
2006-05-15,24.2204,24.2204,24.2204,24.2204,0
2006-05-16,24.2547,24.2547,24.2547,24.2547,0
2006-05-17,23.8359,23.8359,23.8359,23.8359,0
2006-05-18,23.5769,23.5769,23.5769,23.5769,0
2006-05-19,23.7559,23.7559,23.7559,23.7559,0
2006-05-22,23.6074,23.6074,23.6074,23.6074,0
2006-05-23,23.3066,23.3066,23.3066,23.3066,0
2006-05-24,23.4513,23.4513,23.4513,23.4513,0
2006-05-25,23.8663,23.8663,23.8663,23.8663,0
2006-05-26,23.9806,23.9806,23.9806,23.9806,0
2006-05-30,23.3751,23.3751,23.3751,23.3751,0
2006-05-31,23.7331,23.7331,23.7331,23.7331,0
2006-06-01,24.1138,24.1138,24.1138,24.1138,0
2006-06-02,24.1062,24.1062,24.1062,24.1062,0
2006-06-05,23.4932,23.4932,23.4932,23.4932,0
2006-06-06,23.3789,23.3789,23.3789,23.3789,0
2006-06-07,23.1429,23.1429,23.1429,23.1429,0
2006-06-08,23.1695,23.1695,23.1695,23.1695,0
2006-06-09,23.0134,23.0134,23.0134,23.0134,0
2006-06-12,22.5146,22.5146,22.5146,22.5146,0
2006-06-13,22.2138,22.2138,22.2138,22.2138,0
2006-06-14,22.3014,22.3014,22.3014,22.3014,0
2006-06-15,23.0515,23.0515,23.0515,23.0515,0
2006-06-16,22.6745,22.6745,22.6745,22.6745,0
2006-06-19,22.4499,22.4499,22.4499,22.4499,0
2006-06-20,22.3699,22.3699,22.3699,22.3699,0
2006-06-21,22.7545,22.7545,22.7545,22.7545,0
2006-06-22,22.6441,22.6441,22.6441,22.6441,0
2006-06-23,22.7757,22.7757,22.7757,22.7757,0
2006-06-26,23.0312,23.0312,23.0312,23.0312,0
2006-06-27,22.646,22.646,22.646,22.646,0
2006-06-28,22.749,22.749,22.749,22.749,0
2006-06-29,23.55,23.55,23.55,23.55,0
2006-06-30,23.6873,23.6873,23.6873,23.6873,0
2006-07-03,23.8399,23.8399,23.8399,23.8399,0
2006-07-05,23.5729,23.5729,23.5729,23.5729,0
2006-07-06,23.5958,23.5958,23.5958,23.5958,0
2006-07-07,23.2792,23.2792,23.2792,23.2792,0
2006-07-10,23.2982,23.2982,23.2982,23.2982,0
2006-07-11,23.4203,23.4203,23.4203,23.4203,0
2006-07-12,23.0045,23.0045,23.0045,23.0045,0
2006-07-13,22.5468,22.5468,22.5468,22.5468,0
2006-07-14,22.3523,22.3523,22.3523,22.3523,0
2006-07-17,22.2531,22.2531,22.2531,22.2531,0
2006-07-18,22.3141,22.3141,22.3141,22.3141,0
2006-07-19,22.9511,22.9511,22.9511,22.9511,0
2006-07-20,22.2493,22.2493,22.2493,22.2493,0
2006-07-21,21.9479,21.9479,21.9479,21.9479,0
2006-07-24,22.5506,22.5506,22.5506,22.5506,0
2006-07-25,22.7261,22.7261,22.7261,22.7261,0
2006-07-26,22.6002,22.6002,22.6002,22.6002,0
2006-07-27,22.3485,22.3485,22.3485,22.3485,0
2006-07-28,22.7871,22.7871,22.7871,22.7871,0
2006-07-31,22.81,22.81,22.81,22.81,0
2006-08-01,22.5659,22.5659,22.5659,22.5659,0
2006-08-02,22.7719,22.7719,22.7719,22.7719,0
2006-08-03,23.0846,23.0846,23.0846,23.0846,0
2006-08-04,22.9053,22.9053,22.9053,22.9053,0
2006-08-07,22.7947,22.7947,22.7947,22.7947,0
2006-08-08,22.4972,22.4972,22.4972,22.4972,0
2006-08-09,22.3179,22.3179,22.3179,22.3179,0
2006-08-10,22.4515,22.4515,22.4515,22.4515,0
2006-08-11,22.2684,22.2684,22.2684,22.2684,0
2006-08-14,22.3599,22.3599,22.3599,22.3599,0
2006-08-15,22.8253,22.8253,22.8253,22.8253,0
2006-08-16,23.18,23.18,23.18,23.18,0
2006-08-17,23.1533,23.1533,23.1533,23.1533,0
2006-08-18,23.2601,23.2601,23.2601,23.2601,0
2006-08-21,23.035,23.035,23.035,23.035,0
2006-08-22,23.0923,23.0923,23.0923,23.0923,0
2006-08-23,22.749,22.749,22.749,22.749,0
2006-08-24,22.6574,22.6574,22.6574,22.6574,0
2006-08-25,22.6956,22.6956,22.6956,22.6956,0
2006-08-28,22.9359,22.9359,22.9359,22.9359,0
2006-08-29,23.1151,23.1151,23.1151,23.1151,0
2006-08-30,23.2181,23.2181,23.2181,23.2181,0
2006-08-31,23.2219,23.2219,23.2219,23.2219,0
2006-09-01,23.3326,23.3326,23.3326,23.3326,0
2006-09-05,23.4661,23.4661,23.4661,23.4661,0
2006-09-06,23.0312,23.0312,23.0312,23.0312,0
2006-09-07,22.8939,22.8939,22.8939,22.8939,0
2006-09-08,22.9855,22.9855,22.9855,22.9855,0
2006-09-11,22.9092,22.9092,22.9092,22.9092,0
2006-09-12,23.4012,23.4012,23.4012,23.4012,0
2006-09-13,23.6225,23.6225,23.6225,23.6225,0
2006-09-14,23.4966,23.4966,23.4966,23.4966,0
2006-09-15,23.55,23.55,23.55,23.55,0
2006-09-18,23.611,23.611,23.611,23.611,0
2006-09-19,23.4699,23.4699,23.4699,23.4699,0
2006-09-20,23.7254,23.7254,23.7254,23.7254,0
2006-09-21,23.5195,23.5195,23.5195,23.5195,0
2006-09-22,23.2525,23.2525,23.2525,23.2525,0
2006-09-25,23.508,23.508,23.508,23.508,0
2006-09-26,23.6415,23.6415,23.6415,23.6415,0
2006-09-27,23.8193,23.8193,23.8193,23.8193,0
2006-09-28,23.6931,23.6931,23.6931,23.6931,0
2006-09-29,23.4256,23.4256,23.4256,23.4256,0
2006-10-02,23.2039,23.2039,23.2039,23.2039,0
2006-10-03,23.2001,23.2001,23.2001,23.2001,0
2006-10-04,23.674,23.674,23.674,23.674,0
2006-10-05,23.9721,23.9721,23.9721,23.9721,0
2006-10-06,23.8154,23.8154,23.8154,23.8154,0
2006-10-09,23.9874,23.9874,23.9874,23.9874,0
2006-10-10,24.0409,24.0409,24.0409,24.0409,0
2006-10-11,23.9836,23.9836,23.9836,23.9836,0
2006-10-12,24.4002,24.4002,24.4002,24.4002,0
2006-10-13,24.5722,24.5722,24.5722,24.5722,0
2006-10-16,24.7595,24.7595,24.7595,24.7595,0
2006-10-17,24.5875,24.5875,24.5875,24.5875,0
2006-10-18,24.5607,24.5607,24.5607,24.5607,0
2006-10-19,24.6066,24.6066,24.6066,24.6066,0
2006-10-20,24.4499,24.4499,24.4499,24.4499,0
2006-10-23,24.4843,24.4843,24.4843,24.4843,0
2006-10-24,24.5455,24.5455,24.5455,24.5455,0
2006-10-25,24.7671,24.7671,24.7671,24.7671,0
2006-10-26,24.9582,24.9582,24.9582,24.9582,0
2006-10-27,24.6678,24.6678,24.6678,24.6678,0
2006-10-30,24.7442,24.7442,24.7442,24.7442,0
2006-10-31,24.6295,24.6295,24.6295,24.6295,0
2006-11-01,24.1785,24.1785,24.1785,24.1785,0
2006-11-02,24.1097,24.1097,24.1097,24.1097,0
2006-11-03,24.1862,24.1862,24.1862,24.1862,0
2006-11-06,24.5607,24.5607,24.5607,24.5607,0
2006-11-07,24.6219,24.6219,24.6219,24.6219,0
2006-11-08,24.7939,24.7939,24.7939,24.7939,0
2006-11-09,24.5531,24.5531,24.5531,24.5531,0
2006-11-10,24.7022,24.7022,24.7022,24.7022,0
2006-11-13,24.8054,24.8054,24.8054,24.8054,0
2006-11-14,25.222,25.222,25.222,25.222,0
2006-11-15,25.4169,25.4169,25.4169,25.4169,0
2006-11-16,25.3405,25.3405,25.3405,25.3405,0
2006-11-17,25.2717,25.2717,25.2717,25.2717,0
2006-11-20,25.3175,25.3175,25.3175,25.3175,0
2006-11-21,25.4398,25.4398,25.4398,25.4398,0
2006-11-22,25.4819,25.4819,25.4819,25.4819,0
2006-11-24,25.394,25.394,25.394,25.394,0
2006-11-27,24.8283,24.8283,24.8283,24.8283,0
2006-11-28,24.8665,24.8665,24.8665,24.8665,0
2006-11-29,25.264,25.264,25.264,25.264,0
2006-11-30,25.2755,25.2755,25.2755,25.2755,0
2006-12-01,25.1876,25.1876,25.1876,25.1876,0
2006-12-04,25.6271,25.6271,25.6271,25.6271,0
2006-12-05,25.6921,25.6921,25.6921,25.6921,0
2006-12-06,25.6462,25.6462,25.6462,25.6462,0
2006-12-07,25.5507,25.5507,25.5507,25.5507,0
2006-12-08,25.501,25.501,25.501,25.501,0
2006-12-11,25.5277,25.5277,25.5277,25.5277,0
2006-12-12,25.3787,25.3787,25.3787,25.3787,0
2006-12-13,25.394,25.394,25.394,25.394,0
2006-12-14,25.5965,25.5965,25.5965,25.5965,0
2006-12-15,25.4704,25.4704,25.4704,25.4704,0
2006-12-18,25.1379,25.1379,25.1379,25.1379,0
2006-12-19,25.2258,25.2258,25.2258,25.2258,0
2006-12-20,25.3022,25.3022,25.3022,25.3022,0
2006-12-21,25.1524,25.1524,25.1524,25.1524,0
2006-12-22,25.0758,25.0758,25.0758,25.0758,0
2006-12-26,25.298,25.298,25.298,25.298,0
2006-12-27,25.6505,25.6505,25.6505,25.6505,0
2006-12-28,25.5509,25.5509,25.5509,25.5509,0
2006-12-29,25.2827,25.2827,25.2827,25.2827,0
2007-01-03,25.2482,25.2482,25.2482,25.2482,0
2007-01-04,25.229,25.229,25.229,25.229,0
2007-01-05,24.9494,24.9494,24.9494,24.9494,0
2007-01-08,24.934,24.934,24.934,24.934,0
2007-01-09,24.9838,24.9838,24.9838,24.9838,0
2007-01-10,24.9915,24.9915,24.9915,24.9915,0
2007-01-11,25.2444,25.2444,25.2444,25.2444,0
2007-01-12,25.4781,25.4781,25.4781,25.4781,0
2007-01-16,25.3823,25.3823,25.3823,25.3823,0
2007-01-17,25.3938,25.3938,25.3938,25.3938,0
2007-01-18,25.0758,25.0758,25.0758,25.0758,0
2007-01-19,25.2444,25.2444,25.2444,25.2444,0
2007-01-22,25.026,25.026,25.026,25.026,0
2007-01-23,25.3095,25.3095,25.3095,25.3095,0
2007-01-24,25.5777,25.5777,25.5777,25.5777,0
2007-01-25,25.2597,25.2597,25.2597,25.2597,0
2007-01-26,25.3172,25.3172,25.3172,25.3172,0
2007-01-29,25.4819,25.4819,25.4819,25.4819,0
2007-01-30,25.6697,25.6697,25.6697,25.6697,0
2007-01-31,25.7884,25.7884,25.7884,25.7884,0
2007-02-01,26.1294,26.1294,26.1294,26.1294,0
2007-02-02,26.1371,26.1371,26.1371,26.1371,0
2007-02-05,26.0796,26.0796,26.0796,26.0796,0
2007-02-06,26.1792,26.1792,26.1792,26.1792,0
2007-02-07,26.3899,26.3899,26.3899,26.3899,0
2007-02-08,26.3133,26.3133,26.3133,26.3133,0
2007-02-09,26.1371,26.1371,26.1371,26.1371,0
2007-02-12,25.9378,25.9378,25.9378,25.9378,0
2007-02-13,26.183,26.183,26.183,26.183,0
2007-02-14,26.2558,26.2558,26.2558,26.2558,0
2007-02-15,26.2865,26.2865,26.2865,26.2865,0
2007-02-16,26.3708,26.3708,26.3708,26.3708,0
2007-02-20,26.6236,26.6236,26.6236,26.6236,0
2007-02-21,26.7271,26.7271,26.7271,26.7271,0
2007-02-22,26.7501,26.7501,26.7501,26.7501,0
2007-02-23,26.6351,26.6351,26.6351,26.6351,0
2007-02-26,26.5738,26.5738,26.5738,26.5738,0
2007-02-27,25.4743,25.4743,25.4743,25.4743,0
2007-02-28,25.6237,25.6237,25.6237,25.6237,0
2007-03-01,25.5662,25.5662,25.5662,25.5662,0
2007-03-02,25.0835,25.0835,25.0835,25.0835,0
2007-03-05,24.5777,24.5777,24.5777,24.5777,0
2007-03-06,25.1448,25.1448,25.1448,25.1448,0
2007-03-07,25.1141,25.1141,25.1141,25.1141,0
2007-03-08,25.3747,25.3747,25.3747,25.3747,0
2007-03-09,25.4781,25.4781,25.4781,25.4781,0
2007-03-12,25.5432,25.5432,25.5432,25.5432,0
2007-03-13,24.957,24.957,24.957,24.957,0
2007-03-14,25.2022,25.2022,25.2022,25.2022,0
2007-03-15,25.3823,25.3823,25.3823,25.3823,0
2007-03-16,25.3057,25.3057,25.3057,25.3057,0
2007-03-19,25.5624,25.5624,25.5624,25.5624,0
2007-03-20,25.7846,25.7846,25.7846,25.7846,0
2007-03-21,26.2175,26.2175,26.2175,26.2175,0
2007-03-22,26.2558,26.2558,26.2558,26.2558,0
2007-03-23,26.3248,26.3248,26.3248,26.3248,0
2007-03-26,26.2231,26.2231,26.2231,26.2231,0
2007-03-27,26.1463,26.1463,26.1463,26.1463,0
2007-03-28,25.9353,25.9353,25.9353,25.9353,0
2007-03-29,26.0619,26.0619,26.0619,26.0619,0
2007-03-30,26.0619,26.0619,26.0619,26.0619,0
2007-04-02,26.1502,26.1502,26.1502,26.1502,0
2007-04-03,26.3996,26.3996,26.3996,26.3996,0
2007-04-04,26.4419,26.4419,26.4419,26.4419,0
2007-04-05,26.4035,26.4035,26.4035,26.4035,0
2007-04-09,26.4342,26.4342,26.4342,26.4342,0
2007-04-10,26.5263,26.5263,26.5263,26.5263,0
2007-04-11,26.3421,26.3421,26.3421,26.3421,0
2007-04-12,26.4802,26.4802,26.4802,26.4802,0
2007-04-13,26.6836,26.6836,26.6836,26.6836,0
2007-04-16,27.0022,27.0022,27.0022,27.0022,0
2007-04-17,26.9407,26.9407,26.9407,26.9407,0
2007-04-18,26.7681,26.7681,26.7681,26.7681,0
2007-04-19,26.7143,26.7143,26.7143,26.7143,0
2007-04-20,27.0175,27.0175,27.0175,27.0175,0
2007-04-23,26.9753,26.9753,26.9753,26.9753,0
2007-04-24,26.9561,26.9561,26.9561,26.9561,0
2007-04-25,27.1211,27.1211,27.1211,27.1211,0
2007-04-26,27.2631,27.2631,27.2631,27.2631,0
2007-04-27,27.1365,27.1365,27.1365,27.1365,0
2007-04-30,26.6683,26.6683,26.6683,26.6683,0
2007-05-01,26.8179,26.8179,26.8179,26.8179,0
2007-05-02,27.1864,27.1864,27.1864,27.1864,0
2007-05-03,27.1748,27.1748,27.1748,27.1748,0
2007-05-04,27.4435,27.4435,27.4435,27.4435,0
2007-05-07,27.336,27.336,27.336,27.336,0
2007-05-08,27.2593,27.2593,27.2593,27.2593,0
2007-05-09,27.4166,27.4166,27.4166,27.4166,0
2007-05-10,27.0751,27.0751,27.0751,27.0751,0
2007-05-11,27.2823,27.2823,27.2823,27.2823,0
2007-05-14,27.052,27.052,27.052,27.052,0
2007-05-15,26.9216,26.9216,26.9216,26.9216,0
2007-05-16,27.0213,27.0213,27.0213,27.0213,0
2007-05-17,26.8909,26.8909,26.8909,26.8909,0
2007-05-18,27.1442,27.1442,27.1442,27.1442,0
2007-05-21,27.4512,27.4512,27.4512,27.4512,0
2007-05-22,27.62,27.62,27.62,27.62,0
2007-05-23,27.5087,27.5087,27.5087,27.5087,0
2007-05-24,27.1902,27.1902,27.1902,27.1902,0
2007-05-25,27.3322,27.3322,27.3322,27.3322,0
2007-05-29,27.5586,27.5586,27.5586,27.5586,0
2007-05-30,27.7313,27.7313,27.7313,27.7313,0
2007-05-31,27.8349,27.8349,27.8349,27.8349,0
2007-06-01,28.0921,28.0921,28.0921,28.0921,0
2007-06-04,28.1151,28.1151,28.1151,28.1151,0
2007-06-05,27.9424,27.9424,27.9424,27.9424,0
2007-06-06,27.6008,27.6008,27.6008,27.6008,0
2007-06-07,27.0367,27.0367,27.0367,27.0367,0
2007-06-08,27.3437,27.3437,27.3437,27.3437,0
2007-06-11,27.4051,27.4051,27.4051,27.4051,0
2007-06-12,26.9715,26.9715,26.9715,26.9715,0
2007-06-13,27.3591,27.3591,27.3591,27.3591,0
2007-06-14,27.5932,27.5932,27.5932,27.5932,0
2007-06-15,27.9002,27.9002,27.9002,27.9002,0
2007-06-18,27.8388,27.8388,27.8388,27.8388,0
2007-06-19,27.9462,27.9462,27.9462,27.9462,0
2007-06-20,27.5625,27.5625,27.5625,27.5625,0
2007-06-21,27.6929,27.6929,27.6929,27.6929,0
2007-06-22,27.4627,27.4627,27.4627,27.4627,0
2007-06-25,27.2977,27.2977,27.2977,27.2977,0
2007-06-26,27.0367,27.0367,27.0367,27.0367,0
2007-06-27,27.5356,27.5356,27.5356,27.5356,0
2007-06-28,27.5625,27.5625,27.5625,27.5625,0
2007-06-29,27.3868,27.3868,27.3868,27.3868,0
2007-07-02,27.7489,27.7489,27.7489,27.7489,0
2007-07-03,27.8452,27.8452,27.8452,27.8452,0
2007-07-05,27.8953,27.8953,27.8953,27.8953,0
2007-07-06,27.9569,27.9569,27.9569,27.9569,0
2007-07-09,27.9684,27.9684,27.9684,27.9684,0
2007-07-10,27.5101,27.5101,27.5101,27.5101,0
2007-07-11,27.7643,27.7643,27.7643,27.7643,0
2007-07-12,28.0416,28.0416,28.0416,28.0416,0
2007-07-13,28.188,28.188,28.188,28.188,0
2007-07-16,28.1033,28.1033,28.1033,28.1033,0
2007-07-17,28.1033,28.1033,28.1033,28.1033,0
2007-07-18,28.0224,28.0224,28.0224,28.0224,0
2007-07-19,28.1957,28.1957,28.1957,28.1957,0
2007-07-20,27.7604,27.7604,27.7604,27.7604,0
2007-07-23,27.7797,27.7797,27.7797,27.7797,0
2007-07-24,27.1364,27.1364,27.1364,27.1364,0
2007-07-25,27.044,27.044,27.044,27.044,0
2007-07-26,26.3622,26.3622,26.3622,26.3622,0
2007-07-27,25.8615,25.8615,25.8615,25.8615,0
2007-07-30,26.2736,26.2736,26.2736,26.2736,0
2007-07-31,26.0002,26.0002,26.0002,26.0002,0
2007-08-01,26.1041,26.1041,26.1041,26.1041,0
2007-08-02,26.4046,26.4046,26.4046,26.4046,0
2007-08-03,25.3954,25.3954,25.3954,25.3954,0
2007-08-06,25.692,25.692,25.692,25.692,0
2007-08-07,26.0117,26.0117,26.0117,26.0117,0
2007-08-08,26.3853,26.3853,26.3853,26.3853,0
2007-08-09,25.8037,25.8037,25.8037,25.8037,0
2007-08-10,26.1465,26.1465,26.1465,26.1465,0
2007-08-13,26.0002,26.0002,26.0002,26.0002,0
2007-08-14,25.615,25.615,25.615,25.615,0
2007-08-15,25.3684,25.3684,25.3684,25.3684,0
2007-08-16,25.7459,25.7459,25.7459,25.7459,0
2007-08-17,26.2197,26.2197,26.2197,26.2197,0
2007-08-20,26.2351,26.2351,26.2351,26.2351,0
2007-08-21,26.3699,26.3699,26.3699,26.3699,0
2007-08-22,26.5895,26.5895,26.5895,26.5895,0
2007-08-23,26.3122,26.3122,26.3122,26.3122,0
2007-08-24,26.8013,26.8013,26.8013,26.8013,0
2007-08-27,26.447,26.447,26.447,26.447,0
2007-08-28,25.6804,25.6804,25.6804,25.6804,0
2007-08-29,26.3507,26.3507,26.3507,26.3507,0
2007-08-30,26.1619,26.1619,26.1619,26.1619,0
2007-08-31,26.4855,26.4855,26.4855,26.4855,0
2007-09-04,26.6896,26.6896,26.6896,26.6896,0
2007-09-05,26.5317,26.5317,26.5317,26.5317,0
2007-09-06,26.5124,26.5124,26.5124,26.5124,0
2007-09-07,26.185,26.185,26.185,26.185,0
2007-09-10,25.823,25.823,25.823,25.823,0
2007-09-11,26.2698,26.2698,26.2698,26.2698,0
2007-09-12,26.1388,26.1388,26.1388,26.1388,0
2007-09-13,26.135,26.135,26.135,26.135,0
2007-09-14,26.3468,26.3468,26.3468,26.3468,0
2007-09-17,26.0464,26.0464,26.0464,26.0464,0
2007-09-18,27.1095,27.1095,27.1095,27.1095,0
2007-09-19,27.3907,27.3907,27.3907,27.3907,0
2007-09-20,27.2058,27.2058,27.2058,27.2058,0
2007-09-21,27.225,27.225,27.225,27.225,0
2007-09-24,26.9939,26.9939,26.9939,26.9939,0
2007-09-25,26.8784,26.8784,26.8784,26.8784,0
2007-09-26,27.0184,27.0184,27.0184,27.0184,0
2007-09-27,27.2114,27.2114,27.2114,27.2114,0
2007-09-28,26.9143,26.9143,26.9143,26.9143,0
2007-10-01,27.4815,27.4815,27.4815,27.4815,0
2007-10-02,27.7091,27.7091,27.7091,27.7091,0
2007-10-03,27.5509,27.5509,27.5509,27.5509,0
2007-10-04,27.6281,27.6281,27.6281,27.6281,0
2007-10-05,28.095,28.095,28.095,28.095,0
2007-10-08,27.9214,27.9214,27.9214,27.9214,0
2007-10-09,28.1143,28.1143,28.1143,28.1143,0
2007-10-10,28.0294,28.0294,28.0294,28.0294,0
2007-10-11,27.7747,27.7747,27.7747,27.7747,0
2007-10-12,27.9754,27.9754,27.9754,27.9754,0
2007-10-15,27.6165,27.6165,27.6165,27.6165,0
2007-10-16,27.2847,27.2847,27.2847,27.2847,0
2007-10-17,27.3271,27.3271,27.3271,27.3271,0
2007-10-18,27.2114,27.2114,27.2114,27.2114,0
2007-10-19,26.3162,26.3162,26.3162,26.3162,0
2007-10-22,26.7946,26.7946,26.7946,26.7946,0
2007-10-23,27.0107,27.0107,27.0107,27.0107,0
2007-10-24,26.8448,26.8448,26.8448,26.8448,0
2007-10-25,26.7406,26.7406,26.7406,26.7406,0
2007-10-26,27.2731,27.2731,27.2731,27.2731,0
2007-10-29,27.2577,27.2577,27.2577,27.2577,0
2007-10-30,27.0339,27.0339,27.0339,27.0339,0
2007-10-31,27.3773,27.3773,27.3773,27.3773,0
2007-11-01,26.3162,26.3162,26.3162,26.3162,0
2007-11-02,26.3547,26.3547,26.3547,26.3547,0
2007-11-05,26.0345,26.0345,26.0345,26.0345,0
2007-11-06,26.4744,26.4744,26.4744,26.4744,0
2007-11-07,25.6216,25.6216,25.6216,25.6216,0
2007-11-08,25.6139,25.6139,25.6139,25.6139,0
2007-11-09,25.4055,25.4055,25.4055,25.4055,0
2007-11-12,25.1586,25.1586,25.1586,25.1586,0
2007-11-13,25.8801,25.8801,25.8801,25.8801,0
2007-11-14,25.7914,25.7914,25.7914,25.7914,0
2007-11-15,25.4287,25.4287,25.4287,25.4287,0
2007-11-16,25.2859,25.2859,25.2859,25.2859,0
2007-11-19,24.792,24.792,24.792,24.792,0
2007-11-20,24.792,24.792,24.792,24.792,0
2007-11-21,24.4254,24.4254,24.4254,24.4254,0
2007-11-23,24.9656,24.9656,24.9656,24.9656,0
2007-11-26,24.1862,24.1862,24.1862,24.1862,0
2007-11-27,24.5026,24.5026,24.5026,24.5026,0
2007-11-28,25.4209,25.4209,25.4209,25.4209,0
2007-11-29,25.3283,25.3283,25.3283,25.3283,0
2007-11-30,25.4287,25.4287,25.4287,25.4287,0
2007-12-03,25.0814,25.0814,25.0814,25.0814,0
2007-12-04,25.0351,25.0351,25.0351,25.0351,0
2007-12-05,25.3515,25.3515,25.3515,25.3515,0
2007-12-06,25.9766,25.9766,25.9766,25.9766,0
2007-12-07,25.9457,25.9457,25.9457,25.9457,0
2007-12-10,26.2621,26.2621,26.2621,26.2621,0
2007-12-11,25.3052,25.3052,25.3052,25.3052,0
2007-12-12,25.4518,25.4518,25.4518,25.4518,0
2007-12-13,25.1933,25.1933,25.1933,25.1933,0
2007-12-14,24.8923,24.8923,24.8923,24.8923,0
2007-12-17,24.4563,24.4563,24.4563,24.4563,0
2007-12-18,24.7881,24.7881,24.7881,24.7881,0
2007-12-19,24.9039,24.9039,24.9039,24.9039,0
2007-12-20,25.255,25.255,25.255,25.255,0
2007-12-21,25.7837,25.7837,25.7837,25.7837,0
2007-12-24,25.9843,25.9843,25.9843,25.9843,0
2007-12-26,25.9882,25.9882,25.9882,25.9882,0
2007-12-27,25.3849,25.3849,25.3849,25.3849,0
2007-12-28,25.3346,25.3346,25.3346,25.3346,0
2007-12-31,25.1605,25.1605,25.1605,25.1605,0
2008-01-02,24.9167,24.9167,24.9167,24.9167,0
2008-01-03,24.5994,24.5994,24.5994,24.5994,0
2008-01-04,23.8486,23.8486,23.8486,23.8486,0
2008-01-07,23.9725,23.9725,23.9725,23.9725,0
2008-01-08,23.3108,23.3108,23.3108,23.3108,0
2008-01-09,23.5778,23.5778,23.5778,23.5778,0
2008-01-10,23.7287,23.7287,23.7287,23.7287,0
2008-01-11,23.2488,23.2488,23.2488,23.2488,0
2008-01-14,23.4772,23.4772,23.4772,23.4772,0
2008-01-15,23.0244,23.0244,23.0244,23.0244,0
2008-01-16,23.0825,23.0825,23.0825,23.0825,0
2008-01-17,22.5484,22.5484,22.5484,22.5484,0
2008-01-18,22.3898,22.3898,22.3898,22.3898,0
2008-01-22,22.324,22.324,22.324,22.324,0
2008-01-23,23.1212,23.1212,23.1212,23.1212,0
2008-01-24,23.0902,23.0902,23.0902,23.0902,0
2008-01-25,22.9586,22.9586,22.9586,22.9586,0
2008-01-28,23.3882,23.3882,23.3882,23.3882,0
2008-01-29,23.5816,23.5816,23.5816,23.5816,0
2008-01-30,23.2721,23.2721,23.2721,23.2721,0
2008-01-31,23.8022,23.8022,23.8022,23.8022,0
2008-02-01,24.4678,24.4678,24.4678,24.4678,0
2008-02-04,24.2201,24.2201,24.2201,24.2201,0
2008-02-05,23.6165,23.6165,23.6165,23.6165,0
2008-02-06,23.2953,23.2953,23.2953,23.2953,0
2008-02-07,23.6087,23.6087,23.6087,23.6087,0
2008-02-08,23.5236,23.5236,23.5236,23.5236,0
2008-02-11,23.5855,23.5855,23.5855,23.5855,0
2008-02-12,23.8448,23.8448,23.8448,23.8448,0
2008-02-13,24.2317,24.2317,24.2317,24.2317,0
2008-02-14,23.7132,23.7132,23.7132,23.7132,0
2008-02-15,23.6861,23.6861,23.6861,23.6861,0
2008-02-19,23.6242,23.6242,23.6242,23.6242,0
2008-02-20,23.9376,23.9376,23.9376,23.9376,0
2008-02-21,23.8061,23.8061,23.8061,23.8061,0
2008-02-22,23.5391,23.5391,23.5391,23.5391,0
2008-02-25,24.0189,24.0189,24.0189,24.0189,0
2008-02-26,24.282,24.282,24.282,24.282,0
2008-02-27,24.2898,24.2898,24.2898,24.2898,0
2008-02-28,23.8719,23.8719,23.8719,23.8719,0
2008-02-29,23.2372,23.2372,23.2372,23.2372,0
2008-03-03,23.2063,23.2063,23.2063,23.2063,0
2008-03-04,23.067,23.067,23.067,23.067,0
2008-03-05,23.2488,23.2488,23.2488,23.2488,0
2008-03-06,22.5949,22.5949,22.5949,22.5949,0
2008-03-07,22.444,22.444,22.444,22.444,0
2008-03-10,22.0106,22.0106,22.0106,22.0106,0
2008-03-11,22.8271,22.8271,22.8271,22.8271,0
2008-03-12,22.6065,22.6065,22.6065,22.6065,0
2008-03-13,23.1444,23.1444,23.1444,23.1444,0
2008-03-14,22.5755,22.5755,22.5755,22.5755,0
2008-03-17,22.1537,22.1537,22.1537,22.1537,0
2008-03-18,23.1715,23.1715,23.1715,23.1715,0
2008-03-19,22.5639,22.5639,22.5639,22.5639,0
2008-03-20,23.0902,23.0902,23.0902,23.0902,0
2008-03-24,23.8061,23.8061,23.8061,23.8061,0
2008-03-25,23.9316,23.9316,23.9316,23.9316,0
2008-03-26,23.7766,23.7766,23.7766,23.7766,0
2008-03-27,23.4202,23.4202,23.4202,23.4202,0
2008-03-28,23.1296,23.1296,23.1296,23.1296,0
2008-03-31,23.2187,23.2187,23.2187,23.2187,0
2008-04-01,24.0982,24.0982,24.0982,24.0982,0
2008-04-02,24.1951,24.1951,24.1951,24.1951,0
2008-04-03,24.1524,24.1524,24.1524,24.1524,0
2008-04-04,24.2067,24.2067,24.2067,24.2067,0
2008-04-07,24.0827,24.0827,24.0827,24.0827,0
2008-04-08,24.0517,24.0517,24.0517,24.0517,0
2008-04-09,23.6837,23.6837,23.6837,23.6837,0
2008-04-10,23.8541,23.8541,23.8541,23.8541,0
2008-04-11,23.3156,23.3156,23.3156,23.3156,0
2008-04-14,23.1916,23.1916,23.1916,23.1916,0
2008-04-15,23.3156,23.3156,23.3156,23.3156,0
2008-04-16,24.0207,24.0207,24.0207,24.0207,0
2008-04-17,23.9239,23.9239,23.9239,23.9239,0
2008-04-18,24.2609,24.2609,24.2609,24.2609,0
2008-04-21,24.1796,24.1796,24.1796,24.1796,0
2008-04-22,23.7844,23.7844,23.7844,23.7844,0
2008-04-23,23.8386,23.8386,23.8386,23.8386,0
2008-04-24,24.1602,24.1602,24.1602,24.1602,0
2008-04-25,24.4159,24.4159,24.4159,24.4159,0
2008-04-28,24.5709,24.5709,24.5709,24.5709,0
2008-04-29,24.35,24.35,24.35,24.35,0
2008-04-30,24.2454,24.2454,24.2454,24.2454,0
2008-05-01,24.6019,24.6019,24.6019,24.6019,0
2008-05-02,24.598,24.598,24.598,24.598,0
2008-05-05,24.4779,24.4779,24.4779,24.4779,0
2008-05-06,24.5437,24.5437,24.5437,24.5437,0
2008-05-07,24.2222,24.2222,24.2222,24.2222,0
2008-05-08,24.2687,24.2687,24.2687,24.2687,0
2008-05-09,24.3035,24.3035,24.3035,24.3035,0
2008-05-12,24.5515,24.5515,24.5515,24.5515,0
2008-05-13,24.8459,24.8459,24.8459,24.8459,0
2008-05-14,24.8459,24.8459,24.8459,24.8459,0
2008-05-15,25.1404,25.1404,25.1404,25.1404,0
2008-05-16,25.1559,25.1559,25.1559,25.1559,0
2008-05-19,24.997,24.997,24.997,24.997,0
2008-05-20,24.9351,24.9351,24.9351,24.9351,0
2008-05-21,24.6096,24.6096,24.6096,24.6096,0
2008-05-22,24.7917,24.7917,24.7917,24.7917,0
2008-05-23,24.5515,24.5515,24.5515,24.5515,0
2008-05-27,24.8692,24.8692,24.8692,24.8692,0
2008-05-28,24.997,24.997,24.997,24.997,0
2008-05-29,25.1249,25.1249,25.1249,25.1249,0
2008-05-30,25.2527,25.2527,25.2527,25.2527,0
2008-06-02,25.0939,25.0939,25.0939,25.0939,0
2008-06-03,25.0319,25.0319,25.0319,25.0319,0
2008-06-04,25.1326,25.1326,25.1326,25.1326,0
2008-06-05,25.7835,25.7835,25.7835,25.7835,0
2008-06-06,24.9234,24.9234,24.9234,24.9234,0
2008-06-09,24.9041,24.9041,24.9041,24.9041,0
2008-06-10,24.7956,24.7956,24.7956,24.7956,0
2008-06-11,24.2919,24.2919,24.2919,24.2919,0
2008-06-12,24.3268,24.3268,24.3268,24.3268,0
2008-06-13,24.8111,24.8111,24.8111,24.8111,0
2008-06-16,25.0629,25.0629,25.0629,25.0629,0
2008-06-17,24.9312,24.9312,24.9312,24.9312,0
2008-06-18,24.7956,24.7956,24.7956,24.7956,0
2008-06-19,24.9893,24.9893,24.9893,24.9893,0
2008-06-20,24.567,24.567,24.567,24.567,0
2008-06-23,24.3733,24.3733,24.3733,24.3733,0
2008-06-24,23.9872,23.9872,23.9872,23.9872,0
2008-06-25,24.2979,24.2979,24.2979,24.2979,0
2008-06-26,23.7581,23.7581,23.7581,23.7581,0
2008-06-27,23.5639,23.5639,23.5639,23.5639,0
2008-06-30,23.3697,23.3697,23.3697,23.3697,0
2008-07-01,23.3774,23.3774,23.3774,23.3774,0
2008-07-02,22.7638,22.7638,22.7638,22.7638,0
2008-07-03,22.5307,22.5307,22.5307,22.5307,0
2008-07-07,22.3754,22.3754,22.3754,22.3754,0
2008-07-08,23.0978,23.0978,23.0978,23.0978,0
2008-07-09,22.4414,22.4414,22.4414,22.4414,0
2008-07-10,22.6783,22.6783,22.6783,22.6783,0
2008-07-11,22.6744,22.6744,22.6744,22.6744,0
2008-07-14,22.4569,22.4569,22.4569,22.4569,0
2008-07-15,22.2433,22.2433,22.2433,22.2433,0
2008-07-16,23.0434,23.0434,23.0434,23.0434,0
2008-07-17,23.393,23.393,23.393,23.393,0
2008-07-18,23.3192,23.3192,23.3192,23.3192,0
2008-07-21,23.4435,23.4435,23.4435,23.4435,0
2008-07-22,24.0183,24.0183,24.0183,24.0183,0
2008-07-23,24.1775,24.1775,24.1775,24.1775,0
2008-07-24,23.5716,23.5716,23.5716,23.5716,0
2008-07-25,23.7386,23.7386,23.7386,23.7386,0
2008-07-28,23.358,23.358,23.358,23.358,0
2008-07-29,23.9484,23.9484,23.9484,23.9484,0
2008-07-30,24.0144,24.0144,24.0144,24.0144,0
2008-07-31,23.8124,23.8124,23.8124,23.8124,0
2008-08-01,23.9561,23.9561,23.9561,23.9561,0
2008-08-04,23.6532,23.6532,23.6532,23.6532,0
2008-08-05,24.2436,24.2436,24.2436,24.2436,0
2008-08-06,24.3601,24.3601,24.3601,24.3601,0
2008-08-07,24.0921,24.0921,24.0921,24.0921,0
2008-08-08,24.7407,24.7407,24.7407,24.7407,0
2008-08-11,25.3582,25.3582,25.3582,25.3582,0
2008-08-12,25.1602,25.1602,25.1602,25.1602,0
2008-08-13,25.2068,25.2068,25.2068,25.2068,0
2008-08-14,25.3738,25.3738,25.3738,25.3738,0
2008-08-15,25.4282,25.4282,25.4282,25.4282,0
2008-08-18,24.9776,24.9776,24.9776,24.9776,0
2008-08-19,24.5698,24.5698,24.5698,24.5698,0
2008-08-20,24.6203,24.6203,24.6203,24.6203,0
2008-08-21,24.4261,24.4261,24.4261,24.4261,0
2008-08-22,24.8495,24.8495,24.8495,24.8495,0
2008-08-25,24.3989,24.3989,24.3989,24.3989,0
2008-08-26,24.4416,24.4416,24.4416,24.4416,0
2008-08-27,24.698,24.698,24.698,24.698,0
2008-08-28,25.0864,25.0864,25.0864,25.0864,0
2008-08-29,24.8339,24.8339,24.8339,24.8339,0
2008-09-02,24.9582,24.9582,24.9582,24.9582,0
2008-09-03,25.0242,25.0242,25.0242,25.0242,0
2008-09-04,24.2513,24.2513,24.2513,24.2513,0
2008-09-05,24.2319,24.2319,24.2319,24.2319,0
2008-09-08,24.8145,24.8145,24.8145,24.8145,0
2008-09-09,23.9989,23.9989,23.9989,23.9989,0
2008-09-10,24.2707,24.2707,24.2707,24.2707,0
2008-09-11,24.4649,24.4649,24.4649,24.4649,0
2008-09-12,24.5232,24.5232,24.5232,24.5232,0
2008-09-15,23.6105,23.6105,23.6105,23.6105,0
2008-09-16,24.3057,24.3057,24.3057,24.3057,0
2008-09-17,23.2842,23.2842,23.2842,23.2842,0
2008-09-18,24.6553,24.6553,24.6553,24.6553,0
2008-09-19,25.2922,25.2922,25.2922,25.2922,0
2008-09-22,24.5465,24.5465,24.5465,24.5465,0
2008-09-23,24.2397,24.2397,24.2397,24.2397,0
2008-09-24,23.793,23.793,23.793,23.793,0
2008-09-25,23.9251,23.9251,23.9251,23.9251,0
2008-09-26,24.1276,24.1276,24.1276,24.1276,0
2008-09-29,22.6513,22.6513,22.6513,22.6513,0
2008-09-30,23.1811,23.1811,23.1811,23.1811,0
2008-10-01,23.1733,23.1733,23.1733,23.1733,0
2008-10-02,21.8605,21.8605,21.8605,21.8605,0
2008-10-03,21.4048,21.4048,21.4048,21.4048,0
2008-10-06,20.6218,20.6218,20.6218,20.6218,0
2008-10-07,19.387,19.387,19.387,19.387,0
2008-10-08,18.978,18.978,18.978,18.978,0
2008-10-09,17.4004,17.4004,17.4004,17.4004,0
2008-10-10,18.1989,18.1989,18.1989,18.1989,0
2008-10-13,19.5779,19.5779,19.5779,19.5779,0
2008-10-14,19.2429,19.2429,19.2429,19.2429,0
2008-10-15,17.4861,17.4861,17.4861,17.4861,0
2008-10-16,18.4521,18.4521,18.4521,18.4521,0
2008-10-17,17.9691,17.9691,17.9691,17.9691,0
2008-10-20,18.8027,18.8027,18.8027,18.8027,0
2008-10-21,18.421,18.421,18.421,18.421,0
2008-10-22,17.342,17.342,17.342,17.342,0
2008-10-23,16.8473,16.8473,16.8473,16.8473,0
2008-10-24,16.0721,16.0721,16.0721,16.0721,0
2008-10-27,15.6397,15.6397,15.6397,15.6397,0
2008-10-28,16.6681,16.6681,16.6681,16.6681,0
2008-10-29,17.007,17.007,17.007,17.007,0
2008-10-30,17.7627,17.7627,17.7627,17.7627,0
2008-10-31,18.6002,18.6002,18.6002,18.6002,0
2008-11-03,18.4755,18.4755,18.4755,18.4755,0
2008-11-04,18.7638,18.7638,18.7638,18.7638,0
2008-11-05,17.786,17.786,17.786,17.786,0
2008-11-06,17.1122,17.1122,17.1122,17.1122,0
2008-11-07,17.3692,17.3692,17.3692,17.3692,0
2008-11-10,16.9875,16.9875,16.9875,16.9875,0
2008-11-11,16.6135,16.6135,16.6135,16.6135,0
2008-11-12,15.6787,15.6787,15.6787,15.6787,0
2008-11-13,16.8784,16.8784,16.8784,16.8784,0
2008-11-14,15.7176,15.7176,15.7176,15.7176,0
2008-11-17,15.5813,15.5813,15.5813,15.5813,0
2008-11-18,15.554,15.554,15.554,15.554,0
2008-11-19,14.2958,14.2958,14.2958,14.2958,0
2008-11-20,13.3726,13.3726,13.3726,13.3726,0
2008-11-21,14.105,14.105,14.105,14.105,0
2008-11-24,15.1139,15.1139,15.1139,15.1139,0
2008-11-25,15.3398,15.3398,15.3398,15.3398,0
2008-11-26,16.1188,16.1188,16.1188,16.1188,0
2008-11-28,16.3954,16.3954,16.3954,16.3954,0
2008-12-01,14.6659,14.6659,14.6659,14.6659,0
2008-12-02,15.3242,15.3242,15.3242,15.3242,0
2008-12-03,15.8306,15.8306,15.8306,15.8306,0
2008-12-04,15.3515,15.3515,15.3515,15.3515,0
2008-12-05,15.8968,15.8968,15.8968,15.8968,0
2008-12-08,16.5512,16.5512,16.5512,16.5512,0
2008-12-09,16.1111,16.1111,16.1111,16.1111,0
2008-12-10,16.4733,16.4733,16.4733,16.4733,0
2008-12-11,15.6086,15.6086,15.6086,15.6086,0
2008-12-12,16.1656,16.1656,16.1656,16.1656,0
2008-12-15,15.6865,15.6865,15.6865,15.6865,0
2008-12-16,16.5785,16.5785,16.5785,16.5785,0
2008-12-17,16.8823,16.8823,16.8823,16.8823,0
2008-12-18,16.633,16.633,16.633,16.633,0
2008-12-19,16.707,16.707,16.707,16.707,0
2008-12-22,16.5356,16.5356,16.5356,16.5356,0
2008-12-23,16.2279,16.2279,16.2279,16.2279,0
2008-12-24,16.3259,16.3259,16.3259,16.3259,0
2008-12-26,16.5806,16.5806,16.5806,16.5806,0
2008-12-29,16.2671,16.2671,16.2671,16.2671,0
2008-12-30,16.8197,16.8197,16.8197,16.8197,0
2008-12-31,17.2311,17.2311,17.2311,17.2311,0
2009-01-02,17.5211,17.5211,17.5211,17.5211,0
2009-01-05,17.5015,17.5015,17.5015,17.5015,0
2009-01-06,17.7014,17.7014,17.7014,17.7014,0
2009-01-07,17.1332,17.1332,17.1332,17.1332,0
2009-01-08,17.2076,17.2076,17.2076,17.2076,0
2009-01-09,16.5689,16.5689,16.5689,16.5689,0
2009-01-12,16.0986,16.0986,16.0986,16.0986,0
2009-01-13,16.2397,16.2397,16.2397,16.2397,0
2009-01-14,15.5774,15.5774,15.5774,15.5774,0
2009-01-15,15.8008,15.8008,15.8008,15.8008,0
2009-01-16,16.0124,16.0124,16.0124,16.0124,0
2009-01-20,14.9425,14.9425,14.9425,14.9425,0
2009-01-21,15.5813,15.5813,15.5813,15.5813,0
2009-01-22,15.1424,15.1424,15.1424,15.1424,0
2009-01-23,15.2208,15.2208,15.2208,15.2208,0
2009-01-26,15.3775,15.3775,15.3775,15.3775,0
2009-01-27,15.5578,15.5578,15.5578,15.5578,0
2009-01-28,16.1809,16.1809,16.1809,16.1809,0
2009-01-29,15.5108,15.5108,15.5108,15.5108,0
2009-01-30,15.2169,15.2169,15.2169,15.2169,0
2009-02-02,15.2874,15.2874,15.2874,15.2874,0
2009-02-03,15.3462,15.3462,15.3462,15.3462,0
2009-02-04,15.2756,15.2756,15.2756,15.2756,0
2009-02-05,15.4363,15.4363,15.4363,15.4363,0
2009-02-06,16.0633,16.0633,16.0633,16.0633,0
2009-02-09,15.8987,15.8987,15.8987,15.8987,0
2009-02-10,15.2208,15.2208,15.2208,15.2208,0
2009-02-11,15.2129,15.2129,15.2129,15.2129,0
2009-02-12,15.3305,15.3305,15.3305,15.3305,0
2009-02-13,15.1698,15.1698,15.1698,15.1698,0
2009-02-17,14.5467,14.5467,14.5467,14.5467,0
2009-02-18,14.4057,14.4057,14.4057,14.4057,0
2009-02-19,14.2567,14.2567,14.2567,14.2567,0
2009-02-20,14.1431,14.1431,14.1431,14.1431,0
2009-02-23,13.5161,13.5161,13.5161,13.5161,0
2009-02-24,14.0216,14.0216,14.0216,14.0216,0
2009-02-25,13.6924,13.6924,13.6924,13.6924,0
2009-02-26,13.4808,13.4808,13.4808,13.4808,0
2009-02-27,13.4181,13.4181,13.4181,13.4181,0
2009-03-02,12.6539,12.6539,12.6539,12.6539,0
2009-03-03,12.4423,12.4423,12.4423,12.4423,0
2009-03-04,12.6853,12.6853,12.6853,12.6853,0
2009-03-05,12.07,12.07,12.07,12.07,0
2009-03-06,12.0308,12.0308,12.0308,12.0308,0
2009-03-09,11.7996,11.7996,11.7996,11.7996,0
2009-03-10,12.5168,12.5168,12.5168,12.5168,0
2009-03-11,12.5638,12.5638,12.5638,12.5638,0
2009-03-12,13.2339,13.2339,13.2339,13.2339,0
2009-03-13,13.4103,13.4103,13.4103,13.4103,0
2009-03-16,13.2339,13.2339,13.2339,13.2339,0
2009-03-17,13.7826,13.7826,13.7826,13.7826,0
2009-03-18,14.2371,14.2371,14.2371,14.2371,0
2009-03-19,14.0726,14.0726,14.0726,14.0726,0
2009-03-20,13.5788,13.5788,13.5788,13.5788,0
2009-03-23,14.7192,14.7192,14.7192,14.7192,0
2009-03-24,14.2058,14.2058,14.2058,14.2058,0
2009-03-25,14.4984,14.4984,14.4984,14.4984,0
2009-03-26,15.1354,15.1354,15.1354,15.1354,0
2009-03-27,14.6674,14.6674,14.6674,14.6674,0
2009-03-30,14.2388,14.2388,14.2388,14.2388,0
2009-03-31,14.3096,14.3096,14.3096,14.3096,0
2009-04-01,14.6203,14.6203,14.6203,14.6203,0
2009-04-02,15.3281,15.3281,15.3281,15.3281,0
2009-04-03,15.623,15.623,15.623,15.623,0
2009-04-06,15.391,15.391,15.391,15.391,0
2009-04-07,14.8208,14.8208,14.8208,14.8208,0
2009-04-08,15.0882,15.0882,15.0882,15.0882,0
2009-04-09,16.0084,16.0084,16.0084,16.0084,0
2009-04-13,16.0555,16.0555,16.0555,16.0555,0
2009-04-14,15.5483,15.5483,15.5483,15.5483,0
2009-04-15,15.8117,15.8117,15.8117,15.8117,0
2009-04-16,16.2482,16.2482,16.2482,16.2482,0
2009-04-17,16.4527,16.4527,16.4527,16.4527,0
2009-04-20,15.6505,15.6505,15.6505,15.6505,0
2009-04-21,16.1892,16.1892,16.1892,16.1892,0
2009-04-22,16.3033,16.3033,16.3033,16.3033,0
2009-04-23,16.2168,16.2168,16.2168,16.2168,0
2009-04-24,16.4999,16.4999,16.4999,16.4999,0
2009-04-27,16.3347,16.3347,16.3347,16.3347,0
2009-04-28,16.3859,16.3859,16.3859,16.3859,0
2009-04-29,16.956,16.956,16.956,16.956,0
2009-04-30,16.8971,16.8971,16.8971,16.8971,0
2009-05-01,16.9678,16.9678,16.9678,16.9678,0
2009-05-04,17.5773,17.5773,17.5773,17.5773,0
2009-05-05,17.4633,17.4633,17.4633,17.4633,0
2009-05-06,17.5105,17.5105,17.5105,17.5105,0
2009-05-07,17.2077,17.2077,17.2077,17.2077,0
2009-05-08,17.7464,17.7464,17.7464,17.7464,0
2009-05-11,17.4043,17.4043,17.4043,17.4043,0
2009-05-12,17.1291,17.1291,17.1291,17.1291,0
2009-05-13,16.319,16.319,16.319,16.319,0
2009-05-14,16.5078,16.5078,16.5078,16.5078,0
2009-05-15,16.4448,16.4448,16.4448,16.4448,0
2009-05-18,17.0347,17.0347,17.0347,17.0347,0
2009-05-19,17.0111,17.0111,17.0111,17.0111,0
2009-05-20,16.8892,16.8892,16.8892,16.8892,0
2009-05-21,16.6139,16.6139,16.6139,16.6139,0
2009-05-22,16.433,16.433,16.433,16.433,0
2009-05-26,17.2706,17.2706,17.2706,17.2706,0
2009-05-27,16.901,16.901,16.901,16.901,0
2009-05-28,16.9049,16.9049,16.9049,16.9049,0
2009-05-29,17.2116,17.2116,17.2116,17.2116,0
2009-06-01,17.947,17.947,17.947,17.947,0
2009-06-02,18.1357,18.1357,18.1357,18.1357,0
2009-06-03,17.9352,17.9352,17.9352,17.9352,0
2009-06-04,18.2891,18.2891,18.2891,18.2891,0
2009-06-05,18.2694,18.2694,18.2694,18.2694,0
2009-06-08,18.0296,18.0296,18.0296,18.0296,0
2009-06-09,18.1279,18.1279,18.1279,18.1279,0
2009-06-10,18.0492,18.0492,18.0492,18.0492,0
2009-06-11,17.9548,17.9548,17.9548,17.9548,0
2009-06-12,17.9863,17.9863,17.9863,17.9863,0
2009-06-15,17.538,17.538,17.538,17.538,0
2009-06-16,17.1802,17.1802,17.1802,17.1802,0
2009-06-17,17.3453,17.3453,17.3453,17.3453,0
2009-06-18,17.42,17.42,17.42,17.42,0
2009-06-19,17.5262,17.5262,17.5262,17.5262,0
2009-06-22,16.9128,16.9128,16.9128,16.9128,0
2009-06-23,16.7567,16.7567,16.7567,16.7567,0
2009-06-24,16.8749,16.8749,16.8749,16.8749,0
2009-06-25,17.3126,17.3126,17.3126,17.3126,0
2009-06-26,17.5097,17.5097,17.5097,17.5097,0
2009-06-29,17.5491,17.5491,17.5491,17.5491,0
2009-06-30,17.5176,17.5176,17.5176,17.5176,0
2009-07-01,17.8212,17.8212,17.8212,17.8212,0
2009-07-02,17.2258,17.2258,17.2258,17.2258,0
2009-07-06,17.0642,17.0642,17.0642,17.0642,0
2009-07-07,16.7606,16.7606,16.7606,16.7606,0
2009-07-08,16.6778,16.6778,16.6778,16.6778,0
2009-07-09,16.6305,16.6305,16.6305,16.6305,0
2009-07-10,16.7212,16.7212,16.7212,16.7212,0
2009-07-13,17.0997,17.0997,17.0997,17.0997,0
2009-07-14,17.2298,17.2298,17.2298,17.2298,0
2009-07-15,17.8764,17.8764,17.8764,17.8764,0
2009-07-16,18.0775,18.0775,18.0775,18.0775,0
2009-07-17,18.042,18.042,18.042,18.042,0
2009-07-20,18.2549,18.2549,18.2549,18.2549,0
2009-07-21,18.1918,18.1918,18.1918,18.1918,0
2009-07-22,18.3259,18.3259,18.3259,18.3259,0
2009-07-23,18.8739,18.8739,18.8739,18.8739,0
2009-07-24,18.937,18.937,18.937,18.937,0
2009-07-27,18.9922,18.9922,18.9922,18.9922,0
2009-07-28,19.0316,19.0316,19.0316,19.0316,0
2009-07-29,18.937,18.937,18.937,18.937,0
2009-07-30,19.2248,19.2248,19.2248,19.2248,0
2009-07-31,19.2248,19.2248,19.2248,19.2248,0
2009-08-03,19.6033,19.6033,19.6033,19.6033,0
2009-08-04,19.7137,19.7137,19.7137,19.7137,0
2009-08-05,19.5205,19.5205,19.5205,19.5205,0
2009-08-06,19.2642,19.2642,19.2642,19.2642,0
2009-08-07,19.7886,19.7886,19.7886,19.7886,0
2009-08-10,19.7886,19.7886,19.7886,19.7886,0
2009-08-11,19.5008,19.5008,19.5008,19.5008,0
2009-08-12,19.7255,19.7255,19.7255,19.7255,0
2009-08-13,19.8714,19.8714,19.8714,19.8714,0
2009-08-14,19.5047,19.5047,19.5047,19.5047,0
2009-08-17,18.9606,18.9606,18.9606,18.9606,0
2009-08-18,19.2288,19.2288,19.2288,19.2288,0
2009-08-19,19.347,19.347,19.347,19.347,0
2009-08-20,19.5915,19.5915,19.5915,19.5915,0
2009-08-21,20.0331,20.0331,20.0331,20.0331,0
2009-08-24,20.0055,20.0055,20.0055,20.0055,0
2009-08-25,20.0725,20.0725,20.0725,20.0725,0
2009-08-26,20.108,20.108,20.108,20.108,0
2009-08-27,20.0883,20.0883,20.0883,20.0883,0
2009-08-28,20.0173,20.0173,20.0173,20.0173,0
2009-08-31,19.6822,19.6822,19.6822,19.6822,0
2009-09-01,19.2563,19.2563,19.2563,19.2563,0
2009-09-02,19.1696,19.1696,19.1696,19.1696,0
2009-09-03,19.3983,19.3983,19.3983,19.3983,0
2009-09-04,19.6112,19.6112,19.6112,19.6112,0
2009-09-08,19.8477,19.8477,19.8477,19.8477,0
2009-09-09,20.0725,20.0725,20.0725,20.0725,0
2009-09-10,20.313,20.313,20.313,20.313,0
2009-09-11,20.3288,20.3288,20.3288,20.3288,0
2009-09-14,20.5101,20.5101,20.5101,20.5101,0
2009-09-15,20.6954,20.6954,20.6954,20.6954,0
2009-09-16,21.0818,21.0818,21.0818,21.0818,0
2009-09-17,21.0542,21.0542,21.0542,21.0542,0
2009-09-18,21.1291,21.1291,21.1291,21.1291,0
2009-09-21,21.0345,21.0345,21.0345,21.0345,0
2009-09-22,21.1804,21.1804,21.1804,21.1804,0
2009-09-23,21.0132,21.0132,21.0132,21.0132,0
2009-09-24,20.5983,20.5983,20.5983,20.5983,0
2009-09-25,20.5074,20.5074,20.5074,20.5074,0
2009-09-28,20.9856,20.9856,20.9856,20.9856,0
2009-09-29,20.95,20.95,20.95,20.95,0
2009-09-30,20.6852,20.6852,20.6852,20.6852,0
2009-10-01,20.0805,20.0805,20.0805,20.0805,0
2009-10-02,19.8908,19.8908,19.8908,19.8908,0
2009-10-05,20.2505,20.2505,20.2505,20.2505,0
2009-10-06,20.5943,20.5943,20.5943,20.5943,0
2009-10-07,20.6457,20.6457,20.6457,20.6457,0
2009-10-08,20.8551,20.8551,20.8551,20.8551,0
2009-10-09,21.0765,21.0765,21.0765,21.0765,0
2009-10-12,21.1278,21.1278,21.1278,21.1278,0
2009-10-13,21.0646,21.0646,21.0646,21.0646,0
2009-10-14,21.4638,21.4638,21.4638,21.4638,0
2009-10-15,21.4519,21.4519,21.4519,21.4519,0
2009-10-16,21.2425,21.2425,21.2425,21.2425,0
2009-10-19,21.4638,21.4638,21.4638,21.4638,0
2009-10-20,21.1713,21.1713,21.1713,21.1713,0
2009-10-21,20.871,20.871,20.871,20.871,0
2009-10-22,21.1436,21.1436,21.1436,21.1436,0
2009-10-23,20.7524,20.7524,20.7524,20.7524,0
2009-10-26,20.5825,20.5825,20.5825,20.5825,0
2009-10-27,20.3374,20.3374,20.3374,20.3374,0
2009-10-28,19.7367,19.7367,19.7367,19.7367,0
2009-10-29,20.0924,20.0924,20.0924,20.0924,0
2009-10-30,19.5312,19.5312,19.5312,19.5312,0
2009-11-02,19.5035,19.5035,19.5035,19.5035,0
2009-11-03,19.7446,19.7446,19.7446,19.7446,0
2009-11-04,19.5114,19.5114,19.5114,19.5114,0
2009-11-05,20.0726,20.0726,20.0726,20.0726,0
2009-11-06,20.0845,20.0845,20.0845,20.0845,0
2009-11-09,20.4797,20.4797,20.4797,20.4797,0
2009-11-10,20.3809,20.3809,20.3809,20.3809,0
2009-11-11,20.535,20.535,20.535,20.535,0
2009-11-12,20.1398,20.1398,20.1398,20.1398,0
2009-11-13,20.2781,20.2781,20.2781,20.2781,0
2009-11-16,20.8196,20.8196,20.8196,20.8196,0
2009-11-17,20.7998,20.7998,20.7998,20.7998,0
2009-11-18,20.7642,20.7642,20.7642,20.7642,0
2009-11-19,20.2268,20.2268,20.2268,20.2268,0
2009-11-20,20.2031,20.2031,20.2031,20.2031,0
2009-11-23,20.6022,20.6022,20.6022,20.6022,0
2009-11-24,20.4797,20.4797,20.4797,20.4797,0
2009-11-25,20.4718,20.4718,20.4718,20.4718,0
2009-11-27,19.9975,19.9975,19.9975,19.9975,0
2009-11-30,20.041,20.041,20.041,20.041,0
2009-12-01,20.3414,20.3414,20.3414,20.3414,0
2009-12-02,20.5666,20.5666,20.5666,20.5666,0
2009-12-03,20.2663,20.2663,20.2663,20.2663,0
2009-12-04,20.7682,20.7682,20.7682,20.7682,0
2009-12-07,20.7919,20.7919,20.7919,20.7919,0
2009-12-08,20.7089,20.7089,20.7089,20.7089,0
2009-12-09,20.6338,20.6338,20.6338,20.6338,0
2009-12-10,20.5113,20.5113,20.5113,20.5113,0
2009-12-11,20.7524,20.7524,20.7524,20.7524,0
2009-12-14,21.1041,21.1041,21.1041,21.1041,0
2009-12-15,21.0883,21.0883,21.0883,21.0883,0
2009-12-16,21.2108,21.2108,21.2108,21.2108,0
2009-12-17,21.029,21.029,21.029,21.029,0
2009-12-18,21.2266,21.2266,21.2266,21.2266,0
2009-12-21,21.4954,21.4954,21.4954,21.4954,0
2009-12-22,21.7207,21.7207,21.7207,21.7207,0
2009-12-23,22.0131,22.0131,22.0131,22.0131,0
2009-12-24,22.0924,22.0924,22.0924,22.0924,0
2009-12-28,22.0686,22.0686,22.0686,22.0686,0
2009-12-29,22.029,22.029,22.029,22.029,0
2009-12-30,22.0527,22.0527,22.0527,22.0527,0
2009-12-31,21.692,21.692,21.692,21.692,0
2010-01-04,22.2272,22.2272,22.2272,22.2272,0
2010-01-05,22.1598,22.1598,22.1598,22.1598,0
2010-01-06,22.136,22.136,22.136,22.136,0
2010-01-07,22.2906,22.2906,22.2906,22.2906,0
2010-01-08,22.3778,22.3778,22.3778,22.3778,0
2010-01-11,22.2985,22.2985,22.2985,22.2985,0
2010-01-12,22.0884,22.0884,22.0884,22.0884,0
2010-01-13,22.3461,22.3461,22.3461,22.3461,0
2010-01-14,22.4333,22.4333,22.4333,22.4333,0
2010-01-15,22.1439,22.1439,22.1439,22.1439,0
2010-01-19,22.5324,22.5324,22.5324,22.5324,0
2010-01-20,22.2113,22.2113,22.2113,22.2113,0
2010-01-21,21.9536,21.9536,21.9536,21.9536,0
2010-01-22,21.5215,21.5215,21.5215,21.5215,0
2010-01-25,21.5493,21.5493,21.5493,21.5493,0
2010-01-26,21.3828,21.3828,21.3828,21.3828,0
2010-01-27,21.6048,21.6048,21.6048,21.6048,0
2010-01-28,21.2163,21.2163,21.2163,21.2163,0
2010-01-29,21.0102,21.0102,21.0102,21.0102,0
2010-02-01,21.2123,21.2123,21.2123,21.2123,0
2010-02-02,21.4026,21.4026,21.4026,21.4026,0
2010-02-03,21.2361,21.2361,21.2361,21.2361,0
2010-02-04,20.5939,20.5939,20.5939,20.5939,0
2010-02-05,20.6336,20.6336,20.6336,20.6336,0
2010-02-08,20.4076,20.4076,20.4076,20.4076,0
2010-02-09,20.693,20.693,20.693,20.693,0
2010-02-10,20.7723,20.7723,20.7723,20.7723,0
2010-02-11,21.0577,21.0577,21.0577,21.0577,0
2010-02-12,21.2123,21.2123,21.2123,21.2123,0
2010-02-16,21.5533,21.5533,21.5533,21.5533,0
2010-02-17,21.6762,21.6762,21.6762,21.6762,0
2010-02-18,21.9021,21.9021,21.9021,21.9021,0
2010-02-19,21.9576,21.9576,21.9576,21.9576,0
2010-02-22,22.029,22.029,22.029,22.029,0
2010-02-23,21.7871,21.7871,21.7871,21.7871,0
2010-02-24,21.9973,21.9973,21.9973,21.9973,0
2010-02-25,21.9576,21.9576,21.9576,21.9576,0
2010-02-26,21.8744,21.8744,21.8744,21.8744,0
2010-03-01,22.358,22.358,22.358,22.358,0
2010-03-02,22.5403,22.5403,22.5403,22.5403,0
2010-03-03,22.6474,22.6474,22.6474,22.6474,0
2010-03-04,22.687,22.687,22.687,22.687,0
2010-03-05,23.1151,23.1151,23.1151,23.1151,0
2010-03-08,23.1984,23.1984,23.1984,23.1984,0
2010-03-09,23.2935,23.2935,23.2935,23.2935,0
2010-03-10,23.46,23.46,23.46,23.46,0
2010-03-11,23.5155,23.5155,23.5155,23.5155,0
2010-03-12,23.5354,23.5354,23.5354,23.5354,0
2010-03-15,23.4759,23.4759,23.4759,23.4759,0
2010-03-16,23.682,23.682,23.682,23.682,0
2010-03-17,23.8644,23.8644,23.8644,23.8644,0
2010-03-18,23.8089,23.8089,23.8089,23.8089,0
2010-03-19,23.5314,23.5314,23.5314,23.5314,0
2010-03-22,23.8961,23.8961,23.8961,23.8961,0
2010-03-23,24.1577,24.1577,24.1577,24.1577,0
2010-03-24,23.8446,23.8446,23.8446,23.8446,0
2010-03-25,23.7198,23.7198,23.7198,23.7198,0
2010-03-26,23.6761,23.6761,23.6761,23.6761,0
2010-03-29,23.7595,23.7595,23.7595,23.7595,0
2010-03-30,23.8748,23.8748,23.8748,23.8748,0
2010-03-31,23.6165,23.6165,23.6165,23.6165,0
2010-04-01,23.8748,23.8748,23.8748,23.8748,0
2010-04-05,24.3078,24.3078,24.3078,24.3078,0
2010-04-06,24.411,24.411,24.411,24.411,0
2010-04-07,24.3554,24.3554,24.3554,24.3554,0
2010-04-08,24.3117,24.3117,24.3117,24.3117,0
2010-04-09,24.4389,24.4389,24.4389,24.4389,0
2010-04-12,24.5382,24.5382,24.5382,24.5382,0
2010-04-13,24.6017,24.6017,24.6017,24.6017,0
2010-04-14,25.0943,25.0943,25.0943,25.0943,0
2010-04-15,25.1301,25.1301,25.1301,25.1301,0
2010-04-16,24.8758,24.8758,24.8758,24.8758,0
2010-04-19,24.8242,24.8242,24.8242,24.8242,0
2010-04-20,25.134,25.134,25.134,25.134,0
2010-04-21,25.3247,25.3247,25.3247,25.3247,0
2010-04-22,25.6266,25.6266,25.6266,25.6266,0
2010-04-23,25.8729,25.8729,25.8729,25.8729,0
2010-04-26,25.7815,25.7815,25.7815,25.7815,0
2010-04-27,25.1936,25.1936,25.1936,25.1936,0
2010-04-28,25.2691,25.2691,25.2691,25.2691,0
2010-04-29,25.8729,25.8729,25.8729,25.8729,0
2010-04-30,24.991,24.991,24.991,24.991,0
2010-05-03,25.5511,25.5511,25.5511,25.5511,0
2010-05-04,24.8242,24.8242,24.8242,24.8242,0
2010-05-05,24.4905,24.4905,24.4905,24.4905,0
2010-05-06,23.6443,23.6443,23.6443,23.6443,0
2010-05-07,23.0286,23.0286,23.0286,23.0286,0
2010-05-10,24.2601,24.2601,24.2601,24.2601,0
2010-05-11,24.3753,24.3753,24.3753,24.3753,0
2010-05-12,25.1221,25.1221,25.1221,25.1221,0
2010-05-13,24.9036,24.9036,24.9036,24.9036,0
2010-05-14,24.4349,24.4349,24.4349,24.4349,0
2010-05-17,24.5898,24.5898,24.5898,24.5898,0
2010-05-18,24.1052,24.1052,24.1052,24.1052,0
2010-05-19,23.8628,23.8628,23.8628,23.8628,0
2010-05-20,22.6631,22.6631,22.6631,22.6631,0
2010-05-21,22.9809,22.9809,22.9809,22.9809,0
2010-05-24,22.6393,22.6393,22.6393,22.6393,0
2010-05-25,22.5956,22.5956,22.5956,22.5956,0
2010-05-26,22.5797,22.5797,22.5797,22.5797,0
2010-05-27,23.4775,23.4775,23.4775,23.4775,0
2010-05-28,23.2034,23.2034,23.2034,23.2034,0
2010-06-01,22.5281,22.5281,22.5281,22.5281,0
2010-06-02,23.1557,23.1557,23.1557,23.1557,0
2010-06-03,23.4656,23.4656,23.4656,23.4656,0
2010-06-04,22.3334,22.3334,22.3334,22.3334,0
2010-06-07,21.7852,21.7852,21.7852,21.7852,0
2010-06-08,21.7336,21.7336,21.7336,21.7336,0
2010-06-09,21.7693,21.7693,21.7693,21.7693,0
2010-06-10,22.4685,22.4685,22.4685,22.4685,0
2010-06-11,22.7903,22.7903,22.7903,22.7903,0
2010-06-14,22.9134,22.9134,22.9134,22.9134,0
2010-06-15,23.4219,23.4219,23.4219,23.4219,0
2010-06-16,23.2948,23.2948,23.2948,23.2948,0
2010-06-17,23.3146,23.3146,23.3146,23.3146,0
2010-06-18,23.3265,23.3265,23.3265,23.3265,0
2010-06-21,23.1081,23.1081,23.1081,23.1081,0
2010-06-22,22.6631,22.6631,22.6631,22.6631,0
2010-06-23,22.5879,22.5879,22.5879,22.5879,0
2010-06-24,22.2654,22.2654,22.2654,22.2654,0
2010-06-25,22.6914,22.6914,22.6914,22.6914,0
2010-06-28,22.5441,22.5441,22.5441,22.5441,0
2010-06-29,21.7756,21.7756,21.7756,21.7756,0
2010-06-30,21.5566,21.5566,21.5566,21.5566,0
2010-07-01,21.3974,21.3974,21.3974,21.3974,0
2010-07-02,21.1863,21.1863,21.1863,21.1863,0
2010-07-06,20.9275,20.9275,20.9275,20.9275,0
2010-07-07,21.6164,21.6164,21.6164,21.6164,0
2010-07-08,21.9349,21.9349,21.9349,21.9349,0
2010-07-09,22.2415,22.2415,22.2415,22.2415,0
2010-07-12,22.0384,22.0384,22.0384,22.0384,0
2010-07-13,22.7153,22.7153,22.7153,22.7153,0
2010-07-14,22.6436,22.6436,22.6436,22.6436,0
2010-07-15,22.4565,22.4565,22.4565,22.4565,0
2010-07-16,21.6681,21.6681,21.6681,21.6681,0
2010-07-19,21.7597,21.7597,21.7597,21.7597,0
2010-07-20,22.122,22.122,22.122,22.122,0
2010-07-21,21.7478,21.7478,21.7478,21.7478,0
2010-07-22,22.4804,22.4804,22.4804,22.4804,0
2010-07-23,22.9383,22.9383,22.9383,22.9383,0
2010-07-26,23.4559,23.4559,23.4559,23.4559,0
2010-07-27,23.3723,23.3723,23.3723,23.3723,0
2010-07-28,22.99,22.99,22.99,22.99,0
2010-07-29,22.9303,22.9303,22.9303,22.9303,0
2010-07-30,22.9462,22.9462,22.9462,22.9462,0
2010-08-02,23.3125,23.3125,23.3125,23.3125,0
2010-08-03,23.0657,23.0657,23.0657,23.0657,0
2010-08-04,23.3285,23.3285,23.3285,23.3285,0
2010-08-05,23.0259,23.0259,23.0259,23.0259,0
2010-08-06,22.8945,22.8945,22.8945,22.8945,0
2010-08-09,23.1095,23.1095,23.1095,23.1095,0
2010-08-10,22.7073,22.7073,22.7073,22.7073,0
2010-08-11,21.8672,21.8672,21.8672,21.8672,0
2010-08-12,21.7796,21.7796,21.7796,21.7796,0
2010-08-13,21.5089,21.5089,21.5089,21.5089,0
2010-08-16,21.6482,21.6482,21.6482,21.6482,0
2010-08-17,22.0145,22.0145,22.0145,22.0145,0
2010-08-18,22.1141,22.1141,22.1141,22.1141,0
2010-08-19,21.5367,21.5367,21.5367,21.5367,0
2010-08-20,21.5327,21.5327,21.5327,21.5327,0
2010-08-23,21.254,21.254,21.254,21.254,0
2010-08-24,21.0709,21.0709,21.0709,21.0709,0
2010-08-25,21.3297,21.3297,21.3297,21.3297,0
2010-08-26,21.2102,21.2102,21.2102,21.2102,0
2010-08-27,21.7239,21.7239,21.7239,21.7239,0
2010-08-30,21.2381,21.2381,21.2381,21.2381,0
2010-08-31,21.2023,21.2023,21.2023,21.2023,0
2010-09-01,21.9986,21.9986,21.9986,21.9986,0
2010-09-02,22.2375,22.2375,22.2375,22.2375,0
2010-09-03,22.6197,22.6197,22.6197,22.6197,0
2010-09-07,22.2017,22.2017,22.2017,22.2017,0
2010-09-08,22.3132,22.3132,22.3132,22.3132,0
2010-09-09,22.3092,22.3092,22.3092,22.3092,0
2010-09-10,22.353,22.353,22.353,22.353,0
2010-09-13,22.8746,22.8746,22.8746,22.8746,0
2010-09-14,22.8029,22.8029,22.8029,22.8029,0
2010-09-15,22.9462,22.9462,22.9462,22.9462,0
2010-09-16,22.779,22.779,22.779,22.779,0
2010-09-17,22.8746,22.8746,22.8746,22.8746,0
2010-09-20,23.4678,23.4678,23.4678,23.4678,0
2010-09-21,23.3245,23.3245,23.3245,23.3245,0
2010-09-22,23.0418,23.0418,23.0418,23.0418,0
2010-09-23,22.779,22.779,22.779,22.779,0
2010-09-24,23.4932,23.4932,23.4932,23.4932,0
2010-09-27,23.4493,23.4493,23.4493,23.4493,0
2010-09-28,23.6209,23.6209,23.6209,23.6209,0
2010-09-29,23.7167,23.7167,23.7167,23.7167,0
2010-09-30,23.589,23.589,23.589,23.589,0
2010-10-01,23.7367,23.7367,23.7367,23.7367,0
2010-10-04,23.4173,23.4173,23.4173,23.4173,0
2010-10-05,24.076,24.076,24.076,24.076,0
2010-10-06,23.9802,23.9802,23.9802,23.9802,0
2010-10-07,23.9203,23.9203,23.9203,23.9203,0
2010-10-08,24.1918,24.1918,24.1918,24.1918,0
2010-10-11,24.2157,24.2157,24.2157,24.2157,0
2010-10-12,24.3315,24.3315,24.3315,24.3315,0
2010-10-13,24.6988,24.6988,24.6988,24.6988,0
2010-10-14,24.7187,24.7187,24.7187,24.7187,0
2010-10-15,24.6429,24.6429,24.6429,24.6429,0
2010-10-18,24.7427,24.7427,24.7427,24.7427,0
2010-10-19,24.3914,24.3914,24.3914,24.3914,0
2010-10-20,24.607,24.607,24.607,24.607,0
2010-10-21,24.5032,24.5032,24.5032,24.5032,0
2010-10-22,24.6549,24.6549,24.6549,24.6549,0
2010-10-25,24.7507,24.7507,24.7507,24.7507,0
2010-10-26,24.7347,24.7347,24.7347,24.7347,0
2010-10-27,24.6629,24.6629,24.6629,24.6629,0
2010-10-28,24.5391,24.5391,24.5391,24.5391,0
2010-10-29,24.591,24.591,24.591,24.591,0
2010-11-01,24.4473,24.4473,24.4473,24.4473,0
2010-11-02,24.9503,24.9503,24.9503,24.9503,0
2010-11-03,25.0421,25.0421,25.0421,25.0421,0
2010-11-04,25.6688,25.6688,25.6688,25.6688,0
2010-11-05,25.8126,25.8126,25.8126,25.8126,0
2010-11-08,25.7886,25.7886,25.7886,25.7886,0
2010-11-09,25.5211,25.5211,25.5211,25.5211,0
2010-11-10,25.8205,25.8205,25.8205,25.8205,0
2010-11-11,25.6768,25.6768,25.6768,25.6768,0
2010-11-12,25.2736,25.2736,25.2736,25.2736,0
2010-11-15,25.2936,25.2936,25.2936,25.2936,0
2010-11-16,24.8225,24.8225,24.8225,24.8225,0
2010-11-17,24.8425,24.8425,24.8425,24.8425,0
2010-11-18,25.2617,25.2617,25.2617,25.2617,0
2010-11-19,25.3135,25.3135,25.3135,25.3135,0
2010-11-22,25.4533,25.4533,25.4533,25.4533,0
2010-11-23,25.2896,25.2896,25.2896,25.2896,0
2010-11-24,25.8724,25.8724,25.8724,25.8724,0
2010-11-26,25.7247,25.7247,25.7247,25.7247,0
2010-11-29,25.7167,25.7167,25.7167,25.7167,0
2010-11-30,25.5291,25.5291,25.5291,25.5291,0
2010-12-01,26.0561,26.0561,26.0561,26.0561,0
2010-12-02,26.3195,26.3195,26.3195,26.3195,0
2010-12-03,26.5112,26.5112,26.5112,26.5112,0
2010-12-06,26.6629,26.6629,26.6629,26.6629,0
2010-12-07,26.8345,26.8345,26.8345,26.8345,0
2010-12-08,26.7906,26.7906,26.7906,26.7906,0
2010-12-09,26.8305,26.8305,26.8305,26.8305,0
2010-12-10,27.1579,27.1579,27.1579,27.1579,0
2010-12-13,27.0741,27.0741,27.0741,27.0741,0
2010-12-14,27.0581,27.0581,27.0581,27.0581,0
2010-12-15,26.9862,26.9862,26.9862,26.9862,0
2010-12-16,27.2697,27.2697,27.2697,27.2697,0
2010-12-17,27.4014,27.4014,27.4014,27.4014,0
2010-12-20,27.4413,27.4413,27.4413,27.4413,0
2010-12-21,27.7487,27.7487,27.7487,27.7487,0
2010-12-22,27.7567,27.7567,27.7567,27.7567,0
2010-12-23,27.741,27.741,27.741,27.741,0
2010-12-27,27.8052,27.8052,27.8052,27.8052,0
2010-12-28,27.7491,27.7491,27.7491,27.7491,0
2010-12-29,27.8172,27.8172,27.8172,27.8172,0
2010-12-30,27.7651,27.7651,27.7651,27.7651,0
2010-12-31,27.4643,27.4643,27.4643,27.4643,0
2011-01-03,27.9737,27.9737,27.9737,27.9737,0
2011-01-04,27.5124,27.5124,27.5124,27.5124,0
2011-01-05,27.7691,27.7691,27.7691,27.7691,0
2011-01-06,27.6247,27.6247,27.6247,27.6247,0
2011-01-07,27.4242,27.4242,27.4242,27.4242,0
2011-01-10,27.5124,27.5124,27.5124,27.5124,0
2011-01-11,27.6087,27.6087,27.6087,27.6087,0
2011-01-12,27.8734,27.8734,27.8734,27.8734,0
2011-01-13,27.8894,27.8894,27.8894,27.8894,0
2011-01-14,28.1061,28.1061,28.1061,28.1061,0
2011-01-18,28.1462,28.1462,28.1462,28.1462,0
2011-01-19,27.5244,27.5244,27.5244,27.5244,0
2011-01-20,27.2838,27.2838,27.2838,27.2838,0
2011-01-21,27.1394,27.1394,27.1394,27.1394,0
2011-01-24,27.3399,27.3399,27.3399,27.3399,0
2011-01-25,27.4081,27.4081,27.4081,27.4081,0
2011-01-26,27.8333,27.8333,27.8333,27.8333,0
2011-01-27,28.0018,28.0018,28.0018,28.0018,0
2011-01-28,27.3118,27.3118,27.3118,27.3118,0
2011-01-31,27.4964,27.4964,27.4964,27.4964,0
2011-02-01,28.0379,28.0379,28.0379,28.0379,0
2011-02-02,27.9296,27.9296,27.9296,27.9296,0
2011-02-03,27.9657,27.9657,27.9657,27.9657,0
2011-02-04,28.0499,28.0499,28.0499,28.0499,0
2011-02-07,28.3267,28.3267,28.3267,28.3267,0
2011-02-08,28.439,28.439,28.439,28.439,0
2011-02-09,28.3267,28.3267,28.3267,28.3267,0
2011-02-10,28.4911,28.4911,28.4911,28.4911,0
2011-02-11,28.7679,28.7679,28.7679,28.7679,0
2011-02-14,28.9323,28.9323,28.9323,28.9323,0
2011-02-15,28.6596,28.6596,28.6596,28.6596,0
2011-02-16,28.8962,28.8962,28.8962,28.8962,0
2011-02-17,29.1329,29.1329,29.1329,29.1329,0
2011-02-18,29.173,29.173,29.173,29.173,0
2011-02-22,28.4711,28.4711,28.4711,28.4711,0
2011-02-23,27.8814,27.8814,27.8814,27.8814,0
2011-02-24,28.0459,28.0459,28.0459,28.0459,0
2011-02-25,28.6837,28.6837,28.6837,28.6837,0
2011-02-28,28.7157,28.7157,28.7157,28.7157,0
2011-03-01,28.2023,28.2023,28.2023,28.2023,0
2011-03-02,28.2465,28.2465,28.2465,28.2465,0
2011-03-03,28.9604,28.9604,28.9604,28.9604,0
2011-03-04,28.8722,28.8722,28.8722,28.8722,0
2011-03-07,28.4149,28.4149,28.4149,28.4149,0
2011-03-08,28.9003,28.9003,28.9003,28.9003,0
2011-03-09,28.8682,28.8682,28.8682,28.8682,0
2011-03-10,28.1662,28.1662,28.1662,28.1662,0
2011-03-11,28.1943,28.1943,28.1943,28.1943,0
2011-03-14,28.0539,28.0539,28.0539,28.0539,0
2011-03-15,27.8052,27.8052,27.8052,27.8052,0
2011-03-16,27.4803,27.4803,27.4803,27.4803,0
2011-03-17,27.5525,27.5525,27.5525,27.5525,0
2011-03-18,27.9256,27.9256,27.9256,27.9256,0
2011-03-21,28.5232,28.5232,28.5232,28.5232,0
2011-03-22,28.3908,28.3908,28.3908,28.3908,0
2011-03-23,28.435,28.435,28.435,28.435,0
2011-03-24,28.6275,28.6275,28.6275,28.6275,0
2011-03-25,28.8525,28.8525,28.8525,28.8525,0
2011-03-28,28.7923,28.7923,28.7923,28.7923,0
2011-03-29,29.0293,29.0293,29.0293,29.0293,0
2011-03-30,29.4031,29.4031,29.4031,29.4031,0
2011-03-31,29.5598,29.5598,29.5598,29.5598,0
2011-04-01,29.6482,29.6482,29.6482,29.6482,0
2011-04-04,29.7687,29.7687,29.7687,29.7687,0
2011-04-05,29.8772,29.8772,29.8772,29.8772,0
2011-04-06,29.9616,29.9616,29.9616,29.9616,0
2011-04-07,29.7969,29.7969,29.7969,29.7969,0
2011-04-08,29.4151,29.4151,29.4151,29.4151,0
2011-04-11,29.2303,29.2303,29.2303,29.2303,0
2011-04-12,28.8807,28.8807,28.8807,28.8807,0
2011-04-13,28.8405,28.8405,28.8405,28.8405,0
2011-04-14,29.0173,29.0173,29.0173,29.0173,0
2011-04-15,29.3066,29.3066,29.3066,29.3066,0
2011-04-18,28.8766,28.8766,28.8766,28.8766,0
2011-04-19,28.8566,28.8566,28.8566,28.8566,0
2011-04-20,29.4231,29.4231,29.4231,29.4231,0
2011-04-21,29.6241,29.6241,29.6241,29.6241,0
2011-04-25,29.5678,29.5678,29.5678,29.5678,0
2011-04-26,29.9094,29.9094,29.9094,29.9094,0
2011-04-27,30.1907,30.1907,30.1907,30.1907,0
2011-04-28,30.263,30.263,30.263,30.263,0
2011-04-29,30.3353,30.3353,30.3353,30.3353,0
2011-05-02,30.0782,30.0782,30.0782,30.0782,0
2011-05-03,29.7406,29.7406,29.7406,29.7406,0
2011-05-04,29.4031,29.4031,29.4031,29.4031,0
2011-05-05,29.2785,29.2785,29.2785,29.2785,0
2011-05-06,29.4031,29.4031,29.4031,29.4031,0
2011-05-09,29.6964,29.6964,29.6964,29.6964,0
2011-05-10,30.2068,30.2068,30.2068,30.2068,0
2011-05-11,29.7446,29.7446,29.7446,29.7446,0
2011-05-12,29.9938,29.9938,29.9938,29.9938,0
2011-05-13,29.6361,29.6361,29.6361,29.6361,0
2011-05-16,29.2343,29.2343,29.2343,29.2343,0
2011-05-17,29.17,29.17,29.17,29.17,0
2011-05-18,29.5477,29.5477,29.5477,29.5477,0
2011-05-19,29.596,29.596,29.596,29.596,0
2011-05-20,29.3709,29.3709,29.3709,29.3709,0
2011-05-23,28.8927,28.8927,28.8927,28.8927,0
2011-05-24,28.736,28.736,28.736,28.736,0
2011-05-25,29.0736,29.0736,29.0736,29.0736,0
2011-05-26,29.4151,29.4151,29.4151,29.4151,0
2011-05-27,29.6321,29.6321,29.6321,29.6321,0
2011-05-31,30.0742,30.0742,30.0742,30.0742,0
2011-06-01,29.174,29.174,29.174,29.174,0
2011-06-02,29.0977,29.0977,29.0977,29.0977,0
2011-06-03,28.6597,28.6597,28.6597,28.6597,0
2011-06-06,28.2538,28.2538,28.2538,28.2538,0
2011-06-07,28.3382,28.3382,28.3382,28.3382,0
2011-06-08,28.0529,28.0529,28.0529,28.0529,0
2011-06-09,28.1814,28.1814,28.1814,28.1814,0
2011-06-10,27.7435,27.7435,27.7435,27.7435,0
2011-06-13,27.6751,27.6751,27.6751,27.6751,0
2011-06-14,28.2859,28.2859,28.2859,28.2859,0
2011-06-15,27.864,27.864,27.864,27.864,0
2011-06-16,27.9564,27.9564,27.9564,27.9564,0
2011-06-17,27.9444,27.9444,27.9444,27.9444,0
2011-06-20,28.2257,28.2257,28.2257,28.2257,0
2011-06-21,28.7199,28.7199,28.7199,28.7199,0
2011-06-22,28.527,28.527,28.527,28.527,0
2011-06-23,28.5834,28.5834,28.5834,28.5834,0
2011-06-24,28.4103,28.4103,28.4103,28.4103,0
2011-06-27,28.6116,28.6116,28.6116,28.6116,0
2011-06-28,29.0666,29.0666,29.0666,29.0666,0
2011-06-29,29.1914,29.1914,29.1914,29.1914,0
2011-06-30,29.5216,29.5216,29.5216,29.5216,0
2011-07-01,29.9927,29.9927,29.9927,29.9927,0
2011-07-05,30.0973,30.0973,30.0973,30.0973,0
2011-07-06,30.1698,30.1698,30.1698,30.1698,0
2011-07-07,30.5966,30.5966,30.5966,30.5966,0
2011-07-08,30.4074,30.4074,30.4074,30.4074,0
2011-07-11,29.8034,29.8034,29.8034,29.8034,0
2011-07-12,29.6786,29.6786,29.6786,29.6786,0
2011-07-13,29.9242,29.9242,29.9242,29.9242,0
2011-07-14,29.4289,29.4289,29.4289,29.4289,0
2011-07-15,29.6021,29.6021,29.6021,29.6021,0
2011-07-18,29.2075,29.2075,29.2075,29.2075,0
2011-07-19,29.8558,29.8558,29.8558,29.8558,0
2011-07-20,29.7833,29.7833,29.7833,29.7833,0
2011-07-21,30.0732,30.0732,30.0732,30.0732,0
2011-07-22,30.041,30.041,30.041,30.041,0
2011-07-25,29.739,29.739,29.739,29.739,0
2011-07-26,29.4894,29.4894,29.4894,29.4894,0
2011-07-27,28.6398,28.6398,28.6398,28.6398,0
2011-07-28,28.5592,28.5592,28.5592,28.5592,0
2011-07-29,28.5874,28.5874,28.5874,28.5874,0
2011-08-01,28.4223,28.4223,28.4223,28.4223,0
2011-08-02,27.605,27.605,27.605,27.605,0
2011-08-03,27.754,27.754,27.754,27.754,0
2011-08-04,26.2682,26.2682,26.2682,26.2682,0
2011-08-05,25.8777,25.8777,25.8777,25.8777,0
2011-08-08,23.7316,23.7316,23.7316,23.7316,0
2011-08-09,25.1771,25.1771,25.1771,25.1771,0
2011-08-10,23.9692,23.9692,23.9692,23.9692,0
2011-08-11,25.161,25.161,25.161,25.161,0
2011-08-12,25.3301,25.3301,25.3301,25.3301,0
2011-08-15,25.9783,25.9783,25.9783,25.9783,0
2011-08-16,25.5797,25.5797,25.5797,25.5797,0
2011-08-17,25.5113,25.5113,25.5113,25.5113,0
2011-08-18,24.0779,24.0779,24.0779,24.0779,0
2011-08-19,23.7074,23.7074,23.7074,23.7074,0
2011-08-22,23.6793,23.6793,23.6793,23.6793,0
2011-08-23,24.8308,24.8308,24.8308,24.8308,0
2011-08-24,25.1529,25.1529,25.1529,25.1529,0
2011-08-25,24.5651,24.5651,24.5651,24.5651,0
2011-08-26,25.1006,25.1006,25.1006,25.1006,0
2011-08-29,26.2521,26.2521,26.2521,26.2521,0
2011-08-30,26.3528,26.3528,26.3528,26.3528,0
2011-08-31,26.3608,26.3608,26.3608,26.3608,0
2011-09-01,25.8132,25.8132,25.8132,25.8132,0
2011-09-02,24.9033,24.9033,24.9033,24.9033,0
2011-09-06,24.8429,24.8429,24.8429,24.8429,0
2011-09-07,25.8012,25.8012,25.8012,25.8012,0
2011-09-08,25.3301,25.3301,25.3301,25.3301,0
2011-09-09,24.5771,24.5771,24.5771,24.5771,0
2011-09-12,24.7543,24.7543,24.7543,24.7543,0
2011-09-13,25.1449,25.1449,25.1449,25.1449,0
2011-09-14,25.5837,25.5837,25.5837,25.5837,0
2011-09-15,25.922,25.922,25.922,25.922,0
2011-09-16,25.9018,25.9018,25.9018,25.9018,0
2011-09-19,25.5072,25.5072,25.5072,25.5072,0
2011-09-20,25.0724,25.0724,25.0724,25.0724,0
2011-09-21,24.1584,24.1584,24.1584,24.1584,0
2011-09-22,23.5383,23.5383,23.5383,23.5383,0
2011-09-23,23.8001,23.8001,23.8001,23.8001,0
2011-09-26,24.3114,24.3114,24.3114,24.3114,0
2011-09-27,24.8163,24.8163,24.8163,24.8163,0
2011-09-28,23.9398,23.9398,23.9398,23.9398,0
2011-09-29,24.4043,24.4043,24.4043,24.4043,0
2011-09-30,23.6449,23.6449,23.6449,23.6449,0
2011-10-03,22.4655,22.4655,22.4655,22.4655,0
2011-10-04,23.9479,23.9479,23.9479,23.9479,0
2011-10-05,24.267,24.267,24.267,24.267,0
2011-10-06,24.8001,24.8001,24.8001,24.8001,0
2011-10-07,24.2185,24.2185,24.2185,24.2185,0
2011-10-10,25.2202,25.2202,25.2202,25.2202,0
2011-10-11,25.3495,25.3495,25.3495,25.3495,0
2011-10-12,25.6605,25.6605,25.6605,25.6605,0
2011-10-13,25.6645,25.6645,25.6645,25.6645,0
2011-10-14,26.129,26.129,26.129,26.129,0
2011-10-17,25.3454,25.3454,25.3454,25.3454,0
2011-10-18,25.9836,25.9836,25.9836,25.9836,0
2011-10-19,25.5191,25.5191,25.5191,25.5191,0
2011-10-20,25.5797,25.5797,25.5797,25.5797,0
2011-10-21,26.1532,26.1532,26.1532,26.1532,0
2011-10-24,26.9772,26.9772,26.9772,26.9772,0
2011-10-25,26.2502,26.2502,26.2502,26.2502,0
2011-10-26,26.6743,26.6743,26.6743,26.6743,0
2011-10-27,28.0395,28.0395,28.0395,28.0395,0
2011-10-28,27.9506,27.9506,27.9506,27.9506,0
2011-10-31,27.1711,27.1711,27.1711,27.1711,0
2011-11-01,26.3027,26.3027,26.3027,26.3027,0
2011-11-02,26.9045,26.9045,26.9045,26.9045,0
2011-11-03,27.575,27.575,27.575,27.575,0
2011-11-04,27.4215,27.4215,27.4215,27.4215,0
2011-11-07,27.3932,27.3932,27.3932,27.3932,0
2011-11-08,27.7568,27.7568,27.7568,27.7568,0
2011-11-09,26.5289,26.5289,26.5289,26.5289,0
2011-11-10,26.6864,26.6864,26.6864,26.6864,0
2011-11-11,27.4256,27.4256,27.4256,27.4256,0
2011-11-14,27.0338,27.0338,27.0338,27.0338,0
2011-11-15,27.373,27.373,27.373,27.373,0
2011-11-16,26.9287,26.9287,26.9287,26.9287,0
2011-11-17,26.6056,26.6056,26.6056,26.6056,0
2011-11-18,26.6702,26.6702,26.6702,26.6702,0
2011-11-21,26.0078,26.0078,26.0078,26.0078,0
2011-11-22,25.8301,25.8301,25.8301,25.8301,0
2011-11-23,25.0667,25.0667,25.0667,25.0667,0
2011-11-25,24.7517,24.7517,24.7517,24.7517,0
2011-11-28,25.9109,25.9109,25.9109,25.9109,0
2011-11-29,25.814,25.814,25.814,25.814,0
2011-11-30,27.3407,27.3407,27.3407,27.3407,0
2011-12-01,27.1751,27.1751,27.1751,27.1751,0
2011-12-02,27.2236,27.2236,27.2236,27.2236,0
2011-12-05,27.6356,27.6356,27.6356,27.6356,0
2011-12-06,27.6275,27.6275,27.6275,27.6275,0
2011-12-07,27.6194,27.6194,27.6194,27.6194,0
2011-12-08,26.7874,26.7874,26.7874,26.7874,0
2011-12-09,27.6154,27.6154,27.6154,27.6154,0
2011-12-12,27.2761,27.2761,27.2761,27.2761,0
2011-12-13,26.7833,26.7833,26.7833,26.7833,0
2011-12-14,26.4077,26.4077,26.4077,26.4077,0
2011-12-15,26.7389,26.7389,26.7389,26.7389,0
2011-12-16,26.957,26.957,26.957,26.957,0
2011-12-19,26.5006,26.5006,26.5006,26.5006,0
2011-12-20,27.575,27.575,27.575,27.575,0
2011-12-21,27.7285,27.7285,27.7285,27.7285,0
2011-12-22,27.9206,27.9206,27.9206,27.9206,0
2011-12-23,28.0098,28.0098,28.0098,28.0098,0
2011-12-27,28.1152,28.1152,28.1152,28.1152,0
2011-12-28,27.6328,27.6328,27.6328,27.6328,0
2011-12-29,27.9449,27.9449,27.9449,27.9449,0
2011-12-30,27.6855,27.6855,27.6855,27.6855,0
2012-01-03,28.1314,28.1314,28.1314,28.1314,0
2012-01-04,27.9693,27.9693,27.9693,27.9693,0
2012-01-05,28.1355,28.1355,28.1355,28.1355,0
2012-01-06,28.0422,28.0422,28.0422,28.0422,0
2012-01-09,28.1557,28.1557,28.1557,28.1557,0
2012-01-10,28.5327,28.5327,28.5327,28.5327,0
2012-01-11,28.6503,28.6503,28.6503,28.6503,0
2012-01-12,28.7597,28.7597,28.7597,28.7597,0
2012-01-13,28.5692,28.5692,28.5692,28.5692,0
2012-01-17,28.5813,28.5813,28.5813,28.5813,0
2012-01-18,29.084,29.084,29.084,29.084,0
2012-01-19,29.2502,29.2502,29.2502,29.2502,0
2012-01-20,29.2948,29.2948,29.2948,29.2948,0
2012-01-23,29.2461,29.2461,29.2461,29.2461,0
2012-01-24,29.4245,29.4245,29.4245,29.4245,0
2012-01-25,29.6312,29.6312,29.6312,29.6312,0
2012-01-26,29.5704,29.5704,29.5704,29.5704,0
2012-01-27,29.7042,29.7042,29.7042,29.7042,0
2012-01-30,29.4812,29.4812,29.4812,29.4812,0
2012-01-31,29.5096,29.5096,29.5096,29.5096,0
2012-02-01,30.1379,30.1379,30.1379,30.1379,0
2012-02-02,30.3284,30.3284,30.3284,30.3284,0
2012-02-03,30.981,30.981,30.981,30.981,0
2012-02-06,30.8513,30.8513,30.8513,30.8513,0
2012-02-07,30.7986,30.7986,30.7986,30.7986,0
2012-02-08,30.8594,30.8594,30.8594,30.8594,0
2012-02-09,30.7013,30.7013,30.7013,30.7013,0
2012-02-10,30.2838,30.2838,30.2838,30.2838,0
2012-02-13,30.673,30.673,30.673,30.673,0
2012-02-14,30.5311,30.5311,30.5311,30.5311,0
2012-02-15,30.2757,30.2757,30.2757,30.2757,0
2012-02-16,30.8473,30.8473,30.8473,30.8473,0
2012-02-17,30.8635,30.8635,30.8635,30.8635,0
2012-02-21,30.6811,30.6811,30.6811,30.6811,0
2012-02-22,30.4743,30.4743,30.4743,30.4743,0
2012-02-23,30.8635,30.8635,30.8635,30.8635,0
2012-02-24,30.7378,30.7378,30.7378,30.7378,0
2012-02-27,30.6689,30.6689,30.6689,30.6689,0
2012-02-28,30.604,30.604,30.604,30.604,0
2012-02-29,30.1501,30.1501,30.1501,30.1501,0
2012-03-01,30.3406,30.3406,30.3406,30.3406,0
2012-03-02,29.8663,29.8663,29.8663,29.8663,0
2012-03-05,29.8947,29.8947,29.8947,29.8947,0
2012-03-06,29.3515,29.3515,29.3515,29.3515,0
2012-03-07,29.6109,29.6109,29.6109,29.6109,0
2012-03-08,29.9393,29.9393,29.9393,29.9393,0
2012-03-09,30.3244,30.3244,30.3244,30.3244,0
2012-03-12,30.3203,30.3203,30.3203,30.3203,0
2012-03-13,30.9729,30.9729,30.9729,30.9729,0
2012-03-14,30.7297,30.7297,30.7297,30.7297,0
2012-03-15,30.9729,30.9729,30.9729,30.9729,0
2012-03-16,30.8878,30.8878,30.8878,30.8878,0
2012-03-19,31.1675,31.1675,31.1675,31.1675,0
2012-03-20,30.8878,30.8878,30.8878,30.8878,0
2012-03-21,30.8797,30.8797,30.8797,30.8797,0
2012-03-22,30.5959,30.5959,30.5959,30.5959,0
2012-03-23,30.8837,30.8837,30.8837,30.8837,0
2012-03-26,31.5602,31.5602,31.5602,31.5602,0
2012-03-27,31.3366,31.3366,31.3366,31.3366,0
2012-03-28,31.2065,31.2065,31.2065,31.2065,0
2012-03-29,31.1171,31.1171,31.1171,31.1171,0
2012-03-30,31.0236,31.0236,31.0236,31.0236,0
2012-04-02,31.4017,31.4017,31.4017,31.4017,0
2012-04-03,31.2391,31.2391,31.2391,31.2391,0
2012-04-04,30.7593,30.7593,30.7593,30.7593,0
2012-04-05,30.6211,30.6211,30.6211,30.6211,0
2012-04-09,30.1373,30.1373,30.1373,30.1373,0
2012-04-10,29.4218,29.4218,29.4218,29.4218,0
2012-04-11,29.8527,29.8527,29.8527,29.8527,0
2012-04-12,30.2674,30.2674,30.2674,30.2674,0
2012-04-13,29.9219,29.9219,29.9219,29.9219,0
2012-04-16,29.991,29.991,29.991,29.991,0
2012-04-17,30.4341,30.4341,30.4341,30.4341,0
2012-04-18,30.1739,30.1739,30.1739,30.1739,0
2012-04-19,30.0113,30.0113,30.0113,30.0113,0
2012-04-20,30.1536,30.1536,30.1536,30.1536,0
2012-04-23,29.7186,29.7186,29.7186,29.7186,0
2012-04-24,29.8893,29.8893,29.8893,29.8893,0
2012-04-25,30.3609,30.3609,30.3609,30.3609,0
2012-04-26,30.6374,30.6374,30.6374,30.6374,0
2012-04-27,30.926,30.926,30.926,30.926,0
2012-04-30,30.6008,30.6008,30.6008,30.6008,0
2012-05-01,30.6414,30.6414,30.6414,30.6414,0
2012-05-02,30.8081,30.8081,30.8081,30.8081,0
2012-05-03,30.3934,30.3934,30.3934,30.3934,0
2012-05-04,29.8487,29.8487,29.8487,29.8487,0
2012-05-07,29.9381,29.9381,29.9381,29.9381,0
2012-05-08,29.8934,29.8934,29.8934,29.8934,0
2012-05-09,29.743,29.743,29.743,29.743,0
2012-05-10,29.8771,29.8771,29.8771,29.8771,0
2012-05-11,29.7958,29.7958,29.7958,29.7958,0
2012-05-14,29.4503,29.4503,29.4503,29.4503,0
2012-05-15,29.4665,29.4665,29.4665,29.4665,0
2012-05-16,29.2307,29.2307,29.2307,29.2307,0
2012-05-17,28.6168,28.6168,28.6168,28.6168,0
2012-05-18,28.3688,28.3688,28.3688,28.3688,0
2012-05-21,28.8567,28.8567,28.8567,28.8567,0
2012-05-22,28.7266,28.7266,28.7266,28.7266,0
2012-05-23,28.873,28.873,28.873,28.873,0
2012-05-24,28.8852,28.8852,28.8852,28.8852,0
2012-05-25,28.9055,28.9055,28.9055,28.9055,0
2012-05-29,29.2958,29.2958,29.2958,29.2958,0
2012-05-30,28.7673,28.7673,28.7673,28.7673,0
2012-05-31,28.6859,28.6859,28.6859,28.6859,0
2012-06-01,27.8769,27.8769,27.8769,27.8769,0
2012-06-04,27.8281,27.8281,27.8281,27.8281,0
2012-06-05,28.0761,28.0761,28.0761,28.0761,0
2012-06-06,28.7551,28.7551,28.7551,28.7551,0
2012-06-07,28.6128,28.6128,28.6128,28.6128,0
2012-06-08,28.938,28.938,28.938,28.938,0
2012-06-11,28.255,28.255,28.255,28.255,0
2012-06-12,28.6006,28.6006,28.6006,28.6006,0
2012-06-13,28.2306,28.2306,28.2306,28.2306,0
2012-06-14,28.5559,28.5559,28.5559,28.5559,0
2012-06-15,28.8608,28.8608,28.8608,28.8608,0
2012-06-18,28.9136,28.9136,28.9136,28.9136,0
2012-06-19,29.4119,29.4119,29.4119,29.4119,0
2012-06-20,29.3548,29.3548,29.3548,29.3548,0
2012-06-21,28.6283,28.6283,28.6283,28.6283,0
2012-06-22,28.9548,28.9548,28.9548,28.9548,0
2012-06-25,28.51,28.51,28.51,28.51,0
2012-06-26,28.6202,28.6202,28.6202,28.6202,0
2012-06-27,29.0324,29.0324,29.0324,29.0324,0
2012-06-28,29.0242,29.0242,29.0242,29.0242,0
2012-06-29,29.9016,29.9016,29.9016,29.9016,0
2012-07-02,30.1465,30.1465,30.1465,30.1465,0
2012-07-03,30.526,30.526,30.526,30.526,0
2012-07-05,30.5015,30.5015,30.5015,30.5015,0
2012-07-06,30.171,30.171,30.171,30.171,0
2012-07-09,30.122,30.122,30.122,30.122,0
2012-07-10,29.7915,29.7915,29.7915,29.7915,0
2012-07-11,29.6731,29.6731,29.6731,29.6731,0
2012-07-12,29.6527,29.6527,29.6527,29.6527,0
2012-07-13,30.0322,30.0322,30.0322,30.0322,0
2012-07-16,29.9424,29.9424,29.9424,29.9424,0
2012-07-17,30.02,30.02,30.02,30.02,0
2012-07-18,30.1914,30.1914,30.1914,30.1914,0
2012-07-19,30.1628,30.1628,30.1628,30.1628,0
2012-07-20,29.8445,29.8445,29.8445,29.8445,0
2012-07-23,29.3874,29.3874,29.3874,29.3874,0
2012-07-24,29.016,29.016,29.016,29.016,0
2012-07-25,29.0528,29.0528,29.0528,29.0528,0
2012-07-26,29.2895,29.2895,29.2895,29.2895,0
2012-07-27,30.0077,30.0077,30.0077,30.0077,0
2012-07-30,29.8159,29.8159,29.8159,29.8159,0
2012-07-31,29.669,29.669,29.669,29.669,0
2012-08-01,29.1834,29.1834,29.1834,29.1834,0
2012-08-02,29.1548,29.1548,29.1548,29.1548,0
2012-08-03,29.8568,29.8568,29.8568,29.8568,0
2012-08-06,30.0567,30.0567,30.0567,30.0567,0
2012-08-07,30.3097,30.3097,30.3097,30.3097,0
2012-08-08,30.326,30.326,30.326,30.326,0
2012-08-09,30.4322,30.4322,30.4322,30.4322,0
2012-08-10,30.3587,30.3587,30.3587,30.3587,0
2012-08-13,30.2771,30.2771,30.2771,30.2771,0
2012-08-14,30.1955,30.1955,30.1955,30.1955,0
2012-08-15,30.4036,30.4036,30.4036,30.4036,0
2012-08-16,30.7382,30.7382,30.7382,30.7382,0
2012-08-17,30.9668,30.9668,30.9668,30.9668,0
2012-08-20,30.8892,30.8892,30.8892,30.8892,0
2012-08-21,30.877,30.877,30.877,30.877,0
2012-08-22,30.7546,30.7546,30.7546,30.7546,0
2012-08-23,30.5709,30.5709,30.5709,30.5709,0
2012-08-24,30.6444,30.6444,30.6444,30.6444,0
2012-08-27,30.7178,30.7178,30.7178,30.7178,0
2012-08-28,30.877,30.877,30.877,30.877,0
2012-08-29,30.9749,30.9749,30.9749,30.9749,0
2012-08-30,30.7015,30.7015,30.7015,30.7015,0
2012-08-31,30.8239,30.8239,30.8239,30.8239,0
2012-09-04,31.1708,31.1708,31.1708,31.1708,0
2012-09-05,31.1382,31.1382,31.1382,31.1382,0
2012-09-06,31.6932,31.6932,31.6932,31.6932,0
2012-09-07,31.9177,31.9177,31.9177,31.9177,0
2012-09-10,31.8524,31.8524,31.8524,31.8524,0
2012-09-11,31.8891,31.8891,31.8891,31.8891,0
2012-09-12,32.0156,32.0156,32.0156,32.0156,0
2012-09-13,32.3788,32.3788,32.3788,32.3788,0
2012-09-14,32.7053,32.7053,32.7053,32.7053,0
2012-09-17,32.4972,32.4972,32.4972,32.4972,0
2012-09-18,32.4523,32.4523,32.4523,32.4523,0
2012-09-19,32.2564,32.2564,32.2564,32.2564,0
2012-09-20,32.1135,32.1135,32.1135,32.1135,0
2012-09-21,32.2033,32.2033,32.2033,32.2033,0
2012-09-24,32.0442,32.0442,32.0442,32.0442,0
2012-09-25,31.628,31.628,31.628,31.628,0
2012-09-26,31.403,31.403,31.403,31.403,0
2012-09-27,31.7426,31.7426,31.7426,31.7426,0
2012-09-28,31.5339,31.5339,31.5339,31.5339,0
2012-10-01,31.624,31.624,31.624,31.624,0
2012-10-02,31.6771,31.6771,31.6771,31.6771,0
2012-10-03,31.5421,31.5421,31.5421,31.5421,0
2012-10-04,31.7672,31.7672,31.7672,31.7672,0
2012-10-05,31.7099,31.7099,31.7099,31.7099,0
2012-10-08,31.5339,31.5339,31.5339,31.5339,0
2012-10-09,31.1616,31.1616,31.1616,31.1616,0
2012-10-10,31.0921,31.0921,31.0921,31.0921,0
2012-10-11,31.1657,31.1657,31.1657,31.1657,0
2012-10-12,30.8875,30.8875,30.8875,30.8875,0
2012-10-15,31.0798,31.0798,31.0798,31.0798,0
2012-10-16,31.3212,31.3212,31.3212,31.3212,0
2012-10-17,31.6035,31.6035,31.6035,31.6035,0
2012-10-18,31.4439,31.4439,31.4439,31.4439,0
2012-10-19,30.9202,30.9202,30.9202,30.9202,0
2012-10-22,30.8834,30.8834,30.8834,30.8834,0
2012-10-23,30.7606,30.7606,30.7606,30.7606,0
2012-10-24,30.6665,30.6665,30.6665,30.6665,0
2012-10-25,30.7688,30.7688,30.7688,30.7688,0
2012-10-26,30.642,30.642,30.642,30.642,0
2012-10-31,30.8179,30.8179,30.8179,30.8179,0
2012-11-01,31.2475,31.2475,31.2475,31.2475,0
2012-11-02,30.8302,30.8302,30.8302,30.8302,0
2012-11-05,31.0757,31.0757,31.0757,31.0757,0
2012-11-06,31.358,31.358,31.358,31.358,0
2012-11-07,30.642,30.642,30.642,30.642,0
2012-11-08,30.1674,30.1674,30.1674,30.1674,0
2012-11-09,30.2124,30.2124,30.2124,30.2124,0
2012-11-12,30.1264,30.1264,30.1264,30.1264,0
2012-11-13,29.9791,29.9791,29.9791,29.9791,0
2012-11-14,29.4963,29.4963,29.4963,29.4963,0
2012-11-15,29.2999,29.2999,29.2999,29.2999,0
2012-11-16,29.5086,29.5086,29.5086,29.5086,0
2012-11-19,30.1142,30.1142,30.1142,30.1142,0
2012-11-20,30.2042,30.2042,30.2042,30.2042,0
2012-11-21,30.3187,30.3187,30.3187,30.3187,0
2012-11-23,30.642,30.642,30.642,30.642,0
2012-11-26,30.7565,30.7565,30.7565,30.7565,0
2012-11-27,30.7525,30.7525,30.7525,30.7525,0
2012-11-28,30.9447,30.9447,30.9447,30.9447,0
2012-11-29,31.2966,31.2966,31.2966,31.2966,0
2012-11-30,31.2189,31.2189,31.2189,31.2189,0
2012-12-03,31.1902,31.1902,31.1902,31.1902,0
2012-12-04,31.2393,31.2393,31.2393,31.2393,0
2012-12-05,31.1453,31.1453,31.1453,31.1453,0
2012-12-06,31.2025,31.2025,31.2025,31.2025,0
2012-12-07,31.2025,31.2025,31.2025,31.2025,0
2012-12-10,31.3253,31.3253,31.3253,31.3253,0
2012-12-11,31.5994,31.5994,31.5994,31.5994,0
2012-12-12,31.4398,31.4398,31.4398,31.4398,0
2012-12-13,31.2762,31.2762,31.2762,31.2762,0
2012-12-14,31.2148,31.2148,31.2148,31.2148,0
2012-12-17,31.5953,31.5953,31.5953,31.5953,0
2012-12-18,32.1027,32.1027,32.1027,32.1027,0
2012-12-19,32.0924,32.0924,32.0924,32.0924,0
2012-12-20,32.282,32.282,32.282,32.282,0
2012-12-21,32.1831,32.1831,32.1831,32.1831,0
2012-12-24,32.0594,32.0594,32.0594,32.0594,0
2012-12-26,31.779,31.779,31.779,31.779,0
2012-12-27,31.812,31.812,31.812,31.812,0
2012-12-28,31.5976,31.5976,31.5976,31.5976,0
2012-12-31,32.1996,32.1996,32.1996,32.1996,0
2013-01-02,33.1107,33.1107,33.1107,33.1107,0
2013-01-03,33.0942,33.0942,33.0942,33.0942,0
2013-01-04,33.3086,33.3086,33.3086,33.3086,0
2013-01-07,33.1519,33.1519,33.1519,33.1519,0
2013-01-08,33.0819,33.0819,33.0819,33.0819,0
2013-01-09,33.2509,33.2509,33.2509,33.2509,0
2013-01-10,33.2963,33.2963,33.2963,33.2963,0
2013-01-11,33.2674,33.2674,33.2674,33.2674,0
2013-01-14,33.2468,33.2468,33.2468,33.2468,0
2013-01-15,33.387,33.387,33.387,33.387,0
2013-01-16,33.3169,33.3169,33.3169,33.3169,0
2013-01-17,33.6961,33.6961,33.6961,33.6961,0
2013-01-18,33.8199,33.8199,33.8199,33.8199,0
2013-01-22,34.0713,34.0713,34.0713,34.0713,0
2013-01-23,33.9765,33.9765,33.9765,33.9765,0
2013-01-24,34.195,34.195,34.195,34.195,0
2013-01-25,34.3888,34.3888,34.3888,34.3888,0
2013-01-28,34.3682,34.3682,34.3682,34.3682,0
2013-01-29,34.3847,34.3847,34.3847,34.3847,0
2013-01-30,33.9724,33.9724,33.9724,33.9724,0
2013-01-31,34.0713,34.0713,34.0713,34.0713,0
2013-02-01,34.4548,34.4548,34.4548,34.4548,0
2013-02-04,34.0507,34.0507,34.0507,34.0507,0
2013-02-05,34.3558,34.3558,34.3558,34.3558,0
2013-02-06,34.5207,34.5207,34.5207,34.5207,0
2013-02-07,34.4548,34.4548,34.4548,34.4548,0
2013-02-08,34.6733,34.6733,34.6733,34.6733,0
2013-02-11,34.6321,34.6321,34.6321,34.6321,0
2013-02-12,34.7887,34.7887,34.7887,34.7887,0
2013-02-13,34.9,34.9,34.9,34.9,0
2013-02-14,35.0072,35.0072,35.0072,35.0072,0
2013-02-15,34.9578,34.9578,34.9578,34.9578,0
2013-02-19,35.3412,35.3412,35.3412,35.3412,0
2013-02-20,34.6815,34.6815,34.6815,34.6815,0
2013-02-21,34.3641,34.3641,34.3641,34.3641,0
2013-02-22,34.7104,34.7104,34.7104,34.7104,0
2013-02-25,33.9518,33.9518,33.9518,33.9518,0
2013-02-26,34.0961,34.0961,34.0961,34.0961,0
2013-02-27,34.4754,34.4754,34.4754,34.4754,0
2013-02-28,34.5537,34.5537,34.5537,34.5537,0
2013-03-01,34.7021,34.7021,34.7021,34.7021,0
2013-03-04,34.6815,34.6815,34.6815,34.6815,0
2013-03-05,35.0485,35.0485,35.0485,35.0485,0
2013-03-06,35.1639,35.1639,35.1639,35.1639,0
2013-03-07,35.3329,35.3329,35.3329,35.3329,0
2013-03-08,35.638,35.638,35.638,35.638,0
2013-03-11,35.6215,35.6215,35.6215,35.6215,0
2013-03-12,35.4731,35.4731,35.4731,35.4731,0
2013-03-13,35.6669,35.6669,35.6669,35.6669,0
2013-03-14,36.0503,36.0503,36.0503,36.0503,0
2013-03-15,36.0586,36.0586,36.0586,36.0586,0
2013-03-18,35.8442,35.8442,35.8442,35.8442,0
2013-03-19,35.7287,35.7287,35.7287,35.7287,0
2013-03-20,36.0379,36.0379,36.0379,36.0379,0
2013-03-21,35.7246,35.7246,35.7246,35.7246,0
2013-03-22,35.8277,35.8277,35.8277,35.8277,0
2013-03-25,35.8641,35.8641,35.8641,35.8641,0
2013-03-26,35.9757,35.9757,35.9757,35.9757,0
2013-03-27,35.9839,35.9839,35.9839,35.9839,0
2013-03-28,35.9881,35.9881,35.9881,35.9881,0
2013-04-01,35.6078,35.6078,35.6078,35.6078,0
2013-04-02,35.4094,35.4094,35.4094,35.4094,0
2013-04-03,34.8885,34.8885,34.8885,34.8885,0
2013-04-04,35.1696,35.1696,35.1696,35.1696,0
2013-04-05,35.1117,35.1117,35.1117,35.1117,0
2013-04-08,35.397,35.397,35.397,35.397,0
2013-04-09,35.2523,35.2523,35.2523,35.2523,0
2013-04-10,35.8558,35.8558,35.8558,35.8558,0
2013-04-11,35.8723,35.8723,35.8723,35.8723,0
2013-04-12,35.7152,35.7152,35.7152,35.7152,0
2013-04-15,34.4958,34.4958,34.4958,34.4958,0
2013-04-16,35.0538,35.0538,35.0538,35.0538,0
2013-04-17,34.4627,34.4627,34.4627,34.4627,0
2013-04-18,34.2519,34.2519,34.2519,34.2519,0
2013-04-19,34.6446,34.6446,34.6446,34.6446,0
2013-04-22,34.6942,34.6942,34.6942,34.6942,0
2013-04-23,35.244,35.244,35.244,35.244,0
2013-04-24,35.4672,35.4672,35.4672,35.4672,0
2013-04-25,35.6904,35.6904,35.6904,35.6904,0
2013-04-26,35.4962,35.4962,35.4962,35.4962,0
2013-04-29,35.6946,35.6946,35.6946,35.6946,0
2013-04-30,35.9302,35.9302,35.9302,35.9302,0
2013-05-01,35.1241,35.1241,35.1241,35.1241,0
2013-05-02,35.6904,35.6904,35.6904,35.6904,0
2013-05-03,36.3188,36.3188,36.3188,36.3188,0
2013-05-06,36.5048,36.5048,36.5048,36.5048,0
2013-05-07,36.8562,36.8562,36.8562,36.8562,0
2013-05-08,37.005,37.005,37.005,37.005,0
2013-05-09,36.8934,36.8934,36.8934,36.8934,0
2013-05-10,37.2282,37.2282,37.2282,37.2282,0
2013-05-13,37.1538,37.1538,37.1538,37.1538,0
2013-05-14,37.6126,37.6126,37.6126,37.6126,0
2013-05-15,37.7532,37.7532,37.7532,37.7532,0
2013-05-16,37.5961,37.5961,37.5961,37.5961,0
2013-05-17,38.0508,38.0508,38.0508,38.0508,0
2013-05-20,38.1417,38.1417,38.1417,38.1417,0
2013-05-21,38.1996,38.1996,38.1996,38.1996,0
2013-05-22,37.625,37.625,37.625,37.625,0
2013-05-23,37.5589,37.5589,37.5589,37.5589,0
2013-05-24,37.5589,37.5589,37.5589,37.5589,0
2013-05-28,38.0756,38.0756,38.0756,38.0756,0
2013-05-29,37.6416,37.6416,37.6416,37.6416,0
2013-05-30,37.8565,37.8565,37.8565,37.8565,0
2013-05-31,37.4845,37.4845,37.4845,37.4845,0
2013-06-03,37.8276,37.8276,37.8276,37.8276,0
2013-06-04,37.5134,37.5134,37.5134,37.5134,0
2013-06-05,37.0339,37.0339,37.0339,37.0339,0
2013-06-06,37.3563,37.3563,37.3563,37.3563,0
2013-06-07,37.6622,37.6622,37.6622,37.6622,0
2013-06-10,37.8772,37.8772,37.8772,37.8772,0
2013-06-11,37.4803,37.4803,37.4803,37.4803,0
2013-06-12,37.1786,37.1786,37.1786,37.1786,0
2013-06-13,37.7904,37.7904,37.7904,37.7904,0
2013-06-14,37.4927,37.4927,37.4927,37.4927,0
2013-06-17,37.7408,37.7408,37.7408,37.7408,0
2013-06-18,38.1872,38.1872,38.1872,38.1872,0
2013-06-19,37.7366,37.7366,37.7366,37.7366,0
2013-06-20,36.8272,36.8272,36.8272,36.8272,0
2013-06-21,36.9719,36.9719,36.9719,36.9719,0
2013-06-24,36.5089,36.5089,36.5089,36.5089,0
2013-06-25,36.8396,36.8396,36.8396,36.8396,0
2013-06-26,36.9715,36.9715,36.9715,36.9715,0
2013-06-27,37.6058,37.6058,37.6058,37.6058,0
2013-06-28,37.4441,37.4441,37.4441,37.4441,0
2013-07-01,38.0246,38.0246,38.0246,38.0246,0
2013-07-02,38.0577,38.0577,38.0577,38.0577,0
2013-07-03,38.0826,38.0826,38.0826,38.0826,0
2013-07-05,38.6797,38.6797,38.6797,38.6797,0
2013-07-08,38.7958,38.7958,38.7958,38.7958,0
2013-07-09,39.2353,39.2353,39.2353,39.2353,0
2013-07-10,39.3016,39.3016,39.3016,39.3016,0
2013-07-11,39.6665,39.6665,39.6665,39.6665,0
2013-07-12,39.7453,39.7453,39.7453,39.7453,0
2013-07-15,39.9318,39.9318,39.9318,39.9318,0
2013-07-16,39.766,39.766,39.766,39.766,0
2013-07-17,39.8655,39.8655,39.8655,39.8655,0
2013-07-18,40.2096,40.2096,40.2096,40.2096,0
2013-07-19,40.2179,40.2179,40.2179,40.2179,0
2013-07-22,40.3133,40.3133,40.3133,40.3133,0
2013-07-23,40.2428,40.2428,40.2428,40.2428,0
2013-07-24,39.9443,39.9443,39.9443,39.9443,0
2013-07-25,40.3216,40.3216,40.3216,40.3216,0
2013-07-26,40.1226,40.1226,40.1226,40.1226,0
2013-07-29,39.8365,39.8365,39.8365,39.8365,0
2013-07-30,39.9111,39.9111,39.9111,39.9111,0
2013-07-31,40.0106,40.0106,40.0106,40.0106,0
2013-08-01,40.5496,40.5496,40.5496,40.5496,0
2013-08-02,40.5828,40.5828,40.5828,40.5828,0
2013-08-05,40.7486,40.7486,40.7486,40.7486,0
2013-08-06,40.3879,40.3879,40.3879,40.3879,0
2013-08-07,40.1226,40.1226,40.1226,40.1226,0
2013-08-08,40.3133,40.3133,40.3133,40.3133,0
2013-08-09,40.2884,40.2884,40.2884,40.2884,0
2013-08-12,40.533,40.533,40.533,40.533,0
2013-08-13,40.5206,40.5206,40.5206,40.5206,0
2013-08-14,40.363,40.363,40.363,40.363,0
2013-08-15,39.7079,39.7079,39.7079,39.7079,0
2013-08-16,39.5297,39.5297,39.5297,39.5297,0
2013-08-19,39.1731,39.1731,39.1731,39.1731,0
2013-08-20,39.7577,39.7577,39.7577,39.7577,0
2013-08-21,39.4965,39.4965,39.4965,39.4965,0
2013-08-22,40.0355,40.0355,40.0355,40.0355,0
2013-08-23,40.135,40.135,40.135,40.135,0
2013-08-26,40.0604,40.0604,40.0604,40.0604,0
2013-08-27,39.2104,39.2104,39.2104,39.2104,0
2013-08-28,39.2519,39.2519,39.2519,39.2519,0
2013-08-29,39.6167,39.6167,39.6167,39.6167,0
2013-08-30,39.0777,39.0777,39.0777,39.0777,0
2013-09-03,39.2353,39.2353,39.2353,39.2353,0
2013-09-04,39.4965,39.4965,39.4965,39.4965,0
2013-09-05,39.5794,39.5794,39.5794,39.5794,0
2013-09-06,39.6333,39.6333,39.6333,39.6333,0
2013-09-09,40.2179,40.2179,40.2179,40.2179,0
2013-09-10,40.6035,40.6035,40.6035,40.6035,0
2013-09-11,40.6657,40.6657,40.6657,40.6657,0
2013-09-12,40.3879,40.3879,40.3879,40.3879,0
2013-09-13,40.6284,40.6284,40.6284,40.6284,0
2013-09-16,40.6864,40.6864,40.6864,40.6864,0
2013-09-17,41.0223,41.0223,41.0223,41.0223,0
2013-09-18,41.4162,41.4162,41.4162,41.4162,0
2013-09-19,41.3374,41.3374,41.3374,41.3374,0
2013-09-20,41.2669,41.2669,41.2669,41.2669,0
2013-09-23,41.2918,41.2918,41.2918,41.2918,0
2013-09-24,41.3903,41.3903,41.3903,41.3903,0
2013-09-25,41.3321,41.3321,41.3321,41.3321,0
2013-09-26,41.5773,41.5773,41.5773,41.5773,0
2013-09-27,41.3737,41.3737,41.3737,41.3737,0
2013-09-30,41.4817,41.4817,41.4817,41.4817,0
2013-10-01,41.9597,41.9597,41.9597,41.9597,0
2013-10-02,41.727,41.727,41.727,41.727,0
2013-10-03,41.2573,41.2573,41.2573,41.2573,0
2013-10-04,41.5316,41.5316,41.5316,41.5316,0
2013-10-07,41.037,41.037,41.037,41.037,0
2013-10-08,40.5133,40.5133,40.5133,40.5133,0
2013-10-09,40.4634,40.4634,40.4634,40.4634,0
2013-10-10,41.4028,41.4028,41.4028,41.4028,0
2013-10-11,42.0221,42.0221,42.0221,42.0221,0
2013-10-14,42.2424,42.2424,42.2424,42.2424,0
2013-10-15,41.8766,41.8766,41.8766,41.8766,0
2013-10-16,42.3089,42.3089,42.3089,42.3089,0
2013-10-17,42.6913,42.6913,42.6913,42.6913,0
2013-10-18,43.2108,43.2108,43.2108,43.2108,0
2013-10-21,43.1609,43.1609,43.1609,43.1609,0
2013-10-22,43.2566,43.2566,43.2566,43.2566,0
2013-10-23,43.1942,43.1942,43.1942,43.1942,0
2013-10-24,43.427,43.427,43.427,43.427,0
2013-10-25,43.481,43.481,43.481,43.481,0
2013-10-28,43.5142,43.5142,43.5142,43.5142,0
2013-10-29,43.6805,43.6805,43.6805,43.6805,0
2013-10-30,43.1901,43.1901,43.1901,43.1901,0
2013-10-31,42.9656,42.9656,42.9656,42.9656,0
2013-11-01,42.7869,42.7869,42.7869,42.7869,0
2013-11-04,43.3314,43.3314,43.3314,43.3314,0
2013-11-05,43.2275,43.2275,43.2275,43.2275,0
2013-11-06,43.1817,43.1817,43.1817,43.1817,0
2013-11-07,42.4918,42.4918,42.4918,42.4918,0
2013-11-08,43.215,43.215,43.215,43.215,0
2013-11-11,43.2482,43.2482,43.2482,43.2482,0
2013-11-12,43.2524,43.2524,43.2524,43.2524,0
2013-11-13,43.6473,43.6473,43.6473,43.6473,0
2013-11-14,43.6306,43.6306,43.6306,43.6306,0
2013-11-15,43.7969,43.7969,43.7969,43.7969,0
2013-11-18,43.6265,43.6265,43.6265,43.6265,0
2013-11-19,43.3771,43.3771,43.3771,43.3771,0
2013-11-20,43.3355,43.3355,43.3355,43.3355,0
2013-11-21,44.1419,44.1419,44.1419,44.1419,0
2013-11-22,44.279,44.279,44.279,44.279,0
2013-11-25,44.3123,44.3123,44.3123,44.3123,0
2013-11-26,44.6282,44.6282,44.6282,44.6282,0
2013-11-27,44.9108,44.9108,44.9108,44.9108,0
2013-11-29,44.8901,44.8901,44.8901,44.8901,0
2013-12-02,44.3663,44.3663,44.3663,44.3663,0
2013-12-03,44.171,44.171,44.171,44.171,0
2013-12-04,43.9798,43.9798,43.9798,43.9798,0
2013-12-05,44.0878,44.0878,44.0878,44.0878,0
2013-12-06,44.4204,44.4204,44.4204,44.4204,0
2013-12-09,44.358,44.358,44.358,44.358,0
2013-12-10,43.9133,43.9133,43.9133,43.9133,0
2013-12-11,43.3314,43.3314,43.3314,43.3314,0
2013-12-12,43.4062,43.4062,43.4062,43.4062,0
2013-12-13,43.5641,43.5641,43.5641,43.5641,0
2013-12-16,44.0837,44.0837,44.0837,44.0837,0
2013-12-17,44.0047,44.0047,44.0047,44.0047,0
2013-12-18,44.5742,44.5742,44.5742,44.5742,0
2013-12-19,44.1793,44.1793,44.1793,44.1793,0
2013-12-20,44.9316,44.9316,44.9316,44.9316,0
2013-12-23,45.3444,45.3444,45.3444,45.3444,0
2013-12-24,45.4904,45.4904,45.4904,45.4904,0
2013-12-26,45.5654,45.5654,45.5654,45.5654,0
2013-12-27,45.5071,45.5071,45.5071,45.5071,0
2013-12-30,45.4904,45.4904,45.4904,45.4904,0
2013-12-31,45.5071,45.5071,45.5071,45.5071,0
2014-01-02,44.965,44.965,44.965,44.965,0
2014-01-03,45.161,45.161,45.161,45.161,0
2014-01-06,44.7857,44.7857,44.7857,44.7857,0
2014-01-07,45.1735,45.1735,45.1735,45.1735,0
2014-01-08,45.0567,45.0567,45.0567,45.0567,0
2014-01-09,45.0067,45.0067,45.0067,45.0067,0
2014-01-10,45.1776,45.1776,45.1776,45.1776,0
2014-01-13,44.5605,44.5605,44.5605,44.5605,0
2014-01-14,45.0859,45.0859,45.0859,45.0859,0
2014-01-15,45.457,45.457,45.457,45.457,0
2014-01-16,45.4153,45.4153,45.4153,45.4153,0
2014-01-17,45.1776,45.1776,45.1776,45.1776,0
2014-01-21,45.4153,45.4153,45.4153,45.4153,0
2014-01-22,45.6947,45.6947,45.6947,45.6947,0
2014-01-23,45.3861,45.3861,45.3861,45.3861,0
2014-01-24,44.327,44.327,44.327,44.327,0
2014-01-27,43.7265,43.7265,43.7265,43.7265,0
2014-01-28,44.1143,44.1143,44.1143,44.1143,0
2014-01-29,43.518,43.518,43.518,43.518,0
2014-01-30,44.0726,44.0726,44.0726,44.0726,0
2014-01-31,43.8224,43.8224,43.8224,43.8224,0
2014-02-03,42.4755,42.4755,42.4755,42.4755,0
2014-02-04,42.7632,42.7632,42.7632,42.7632,0
2014-02-05,42.4588,42.4588,42.4588,42.4588,0
2014-02-06,42.9342,42.9342,42.9342,42.9342,0
2014-02-07,43.2303,43.2303,43.2303,43.2303,0
2014-02-10,43.2594,43.2594,43.2594,43.2594,0
2014-02-11,43.6431,43.6431,43.6431,43.6431,0
2014-02-12,43.789,43.789,43.789,43.789,0
2014-02-13,44.3603,44.3603,44.3603,44.3603,0
2014-02-14,44.402,44.402,44.402,44.402,0
2014-02-18,44.8065,44.8065,44.8065,44.8065,0
2014-02-19,44.3728,44.3728,44.3728,44.3728,0
2014-02-20,44.8941,44.8941,44.8941,44.8941,0
2014-02-21,44.8941,44.8941,44.8941,44.8941,0
2014-02-24,45.2652,45.2652,45.2652,45.2652,0
2014-02-25,45.2152,45.2152,45.2152,45.2152,0
2014-02-26,45.578,45.578,45.578,45.578,0
2014-02-27,45.7781,45.7781,45.7781,45.7781,0
2014-02-28,45.7531,45.7531,45.7531,45.7531,0
2014-03-03,45.5279,45.5279,45.5279,45.5279,0
2014-03-04,46.6663,46.6663,46.6663,46.6663,0
2014-03-05,46.6079,46.6079,46.6079,46.6079,0
2014-03-06,46.6872,46.6872,46.6872,46.6872,0
2014-03-07,46.7539,46.7539,46.7539,46.7539,0
2014-03-10,46.6663,46.6663,46.6663,46.6663,0
2014-03-11,46.2035,46.2035,46.2035,46.2035,0
2014-03-12,46.2785,46.2785,46.2785,46.2785,0
2014-03-13,45.7656,45.7656,45.7656,45.7656,0
2014-03-14,45.9449,45.9449,45.9449,45.9449,0
2014-03-17,46.2368,46.2368,46.2368,46.2368,0
2014-03-18,46.8456,46.8456,46.8456,46.8456,0
2014-03-19,46.5162,46.5162,46.5162,46.5162,0
2014-03-20,46.658,46.658,46.658,46.658,0
2014-03-21,46.4995,46.4995,46.4995,46.4995,0
2014-03-24,46.1075,46.1075,46.1075,46.1075,0
2014-03-25,46.1042,46.1042,46.1042,46.1042,0
2014-03-26,45.2971,45.2971,45.2971,45.2971,0
2014-03-27,45.1675,45.1675,45.1675,45.1675,0
2014-03-28,45.2511,45.2511,45.2511,45.2511,0
2014-03-31,46.0582,46.0582,46.0582,46.0582,0
2014-04-01,46.6186,46.6186,46.6186,46.6186,0
2014-04-02,46.8486,46.8486,46.8486,46.8486,0
2014-04-03,46.5098,46.5098,46.5098,46.5098,0
2014-04-04,45.5731,45.5731,45.5731,45.5731,0
2014-04-07,44.9751,44.9751,44.9751,44.9751,0
2014-04-08,45.3264,45.3264,45.3264,45.3264,0
2014-04-09,45.7989,45.7989,45.7989,45.7989,0
2014-04-10,44.6573,44.6573,44.6573,44.6573,0
2014-04-11,44.1304,44.1304,44.1304,44.1304,0
2014-04-14,44.3479,44.3479,44.3479,44.3479,0
2014-04-15,44.4859,44.4859,44.4859,44.4859,0
2014-04-16,44.9166,44.9166,44.9166,44.9166,0
2014-04-17,45.1215,45.1215,45.1215,45.1215,0
2014-04-21,45.3222,45.3222,45.3222,45.3222,0
2014-04-22,45.6986,45.6986,45.6986,45.6986,0
2014-04-23,45.4226,45.4226,45.4226,45.4226,0
2014-04-24,45.2929,45.2929,45.2929,45.2929,0
2014-04-25,44.6238,44.6238,44.6238,44.6238,0
2014-04-28,44.3813,44.3813,44.3813,44.3813,0
2014-04-29,44.4859,44.4859,44.4859,44.4859,0
2014-04-30,44.7995,44.7995,44.7995,44.7995,0
2014-05-01,44.6949,44.6949,44.6949,44.6949,0
2014-05-02,44.7953,44.7953,44.7953,44.7953,0
2014-05-05,44.7158,44.7158,44.7158,44.7158,0
2014-05-06,43.9799,43.9799,43.9799,43.9799,0
2014-05-07,44.1555,44.1555,44.1555,44.1555,0
2014-05-08,43.8126,43.8126,43.8126,43.8126,0
2014-05-09,44.1513,44.1513,44.1513,44.1513,0
2014-05-12,45.0922,45.0922,45.0922,45.0922,0
2014-05-13,44.6029,44.6029,44.6029,44.6029,0
2014-05-14,43.8084,43.8084,43.8084,43.8084,0
2014-05-15,43.5575,43.5575,43.5575,43.5575,0
2014-05-16,43.9004,43.9004,43.9004,43.9004,0
2014-05-19,44.2642,44.2642,44.2642,44.2642,0
2014-05-20,43.6453,43.6453,43.6453,43.6453,0
2014-05-21,43.8377,43.8377,43.8377,43.8377,0
2014-05-22,44.2224,44.2224,44.2224,44.2224,0
2014-05-23,44.6824,44.6824,44.6824,44.6824,0
2014-05-27,45.2469,45.2469,45.2469,45.2469,0
2014-05-28,44.9626,44.9626,44.9626,44.9626,0
2014-05-29,45.0671,45.0671,45.0671,45.0671,0
2014-05-30,44.8706,44.8706,44.8706,44.8706,0
2014-06-02,44.7493,44.7493,44.7493,44.7493,0
2014-06-03,44.6448,44.6448,44.6448,44.6448,0
2014-06-04,44.8455,44.8455,44.8455,44.8455,0
2014-06-05,45.7237,45.7237,45.7237,45.7237,0
2014-06-06,46.1502,46.1502,46.1502,46.1502,0
2014-06-09,46.5098,46.5098,46.5098,46.5098,0
2014-06-10,46.3049,46.3049,46.3049,46.3049,0
2014-06-11,46.0833,46.0833,46.0833,46.0833,0
2014-06-12,45.7948,45.7948,45.7948,45.7948,0
2014-06-13,45.9035,45.9035,45.9035,45.9035,0
2014-06-16,45.9578,45.9578,45.9578,45.9578,0
2014-06-17,46.2966,46.2966,46.2966,46.2966,0
2014-06-18,46.5767,46.5767,46.5767,46.5767,0
2014-06-19,46.6102,46.6102,46.6102,46.6102,0
2014-06-20,46.7356,46.7356,46.7356,46.7356,0
2014-06-23,46.652,46.652,46.652,46.652,0
2014-06-24,46.2741,46.2741,46.2741,46.2741,0
2014-06-25,46.618,46.618,46.618,46.618,0
2014-06-26,46.4754,46.4754,46.4754,46.4754,0
2014-06-27,46.8403,46.8403,46.8403,46.8403,0
2014-06-30,47.0081,47.0081,47.0081,47.0081,0
2014-07-01,47.5658,47.5658,47.5658,47.5658,0
2014-07-02,47.31,47.31,47.31,47.31,0
2014-07-03,47.6497,47.6497,47.6497,47.6497,0
2014-07-07,46.9703,46.9703,46.9703,46.9703,0
2014-07-08,46.5384,46.5384,46.5384,46.5384,0
2014-07-09,46.5593,46.5593,46.5593,46.5593,0
2014-07-10,46.0603,46.0603,46.0603,46.0603,0
2014-07-11,45.9051,45.9051,45.9051,45.9051,0
2014-07-14,46.1399,46.1399,46.1399,46.1399,0
2014-07-15,45.7625,45.7625,45.7625,45.7625,0
2014-07-16,45.6703,45.6703,45.6703,45.6703,0
2014-07-17,45.0454,45.0454,45.0454,45.0454,0
2014-07-18,45.6912,45.6912,45.6912,45.6912,0
2014-07-21,45.4983,45.4983,45.4983,45.4983,0
2014-07-22,45.8883,45.8883,45.8883,45.8883,0
2014-07-23,45.8464,45.8464,45.8464,45.8464,0
2014-07-24,45.8422,45.8422,45.8422,45.8422,0
2014-07-25,45.4396,45.4396,45.4396,45.4396,0
2014-07-28,45.2593,45.2593,45.2593,45.2593,0
2014-07-29,45.3599,45.3599,45.3599,45.3599,0
2014-07-30,45.4186,45.4186,45.4186,45.4186,0
2014-07-31,44.3954,44.3954,44.3954,44.3954,0
2014-08-01,44.2989,44.2989,44.2989,44.2989,0
2014-08-04,44.6721,44.6721,44.6721,44.6721,0
2014-08-05,44.6092,44.6092,44.6092,44.6092,0
2014-08-06,44.7434,44.7434,44.7434,44.7434,0
2014-08-07,44.5086,44.5086,44.5086,44.5086,0
2014-08-08,44.9196,44.9196,44.9196,44.9196,0
2014-08-11,45.3012,45.3012,45.3012,45.3012,0
2014-08-12,45.0119,45.0119,45.0119,45.0119,0
2014-08-13,45.2551,45.2551,45.2551,45.2551,0
2014-08-14,45.3306,45.3306,45.3306,45.3306,0
2014-08-15,45.3054,45.3054,45.3054,45.3054,0
2014-08-18,45.9345,45.9345,45.9345,45.9345,0
2014-08-19,46.1064,46.1064,46.1064,46.1064,0
2014-08-20,45.8632,45.8632,45.8632,45.8632,0
2014-08-21,46.0225,46.0225,46.0225,46.0225,0
2014-08-22,46.0183,46.0183,46.0183,46.0183,0
2014-08-25,46.0729,46.0729,46.0729,46.0729,0
2014-08-26,46.4,46.4,46.4,46.4,0
2014-08-27,46.2867,46.2867,46.2867,46.2867,0
2014-08-28,46.0393,46.0393,46.0393,46.0393,0
2014-08-29,46.2826,46.2826,46.2826,46.2826,0
2014-09-02,46.5468,46.5468,46.5468,46.5468,0
2014-09-03,46.3622,46.3622,46.3622,46.3622,0
2014-09-04,46.2406,46.2406,46.2406,46.2406,0
2014-09-05,46.358,46.358,46.358,46.358,0
2014-09-08,46.4,46.4,46.4,46.4,0
2014-09-09,45.8548,45.8548,45.8548,45.8548,0
2014-09-10,45.9932,45.9932,45.9932,45.9932,0
2014-09-11,46.3119,46.3119,46.3119,46.3119,0
2014-09-12,45.8716,45.8716,45.8716,45.8716,0
2014-09-15,45.4102,45.4102,45.4102,45.4102,0
2014-09-16,45.5528,45.5528,45.5528,45.5528,0
2014-09-17,45.6745,45.6745,45.6745,45.6745,0
2014-09-18,45.9512,45.9512,45.9512,45.9512,0
2014-09-19,45.3809,45.3809,45.3809,45.3809,0
2014-09-22,44.8986,44.8986,44.8986,44.8986,0
2014-09-23,44.4499,44.4499,44.4499,44.4499,0
2014-09-24,44.804,44.804,44.804,44.804,0
2014-09-25,44.1437,44.1437,44.1437,44.1437,0
2014-09-26,44.4002,44.4002,44.4002,44.4002,0
2014-09-29,44.4002,44.4002,44.4002,44.4002,0
2014-09-30,43.8703,43.8703,43.8703,43.8703,0
2014-10-01,43.2772,43.2772,43.2772,43.2772,0
2014-10-02,43.6263,43.6263,43.6263,43.6263,0
2014-10-03,43.946,43.946,43.946,43.946,0
2014-10-06,43.5674,43.5674,43.5674,43.5674,0
2014-10-07,42.8481,42.8481,42.8481,42.8481,0
2014-10-08,43.6389,43.6389,43.6389,43.6389,0
2014-10-09,42.6547,42.6547,42.6547,42.6547,0
2014-10-10,42.2088,42.2088,42.2088,42.2088,0
2014-10-13,42.1079,42.1079,42.1079,42.1079,0
2014-10-14,42.6168,42.6168,42.6168,42.6168,0
2014-10-15,42.9071,42.9071,42.9071,42.9071,0
2014-10-16,43.3066,43.3066,43.3066,43.3066,0
2014-10-17,43.1552,43.1552,43.1552,43.1552,0
2014-10-20,43.6515,43.6515,43.6515,43.6515,0
2014-10-21,44.3708,44.3708,44.3708,44.3708,0
2014-10-22,43.845,43.845,43.845,43.845,0
2014-10-23,44.5054,44.5054,44.5054,44.5054,0
2014-10-24,44.6021,44.6021,44.6021,44.6021,0
2014-10-27,44.5685,44.5685,44.5685,44.5685,0
2014-10-28,45.9018,45.9018,45.9018,45.9018,0
2014-10-29,45.843,45.843,45.843,45.843,0
2014-10-30,46.2131,46.2131,46.2131,46.2131,0
2014-10-31,46.9029,46.9029,46.9029,46.9029,0
2014-11-03,46.8566,46.8566,46.8566,46.8566,0
2014-11-04,46.6842,46.6842,46.6842,46.6842,0
2014-11-05,46.8019,46.8019,46.8019,46.8019,0
2014-11-06,46.9281,46.9281,46.9281,46.9281,0
2014-11-07,46.9365,46.9365,46.9365,46.9365,0
2014-11-10,47.0964,47.0964,47.0964,47.0964,0
2014-11-11,47.1006,47.1006,47.1006,47.1006,0
2014-11-12,47.4203,47.4203,47.4203,47.4203,0
2014-11-13,47.0585,47.0585,47.0585,47.0585,0
2014-11-14,46.9786,46.9786,46.9786,46.9786,0
2014-11-17,46.5328,46.5328,46.5328,46.5328,0
2014-11-18,46.7557,46.7557,46.7557,46.7557,0
2014-11-19,46.2888,46.2888,46.2888,46.2888,0
2014-11-20,46.8272,46.8272,46.8272,46.8272,0
2014-11-21,46.8146,46.8146,46.8146,46.8146,0
2014-11-24,47.3572,47.3572,47.3572,47.3572,0
2014-11-25,47.3572,47.3572,47.3572,47.3572,0
2014-11-26,47.496,47.496,47.496,47.496,0
2014-11-28,46.8146,46.8146,46.8146,46.8146,0
2014-12-01,46.1836,46.1836,46.1836,46.1836,0
2014-12-02,46.6716,46.6716,46.6716,46.6716,0
2014-12-03,47.1511,47.1511,47.1511,47.1511,0
2014-12-04,46.9324,46.9324,46.9324,46.9324,0
2014-12-05,47.2268,47.2268,47.2268,47.2268,0
2014-12-08,46.6673,46.6673,46.6673,46.6673,0
2014-12-09,47.4707,47.4707,47.4707,47.4707,0
2014-12-10,46.4066,46.4066,46.4066,46.4066,0
2014-12-11,46.5454,46.5454,46.5454,46.5454,0
2014-12-12,45.9481,45.9481,45.9481,45.9481,0
2014-12-15,45.5737,45.5737,45.5737,45.5737,0
2014-12-16,45.4938,45.4938,45.4938,45.4938,0
2014-12-17,46.7304,46.7304,46.7304,46.7304,0
2014-12-18,47.4203,47.4203,47.4203,47.4203,0
2014-12-19,47.3992,47.3992,47.3992,47.3992,0
2014-12-22,47.7988,47.7988,47.7988,47.7988,0
2014-12-23,48.0344,48.0344,48.0344,48.0344,0
2014-12-24,48.1429,48.1429,48.1429,48.1429,0
2014-12-26,48.447,48.447,48.447,48.447,0
2014-12-29,48.6919,48.6919,48.6919,48.6919,0
2014-12-30,48.4681,48.4681,48.4681,48.4681,0
2014-12-31,48.1682,48.1682,48.1682,48.1682,0
2015-01-02,47.8135,47.8135,47.8135,47.8135,0
2015-01-05,47.0829,47.0829,47.0829,47.0829,0
2015-01-06,46.2974,46.2974,46.2974,46.2974,0
2015-01-07,46.7788,46.7788,46.7788,46.7788,0
2015-01-08,47.5981,47.5981,47.5981,47.5981,0
2015-01-09,47.1336,47.1336,47.1336,47.1336,0
2015-01-12,46.9731,46.9731,46.9731,46.9731,0
2015-01-13,47.1674,47.1674,47.1674,47.1674,0
2015-01-14,46.9393,46.9393,46.9393,46.9393,0
2015-01-15,46.2003,46.2003,46.2003,46.2003,0
2015-01-16,46.9478,46.9478,46.9478,46.9478,0
2015-01-20,46.6479,46.6479,46.6479,46.6479,0
2015-01-21,46.5677,46.5677,46.5677,46.5677,0
2015-01-22,47.539,47.539,47.539,47.539,0
2015-01-23,47.4081,47.4081,47.4081,47.4081,0
2015-01-26,47.8304,47.8304,47.8304,47.8304,0
2015-01-27,47.577,47.577,47.577,47.577,0
2015-01-28,46.8717,46.8717,46.8717,46.8717,0
2015-01-29,47.425,47.425,47.425,47.425,0
2015-01-30,46.441,46.441,46.441,46.441,0
2015-02-02,47.0027,47.0027,47.0027,47.0027,0
2015-02-03,47.8346,47.8346,47.8346,47.8346,0
2015-02-04,47.7333,47.7333,47.7333,47.7333,0
2015-02-05,48.3583,48.3583,48.3583,48.3583,0
2015-02-06,48.3203,48.3203,48.3203,48.3203,0
2015-02-09,47.8726,47.8726,47.8726,47.8726,0
2015-02-10,48.1175,48.1175,48.1175,48.1175,0
2015-02-11,48.0753,48.0753,48.0753,48.0753,0
2015-02-12,48.6665,48.6665,48.6665,48.6665,0
2015-02-13,48.9326,48.9326,48.9326,48.9326,0
2015-02-17,48.979,48.979,48.979,48.979,0
2015-02-18,49.0973,49.0973,49.0973,49.0973,0
2015-02-19,49.0508,49.0508,49.0508,49.0508,0
2015-02-20,49.1311,49.1311,49.1311,49.1311,0
2015-02-23,49.2156,49.2156,49.2156,49.2156,0
2015-02-24,49.3338,49.3338,49.3338,49.3338,0
2015-02-25,49.3253,49.3253,49.3253,49.3253,0
2015-02-26,49.4774,49.4774,49.4774,49.4774,0
2015-02-27,49.2324,49.2324,49.2324,49.2324,0
2015-03-02,49.6041,49.6041,49.6041,49.6041,0
2015-03-03,49.3127,49.3127,49.3127,49.3127,0
2015-03-04,49.0086,49.0086,49.0086,49.0086,0
2015-03-05,49.072,49.072,49.072,49.072,0
2015-03-06,48.3963,48.3963,48.3963,48.3963,0
2015-03-09,48.7172,48.7172,48.7172,48.7172,0
2015-03-10,48.1429,48.1429,48.1429,48.1429,0
2015-03-11,48.4512,48.4512,48.4512,48.4512,0
2015-03-12,49.2916,49.2916,49.2916,49.2916,0
2015-03-13,49.1184,49.1184,49.1184,49.1184,0
2015-03-16,49.2873,49.2873,49.2873,49.2873,0
2015-03-17,49.3929,49.3929,49.3929,49.3929,0
2015-03-18,49.8448,49.8448,49.8448,49.8448,0
2015-03-19,49.9377,49.9377,49.9377,49.9377,0
2015-03-20,50.4656,50.4656,50.4656,50.4656,0
2015-03-23,50.5416,50.5416,50.5416,50.5416,0
2015-03-24,50.5669,50.5669,50.5669,50.5669,0
2015-03-25,49.5201,49.5201,49.5201,49.5201,0
2015-03-26,49.3633,49.3633,49.3633,49.3633,0
2015-03-27,49.6134,49.6134,49.6134,49.6134,0
2015-03-30,50.2152,50.2152,50.2152,50.2152,0
2015-03-31,50.0202,50.0202,50.0202,50.0202,0
2015-04-01,49.9524,49.9524,49.9524,49.9524,0
2015-04-02,50.105,50.105,50.105,50.105,0
2015-04-06,50.2618,50.2618,50.2618,50.2618,0
2015-04-07,49.9058,49.9058,49.9058,49.9058,0
2015-04-08,50.2321,50.2321,50.2321,50.2321,0
2015-04-09,50.0202,50.0202,50.0202,50.0202,0
2015-04-10,50.2491,50.2491,50.2491,50.2491,0
2015-04-13,50.2406,50.2406,50.2406,50.2406,0
2015-04-14,50.2406,50.2406,50.2406,50.2406,0
2015-04-15,50.5966,50.5966,50.5966,50.5966,0
2015-04-16,50.4652,50.4652,50.4652,50.4652,0
2015-04-17,49.6685,49.6685,49.6685,49.6685,0
2015-04-20,50.2279,50.2279,50.2279,50.2279,0
2015-04-21,50.0923,50.0923,50.0923,50.0923,0
2015-04-22,50.1855,50.1855,50.1855,50.1855,0
2015-04-23,50.4949,50.4949,50.4949,50.4949,0
2015-04-24,50.3932,50.3932,50.3932,50.3932,0
2015-04-27,50.0245,50.0245,50.0245,50.0245,0
2015-04-28,50.355,50.355,50.355,50.355,0
2015-04-29,49.8041,49.8041,49.8041,49.8041,0
2015-04-30,48.8675,48.8675,48.8675,48.8675,0
2015-05-01,49.1599,49.1599,49.1599,49.1599,0
2015-05-04,49.2871,49.2871,49.2871,49.2871,0
2015-05-05,48.77,48.77,48.77,48.77,0
2015-05-06,48.8675,48.8675,48.8675,48.8675,0
2015-05-07,49.0794,49.0794,49.0794,49.0794,0
2015-05-08,49.3888,49.3888,49.3888,49.3888,0
2015-05-11,49.4227,49.4227,49.4227,49.4227,0
2015-05-12,49.2871,49.2871,49.2871,49.2871,0
2015-05-13,49.2574,49.2574,49.2574,49.2574,0
2015-05-14,49.8168,49.8168,49.8168,49.8168,0
2015-05-15,49.7532,49.7532,49.7532,49.7532,0
2015-05-18,50.2236,50.2236,50.2236,50.2236,0
2015-05-19,50.2025,50.2025,50.2025,50.2025,0
2015-05-20,50.2364,50.2364,50.2364,50.2364,0
2015-05-21,50.2067,50.2067,50.2067,50.2067,0
2015-05-22,49.9694,49.9694,49.9694,49.9694,0
2015-05-26,49.3888,49.3888,49.3888,49.3888,0
2015-05-27,49.9524,49.9524,49.9524,49.9524,0
2015-05-28,49.9778,49.9778,49.9778,49.9778,0
2015-05-29,49.5795,49.5795,49.5795,49.5795,0
2015-06-01,49.7787,49.7787,49.7787,49.7787,0
2015-06-02,49.9143,49.9143,49.9143,49.9143,0
2015-06-03,50.4271,50.4271,50.4271,50.4271,0
2015-06-04,49.9651,49.9651,49.9651,49.9651,0
2015-06-05,50.2787,50.2787,50.2787,50.2787,0
2015-06-08,50.0499,50.0499,50.0499,50.0499,0
2015-06-09,49.9185,49.9185,49.9185,49.9185,0
2015-06-10,50.6263,50.6263,50.6263,50.6263,0
2015-06-11,50.6644,50.6644,50.6644,50.6644,0
2015-06-12,50.5712,50.5712,50.5712,50.5712,0
2015-06-15,50.444,50.444,50.444,50.444,0
2015-06-16,50.817,50.817,50.817,50.817,0
2015-06-17,50.6856,50.6856,50.6856,50.6856,0
2015-06-18,51.2704,51.2704,51.2704,51.2704,0
2015-06-19,51.2789,51.2789,51.2789,51.2789,0
2015-06-22,51.5628,51.5628,51.5628,51.5628,0
2015-06-23,51.6984,51.6984,51.6984,51.6984,0
2015-06-24,51.3491,51.3491,51.3491,51.3491,0
2015-06-25,51.2811,51.2811,51.2811,51.2811,0
2015-06-26,51.2046,51.2046,51.2046,51.2046,0
2015-06-29,50.0229,50.0229,50.0229,50.0229,0
2015-06-30,50.1037,50.1037,50.1037,50.1037,0
2015-07-01,50.346,50.346,50.346,50.346,0
2015-07-02,50.0187,50.0187,50.0187,50.0187,0
2015-07-06,49.9379,49.9379,49.9379,49.9379,0
2015-07-07,50.0102,50.0102,50.0102,50.0102,0
2015-07-08,49.3514,49.3514,49.3514,49.3514,0
2015-07-09,49.4619,49.4619,49.4619,49.4619,0
2015-07-10,50.1335,50.1335,50.1335,50.1335,0
2015-07-13,50.533,50.533,50.533,50.533,0
2015-07-14,50.7583,50.7583,50.7583,50.7583,0
2015-07-15,50.4055,50.4055,50.4055,50.4055,0
2015-07-16,50.7413,50.7413,50.7413,50.7413,0
2015-07-17,50.4395,50.4395,50.4395,50.4395,0
2015-07-20,50.1887,50.1887,50.1887,50.1887,0
2015-07-21,50.0527,50.0527,50.0527,50.0527,0
2015-07-22,50.176,50.176,50.176,50.176,0
2015-07-23,49.5597,49.5597,49.5597,49.5597,0
2015-07-24,48.9136,48.9136,48.9136,48.9136,0
2015-07-27,48.6033,48.6033,48.6033,48.6033,0
2015-07-28,48.9731,48.9731,48.9731,48.9731,0
2015-07-29,49.2366,49.2366,49.2366,49.2366,0
2015-07-30,49.4406,49.4406,49.4406,49.4406,0
2015-07-31,49.6872,49.6872,49.6872,49.6872,0
2015-08-03,49.4194,49.4194,49.4194,49.4194,0
2015-08-04,49.4151,49.4151,49.4151,49.4151,0
2015-08-05,49.6149,49.6149,49.6149,49.6149,0
2015-08-06,49.1941,49.1941,49.1941,49.1941,0
2015-08-07,48.9433,48.9433,48.9433,48.9433,0
2015-08-10,49.4831,49.4831,49.4831,49.4831,0
2015-08-11,49.1431,49.1431,49.1431,49.1431,0
2015-08-12,48.9773,48.9773,48.9773,48.9773,0
2015-08-13,48.9008,48.9008,48.9008,48.9008,0
2015-08-14,49.3386,49.3386,49.3386,49.3386,0
2015-08-17,49.7042,49.7042,49.7042,49.7042,0
2015-08-18,49.4109,49.4109,49.4109,49.4109,0
2015-08-19,48.9306,48.9306,48.9306,48.9306,0
2015-08-20,47.8892,47.8892,47.8892,47.8892,0
2015-08-21,47.2729,47.2729,47.2729,47.2729,0
2015-08-24,45.4368,45.4368,45.4368,45.4368,0
2015-08-25,44.9267,44.9267,44.9267,44.9267,0
2015-08-26,46.0488,46.0488,46.0488,46.0488,0
2015-08-27,46.7926,46.7926,46.7926,46.7926,0
2015-08-28,47.1412,47.1412,47.1412,47.1412,0
2015-08-31,47.1072,47.1072,47.1072,47.1072,0
2015-09-01,45.8278,45.8278,45.8278,45.8278,0
2015-09-02,46.4611,46.4611,46.4611,46.4611,0
2015-09-03,46.5419,46.5419,46.5419,46.5419,0
2015-09-04,46.1466,46.1466,46.1466,46.1466,0
2015-09-08,47.1072,47.1072,47.1072,47.1072,0
2015-09-09,46.6651,46.6651,46.6651,46.6651,0
2015-09-10,46.6949,46.6949,46.6949,46.6949,0
2015-09-11,46.8649,46.8649,46.8649,46.8649,0
2015-09-14,46.6864,46.6864,46.6864,46.6864,0
2015-09-15,47.2007,47.2007,47.2007,47.2007,0
2015-09-16,47.6937,47.6937,47.6937,47.6937,0
2015-09-17,47.732,47.732,47.732,47.732,0
2015-09-18,46.9414,46.9414,46.9414,46.9414,0
2015-09-21,47.1242,47.1242,47.1242,47.1242,0
2015-09-22,46.4781,46.4781,46.4781,46.4781,0
2015-09-23,46.4314,46.4314,46.4314,46.4314,0
2015-09-24,46.3803,46.3803,46.3803,46.3803,0
2015-09-25,46.3326,46.3326,46.3326,46.3326,0
2015-09-28,45.0874,45.0874,45.0874,45.0874,0
2015-09-29,44.887,44.887,44.887,44.887,0
2015-09-30,45.4456,45.4456,45.4456,45.4456,0
2015-10-01,45.2708,45.2708,45.2708,45.2708,0
2015-10-02,45.7825,45.7825,45.7825,45.7825,0
2015-10-05,47.0064,47.0064,47.0064,47.0064,0
2015-10-06,46.7846,46.7846,46.7846,46.7846,0
2015-10-07,47.5607,47.5607,47.5607,47.5607,0
2015-10-08,48.0853,48.0853,48.0853,48.0853,0
2015-10-09,48.1492,48.1492,48.1492,48.1492,0
2015-10-12,48.2089,48.2089,48.2089,48.2089,0
2015-10-13,47.5863,47.5863,47.5863,47.5863,0
2015-10-14,47.0831,47.0831,47.0831,47.0831,0
2015-10-15,47.9829,47.9829,47.9829,47.9829,0
2015-10-16,47.9829,47.9829,47.9829,47.9829,0
2015-10-19,48.0981,48.0981,48.0981,48.0981,0
2015-10-20,48.1876,48.1876,48.1876,48.1876,0
2015-10-21,47.4456,47.4456,47.4456,47.4456,0
2015-10-22,47.8763,47.8763,47.8763,47.8763,0
2015-10-23,48.3539,48.3539,48.3539,48.3539,0
2015-10-26,48.1322,48.1322,48.1322,48.1322,0
2015-10-27,47.5949,47.5949,47.5949,47.5949,0
2015-10-28,48.8742,48.8742,48.8742,48.8742,0
2015-10-29,48.4307,48.4307,48.4307,48.4307,0
2015-10-30,48.2089,48.2089,48.2089,48.2089,0
2015-11-02,49.1258,49.1258,49.1258,49.1258,0
2015-11-03,49.3688,49.3688,49.3688,49.3688,0
2015-11-04,49.258,49.258,49.258,49.258,0
2015-11-05,49.3518,49.3518,49.3518,49.3518,0
2015-11-06,49.6162,49.6162,49.6162,49.6162,0
2015-11-09,48.8955,48.8955,48.8955,48.8955,0
2015-11-10,49.0021,49.0021,49.0021,49.0021,0
2015-11-11,48.5799,48.5799,48.5799,48.5799,0
2015-11-12,47.7015,47.7015,47.7015,47.7015,0
2015-11-13,47.3816,47.3816,47.3816,47.3816,0
2015-11-16,47.9104,47.9104,47.9104,47.9104,0
2015-11-17,47.791,47.791,47.791,47.791,0
2015-11-18,48.4989,48.4989,48.4989,48.4989,0
2015-11-19,48.371,48.371,48.371,48.371,0
2015-11-20,48.7505,48.7505,48.7505,48.7505,0
2015-11-23,48.9168,48.9168,48.9168,48.9168,0
2015-11-24,49.2494,49.2494,49.2494,49.2494,0
2015-11-25,49.5821,49.5821,49.5821,49.5821,0
2015-11-27,49.7185,49.7185,49.7185,49.7185,0
2015-11-30,49.5096,49.5096,49.5096,49.5096,0
2015-12-01,49.8763,49.8763,49.8763,49.8763,0
2015-12-02,49.4243,49.4243,49.4243,49.4243,0
2015-12-03,48.6482,48.6482,48.6482,48.6482,0
2015-12-04,49.1428,49.1428,49.1428,49.1428,0
2015-12-07,48.4051,48.4051,48.4051,48.4051,0
2015-12-08,48.0853,48.0853,48.0853,48.0853,0
2015-12-09,47.5224,47.5224,47.5224,47.5224,0
2015-12-10,47.6418,47.6418,47.6418,47.6418,0
2015-12-11,46.7505,46.7505,46.7505,46.7505,0
2015-12-14,46.4904,46.4904,46.4904,46.4904,0
2015-12-15,47.1343,47.1343,47.1343,47.1343,0
2015-12-16,47.7867,47.7867,47.7867,47.7867,0
2015-12-17,47.2494,47.2494,47.2494,47.2494,0
2015-12-18,46.4733,46.4733,46.4733,46.4733,0
2015-12-21,46.8443,46.8443,46.8443,46.8443,0
2015-12-22,47.3006,47.3006,47.3006,47.3006,0
2015-12-23,47.8379,47.8379,47.8379,47.8379,0
2015-12-24,47.9746,47.9746,47.9746,47.9746,0
2015-12-28,47.7818,47.7818,47.7818,47.7818,0
2015-12-29,48.2744,48.2744,48.2744,48.2744,0
2015-12-30,47.7947,47.7947,47.7947,47.7947,0
2015-12-31,47.165,47.165,47.165,47.165,0
2016-01-04,46.0642,46.0642,46.0642,46.0642,0
2016-01-05,46.2055,46.2055,46.2055,46.2055,0
2016-01-06,45.6786,45.6786,45.6786,45.6786,0
2016-01-07,44.505,44.505,44.505,44.505,0
2016-01-08,43.7639,43.7639,43.7639,43.7639,0
2016-01-11,43.7682,43.7682,43.7682,43.7682,0
2016-01-12,43.8839,43.8839,43.8839,43.8839,0
2016-01-13,42.6888,42.6888,42.6888,42.6888,0
2016-01-14,43.2713,43.2713,43.2713,43.2713,0
2016-01-15,42.7573,42.7573,42.7573,42.7573,0
2016-01-19,42.2861,42.2861,42.2861,42.2861,0
2016-01-20,42.3761,42.3761,42.3761,42.3761,0
2016-01-21,42.2861,42.2861,42.2861,42.2861,0
2016-01-22,43.1857,43.1857,43.1857,43.1857,0
2016-01-25,42.389,42.389,42.389,42.389,0
2016-01-26,43.3999,43.3999,43.3999,43.3999,0
2016-01-27,42.7916,42.7916,42.7916,42.7916,0
2016-01-28,42.8987,42.8987,42.8987,42.8987,0
2016-01-29,44.2608,44.2608,44.2608,44.2608,0
2016-02-01,44.1109,44.1109,44.1109,44.1109,0
2016-02-02,43.2414,43.2414,43.2414,43.2414,0
2016-02-03,43.3442,43.3442,43.3442,43.3442,0
2016-02-04,43.5669,43.5669,43.5669,43.5669,0
2016-02-05,42.5774,42.5774,42.5774,42.5774,0
2016-02-08,42.1748,42.1748,42.1748,42.1748,0
2016-02-09,41.9649,41.9649,41.9649,41.9649,0
2016-02-10,41.8364,41.8364,41.8364,41.8364,0
2016-02-11,41.3566,41.3566,41.3566,41.3566,0
2016-02-12,42.0634,42.0634,42.0634,42.0634,0
2016-02-16,42.9972,42.9972,42.9972,42.9972,0
2016-02-17,43.5198,43.5198,43.5198,43.5198,0
2016-02-18,43.4384,43.4384,43.4384,43.4384,0
2016-02-19,43.614,43.614,43.614,43.614,0
2016-02-22,44.1238,44.1238,44.1238,44.1238,0
2016-02-23,43.8582,43.8582,43.8582,43.8582,0
2016-02-24,44.278,44.278,44.278,44.278,0
2016-02-25,44.6806,44.6806,44.6806,44.6806,0
2016-02-26,44.8862,44.8862,44.8862,44.8862,0
2016-02-29,44.7448,44.7448,44.7448,44.7448,0
2016-03-01,45.5844,45.5844,45.5844,45.5844,0
2016-03-02,45.9828,45.9828,45.9828,45.9828,0
2016-03-03,46.4796,46.4796,46.4796,46.4796,0
2016-03-04,46.7409,46.7409,46.7409,46.7409,0
2016-03-07,47.2807,47.2807,47.2807,47.2807,0
2016-03-08,46.2269,46.2269,46.2269,46.2269,0
2016-03-09,46.4796,46.4796,46.4796,46.4796,0
2016-03-10,46.1455,46.1455,46.1455,46.1455,0
2016-03-11,47.1093,47.1093,47.1093,47.1093,0
2016-03-14,46.878,46.878,46.878,46.878,0
2016-03-15,46.2869,46.2869,46.2869,46.2869,0
2016-03-16,46.5567,46.5567,46.5567,46.5567,0
2016-03-17,47.3663,47.3663,47.3663,47.3663,0
2016-03-18,47.8246,47.8246,47.8246,47.8246,0
2016-03-21,47.679,47.679,47.679,47.679,0
2016-03-22,47.5377,47.5377,47.5377,47.5377,0
2016-03-23,46.7977,46.7977,46.7977,46.7977,0
2016-03-24,46.9396,46.9396,46.9396,46.9396,0
2016-03-28,46.9912,46.9912,46.9912,46.9912,0
2016-03-29,48.3026,48.3026,48.3026,48.3026,0
2016-03-30,48.3499,48.3499,48.3499,48.3499,0
2016-03-31,48.4015,48.4015,48.4015,48.4015,0
2016-04-01,48.5261,48.5261,48.5261,48.5261,0
2016-04-04,47.9973,47.9973,47.9973,47.9973,0
2016-04-05,47.4125,47.4125,47.4125,47.4125,0
2016-04-06,47.8253,47.8253,47.8253,47.8253,0
2016-04-07,47.1675,47.1675,47.1675,47.1675,0
2016-04-08,47.4383,47.4383,47.4383,47.4383,0
2016-04-11,47.318,47.318,47.318,47.318,0
2016-04-12,47.8124,47.8124,47.8124,47.8124,0
2016-04-13,48.8486,48.8486,48.8486,48.8486,0
2016-04-14,48.7368,48.7368,48.7368,48.7368,0
2016-04-15,48.8572,48.8572,48.8572,48.8572,0
2016-04-18,49.1926,49.1926,49.1926,49.1926,0
2016-04-19,49.3732,49.3732,49.3732,49.3732,0
2016-04-20,49.3947,49.3947,49.3947,49.3947,0
2016-04-21,48.9991,48.9991,48.9991,48.9991,0
2016-04-22,49.5194,49.5194,49.5194,49.5194,0
2016-04-25,49.1023,49.1023,49.1023,49.1023,0
2016-04-26,49.743,49.743,49.743,49.743,0
2016-04-27,49.9794,49.9794,49.9794,49.9794,0
2016-04-28,49.2614,49.2614,49.2614,49.2614,0
2016-04-29,48.9819,48.9819,48.9819,48.9819,0
2016-05-02,49.4205,49.4205,49.4205,49.4205,0
2016-05-03,48.6766,48.6766,48.6766,48.6766,0
2016-05-04,48.4359,48.4359,48.4359,48.4359,0
2016-05-05,48.1478,48.1478,48.1478,48.1478,0
2016-05-06,48.5261,48.5261,48.5261,48.5261,0
2016-05-09,48.5175,48.5175,48.5175,48.5175,0
2016-05-10,48.9389,48.9389,48.9389,48.9389,0
2016-05-11,48.3198,48.3198,48.3198,48.3198,0
2016-05-12,48.165,48.165,48.165,48.165,0
2016-05-13,47.7737,47.7737,47.7737,47.7737,0
2016-05-16,48.3112,48.3112,48.3112,48.3112,0
2016-05-17,47.4899,47.4899,47.4899,47.4899,0
2016-05-18,47.7221,47.7221,47.7221,47.7221,0
2016-05-19,47.3566,47.3566,47.3566,47.3566,0
2016-05-20,48.1005,48.1005,48.1005,48.1005,0
2016-05-23,47.9586,47.9586,47.9586,47.9586,0
2016-05-24,48.9991,48.9991,48.9991,48.9991,0
2016-05-25,49.2614,49.2614,49.2614,49.2614,0
2016-05-26,49.2356,49.2356,49.2356,49.2356,0
2016-05-27,49.6742,49.6742,49.6742,49.6742,0
2016-05-31,49.7688,49.7688,49.7688,49.7688,0
2016-06-01,50.1299,50.1299,50.1299,50.1299,0
2016-06-02,50.4008,50.4008,50.4008,50.4008,0
2016-06-03,50.117,50.117,50.117,50.117,0
2016-06-06,50.6889,50.6889,50.6889,50.6889,0
2016-06-07,50.8523,50.8523,50.8523,50.8523,0
2016-06-08,51.3166,51.3166,51.3166,51.3166,0
2016-06-09,51.0501,51.0501,51.0501,51.0501,0
2016-06-10,50.3836,50.3836,50.3836,50.3836,0
2016-06-13,49.8204,49.8204,49.8204,49.8204,0
2016-06-14,49.743,49.743,49.743,49.743,0
2016-06-15,49.7387,49.7387,49.7387,49.7387,0
2016-06-16,49.7043,49.7043,49.7043,49.7043,0
2016-06-17,49.571,49.571,49.571,49.571,0
2016-06-20,50.1772,50.1772,50.1772,50.1772,0
2016-06-21,50.094,50.094,50.094,50.094,0
2016-06-22,49.8697,49.8697,49.8697,49.8697,0
2016-06-23,50.8876,50.8876,50.8876,50.8876,0
2016-06-24,48.9338,48.9338,48.9338,48.9338,0
2016-06-27,47.4243,47.4243,47.4243,47.4243,0
2016-06-28,48.0583,48.0583,48.0583,48.0583,0
2016-06-29,49.0373,49.0373,49.0373,49.0373,0
2016-06-30,50.1199,50.1199,50.1199,50.1199,0
2016-07-01,50.1932,50.1932,50.1932,50.1932,0
2016-07-05,49.5117,49.5117,49.5117,49.5117,0
2016-07-06,49.8438,49.8438,49.8438,49.8438,0
2016-07-07,49.9042,49.9042,49.9042,49.9042,0
2016-07-08,51.1205,51.1205,51.1205,51.1205,0
2016-07-11,51.6984,51.6984,51.6984,51.6984,0
2016-07-12,52.3927,52.3927,52.3927,52.3927,0
2016-07-13,52.2892,52.2892,52.2892,52.2892,0
2016-07-14,52.3065,52.3065,52.3065,52.3065,0
2016-07-15,52.4402,52.4402,52.4402,52.4402,0
2016-07-18,52.4661,52.4661,52.4661,52.4661,0
2016-07-19,52.1426,52.1426,52.1426,52.1426,0
2016-07-20,52.4704,52.4704,52.4704,52.4704,0
2016-07-21,52.1383,52.1383,52.1383,52.1383,0
2016-07-22,52.5221,52.5221,52.5221,52.5221,0
2016-07-25,52.3194,52.3194,52.3194,52.3194,0
2016-07-26,52.617,52.617,52.617,52.617,0
2016-07-27,52.7593,52.7593,52.7593,52.7593,0
2016-07-28,52.548,52.548,52.548,52.548,0
2016-07-29,52.6213,52.6213,52.6213,52.6213,0
2016-08-01,52.6602,52.6602,52.6602,52.6602,0
2016-08-02,51.8795,51.8795,51.8795,51.8795,0
2016-08-03,52.1512,52.1512,52.1512,52.1512,0
2016-08-04,52.1599,52.1599,52.1599,52.1599,0
2016-08-05,52.8801,52.8801,52.8801,52.8801,0
2016-08-08,52.8111,52.8111,52.8111,52.8111,0
2016-08-09,52.8283,52.8283,52.8283,52.8283,0
2016-08-10,52.5308,52.5308,52.5308,52.5308,0
2016-08-11,52.7852,52.7852,52.7852,52.7852,0
2016-08-12,52.7162,52.7162,52.7162,52.7162,0
2016-08-15,53.2251,53.2251,53.2251,53.2251,0
2016-08-16,52.8542,52.8542,52.8542,52.8542,0
2016-08-17,52.6817,52.6817,52.6817,52.6817,0
2016-08-18,53.0569,53.0569,53.0569,53.0569,0
2016-08-19,53.0397,53.0397,53.0397,53.0397,0
2016-08-22,53.1863,53.1863,53.1863,53.1863,0
2016-08-23,53.5486,53.5486,53.5486,53.5486,0
2016-08-24,53.2855,53.2855,53.2855,53.2855,0
2016-08-25,53.4408,53.4408,53.4408,53.4408,0
2016-08-26,53.2683,53.2683,53.2683,53.2683,0
2016-08-29,53.5831,53.5831,53.5831,53.5831,0
2016-08-30,53.6306,53.6306,53.6306,53.6306,0
2016-08-31,53.3588,53.3588,53.3588,53.3588,0
2016-09-01,53.389,53.389,53.389,53.389,0
2016-09-02,54.0273,54.0273,54.0273,54.0273,0
2016-09-06,53.9109,53.9109,53.9109,53.9109,0
2016-09-07,54.2386,54.2386,54.2386,54.2386,0
2016-09-08,54.0316,54.0316,54.0316,54.0316,0
2016-09-09,52.4531,52.4531,52.4531,52.4531,0
2016-09-12,53.0397,53.0397,53.0397,53.0397,0
2016-09-13,52.1297,52.1297,52.1297,52.1297,0
2016-09-14,51.9701,51.9701,51.9701,51.9701,0
2016-09-15,52.5955,52.5955,52.5955,52.5955,0
2016-09-16,52.5006,52.5006,52.5006,52.5006,0
2016-09-19,52.8413,52.8413,52.8413,52.8413,0
2016-09-20,52.6343,52.6343,52.6343,52.6343,0
2016-09-21,53.4451,53.4451,53.4451,53.4451,0
2016-09-22,54.2128,54.2128,54.2128,54.2128,0
2016-09-23,53.8548,53.8548,53.8548,53.8548,0
2016-09-26,53.2419,53.2419,53.2419,53.2419,0
2016-09-27,53.3198,53.3198,53.3198,53.3198,0
2016-09-28,53.7999,53.7999,53.7999,53.7999,0
2016-09-29,53.1338,53.1338,53.1338,53.1338,0
2016-09-30,53.6961,53.6961,53.6961,53.6961,0
2016-10-03,53.5577,53.5577,53.5577,53.5577,0
2016-10-04,53.3414,53.3414,53.3414,53.3414,0
2016-10-05,53.6442,53.6442,53.6442,53.6442,0
2016-10-06,53.5879,53.5879,53.5879,53.5879,0
2016-10-07,53.1511,53.1511,53.1511,53.1511,0
2016-10-10,53.7437,53.7437,53.7437,53.7437,0
2016-10-11,52.8613,52.8613,52.8613,52.8613,0
2016-10-12,52.9478,52.9478,52.9478,52.9478,0
2016-10-13,52.4245,52.4245,52.4245,52.4245,0
2016-10-14,52.2818,52.2818,52.2818,52.2818,0
2016-10-17,52.1953,52.1953,52.1953,52.1953,0
2016-10-18,52.3596,52.3596,52.3596,52.3596,0
2016-10-19,52.5716,52.5716,52.5716,52.5716,0
2016-10-20,52.2429,52.2429,52.2429,52.2429,0
2016-10-21,52.0958,52.0958,52.0958,52.0958,0
2016-10-24,52.537,52.537,52.537,52.537,0
2016-10-25,52.0482,52.0482,52.0482,52.0482,0
2016-10-26,51.6633,51.6633,51.6633,51.6633,0
2016-10-27,51.1313,51.1313,51.1313,51.1313,0
2016-10-28,51.0361,51.0361,51.0361,51.0361,0
2016-10-31,51.3259,51.3259,51.3259,51.3259,0
2016-11-01,50.6253,50.6253,50.6253,50.6253,0
2016-11-02,50.1322,50.1322,50.1322,50.1322,0
2016-11-03,49.9895,49.9895,49.9895,49.9895,0
2016-11-04,50.2273,50.2273,50.2273,50.2273,0
2016-11-07,51.4514,51.4514,51.4514,51.4514,0
2016-11-08,51.5725,51.5725,51.5725,51.5725,0
2016-11-09,53.1727,53.1727,53.1727,53.1727,0
2016-11-10,54.1762,54.1762,54.1762,54.1762,0
2016-11-11,55.5386,55.5386,55.5386,55.5386,0
2016-11-14,56.3863,56.3863,56.3863,56.3863,0
2016-11-15,56.5463,56.5463,56.5463,56.5463,0
2016-11-16,56.5723,56.5723,56.5723,56.5723,0
2016-11-17,56.8404,56.8404,56.8404,56.8404,0
2016-11-18,57.1086,57.1086,57.1086,57.1086,0
2016-11-21,57.3378,57.3378,57.3378,57.3378,0
2016-11-22,58.0774,58.0774,58.0774,58.0774,0
2016-11-23,58.4321,58.4321,58.4321,58.4321,0
2016-11-25,58.6786,58.6786,58.6786,58.6786,0
2016-11-28,57.9779,57.9779,57.9779,57.9779,0
2016-11-29,57.9606,57.9606,57.9606,57.9606,0
2016-11-30,57.753,57.753,57.753,57.753,0
2016-12-01,57.5757,57.5757,57.5757,57.5757,0
2016-12-02,57.5843,57.5843,57.5843,57.5843,0
2016-12-05,58.5791,58.5791,58.5791,58.5791,0
2016-12-06,59.2408,59.2408,59.2408,59.2408,0
2016-12-07,59.8593,59.8593,59.8593,59.8593,0
2016-12-08,60.8541,60.8541,60.8541,60.8541,0
2016-12-09,60.9796,60.9796,60.9796,60.9796,0
2016-12-12,60.3654,60.3654,60.3654,60.3654,0
2016-12-13,60.4346,60.4346,60.4346,60.4346,0
2016-12-14,59.682,59.682,59.682,59.682,0
2016-12-15,60.24,60.24,60.24,60.24,0
2016-12-16,59.881,59.881,59.881,59.881,0
2016-12-19,60.214,60.214,60.214,60.214,0
2016-12-20,60.8282,60.8282,60.8282,60.8282,0
2016-12-21,60.4899,60.4899,60.4899,60.4899,0
2016-12-22,59.8908,59.8908,59.8908,59.8908,0
2016-12-23,60.1556,60.1556,60.1556,60.1556,0
2016-12-27,60.5203,60.5203,60.5203,60.5203,0
2016-12-28,59.8126,59.8126,59.8126,59.8126,0
2016-12-29,59.9429,59.9429,59.9429,59.9429,0
2016-12-30,59.7084,59.7084,59.7084,59.7084,0
2017-01-03,60.0427,60.0427,60.0427,60.0427,0
2017-01-04,61.0457,61.0457,61.0457,61.0457,0
2017-01-05,60.1643,60.1643,60.1643,60.1643,0
2017-01-06,59.83,59.83,59.83,59.83,0
2017-01-09,59.3133,59.3133,59.3133,59.3133,0
2017-01-10,59.8473,59.8473,59.8473,59.8473,0
2017-01-11,60.0427,60.0427,60.0427,60.0427,0
2017-01-12,59.4001,59.4001,59.4001,59.4001,0
2017-01-13,59.8343,59.8343,59.8343,59.8343,0
2017-01-17,59.0615,59.0615,59.0615,59.0615,0
2017-01-18,59.2916,59.2916,59.2916,59.2916,0
2017-01-19,58.7272,58.7272,58.7272,58.7272,0
2017-01-20,59.0137,59.0137,59.0137,59.0137,0
2017-01-23,58.814,58.814,58.814,58.814,0
2017-01-24,59.6737,59.6737,59.6737,59.6737,0
2017-01-25,60.3423,60.3423,60.3423,60.3423,0
2017-01-26,60.021,60.021,60.021,60.021,0
2017-01-27,59.7692,59.7692,59.7692,59.7692,0
2017-01-30,58.9616,58.9616,58.9616,58.9616,0
2017-01-31,59.3611,59.3611,59.3611,59.3611,0
2017-02-01,59.3003,59.3003,59.3003,59.3003,0
2017-02-02,59.0051,59.0051,59.0051,59.0051,0
2017-02-03,59.9516,59.9516,59.9516,59.9516,0
2017-02-06,59.3958,59.3958,59.3958,59.3958,0
2017-02-07,59.1961,59.1961,59.1961,59.1961,0
2017-02-08,59.1005,59.1005,59.1005,59.1005,0
2017-02-09,60.0471,60.0471,60.0471,60.0471,0
2017-02-10,60.5333,60.5333,60.5333,60.5333,0
2017-02-13,60.6723,60.6723,60.6723,60.6723,0
2017-02-14,60.8112,60.8112,60.8112,60.8112,0
2017-02-15,61.1672,61.1672,61.1672,61.1672,0
2017-02-16,61.0457,61.0457,61.0457,61.0457,0
2017-02-17,60.9589,60.9589,60.9589,60.9589,0
2017-02-21,61.4886,61.4886,61.4886,61.4886,0
2017-02-22,61.2715,61.2715,61.2715,61.2715,0
2017-02-23,60.8373,60.8373,60.8373,60.8373,0
2017-02-24,60.8199,60.8199,60.8199,60.8199,0
2017-02-27,61.2975,61.2975,61.2975,61.2975,0
2017-02-28,60.3163,60.3163,60.3163,60.3163,0
2017-03-01,61.4278,61.4278,61.4278,61.4278,0
2017-03-02,60.7591,60.7591,60.7591,60.7591,0
2017-03-03,60.5855,60.5855,60.5855,60.5855,0
2017-03-06,60.1687,60.1687,60.1687,60.1687,0
2017-03-07,59.7432,59.7432,59.7432,59.7432,0
2017-03-08,59.3524,59.3524,59.3524,59.3524,0
2017-03-09,59.0137,59.0137,59.0137,59.0137,0
2017-03-10,59.309,59.309,59.309,59.309,0
2017-03-13,59.4913,59.4913,59.4913,59.4913,0
2017-03-14,59.2135,59.2135,59.2135,59.2135,0
2017-03-15,60.1513,60.1513,60.1513,60.1513,0
2017-03-16,60.2642,60.2642,60.2642,60.2642,0
2017-03-17,60.6028,60.6028,60.6028,60.6028,0
2017-03-20,60.2729,60.2729,60.2729,60.2729,0
2017-03-21,58.6751,58.6751,58.6751,58.6751,0
2017-03-22,58.5796,58.5796,58.5796,58.5796,0
2017-03-23,58.9529,58.9529,58.9529,58.9529,0
2017-03-24,58.9477,58.9477,58.9477,58.9477,0
2017-03-27,59.0087,59.0087,59.0087,59.0087,0
2017-03-28,59.4792,59.4792,59.4792,59.4792,0
2017-03-29,59.636,59.636,59.636,59.636,0
2017-03-30,60.1413,60.1413,60.1413,60.1413,0
2017-03-31,60.2546,60.2546,60.2546,60.2546,0
2017-04-03,59.1481,59.1481,59.1481,59.1481,0
2017-04-04,59.1917,59.1917,59.1917,59.1917,0
2017-04-05,58.5469,58.5469,58.5469,58.5469,0
2017-04-06,59.1133,59.1133,59.1133,59.1133,0
2017-04-07,59.1045,59.1045,59.1045,59.1045,0
2017-04-10,59.2875,59.2875,59.2875,59.2875,0
2017-04-11,59.8451,59.8451,59.8451,59.8451,0
2017-04-12,58.9739,58.9739,58.9739,58.9739,0
2017-04-13,58.2856,58.2856,58.2856,58.2856,0
2017-04-17,58.9477,58.9477,58.9477,58.9477,0
2017-04-18,59.0,59.0,59.0,59.0,0
2017-04-19,59.3311,59.3311,59.3311,59.3311,0
2017-04-20,60.15,60.15,60.15,60.15,0
2017-04-21,59.9932,59.9932,59.9932,59.9932,0
2017-04-24,60.7425,60.7425,60.7425,60.7425,0
2017-04-25,61.2826,61.2826,61.2826,61.2826,0
2017-04-26,61.6834,61.6834,61.6834,61.6834,0
2017-04-27,61.6224,61.6224,61.6224,61.6224,0
2017-04-28,60.8035,60.8035,60.8035,60.8035,0
2017-05-01,61.1258,61.1258,61.1258,61.1258,0
2017-05-02,60.8731,60.8731,60.8731,60.8731,0
2017-05-03,60.4985,60.4985,60.4985,60.4985,0
2017-05-04,60.4462,60.4462,60.4462,60.4462,0
2017-05-05,60.7163,60.7163,60.7163,60.7163,0
2017-05-08,60.4985,60.4985,60.4985,60.4985,0
2017-05-09,60.5769,60.5769,60.5769,60.5769,0
2017-05-10,60.908,60.908,60.908,60.908,0
2017-05-11,60.4549,60.4549,60.4549,60.4549,0
2017-05-12,59.9758,59.9758,59.9758,59.9758,0
2017-05-15,60.3591,60.3591,60.3591,60.3591,0
2017-05-16,60.3591,60.3591,60.3591,60.3591,0
2017-05-17,58.8432,58.8432,58.8432,58.8432,0
2017-05-18,58.9303,58.9303,58.9303,58.9303,0
2017-05-19,59.2004,59.2004,59.2004,59.2004,0
2017-05-22,59.6708,59.6708,59.6708,59.6708,0
2017-05-23,59.8712,59.8712,59.8712,59.8712,0
2017-05-24,59.8451,59.8451,59.8451,59.8451,0
2017-05-25,59.9235,59.9235,59.9235,59.9235,0
2017-05-26,59.9148,59.9148,59.9148,59.9148,0
2017-05-30,59.575,59.575,59.575,59.575,0
2017-05-31,59.5314,59.5314,59.5314,59.5314,0
2017-06-01,60.5682,60.5682,60.5682,60.5682,0
2017-06-02,60.9603,60.9603,60.9603,60.9603,0
2017-06-05,60.5595,60.5595,60.5595,60.5595,0
2017-06-06,60.4724,60.4724,60.4724,60.4724,0
2017-06-07,60.5682,60.5682,60.5682,60.5682,0
2017-06-08,61.3872,61.3872,61.3872,61.3872,0
2017-06-09,61.8925,61.8925,61.8925,61.8925,0
2017-06-12,61.7618,61.7618,61.7618,61.7618,0
2017-06-13,62.058,62.058,62.058,62.058,0
2017-06-14,61.6747,61.6747,61.6747,61.6747,0
2017-06-15,61.3785,61.3785,61.3785,61.3785,0
2017-06-16,61.0474,61.0474,61.0474,61.0474,0
2017-06-19,61.3262,61.3262,61.3262,61.3262,0
2017-06-20,60.5943,60.5943,60.5943,60.5943,0
2017-06-21,60.3156,60.3156,60.3156,60.3156,0
2017-06-22,60.5333,60.5333,60.5333,60.5333,0
2017-06-23,61.0474,61.0474,61.0474,61.0474,0
2017-06-26,61.1606,61.1606,61.1606,61.1606,0
2017-06-27,60.7028,60.7028,60.7028,60.7028,0
2017-06-28,61.6814,61.6814,61.6814,61.6814,0
2017-06-29,61.297,61.297,61.297,61.297,0
2017-06-30,61.262,61.262,61.262,61.262,0
2017-07-03,61.8387,61.8387,61.8387,61.8387,0
2017-07-05,61.4717,61.4717,61.4717,61.4717,0
2017-07-06,60.6241,60.6241,60.6241,60.6241,0
2017-07-07,61.262,61.262,61.262,61.262,0
2017-07-10,60.895,60.895,60.895,60.895,0
2017-07-11,61.0349,61.0349,61.0349,61.0349,0
2017-07-12,61.4979,61.4979,61.4979,61.4979,0
2017-07-13,61.6465,61.6465,61.6465,61.6465,0
2017-07-14,61.8038,61.8038,61.8038,61.8038,0
2017-07-17,61.9611,61.9611,61.9611,61.9611,0
2017-07-18,61.7688,61.7688,61.7688,61.7688,0
2017-07-19,62.4766,62.4766,62.4766,62.4766,0
2017-07-20,62.564,62.564,62.564,62.564,0
2017-07-21,62.2582,62.2582,62.2582,62.2582,0
2017-07-24,62.2669,62.2669,62.2669,62.2669,0
2017-07-25,62.8523,62.8523,62.8523,62.8523,0
2017-07-26,62.4242,62.4242,62.4242,62.4242,0
2017-07-27,62.1358,62.1358,62.1358,62.1358,0
2017-07-28,62.0397,62.0397,62.0397,62.0397,0
2017-07-31,61.8737,61.8737,61.8737,61.8737,0
2017-08-01,62.0572,62.0572,62.0572,62.0572,0
2017-08-02,61.2533,61.2533,61.2533,61.2533,0
2017-08-03,61.0436,61.0436,61.0436,61.0436,0
2017-08-04,61.2882,61.2882,61.2882,61.2882,0
2017-08-07,61.2271,61.2271,61.2271,61.2271,0
2017-08-08,61.061,61.061,61.061,61.061,0
2017-08-09,60.5455,60.5455,60.5455,60.5455,0
2017-08-10,59.6105,59.6105,59.6105,59.6105,0
2017-08-11,59.5931,59.5931,59.5931,59.5931,0
2017-08-14,60.4756,60.4756,60.4756,60.4756,0
2017-08-15,59.8814,59.8814,59.8814,59.8814,0
2017-08-16,59.9601,59.9601,59.9601,59.9601,0
2017-08-17,58.7979,58.7979,58.7979,58.7979,0
2017-08-18,58.693,58.693,58.693,58.693,0
2017-08-21,58.6144,58.6144,58.6144,58.6144,0
2017-08-22,59.1824,59.1824,59.1824,59.1824,0
2017-08-23,59.0251,59.0251,59.0251,59.0251,0
2017-08-24,59.1037,59.1037,59.1037,59.1037,0
2017-08-25,59.3921,59.3921,59.3921,59.3921,0
2017-08-28,59.4533,59.4533,59.4533,59.4533,0
2017-08-29,59.4358,59.4358,59.4358,59.4358,0
2017-08-30,59.7678,59.7678,59.7678,59.7678,0
2017-08-31,60.3533,60.3533,60.3533,60.3533,0
2017-09-01,60.7814,60.7814,60.7814,60.7814,0
2017-09-05,60.1523,60.1523,60.1523,60.1523,0
2017-09-06,60.3358,60.3358,60.3358,60.3358,0
2017-09-07,60.161,60.161,60.161,60.161,0
2017-09-08,60.2484,60.2484,60.2484,60.2484,0
2017-09-11,60.895,60.895,60.895,60.895,0
2017-09-12,61.3406,61.3406,61.3406,61.3406,0
2017-09-13,61.5416,61.5416,61.5416,61.5416,0
2017-09-14,61.5154,61.5154,61.5154,61.5154,0
2017-09-15,61.8475,61.8475,61.8475,61.8475,0
2017-09-18,62.3368,62.3368,62.3368,62.3368,0
2017-09-19,62.2057,62.2057,62.2057,62.2057,0
2017-09-20,62.4329,62.4329,62.4329,62.4329,0
2017-09-21,62.4679,62.4679,62.4679,62.4679,0
2017-09-22,62.8698,62.8698,62.8698,62.8698,0
2017-09-25,63.062,63.062,63.062,63.062,0
2017-09-26,63.3829,63.3829,63.3829,63.3829,0
2017-09-27,64.6801,64.6801,64.6801,64.6801,0
2017-09-28,64.8555,64.8555,64.8555,64.8555,0
2017-09-29,65.0571,65.0571,65.0571,65.0571,0
2017-10-02,65.9424,65.9424,65.9424,65.9424,0
2017-10-03,66.0914,66.0914,66.0914,66.0914,0
2017-10-04,65.8021,65.8021,65.8021,65.8021,0
2017-10-05,65.9424,65.9424,65.9424,65.9424,0
2017-10-06,65.8284,65.8284,65.8284,65.8284,0
2017-10-09,65.5216,65.5216,65.5216,65.5216,0
2017-10-10,65.6794,65.6794,65.6794,65.6794,0
2017-10-11,65.4865,65.4865,65.4865,65.4865,0
2017-10-12,65.4077,65.4077,65.4077,65.4077,0
2017-10-13,65.3813,65.3813,65.3813,65.3813,0
2017-10-16,65.2762,65.2762,65.2762,65.2762,0
2017-10-17,65.1184,65.1184,65.1184,65.1184,0
2017-10-18,65.5479,65.5479,65.5479,65.5479,0
2017-10-19,65.4077,65.4077,65.4077,65.4077,0
2017-10-20,65.7232,65.7232,65.7232,65.7232,0
2017-10-23,65.3989,65.3989,65.3989,65.3989,0
2017-10-24,65.583,65.583,65.583,65.583,0
2017-10-25,65.2411,65.2411,65.2411,65.2411,0
2017-10-26,65.5479,65.5479,65.5479,65.5479,0
2017-10-27,65.8985,65.8985,65.8985,65.8985,0
2017-10-30,64.9694,64.9694,64.9694,64.9694,0
2017-10-31,65.618,65.618,65.618,65.618,0
2017-11-01,65.1535,65.1535,65.1535,65.1535,0
2017-11-02,65.2324,65.2324,65.2324,65.2324,0
2017-11-03,64.8116,64.8116,64.8116,64.8116,0
2017-11-06,64.9519,64.9519,64.9519,64.9519,0
2017-11-07,64.2506,64.2506,64.2506,64.2506,0
2017-11-08,64.5399,64.5399,64.5399,64.5399,0
2017-11-09,64.2419,64.2419,64.2419,64.2419,0
2017-11-10,64.2944,64.2944,64.2944,64.2944,0
2017-11-13,64.4084,64.4084,64.4084,64.4084,0
2017-11-14,64.3909,64.3909,64.3909,64.3909,0
2017-11-15,64.0403,64.0403,64.0403,64.0403,0
2017-11-16,65.136,65.136,65.136,65.136,0
2017-11-17,65.4164,65.4164,65.4164,65.4164,0
2017-11-20,65.9161,65.9161,65.9161,65.9161,0
2017-11-21,66.8101,66.8101,66.8101,66.8101,0
2017-11-22,66.6699,66.6699,66.6699,66.6699,0
2017-11-24,66.7137,66.7137,66.7137,66.7137,0
2017-11-27,66.3894,66.3894,66.3894,66.3894,0
2017-11-28,67.5201,67.5201,67.5201,67.5201,0
2017-11-29,67.9321,67.9321,67.9321,67.9321,0
2017-11-30,67.9146,67.9146,67.9146,67.9146,0
2017-12-01,67.5114,67.5114,67.5114,67.5114,0
2017-12-04,67.5464,67.5464,67.5464,67.5464,0
2017-12-05,66.8364,66.8364,66.8364,66.8364,0
2017-12-06,66.5472,66.5472,66.5472,66.5472,0
2017-12-07,66.8803,66.8803,66.8803,66.8803,0
2017-12-08,66.8364,66.8364,66.8364,66.8364,0
2017-12-11,66.6523,66.6523,66.6523,66.6523,0
2017-12-12,66.4946,66.4946,66.4946,66.4946,0
2017-12-13,66.8277,66.8277,66.8277,66.8277,0
2017-12-14,66.0651,66.0651,66.0651,66.0651,0
2017-12-15,67.1695,67.1695,67.1695,67.1695,0
2017-12-18,68.1425,68.1425,68.1425,68.1425,0
2017-12-19,67.5312,67.5312,67.5312,67.5312,0
2017-12-20,67.6807,67.6807,67.6807,67.6807,0
2017-12-21,67.9534,67.9534,67.9534,67.9534,0
2017-12-22,67.7775,67.7775,67.7775,67.7775,0
2017-12-26,67.839,67.839,67.839,67.839,0
2017-12-27,67.7599,67.7599,67.7599,67.7599,0
2017-12-28,68.0325,68.0325,68.0325,68.0325,0
2017-12-29,67.5576,67.5576,67.5576,67.5576,0
2018-01-02,68.0677,68.0677,68.0677,68.0677,0
2018-01-03,68.0062,68.0062,68.0062,68.0062,0
2018-01-04,68.1909,68.1909,68.1909,68.1909,0
2018-01-05,68.4811,68.4811,68.4811,68.4811,0
2018-01-08,68.5867,68.5867,68.5867,68.5867,0
2018-01-09,68.5163,68.5163,68.5163,68.5163,0
2018-01-10,68.4019,68.4019,68.4019,68.4019,0
2018-01-11,69.6597,69.6597,69.6597,69.6597,0
2018-01-12,69.9763,69.9763,69.9763,69.9763,0
2018-01-16,69.2815,69.2815,69.2815,69.2815,0
2018-01-17,69.9763,69.9763,69.9763,69.9763,0
2018-01-18,69.4047,69.4047,69.4047,69.4047,0
2018-01-19,70.4161,70.4161,70.4161,70.4161,0
2018-01-22,70.592,70.592,70.592,70.592,0
2018-01-23,70.6624,70.6624,70.6624,70.6624,0
2018-01-24,70.249,70.249,70.249,70.249,0
2018-01-25,70.4425,70.4425,70.4425,70.4425,0
2018-01-26,70.68,70.68,70.68,70.68,0
2018-01-29,70.2842,70.2842,70.2842,70.2842,0
2018-01-30,69.6333,69.6333,69.6333,69.6333,0
2018-01-31,69.2551,69.2551,69.2551,69.2551,0
2018-02-01,69.5453,69.5453,69.5453,69.5453,0
2018-02-02,68.1645,68.1645,68.1645,68.1645,0
2018-02-05,65.4819,65.4819,65.4819,65.4819,0
2018-02-06,66.2998,66.2998,66.2998,66.2998,0
2018-02-07,66.335,66.335,66.335,66.335,0
2018-02-08,64.5144,64.5144,64.5144,64.5144,0
2018-02-09,65.2092,65.2092,65.2092,65.2092,0
2018-02-12,65.8425,65.8425,65.8425,65.8425,0
2018-02-13,65.8865,65.8865,65.8865,65.8865,0
2018-02-14,67.1002,67.1002,67.1002,67.1002,0
2018-02-15,67.7775,67.7775,67.7775,67.7775,0
2018-02-16,68.0149,68.0149,68.0149,68.0149,0
2018-02-20,67.4257,67.4257,67.4257,67.4257,0
2018-02-21,67.5752,67.5752,67.5752,67.5752,0
2018-02-22,67.5224,67.5224,67.5224,67.5224,0
2018-02-23,68.3932,68.3932,68.3932,68.3932,0
2018-02-26,68.8593,68.8593,68.8593,68.8593,0
2018-02-27,67.8566,67.8566,67.8566,67.8566,0
2018-02-28,66.6165,66.6165,66.6165,66.6165,0
2018-03-01,66.3438,66.3438,66.3438,66.3438,0
2018-03-02,67.4344,67.4344,67.4344,67.4344,0
2018-03-05,67.927,67.927,67.927,67.927,0
2018-03-06,68.745,68.745,68.745,68.745,0
2018-03-07,69.2463,69.2463,69.2463,69.2463,0
2018-03-08,69.1408,69.1408,69.1408,69.1408,0
2018-03-09,70.1962,70.1962,70.1962,70.1962,0
2018-03-12,70.4601,70.4601,70.4601,70.4601,0
2018-03-13,70.2314,70.2314,70.2314,70.2314,0
2018-03-14,69.8972,69.8972,69.8972,69.8972,0
2018-03-15,69.5893,69.5893,69.5893,69.5893,0
2018-03-16,70.1083,70.1083,70.1083,70.1083,0
2018-03-19,69.4926,69.4926,69.4926,69.4926,0
2018-03-20,69.475,69.475,69.475,69.475,0
2018-03-21,69.774,69.774,69.774,69.774,0
2018-03-22,68.3352,68.3352,68.3352,68.3352,0
2018-03-23,66.8619,66.8619,66.8619,66.8619,0
2018-03-26,68.3704,68.3704,68.3704,68.3704,0
2018-03-27,67.2148,67.2148,67.2148,67.2148,0
2018-03-28,67.303,67.303,67.303,67.303,0
2018-03-29,67.9382,67.9382,67.9382,67.9382,0
2018-04-02,66.3855,66.3855,66.3855,66.3855,0
2018-04-03,67.3824,67.3824,67.3824,67.3824,0
2018-04-04,68.2293,68.2293,68.2293,68.2293,0
2018-04-05,68.9615,68.9615,68.9615,68.9615,0
2018-04-06,67.7177,67.7177,67.7177,67.7177,0
2018-04-09,67.5412,67.5412,67.5412,67.5412,0
2018-04-10,68.8204,68.8204,68.8204,68.8204,0
2018-04-11,68.9351,68.9351,68.9351,68.9351,0
2018-04-12,69.2791,69.2791,69.2791,69.2791,0
2018-04-13,69.0321,69.0321,69.0321,69.0321,0
2018-04-16,69.7996,69.7996,69.7996,69.7996,0
2018-04-17,70.4613,70.4613,70.4613,70.4613,0
2018-04-18,70.7171,70.7171,70.7171,70.7171,0
2018-04-19,70.1613,70.1613,70.1613,70.1613,0
2018-04-20,69.7467,69.7467,69.7467,69.7467,0
2018-04-23,69.7202,69.7202,69.7202,69.7202,0
2018-04-24,69.3938,69.3938,69.3938,69.3938,0
2018-04-25,69.2791,69.2791,69.2791,69.2791,0
2018-04-26,69.4997,69.4997,69.4997,69.4997,0
2018-04-27,69.2703,69.2703,69.2703,69.2703,0
2018-04-30,68.6527,68.6527,68.6527,68.6527,0
2018-05-01,68.9527,68.9527,68.9527,68.9527,0
2018-05-02,69.1203,69.1203,69.1203,69.1203,0
2018-05-03,68.6969,68.6969,68.6969,68.6969,0
2018-05-04,69.5438,69.5438,69.5438,69.5438,0
2018-05-07,70.0819,70.0819,70.0819,70.0819,0
2018-05-08,70.6818,70.6818,70.6818,70.6818,0
2018-05-09,71.0788,71.0788,71.0788,71.0788,0
2018-05-10,71.4581,71.4581,71.4581,71.4581,0
2018-05-11,71.5728,71.5728,71.5728,71.5728,0
2018-05-14,71.2641,71.2641,71.2641,71.2641,0
2018-05-15,71.2993,71.2993,71.2993,71.2993,0
2018-05-16,72.1463,72.1463,72.1463,72.1463,0
2018-05-17,72.5874,72.5874,72.5874,72.5874,0
2018-05-18,72.7373,72.7373,72.7373,72.7373,0
2018-05-21,73.4078,73.4078,73.4078,73.4078,0
2018-05-22,72.8079,72.8079,72.8079,72.8079,0
2018-05-23,72.8785,72.8785,72.8785,72.8785,0
2018-05-24,72.8961,72.8961,72.8961,72.8961,0
2018-05-25,72.7903,72.7903,72.7903,72.7903,0
2018-05-29,72.8344,72.8344,72.8344,72.8344,0
2018-05-30,73.8577,73.8577,73.8577,73.8577,0
2018-05-31,73.0814,73.0814,73.0814,73.0814,0
2018-06-01,73.5842,73.5842,73.5842,73.5842,0
2018-06-04,74.4312,74.4312,74.4312,74.4312,0
2018-06-05,74.9693,74.9693,74.9693,74.9693,0
2018-06-06,75.4457,75.4457,75.4457,75.4457,0
2018-06-07,75.1634,75.1634,75.1634,75.1634,0
2018-06-08,75.3487,75.3487,75.3487,75.3487,0
2018-06-11,75.5604,75.5604,75.5604,75.5604,0
2018-06-12,75.6398,75.6398,75.6398,75.6398,0
2018-06-13,75.1898,75.1898,75.1898,75.1898,0
2018-06-14,75.4457,75.4457,75.4457,75.4457,0
2018-06-15,75.4722,75.4722,75.4722,75.4722,0
2018-06-18,75.9133,75.9133,75.9133,75.9133,0
2018-06-19,75.8427,75.8427,75.8427,75.8427,0
2018-06-20,76.4338,76.4338,76.4338,76.4338,0
2018-06-21,75.6751,75.6751,75.6751,75.6751,0
2018-06-22,75.6574,75.6574,75.6574,75.6574,0
2018-06-25,74.4841,74.4841,74.4841,74.4841,0
2018-06-26,74.9415,74.9415,74.9415,74.9415,0
2018-06-27,73.8886,73.8886,73.8886,73.8886,0
2018-06-28,74.0833,74.0833,74.0833,74.0833,0
2018-06-29,73.8444,73.8444,73.8444,73.8444,0
2018-07-02,74.6142,74.6142,74.6142,74.6142,0
2018-07-03,74.8,74.8,74.8,74.8,0
2018-07-05,75.7113,75.7113,75.7113,75.7113,0
2018-07-06,76.2864,76.2864,76.2864,76.2864,0
2018-07-09,76.8527,76.8527,76.8527,76.8527,0
2018-07-10,76.4899,76.4899,76.4899,76.4899,0
2018-07-11,75.8529,75.8529,75.8529,75.8529,0
2018-07-12,76.0298,76.0298,76.0298,76.0298,0
2018-07-13,75.959,75.959,75.959,75.959,0
2018-07-16,75.6936,75.6936,75.6936,75.6936,0
2018-07-17,76.1094,76.1094,76.1094,76.1094,0
2018-07-18,76.4191,76.4191,76.4191,76.4191,0
2018-07-19,77.0119,77.0119,77.0119,77.0119,0
2018-07-20,76.7288,76.7288,76.7288,76.7288,0
2018-07-23,76.7553,76.7553,76.7553,76.7553,0
2018-07-24,76.0387,76.0387,76.0387,76.0387,0
2018-07-25,76.1979,76.1979,76.1979,76.1979,0
2018-07-26,77.0119,77.0119,77.0119,77.0119,0
2018-07-27,75.6936,75.6936,75.6936,75.6936,0
2018-07-30,75.3485,75.3485,75.3485,75.3485,0
2018-07-31,76.2333,76.2333,76.2333,76.2333,0
2018-08-01,76.2068,76.2068,76.2068,76.2068,0
2018-08-02,76.8792,76.8792,76.8792,76.8792,0
2018-08-03,76.6315,76.6315,76.6315,76.6315,0
2018-08-06,77.1358,77.1358,77.1358,77.1358,0
2018-08-07,77.2862,77.2862,77.2862,77.2862,0
2018-08-08,77.242,77.242,77.242,77.242,0
2018-08-09,77.3305,77.3305,77.3305,77.3305,0
2018-08-10,77.1712,77.1712,77.1712,77.1712,0
2018-08-13,76.8261,76.8261,76.8261,76.8261,0
2018-08-14,77.8171,77.8171,77.8171,77.8171,0
2018-08-15,76.9146,76.9146,76.9146,76.9146,0
2018-08-16,77.5428,77.5428,77.5428,77.5428,0
2018-08-17,78.0294,78.0294,78.0294,78.0294,0
2018-08-20,78.2949,78.2949,78.2949,78.2949,0
2018-08-21,79.2239,79.2239,79.2239,79.2239,0
2018-08-22,79.3832,79.3832,79.3832,79.3832,0
2018-08-23,79.1443,79.1443,79.1443,79.1443,0
2018-08-24,79.4274,79.4274,79.4274,79.4274,0
2018-08-27,79.4805,79.4805,79.4805,79.4805,0
2018-08-28,79.4805,79.4805,79.4805,79.4805,0
2018-08-29,79.6486,79.6486,79.6486,79.6486,0
2018-08-30,79.4451,79.4451,79.4451,79.4451,0
2018-08-31,79.9052,79.9052,79.9052,79.9052,0
2018-09-04,79.569,79.569,79.569,79.569,0
2018-09-05,79.4893,79.4893,79.4893,79.4893,0
2018-09-06,78.8965,78.8965,78.8965,78.8965,0
2018-09-07,78.7196,78.7196,78.7196,78.7196,0
2018-09-10,78.8081,78.8081,78.8081,78.8081,0
2018-09-11,78.8346,78.8346,78.8346,78.8346,0
2018-09-12,78.5869,78.5869,78.5869,78.5869,0
2018-09-13,78.5957,78.5957,78.5957,78.5957,0
2018-09-14,79.162,79.162,79.162,79.162,0
2018-09-17,78.286,78.286,78.286,78.286,0
2018-09-18,78.5073,78.5073,78.5073,78.5073,0
2018-09-19,78.0117,78.0117,78.0117,78.0117,0
2018-09-20,78.6842,78.6842,78.6842,78.6842,0
2018-09-21,78.2507,78.2507,78.2507,78.2507,0
2018-09-24,77.7286,77.7286,77.7286,77.7286,0
2018-09-25,77.7729,77.7729,77.7729,77.7729,0
2018-09-26,77.1133,77.1133,77.1133,77.1133,0
2018-09-27,77.14,77.14,77.14,77.14,0
2018-09-28,77.4417,77.4417,77.4417,77.4417,0
2018-10-01,76.2878,76.2878,76.2878,76.2878,0
2018-10-02,75.4711,75.4711,75.4711,75.4711,0
2018-10-03,76.1368,76.1368,76.1368,76.1368,0
2018-10-04,75.2314,75.2314,75.2314,75.2314,0
2018-10-05,74.397,74.397,74.397,74.397,0
2018-10-08,74.3348,74.3348,74.3348,74.3348,0
2018-10-09,74.104,74.104,74.104,74.104,0
2018-10-10,72.0801,72.0801,72.0801,72.0801,0
2018-10-11,70.5178,70.5178,70.5178,70.5178,0
2018-10-12,70.3935,70.3935,70.3935,70.3935,0
2018-10-15,70.722,70.722,70.722,70.722,0
2018-10-16,72.6482,72.6482,72.6482,72.6482,0
2018-10-17,72.2843,72.2843,72.2843,72.2843,0
2018-10-18,70.9084,70.9084,70.9084,70.9084,0
2018-10-19,70.216,70.216,70.216,70.216,0
2018-10-22,70.1539,70.1539,70.1539,70.1539,0
2018-10-23,69.6035,69.6035,69.6035,69.6035,0
2018-10-24,67.1535,67.1535,67.1535,67.1535,0
2018-10-25,68.6182,68.6182,68.6182,68.6182,0
2018-10-26,67.9701,67.9701,67.9701,67.9701,0
2018-10-29,67.7748,67.7748,67.7748,67.7748,0
2018-10-30,69.3372,69.3372,69.3372,69.3372,0
2018-10-31,69.2839,69.2839,69.2839,69.2839,0
2018-11-01,70.6243,70.6243,70.6243,70.6243,0
2018-11-02,71.0415,71.0415,71.0415,71.0415,0
2018-11-05,71.1125,71.1125,71.1125,71.1125,0
2018-11-06,71.512,71.512,71.512,71.512,0
2018-11-07,72.3908,72.3908,72.3908,72.3908,0
2018-11-08,72.2399,72.2399,72.2399,72.2399,0
2018-11-09,70.9883,70.9883,70.9883,70.9883,0
2018-11-12,69.7011,69.7011,69.7011,69.7011,0
2018-11-13,69.5502,69.5502,69.5502,69.5502,0
2018-11-14,69.0797,69.0797,69.0797,69.0797,0
2018-11-15,70.0029,70.0029,70.0029,70.0029,0
2018-11-16,70.2249,70.2249,70.2249,70.2249,0
2018-11-19,69.062,69.062,69.062,69.062,0
2018-11-20,67.7305,67.7305,67.7305,67.7305,0
2018-11-21,68.4317,68.4317,68.4317,68.4317,0
2018-11-23,68.4229,68.4229,68.4229,68.4229,0
2018-11-26,69.0531,69.0531,69.0531,69.0531,0
2018-11-27,68.5471,68.5471,68.5471,68.5471,0
2018-11-28,70.2071,70.2071,70.2071,70.2071,0
2018-11-29,69.8609,69.8609,69.8609,69.8609,0
2018-11-30,70.3935,70.3935,70.3935,70.3935,0
2018-12-03,70.8196,70.8196,70.8196,70.8196,0
2018-12-04,67.6239,67.6239,67.6239,67.6239,0
2018-12-06,67.3843,67.3843,67.3843,67.3843,0
2018-12-07,66.1149,66.1149,66.1149,66.1149,0
2018-12-10,65.6799,65.6799,65.6799,65.6799,0
2018-12-11,65.6178,65.6178,65.6178,65.6178,0
2018-12-12,66.2658,66.2658,66.2658,66.2658,0
2018-12-13,65.2538,65.2538,65.2538,65.2538,0
2018-12-14,64.2419,64.2419,64.2419,64.2419,0
2018-12-17,62.7448,62.7448,62.7448,62.7448,0
2018-12-18,62.825,62.825,62.825,62.825,0
2018-12-19,61.443,61.443,61.443,61.443,0
2018-12-20,60.5781,60.5781,60.5781,60.5781,0
2018-12-21,59.1782,59.1782,59.1782,59.1782,0
2018-12-24,58.0815,58.0815,58.0815,58.0815,0
2018-12-26,60.7832,60.7832,60.7832,60.7832,0
2018-12-27,61.1488,61.1488,61.1488,61.1488,0
2018-12-28,61.4341,61.4341,61.4341,61.4341,0
2018-12-31,61.8086,61.8086,61.8086,61.8086,0
2019-01-02,62.0939,62.0939,62.0939,62.0939,0
2019-01-03,60.9348,60.9348,60.9348,60.9348,0
2019-01-04,63.1371,63.1371,63.1371,63.1371,0
2019-01-07,63.9753,63.9753,63.9753,63.9753,0
2019-01-08,64.9471,64.9471,64.9471,64.9471,0
2019-01-09,65.6069,65.6069,65.6069,65.6069,0
2019-01-10,65.8388,65.8388,65.8388,65.8388,0
2019-01-11,65.9725,65.9725,65.9725,65.9725,0
2019-01-14,65.4108,65.4108,65.4108,65.4108,0
2019-01-15,65.8566,65.8566,65.8566,65.8566,0
2019-01-16,66.3649,66.3649,66.3649,66.3649,0
2019-01-17,67.0068,67.0068,67.0068,67.0068,0
2019-01-18,67.6845,67.6845,67.6845,67.6845,0
2019-01-22,66.561,66.561,66.561,66.561,0
2019-01-23,66.4451,66.4451,66.4451,66.4451,0
2019-01-24,66.8196,66.8196,66.8196,66.8196,0
2019-01-25,67.5507,67.5507,67.5507,67.5507,0
2019-01-28,67.1406,67.1406,67.1406,67.1406,0
2019-01-29,67.1317,67.1317,67.1317,67.1317,0
2019-01-30,67.8271,67.8271,67.8271,67.8271,0
2019-01-31,68.38,68.38,68.38,68.38,0
2019-02-01,68.3175,68.3175,68.3175,68.3175,0
2019-02-04,69.1913,69.1913,69.1913,69.1913,0
2019-02-05,69.2448,69.2448,69.2448,69.2448,0
2019-02-06,69.1468,69.1468,69.1468,69.1468,0
2019-02-07,68.5315,68.5315,68.5315,68.5315,0
2019-02-08,68.4959,68.4959,68.4959,68.4959,0
2019-02-11,69.0576,69.0576,69.0576,69.0576,0
2019-02-12,69.9938,69.9938,69.9938,69.9938,0
2019-02-13,70.2702,70.2702,70.2702,70.2702,0
2019-02-14,70.4307,70.4307,70.4307,70.4307,0
2019-02-15,71.4829,71.4829,71.4829,71.4829,0
2019-02-19,71.8752,71.8752,71.8752,71.8752,0
2019-02-20,72.3834,72.3834,72.3834,72.3834,0
2019-02-21,72.0446,72.0446,72.0446,72.0446,0
2019-02-22,72.3745,72.3745,72.3745,72.3745,0
2019-02-25,72.214,72.214,72.214,72.214,0
2019-02-26,71.5185,71.5185,71.5185,71.5185,0
2019-02-27,71.6255,71.6255,71.6255,71.6255,0
2019-02-28,71.3491,71.3491,71.3491,71.3491,0
2019-03-01,71.7593,71.7593,71.7593,71.7593,0
2019-03-04,71.0192,71.0192,71.0192,71.0192,0
2019-03-05,70.725,70.725,70.725,70.725,0
2019-03-06,69.334,69.334,69.334,69.334,0
2019-03-07,68.6118,68.6118,68.6118,68.6118,0
2019-03-08,68.5405,68.5405,68.5405,68.5405,0
2019-03-11,69.6372,69.6372,69.6372,69.6372,0
2019-03-12,69.5302,69.5302,69.5302,69.5302,0
2019-03-13,69.7977,69.7977,69.7977,69.7977,0
2019-03-14,69.5034,69.5034,69.5034,69.5034,0
2019-03-15,69.5213,69.5213,69.5213,69.5213,0
2019-03-18,70.0651,70.0651,70.0651,70.0651,0
2019-03-19,69.5569,69.5569,69.5569,69.5569,0
2019-03-20,69.0381,69.0381,69.0381,69.0381,0
2019-03-21,69.9416,69.9416,69.9416,69.9416,0
2019-03-22,67.3919,67.3919,67.3919,67.3919,0
2019-03-25,67.714,67.714,67.714,67.714,0
2019-03-26,68.3492,68.3492,68.3492,68.3492,0
2019-03-27,68.3313,68.3313,68.3313,68.3313,0
2019-03-28,68.9754,68.9754,68.9754,68.9754,0
2019-03-29,69.0202,69.0202,69.0202,69.0202,0
2019-04-01,69.87,69.87,69.87,69.87,0
2019-04-02,69.4764,69.4764,69.4764,69.4764,0
2019-04-03,69.8164,69.8164,69.8164,69.8164,0
2019-04-04,70.371,70.371,70.371,70.371,0
2019-04-05,70.9883,70.9883,70.9883,70.9883,0
2019-04-08,70.9346,70.9346,70.9346,70.9346,0
2019-04-09,70.049,70.049,70.049,70.049,0
2019-04-10,71.1135,71.1135,71.1135,71.1135,0
2019-04-11,70.9704,70.9704,70.9704,70.9704,0
2019-04-12,71.2925,71.2925,71.2925,71.2925,0
2019-04-15,71.0152,71.0152,71.0152,71.0152,0
2019-04-16,71.3014,71.3014,71.3014,71.3014,0
2019-04-17,70.9794,70.9794,70.9794,70.9794,0
2019-04-18,70.7289,70.7289,70.7289,70.7289,0
2019-04-22,70.3621,70.3621,70.3621,70.3621,0
2019-04-23,71.3999,71.3999,71.3999,71.3999,0
2019-04-24,71.6235,71.6235,71.6235,71.6235,0
2019-04-25,70.881,70.881,70.881,70.881,0
2019-04-26,71.5162,71.5162,71.5162,71.5162,0
2019-04-29,71.865,71.865,71.865,71.865,0
2019-04-30,71.6861,71.6861,71.6861,71.6861,0
2019-05-01,71.042,71.042,71.042,71.042,0
2019-05-02,71.2656,71.2656,71.2656,71.2656,0
2019-05-03,72.6702,72.6702,72.6702,72.6702,0
2019-05-06,72.7955,72.7955,72.7955,72.7955,0
2019-05-07,71.4625,71.4625,71.4625,71.4625,0
2019-05-08,70.8899,70.8899,70.8899,70.8899,0
2019-05-09,70.7289,70.7289,70.7289,70.7289,0
2019-05-10,70.9615,70.9615,70.9615,70.9615,0
2019-05-13,68.7428,68.7428,68.7428,68.7428,0
2019-05-14,69.4764,69.4764,69.4764,69.4764,0
2019-05-15,69.6017,69.6017,69.6017,69.6017,0
2019-05-16,69.87,69.87,69.87,69.87,0
2019-05-17,68.7339,68.7339,68.7339,68.7339,0
2019-05-20,68.2508,68.2508,68.2508,68.2508,0
2019-05-21,69.1633,69.1633,69.1633,69.1633,0
2019-05-22,68.4834,68.4834,68.4834,68.4834,0
2019-05-23,66.8552,66.8552,66.8552,66.8552,0
2019-05-24,67.5261,67.5261,67.5261,67.5261,0
2019-05-28,67.0788,67.0788,67.0788,67.0788,0
2019-05-29,66.5331,66.5331,66.5331,66.5331,0
2019-05-30,66.3452,66.3452,66.3452,66.3452,0
2019-05-31,65.4595,65.4595,65.4595,65.4595,0
2019-06-03,65.7995,65.7995,65.7995,65.7995,0
2019-06-04,67.5888,67.5888,67.5888,67.5888,0
2019-06-05,67.4366,67.4366,67.4366,67.4366,0
2019-06-06,67.2846,67.2846,67.2846,67.2846,0
2019-06-07,67.723,67.723,67.723,67.723,0
2019-06-10,68.206,68.206,68.206,68.206,0
2019-06-11,68.054,68.054,68.054,68.054,0
2019-06-12,67.9108,67.9108,67.9108,67.9108,0
2019-06-13,68.707,68.707,68.707,68.707,0
2019-06-14,68.0361,68.0361,68.0361,68.0361,0
2019-06-17,68.0998,68.0998,68.0998,68.0998,0
2019-06-18,68.9884,68.9884,68.9884,68.9884,0
2019-06-19,69.1589,69.1589,69.1589,69.1589,0
2019-06-20,69.6257,69.6257,69.6257,69.6257,0
2019-06-21,69.0602,69.0602,69.0602,69.0602,0
2019-06-24,68.2883,68.2883,68.2883,68.2883,0
2019-06-25,67.9382,67.9382,67.9382,67.9382,0
2019-06-26,68.01,68.01,68.01,68.01,0
2019-06-27,69.3385,69.3385,69.3385,69.3385,0
2019-06-28,70.263,70.263,70.263,70.263,0
2019-07-01,70.4066,70.4066,70.4066,70.4066,0
2019-07-02,70.0027,70.0027,70.0027,70.0027,0
2019-07-03,70.3976,70.3976,70.3976,70.3976,0
2019-07-05,70.6759,70.6759,70.6759,70.6759,0
2019-07-08,69.9309,69.9309,69.9309,69.9309,0
2019-07-09,69.8411,69.8411,69.8411,69.8411,0
2019-07-10,70.0296,70.0296,70.0296,70.0296,0
2019-07-11,69.6975,69.6975,69.6975,69.6975,0
2019-07-12,70.3079,70.3079,70.3079,70.3079,0
2019-07-15,69.8591,69.8591,69.8591,69.8591,0
2019-07-16,69.9309,69.9309,69.9309,69.9309,0
2019-07-17,69.4103,69.4103,69.4103,69.4103,0
2019-07-18,69.5449,69.5449,69.5449,69.5449,0
2019-07-19,69.3654,69.3654,69.3654,69.3654,0
2019-07-22,69.2667,69.2667,69.2667,69.2667,0
2019-07-23,69.9129,69.9129,69.9129,69.9129,0
2019-07-24,71.0888,71.0888,71.0888,71.0888,0
2019-07-25,70.3169,70.3169,70.3169,70.3169,0
2019-07-26,71.0349,71.0349,71.0349,71.0349,0
2019-07-29,70.6759,70.6759,70.6759,70.6759,0
2019-07-30,71.4388,71.4388,71.4388,71.4388,0
2019-07-31,71.0977,71.0977,71.0977,71.0977,0
2019-08-01,70.0117,70.0117,70.0117,70.0117,0
2019-08-02,69.1949,69.1949,69.1949,69.1949,0
2019-08-05,67.3189,67.3189,67.3189,67.3189,0
2019-08-06,68.028,68.028,68.028,68.028,0
2019-08-07,68.1357,68.1357,68.1357,68.1357,0
2019-08-08,69.6078,69.6078,69.6078,69.6078,0
2019-08-09,68.7461,68.7461,68.7461,68.7461,0
2019-08-12,67.9741,67.9741,67.9741,67.9741,0
2019-08-13,68.6832,68.6832,68.6832,68.6832,0
2019-08-14,66.6637,66.6637,66.6637,66.6637,0
2019-08-15,66.4123,66.4123,66.4123,66.4123,0
2019-08-16,67.8934,67.8934,67.8934,67.8934,0
2019-08-19,68.5935,68.5935,68.5935,68.5935,0
2019-08-20,68.028,68.028,68.028,68.028,0
2019-08-21,68.5755,68.5755,68.5755,68.5755,0
2019-08-22,68.387,68.387,68.387,68.387,0
2019-08-23,66.2957,66.2957,66.2957,66.2957,0
2019-08-26,66.915,66.915,66.915,66.915,0
2019-08-27,66.0713,66.0713,66.0713,66.0713,0
2019-08-28,66.8611,66.8611,66.8611,66.8611,0
2019-08-29,67.9741,67.9741,67.9741,67.9741,0
2019-08-30,67.8395,67.8395,67.8395,67.8395,0
2019-09-03,66.906,66.906,66.906,66.906,0
2019-09-04,67.5882,67.5882,67.5882,67.5882,0
2019-09-05,68.9076,68.9076,68.9076,68.9076,0
2019-09-06,68.7191,68.7191,68.7191,68.7191,0
2019-09-09,69.7693,69.7693,69.7693,69.7693,0
2019-09-10,70.64,70.64,70.64,70.64,0
2019-09-11,72.0492,72.0492,72.0492,72.0492,0
2019-09-12,72.0492,72.0492,72.0492,72.0492,0
2019-09-13,72.1659,72.1659,72.1659,72.1659,0
2019-09-16,72.4082,72.4082,72.4082,72.4082,0
2019-09-17,72.2466,72.2466,72.2466,72.2466,0
2019-09-18,71.8517,71.8517,71.8517,71.8517,0
2019-09-19,71.385,71.385,71.385,71.385,0
2019-09-20,71.1426,71.1426,71.1426,71.1426,0
2019-09-23,71.1965,71.1965,71.1965,71.1965,0
2019-09-24,70.3002,70.3002,70.3002,70.3002,0
2019-09-25,71.237,71.237,71.237,71.237,0
2019-09-26,70.4983,70.4983,70.4983,70.4983,0
2019-09-27,70.075,70.075,70.075,70.075,0
2019-09-30,70.12,70.12,70.12,70.12,0
2019-10-01,68.7417,68.7417,68.7417,68.7417,0
2019-10-02,68.0571,68.0571,68.0571,68.0571,0
2019-10-03,68.1562,68.1562,68.1562,68.1562,0
2019-10-04,68.8228,68.8228,68.8228,68.8228,0
2019-10-07,68.7687,68.7687,68.7687,68.7687,0
2019-10-08,67.6067,67.6067,67.6067,67.6067,0
2019-10-09,67.8229,67.8229,67.8229,67.8229,0
2019-10-10,67.985,67.985,67.985,67.985,0
2019-10-11,69.2282,69.2282,69.2282,69.2282,0
2019-10-14,69.048,69.048,69.048,69.048,0
2019-10-15,69.8047,69.8047,69.8047,69.8047,0
2019-10-16,69.9849,69.9849,69.9849,69.9849,0
2019-10-17,70.7776,70.7776,70.7776,70.7776,0
2019-10-18,70.3362,70.3362,70.3362,70.3362,0
2019-10-21,71.0118,71.0118,71.0118,71.0118,0
2019-10-22,71.21,71.21,71.21,71.21,0
2019-10-23,71.3901,71.3901,71.3901,71.3901,0
2019-10-24,71.264,71.264,71.264,71.264,0
2019-10-25,71.6874,71.6874,71.6874,71.6874,0
2019-10-28,72.354,72.354,72.354,72.354,0
2019-10-29,72.6423,72.6423,72.6423,72.6423,0
2019-10-30,72.2549,72.2549,72.2549,72.2549,0
2019-10-31,71.5433,71.5433,71.5433,71.5433,0
2019-11-01,72.6513,72.6513,72.6513,72.6513,0
2019-11-04,73.2458,73.2458,73.2458,73.2458,0
2019-11-05,73.3629,73.3629,73.3629,73.3629,0
2019-11-06,73.0296,73.0296,73.0296,73.0296,0
2019-11-07,73.2008,73.2008,73.2008,73.2008,0
2019-11-08,73.3089,73.3089,73.3089,73.3089,0
2019-11-11,73.0927,73.0927,73.0927,73.0927,0
2019-11-12,73.0657,73.0657,73.0657,73.0657,0
2019-11-13,72.6513,72.6513,72.6513,72.6513,0
2019-11-14,72.5072,72.5072,72.5072,72.5072,0
2019-11-15,72.8945,72.8945,72.8945,72.8945,0
2019-11-18,72.5702,72.5702,72.5702,72.5702,0
2019-11-19,72.7054,72.7054,72.7054,72.7054,0
2019-11-20,72.318,72.318,72.318,72.318,0
2019-11-21,71.9306,71.9306,71.9306,71.9306,0
2019-11-22,72.1018,72.1018,72.1018,72.1018,0
2019-11-25,73.9035,73.9035,73.9035,73.9035,0
2019-11-26,73.8404,73.8404,73.8404,73.8404,0
2019-11-27,74.1737,74.1737,74.1737,74.1737,0
2019-11-29,73.6962,73.6962,73.6962,73.6962,0
2019-12-02,72.8765,72.8765,72.8765,72.8765,0
2019-12-03,72.5792,72.5792,72.5792,72.5792,0
2019-12-04,73.1467,73.1467,73.1467,73.1467,0
2019-12-05,73.39,73.39,73.39,73.39,0
2019-12-06,74.4169,74.4169,74.4169,74.4169,0
2019-12-09,74.2187,74.2187,74.2187,74.2187,0
2019-12-10,74.2007,74.2007,74.2007,74.2007,0
2019-12-11,74.1827,74.1827,74.1827,74.1827,0
2019-12-12,74.9844,74.9844,74.9844,74.9844,0
2019-12-13,74.507,74.507,74.507,74.507,0
2019-12-16,74.8157,74.8157,74.8157,74.8157,0
2019-12-17,75.4585,75.4585,75.4585,75.4585,0
2019-12-18,75.721,75.721,75.721,75.721,0
2019-12-19,75.9564,75.9564,75.9564,75.9564,0
2019-12-20,75.8387,75.8387,75.8387,75.8387,0
2019-12-23,75.9655,75.9655,75.9655,75.9655,0
2019-12-24,76.1737,76.1737,76.1737,76.1737,0
2019-12-26,76.0741,76.0741,76.0741,76.0741,0
2019-12-27,75.7301,75.7301,75.7301,75.7301,0
2019-12-30,75.6848,75.6848,75.6848,75.6848,0
2019-12-31,75.9111,75.9111,75.9111,75.9111,0
2020-01-02,75.9655,75.9655,75.9655,75.9655,0
2020-01-03,75.9202,75.9202,75.9202,75.9202,0
2020-01-06,75.8478,75.8478,75.8478,75.8478,0
2020-01-07,75.4132,75.4132,75.4132,75.4132,0
2020-01-08,75.5762,75.5762,75.5762,75.5762,0
2020-01-09,75.5581,75.5581,75.5581,75.5581,0
2020-01-10,75.205,75.205,75.205,75.205,0
2020-01-13,75.8297,75.8297,75.8297,75.8297,0
2020-01-14,76.1103,76.1103,76.1103,76.1103,0
2020-01-15,76.4362,76.4362,76.4362,76.4362,0
2020-01-16,77.423,77.423,77.423,77.423,0
2020-01-17,77.2872,77.2872,77.2872,77.2872,0
2020-01-21,76.563,76.563,76.563,76.563,0
2020-01-22,76.563,76.563,76.563,76.563,0
2020-01-23,76.7259,76.7259,76.7259,76.7259,0
2020-01-24,75.5309,75.5309,75.5309,75.5309,0
2020-01-27,74.698,74.698,74.698,74.698,0
2020-01-28,75.2321,75.2321,75.2321,75.2321,0
2020-01-29,74.7161,74.7161,74.7161,74.7161,0
2020-01-30,74.6346,74.6346,74.6346,74.6346,0
2020-01-31,72.8602,72.8602,72.8602,72.8602,0
2020-02-03,73.5482,73.5482,73.5482,73.5482,0
2020-02-04,74.4717,74.4717,74.4717,74.4717,0
2020-02-05,75.893,75.893,75.893,75.893,0
2020-02-06,75.6848,75.6848,75.6848,75.6848,0
2020-02-07,74.5441,74.5441,74.5441,74.5441,0
2020-02-10,74.7885,74.7885,74.7885,74.7885,0
2020-02-11,75.4042,75.4042,75.4042,75.4042,0
2020-02-12,75.9111,75.9111,75.9111,75.9111,0
2020-02-13,76.1646,76.1646,76.1646,76.1646,0
2020-02-14,75.7572,75.7572,75.7572,75.7572,0
2020-02-18,75.3498,75.3498,75.3498,75.3498,0
2020-02-19,75.6395,75.6395,75.6395,75.6395,0
2020-02-20,76.0379,76.0379,76.0379,76.0379,0
2020-02-21,75.1597,75.1597,75.1597,75.1597,0
2020-02-24,72.9417,72.9417,72.9417,72.9417,0
2020-02-25,70.4792,70.4792,70.4792,70.4792,0
2020-02-26,69.5829,69.5829,69.5829,69.5829,0
2020-02-27,66.9937,66.9937,66.9937,66.9937,0
2020-02-28,65.8983,65.8983,65.8983,65.8983,0
2020-03-02,67.5822,67.5822,67.5822,67.5822,0
2020-03-03,66.1608,66.1608,66.1608,66.1608,0
2020-03-04,68.2069,68.2069,68.2069,68.2069,0
2020-03-05,65.7716,65.7716,65.7716,65.7716,0
2020-03-06,64.5946,64.5946,64.5946,64.5946,0
2020-03-09,58.2755,58.2755,58.2755,58.2755,0
2020-03-10,60.0047,60.0047,60.0047,60.0047,0
2020-03-11,56.4105,56.4105,56.4105,56.4105,0
2020-03-12,50.0099,50.0099,50.0099,50.0099,0
2020-03-13,53.8485,53.8485,53.8485,53.8485,0
2020-03-16,47.5112,47.5112,47.5112,47.5112,0
2020-03-17,49.8922,49.8922,49.8922,49.8922,0
2020-03-18,45.266,45.266,45.266,45.266,0
2020-03-19,46.8232,46.8232,46.8232,46.8232,0
2020-03-20,45.0669,45.0669,45.0669,45.0669,0
2020-03-23,44.4603,44.4603,44.4603,44.4603,0
2020-03-24,48.326,48.326,48.326,48.326,0
2020-03-25,48.7463,48.7463,48.7463,48.7463,0
2020-03-26,52.0936,52.0936,52.0936,52.0936,0
2020-03-27,49.9924,49.9924,49.9924,49.9924,0
2020-03-30,51.1658,51.1658,51.1658,51.1658,0
2020-03-31,51.0385,51.0385,51.0385,51.0385,0
2020-04-01,47.4728,47.4728,47.4728,47.4728,0
2020-04-02,48.1368,48.1368,48.1368,48.1368,0
2020-04-03,46.3813,46.3813,46.3813,46.3813,0
2020-04-06,50.1653,50.1653,50.1653,50.1653,0
2020-04-07,50.4654,50.4654,50.4654,50.4654,0
2020-04-08,52.7667,52.7667,52.7667,52.7667,0
2020-04-09,55.5047,55.5047,55.5047,55.5047,0
2020-04-13,53.5945,53.5945,53.5945,53.5945,0
2020-04-14,54.5314,54.5314,54.5314,54.5314,0
2020-04-15,52.03,52.03,52.03,52.03,0
2020-04-16,51.6116,51.6116,51.6116,51.6116,0
2020-04-17,53.9584,53.9584,53.9584,53.9584,0
2020-04-20,52.8759,52.8759,52.8759,52.8759,0
2020-04-21,51.748,51.748,51.748,51.748,0
2020-04-22,52.1118,52.1118,52.1118,52.1118,0
2020-04-23,52.7667,52.7667,52.7667,52.7667,0
2020-04-24,53.4126,53.4126,53.4126,53.4126,0
2020-04-27,55.6866,55.6866,55.6866,55.6866,0
2020-04-28,56.9237,56.9237,56.9237,56.9237,0
2020-04-29,60.0982,60.0982,60.0982,60.0982,0
2020-04-30,57.6241,57.6241,57.6241,57.6241,0
2020-05-01,55.25,55.25,55.25,55.25,0
2020-05-04,55.0499,55.0499,55.0499,55.0499,0
2020-05-05,55.1954,55.1954,55.1954,55.1954,0
2020-05-06,54.5405,54.5405,54.5405,54.5405,0
2020-05-07,55.3137,55.3137,55.3137,55.3137,0
2020-05-08,57.6605,57.6605,57.6605,57.6605,0
2020-05-11,56.6053,56.6053,56.6053,56.6053,0
2020-05-12,54.5041,54.5041,54.5041,54.5041,0
2020-05-13,52.412,52.412,52.412,52.412,0
2020-05-14,52.6121,52.6121,52.6121,52.6121,0
2020-05-15,53.3216,53.3216,53.3216,53.3216,0
2020-05-18,57.1238,57.1238,57.1238,57.1238,0
2020-05-19,55.9595,55.9595,55.9595,55.9595,0
2020-05-20,57.706,57.706,57.706,57.706,0
2020-05-21,57.7605,57.7605,57.7605,57.7605,0
2020-05-22,57.997,57.997,57.997,57.997,0
2020-05-26,60.3893,60.3893,60.3893,60.3893,0
2020-05-27,62.7452,62.7452,62.7452,62.7452,0
2020-05-28,60.8896,60.8896,60.8896,60.8896,0
2020-05-29,60.1619,60.1619,60.1619,60.1619,0
2020-06-01,60.826,60.826,60.826,60.826,0
2020-06-02,61.5173,61.5173,61.5173,61.5173,0
2020-06-03,63.6185,63.6185,63.6185,63.6185,0
2020-06-04,64.4735,64.4735,64.4735,64.4735,0
2020-06-05,67.2933,67.2933,67.2933,67.2933,0
2020-06-08,68.7214,68.7214,68.7214,68.7214,0
2020-06-09,67.0477,67.0477,67.0477,67.0477,0
2020-06-10,64.6099,64.6099,64.6099,64.6099,0
2020-06-11,59.3342,59.3342,59.3342,59.3342,0
2020-06-12,60.835,60.835,60.835,60.835,0
2020-06-15,62.1815,62.1815,62.1815,62.1815,0
2020-06-16,63.7606,63.7606,63.7606,63.7606,0
2020-06-17,62.3731,62.3731,62.3731,62.3731,0
2020-06-18,62.1267,62.1267,62.1267,62.1267,0
2020-06-19,61.3143,61.3143,61.3143,61.3143,0
2020-06-22,61.8528,61.8528,61.8528,61.8528,0
2020-06-23,62.0445,62.0445,62.0445,62.0445,0
2020-06-24,59.8903,59.8903,59.8903,59.8903,0
2020-06-25,60.8214,60.8214,60.8214,60.8214,0
2020-06-26,59.0048,59.0048,59.0048,59.0048,0
2020-06-29,61.5151,61.5151,61.5151,61.5151,0
2020-06-30,62.3366,62.3366,62.3366,62.3366,0
2020-07-01,61.4421,61.4421,61.4421,61.4421,0
2020-07-02,61.7889,61.7889,61.7889,61.7889,0
2020-07-06,62.3731,62.3731,62.3731,62.3731,0
2020-07-07,61.1135,61.1135,61.1135,61.1135,0
2020-07-08,61.369,61.369,61.369,61.369,0
2020-07-09,59.9633,59.9633,59.9633,59.9633,0
2020-07-10,61.296,61.296,61.296,61.296,0
2020-07-13,60.7027,60.7027,60.7027,60.7027,0
2020-07-14,61.6977,61.6977,61.6977,61.6977,0
2020-07-15,64.0619,64.0619,64.0619,64.0619,0
2020-07-16,63.6146,63.6146,63.6146,63.6146,0
2020-07-17,63.6237,63.6237,63.6237,63.6237,0
2020-07-20,63.1217,63.1217,63.1217,63.1217,0
2020-07-21,64.5274,64.5274,64.5274,64.5274,0
2020-07-22,64.5822,64.5822,64.5822,64.5822,0
2020-07-23,65.0294,65.0294,65.0294,65.0294,0
2020-07-24,63.9249,63.9249,63.9249,63.9249,0
2020-07-27,64.6552,64.6552,64.6552,64.6552,0
2020-07-28,64.2079,64.2079,64.2079,64.2079,0
2020-07-29,65.8328,65.8328,65.8328,65.8328,0
2020-07-30,65.422,65.422,65.422,65.422,0
2020-07-31,65.0021,65.0021,65.0021,65.0021,0
2020-08-03,65.7415,65.7415,65.7415,65.7415,0
2020-08-04,66.1249,66.1249,66.1249,66.1249,0
2020-08-05,67.6401,67.6401,67.6401,67.6401,0
2020-08-06,67.2659,67.2659,67.2659,67.2659,0
2020-08-07,68.489,68.489,68.489,68.489,0
2020-08-10,69.1736,69.1736,69.1736,69.1736,0
2020-08-11,69.1006,69.1006,69.1006,69.1006,0
2020-08-12,69.338,69.338,69.338,69.338,0
2020-08-13,68.9363,68.9363,68.9363,68.9363,0
2020-08-14,68.909,68.909,68.909,68.909,0
2020-08-17,69.0185,69.0185,69.0185,69.0185,0
2020-08-18,68.1878,68.1878,68.1878,68.1878,0
2020-08-19,68.1787,68.1787,68.1787,68.1787,0
2020-08-20,67.631,67.631,67.631,67.631,0
2020-08-21,67.1929,67.1929,67.1929,67.1929,0
2020-08-24,68.4069,68.4069,68.4069,68.4069,0
2020-08-25,68.3521,68.3521,68.3521,68.3521,0
2020-08-26,67.7771,67.7771,67.7771,67.7771,0
2020-08-27,68.0144,68.0144,68.0144,68.0144,0
2020-08-28,68.5347,68.5347,68.5347,68.5347,0
2020-08-31,67.5215,67.5215,67.5215,67.5215,0
2020-09-01,68.2974,68.2974,68.2974,68.2974,0
2020-09-02,69.0824,69.0824,69.0824,69.0824,0
2020-09-03,67.3663,67.3663,67.3663,67.3663,0
2020-09-04,67.0103,67.0103,67.0103,67.0103,0
2020-09-08,65.3855,65.3855,65.3855,65.3855,0
2020-09-09,66.1249,66.1249,66.1249,66.1249,0
2020-09-10,65.2394,65.2394,65.2394,65.2394,0
2020-09-11,64.7921,64.7921,64.7921,64.7921,0
2020-09-14,65.9149,65.9149,65.9149,65.9149,0
2020-09-15,65.9332,65.9332,65.9332,65.9332,0
2020-09-16,66.3804,66.3804,66.3804,66.3804,0
2020-09-17,65.851,65.851,65.851,65.851,0
2020-09-18,65.4768,65.4768,65.4768,65.4768,0
2020-09-21,63.2038,63.2038,63.2038,63.2038,0
2020-09-22,63.5781,63.5781,63.5781,63.5781,0
2020-09-23,61.8722,61.8722,61.8722,61.8722,0
2020-09-24,62.1197,62.1197,62.1197,62.1197,0
2020-09-25,62.7705,62.7705,62.7705,62.7705,0
2020-09-28,64.558,64.558,64.558,64.558,0
2020-09-29,64.1913,64.1913,64.1913,64.1913,0
2020-09-30,64.3746,64.3746,64.3746,64.3746,0
2020-10-01,65.2913,65.2913,65.2913,65.2913,0
2020-10-02,65.9237,65.9237,65.9237,65.9237,0
2020-10-05,67.3995,67.3995,67.3995,67.3995,0
2020-10-06,67.3812,67.3812,67.3812,67.3812,0
2020-10-07,68.3436,68.3436,68.3436,68.3436,0
2020-10-08,69.3702,69.3702,69.3702,69.3702,0
2020-10-09,69.7369,69.7369,69.7369,69.7369,0
2020-10-12,70.2043,70.2043,70.2043,70.2043,0
2020-10-13,69.4161,69.4161,69.4161,69.4161,0
2020-10-14,69.0219,69.0219,69.0219,69.0219,0
2020-10-15,69.911,69.911,69.911,69.911,0
2020-10-16,69.5077,69.5077,69.5077,69.5077,0
2020-10-19,68.7469,68.7469,68.7469,68.7469,0
2020-10-20,69.2144,69.2144,69.2144,69.2144,0
2020-10-21,68.8294,68.8294,68.8294,68.8294,0
2020-10-22,69.9569,69.9569,69.9569,69.9569,0
2020-10-23,70.2868,70.2868,70.2868,70.2868,0
2020-10-26,68.8294,68.8294,68.8294,68.8294,0
2020-10-27,67.9311,67.9311,67.9311,67.9311,0
2020-10-28,65.8504,65.8504,65.8504,65.8504,0
2020-10-29,66.8678,66.8678,66.8678,66.8678,0
2020-10-30,66.0154,66.0154,66.0154,66.0154,0
2020-11-02,67.4087,67.4087,67.4087,67.4087,0
2020-11-03,69.1044,69.1044,69.1044,69.1044,0
2020-11-04,68.4444,68.4444,68.4444,68.4444,0
2020-11-05,70.4519,70.4519,70.4519,70.4519,0
2020-11-06,69.7644,69.7644,69.7644,69.7644,0
2020-11-09,73.1284,73.1284,73.1284,73.1284,0
2020-11-10,75.0533,75.0533,75.0533,75.0533,0
2020-11-11,74.5583,74.5583,74.5583,74.5583,0
2020-11-12,72.9634,72.9634,72.9634,72.9634,0
2020-11-13,74.9158,74.9158,74.9158,74.9158,0
2020-11-16,77.1707,77.1707,77.1707,77.1707,0
2020-11-17,77.6016,77.6016,77.6016,77.6016,0
2020-11-18,76.5199,76.5199,76.5199,76.5199,0
2020-11-19,76.9691,76.9691,76.9691,76.9691,0
2020-11-20,76.8866,76.8866,76.8866,76.8866,0
2020-11-23,78.674,78.674,78.674,78.674,0
2020-11-24,80.5989,80.5989,80.5989,80.5989,0
2020-11-25,79.9664,79.9664,79.9664,79.9664,0
2020-11-27,79.8289,79.8289,79.8289,79.8289,0
2020-11-30,78.0415,78.0415,78.0415,78.0415,0
2020-12-01,78.9031,78.9031,78.9031,78.9031,0
2020-12-02,79.2698,79.2698,79.2698,79.2698,0
2020-12-03,79.7923,79.7923,79.7923,79.7923,0
2020-12-04,81.7722,81.7722,81.7722,81.7722,0
2020-12-07,81.5705,81.5705,81.5705,81.5705,0
2020-12-08,82.1755,82.1755,82.1755,82.1755,0
2020-12-09,82.2213,82.2213,82.2213,82.2213,0
2020-12-10,82.6063,82.6063,82.6063,82.6063,0
2020-12-11,81.9372,81.9372,81.9372,81.9372,0
2020-12-14,81.7515,81.7515,81.7515,81.7515,0
2020-12-15,83.9024,83.9024,83.9024,83.9024,0
2020-12-16,83.4887,83.4887,83.4887,83.4887,0
2020-12-17,84.2425,84.2425,84.2425,84.2425,0
2020-12-18,83.5255,83.5255,83.5255,83.5255,0
2020-12-21,83.2314,83.2314,83.2314,83.2314,0
2020-12-22,83.7553,83.7553,83.7553,83.7553,0
2020-12-23,84.555,84.555,84.555,84.555,0
2020-12-24,84.6285,84.6285,84.6285,84.6285,0
2020-12-28,84.9502,84.9502,84.9502,84.9502,0
2020-12-29,83.4979,83.4979,83.4979,83.4979,0
2020-12-30,84.3436,84.3436,84.3436,84.3436,0
2020-12-31,84.4723,84.4723,84.4723,84.4723,0
2021-01-04,83.6818,83.6818,83.6818,83.6818,0
2021-01-05,85.465,85.465,85.465,85.465,0
2021-01-06,89.6196,89.6196,89.6196,89.6196,0
2021-01-07,90.5664,90.5664,90.5664,90.5664,0
2021-01-08,89.8218,89.8218,89.8218,89.8218,0
2021-01-11,90.2355,90.2355,90.2355,90.2355,0
2021-01-12,91.7889,91.7889,91.7889,91.7889,0
2021-01-13,90.98,90.98,90.98,90.98,0
2021-01-14,93.1401,93.1401,93.1401,93.1401,0
2021-01-15,91.5131,91.5131,91.5131,91.5131,0
2021-01-19,92.3864,92.3864,92.3864,92.3864,0
2021-01-20,92.8827,92.8827,92.8827,92.8827,0
2021-01-21,91.8257,91.8257,91.8257,91.8257,0
2021-01-22,92.9838,92.9838,92.9838,92.9838,0
2021-01-25,93.1217,93.1217,93.1217,93.1217,0
2021-01-26,93.1309,93.1309,93.1309,93.1309,0
2021-01-27,92.8735,92.8735,92.8735,92.8735,0
2021-01-28,91.0351,91.0351,91.0351,91.0351,0
2021-01-29,89.684,89.684,89.684,89.684,0
2021-02-01,91.2741,91.2741,91.2741,91.2741,0
2021-02-02,91.5223,91.5223,91.5223,91.5223,0
2021-02-03,91.8533,91.8533,91.8533,91.8533,0
2021-02-04,93.4986,93.4986,93.4986,93.4986,0
2021-02-05,94.6108,94.6108,94.6108,94.6108,0
2021-02-08,97.2304,97.2304,97.2304,97.2304,0
2021-02-09,97.929,97.929,97.929,97.929,0
2021-02-10,97.5981,97.5981,97.5981,97.5981,0
2021-02-11,97.8187,97.8187,97.8187,97.8187,0
2021-02-12,98.0117,98.0117,98.0117,98.0117,0
2021-02-16,97.7819,97.7819,97.7819,97.7819,0
2021-02-17,97.2672,97.2672,97.2672,97.2672,0
2021-02-18,95.7965,95.7965,95.7965,95.7965,0
2021-02-19,97.4234,97.4234,97.4234,97.4234,0
2021-02-22,98.0117,98.0117,98.0117,98.0117,0
2021-02-23,97.4602,97.4602,97.4602,97.4602,0
2021-02-24,100.1534,100.1534,100.1534,100.1534,0
2021-02-25,97.0558,97.0558,97.0558,97.0558,0
2021-02-26,96.5962,96.5962,96.5962,96.5962,0
2021-03-01,99.5835,99.5835,99.5835,99.5835,0
2021-03-02,97.8554,97.8554,97.8554,97.8554,0
2021-03-03,98.0025,98.0025,98.0025,98.0025,0
2021-03-04,96.2101,96.2101,96.2101,96.2101,0
2021-03-05,98.3978,98.3978,98.3978,98.3978,0
2021-03-08,100.2821,100.2821,100.2821,100.2821,0
2021-03-09,101.2656,101.2656,101.2656,101.2656,0
2021-03-10,103.3613,103.3613,103.3613,103.3613,0
2021-03-11,104.7033,104.7033,104.7033,104.7033,0
2021-03-12,105.7144,105.7144,105.7144,105.7144,0
2021-03-15,105.5122,105.5122,105.5122,105.5122,0
2021-03-16,103.8761,103.8761,103.8761,103.8761,0
2021-03-17,104.4459,104.4459,104.4459,104.4459,0
2021-03-18,102.1388,102.1388,102.1388,102.1388,0
2021-03-19,102.3594,102.3594,102.3594,102.3594,0
2021-03-22,100.9255,100.9255,100.9255,100.9255,0
2021-03-23,97.4326,97.4326,97.4326,97.4326,0
2021-03-24,95.7322,95.7322,95.7322,95.7322,0
2021-03-25,98.318,98.318,98.318,98.318,0
2021-03-26,100.714,100.714,100.714,100.714,0
2021-03-29,98.2258,98.2258,98.2258,98.2258,0
2021-03-30,99.645,99.645,99.645,99.645,0
2021-03-31,100.0136,100.0136,100.0136,100.0136,0
2021-04-01,101.4512,101.4512,101.4512,101.4512,0
2021-04-05,101.8935,101.8935,101.8935,101.8935,0
2021-04-06,101.7921,101.7921,101.7921,101.7921,0
2021-04-07,100.2808,100.2808,100.2808,100.2808,0
2021-04-08,100.8061,100.8061,100.8061,100.8061,0
2021-04-09,100.9167,100.9167,100.9167,100.9167,0
2021-04-12,101.0365,101.0365,101.0365,101.0365,0
2021-04-13,100.3453,100.3453,100.3453,100.3453,0
2021-04-14,101.4512,101.4512,101.4512,101.4512,0
2021-04-15,101.7737,101.7737,101.7737,101.7737,0
2021-04-16,102.0778,102.0778,102.0778,102.0778,0
2021-04-19,101.0457,101.0457,101.0457,101.0457,0
2021-04-20,98.6681,98.6681,98.6681,98.6681,0
2021-04-21,100.9351,100.9351,100.9351,100.9351,0
2021-04-22,100.3453,100.3453,100.3453,100.3453,0
2021-04-23,102.2068,102.2068,102.2068,102.2068,0
2021-04-26,102.7045,102.7045,102.7045,102.7045,0
2021-04-27,103.0454,103.0454,103.0454,103.0454,0
2021-04-28,103.2389,103.2389,103.2389,103.2389,0
2021-04-29,103.3034,103.3034,103.3034,103.3034,0
2021-04-30,101.8659,101.8659,101.8659,101.8659,0
2021-05-03,103.0178,103.0178,103.0178,103.0178,0
2021-05-04,102.5478,102.5478,102.5478,102.5478,0
2021-05-05,102.5017,102.5017,102.5017,102.5017,0
2021-05-06,103.1836,103.1836,103.1836,103.1836,0
2021-05-07,103.9577,103.9577,103.9577,103.9577,0
2021-05-10,101.8198,101.8198,101.8198,101.8198,0
2021-05-11,101.1471,101.1471,101.1471,101.1471,0
2021-05-12,98.0323,98.0323,98.0323,98.0323,0
2021-05-13,100.4928,100.4928,100.4928,100.4928,0
2021-05-14,102.5017,102.5017,102.5017,102.5017,0
2021-05-17,102.7597,102.7597,102.7597,102.7597,0
2021-05-18,101.7461,101.7461,101.7461,101.7461,0
2021-05-19,101.0826,101.0826,101.0826,101.0826,0
2021-05-20,101.2945,101.2945,101.2945,101.2945,0
2021-05-21,101.7829,101.7829,101.7829,101.7829,0
2021-05-24,102.299,102.299,102.299,102.299,0
2021-05-25,101.1379,101.1379,101.1379,101.1379,0
2021-05-26,103.2942,103.2942,103.2942,103.2942,0
2021-05-27,104.2987,104.2987,104.2987,104.2987,0
2021-05-28,103.9946,103.9946,103.9946,103.9946,0
2021-06-01,105.7731,105.7731,105.7731,105.7731,0
2021-06-02,105.4506,105.4506,105.4506,105.4506,0
2021-06-03,104.5567,104.5567,104.5567,104.5567,0
2021-06-04,104.9345,104.9345,104.9345,104.9345,0
2021-06-07,105.9575,105.9575,105.9575,105.9575,0
2021-06-08,107.1739,107.1739,107.1739,107.1739,0
2021-06-09,106.3814,106.3814,106.3814,106.3814,0
2021-06-10,104.7125,104.7125,104.7125,104.7125,0
2021-06-11,105.7653,105.7653,105.7653,105.7653,0
2021-06-14,105.2481,105.2481,105.2481,105.2481,0
2021-06-15,105.4329,105.4329,105.4329,105.4329,0
2021-06-16,105.3959,105.3959,105.3959,105.3959,0
2021-06-17,103.5396,103.5396,103.5396,103.5396,0
2021-06-18,100.8336,100.8336,100.8336,100.8336,0
2021-06-21,103.0963,103.0963,103.0963,103.0963,0
2021-06-22,103.6689,103.6689,103.6689,103.6689,0
2021-06-23,103.8444,103.8444,103.8444,103.8444,0
2021-06-24,105.2297,105.2297,105.2297,105.2297,0
2021-06-25,105.3405,105.3405,105.3405,105.3405,0
2021-06-28,104.2599,104.2599,104.2599,104.2599,0
2021-06-29,104.0198,104.0198,104.0198,104.0198,0
2021-06-30,104.3431,104.3431,104.3431,104.3431,0
2021-07-01,104.9988,104.9988,104.9988,104.9988,0
2021-07-02,103.8905,103.8905,103.8905,103.8905,0
2021-07-06,102.3759,102.3759,102.3759,102.3759,0
2021-07-07,101.6925,101.6925,101.6925,101.6925,0
2021-07-08,100.5011,100.5011,100.5011,100.5011,0
2021-07-09,103.0593,103.0593,103.0593,103.0593,0
2021-07-12,103.5488,103.5488,103.5488,103.5488,0
2021-07-13,101.6094,101.6094,101.6094,101.6094,0
2021-07-14,100.418,100.418,100.418,100.418,0
2021-07-15,99.9654,99.9654,99.9654,99.9654,0
2021-07-16,98.5154,98.5154,98.5154,98.5154,0
2021-07-19,96.6222,96.6222,96.6222,96.6222,0
2021-07-20,99.5313,99.5313,99.5313,99.5313,0
2021-07-21,101.1937,101.1937,101.1937,101.1937,0
2021-07-22,99.3005,99.3005,99.3005,99.3005,0
2021-07-23,100.1132,100.1132,100.1132,100.1132,0
2021-07-26,100.9998,100.9998,100.9998,100.9998,0
2021-07-27,100.0485,100.0485,100.0485,100.0485,0
2021-07-28,100.8982,100.8982,100.8982,100.8982,0
2021-07-29,102.1543,102.1543,102.1543,102.1543,0
2021-07-30,101.831,101.831,101.831,101.831,0
2021-08-02,101.1845,101.1845,101.1845,101.1845,0
2021-08-03,102.1173,102.1173,102.1173,102.1173,0
2021-08-04,100.3164,100.3164,100.3164,100.3164,0
2021-08-05,101.7202,101.7202,101.7202,101.7202,0
2021-08-06,102.967,102.967,102.967,102.967,0
2021-08-09,102.0988,102.0988,102.0988,102.0988,0
2021-08-10,103.087,103.087,103.087,103.087,0
2021-08-11,103.8074,103.8074,103.8074,103.8074,0
2021-08-12,103.281,103.281,103.281,103.281,0
2021-08-13,102.5237,102.5237,102.5237,102.5237,0
2021-08-16,102.0157,102.0157,102.0157,102.0157,0
2021-08-17,100.538,100.538,100.538,100.538,0
2021-08-18,99.7253,99.7253,99.7253,99.7253,0
2021-08-19,98.8387,98.8387,98.8387,98.8387,0
2021-08-20,100.3348,100.3348,100.3348,100.3348,0
2021-08-23,101.6094,101.6094,101.6094,101.6094,0
2021-08-24,102.3205,102.3205,102.3205,102.3205,0
2021-08-25,102.6991,102.6991,102.6991,102.6991,0
2021-08-26,101.5632,101.5632,101.5632,101.5632,0
2021-08-27,104.5462,104.5462,104.5462,104.5462,0
2021-08-30,103.9274,103.9274,103.9274,103.9274,0
2021-08-31,103.7797,103.7797,103.7797,103.7797,0
2021-09-01,104.2599,104.2599,104.2599,104.2599,0
2021-09-02,104.7032,104.7032,104.7032,104.7032,0
2021-09-03,104.0568,104.0568,104.0568,104.0568,0
2021-09-07,103.1055,103.1055,103.1055,103.1055,0
2021-09-08,102.2374,102.2374,102.2374,102.2374,0
2021-09-09,101.9788,101.9788,101.9788,101.9788,0
2021-09-10,100.9444,100.9444,100.9444,100.9444,0
2021-09-13,101.7109,101.7109,101.7109,101.7109,0
2021-09-14,100.4087,100.4087,100.4087,100.4087,0
2021-09-15,101.4893,101.4893,101.4893,101.4893,0
2021-09-16,101.1106,101.1106,101.1106,101.1106,0
2021-09-17,101.0552,101.0552,101.0552,101.0552,0
2021-09-20,99.3282,99.3282,99.3282,99.3282,0
2021-09-21,99.1435,99.1435,99.1435,99.1435,0
2021-09-22,100.7504,100.7504,100.7504,100.7504,0
2021-09-23,102.4682,102.4682,102.4682,102.4682,0
2021-09-24,102.33,102.33,102.33,102.33,0
2021-09-27,104.2133,104.2133,104.2133,104.2133,0
2021-09-28,102.7289,102.7289,102.7289,102.7289,0
2021-09-29,103.0444,103.0444,103.0444,103.0444,0
2021-09-30,101.3002,101.3002,101.3002,101.3002,0
2021-10-01,103.2949,103.2949,103.2949,103.2949,0
2021-10-04,102.933,102.933,102.933,102.933,0
2021-10-05,103.2114,103.2114,103.2114,103.2114,0
2021-10-06,102.4784,102.4784,102.4784,102.4784,0
2021-10-07,104.0371,104.0371,104.0371,104.0371,0
2021-10-08,103.3598,103.3598,103.3598,103.3598,0
2021-10-11,102.7753,102.7753,102.7753,102.7753,0
2021-10-12,103.0537,103.0537,103.0537,103.0537,0
2021-10-13,103.0165,103.0165,103.0165,103.0165,0
2021-10-14,104.3989,104.3989,104.3989,104.3989,0
2021-10-15,103.9072,103.9072,103.9072,103.9072,0
2021-10-18,104.0835,104.0835,104.0835,104.0835,0
2021-10-19,104.2504,104.2504,104.2504,104.2504,0
2021-10-20,105.039,105.039,105.039,105.039,0
2021-10-21,105.1503,105.1503,105.1503,105.1503,0
2021-10-22,105.2153,105.2153,105.2153,105.2153,0
2021-10-25,106.0967,106.0967,106.0967,106.0967,0
2021-10-26,105.1132,105.1132,105.1132,105.1132,0
2021-10-27,103.0537,103.0537,103.0537,103.0537,0
2021-10-28,105.0483,105.0483,105.0483,105.0483,0
2021-10-29,104.8906,104.8906,104.8906,104.8906,0
2021-11-01,107.3213,107.3213,107.3213,107.3213,0
2021-11-02,107.21,107.21,107.21,107.21,0
2021-11-03,109.5479,109.5479,109.5479,109.5479,0
2021-11-04,109.2695,109.2695,109.2695,109.2695,0
2021-11-05,111.6167,111.6167,111.6167,111.6167,0
2021-11-08,111.626,111.626,111.626,111.626,0
2021-11-09,111.4683,111.4683,111.4683,111.4683,0
2021-11-10,110.2344,110.2344,110.2344,110.2344,0
2021-11-11,111.0879,111.0879,111.0879,111.0879,0
2021-11-12,110.8374,110.8374,110.8374,110.8374,0
2021-11-15,110.9116,110.9116,110.9116,110.9116,0
2021-11-16,111.19,111.19,111.19,111.19,0
2021-11-17,109.9839,109.9839,109.9839,109.9839,0
2021-11-18,109.7983,109.7983,109.7983,109.7983,0
2021-11-19,108.5088,108.5088,108.5088,108.5088,0
2021-11-22,109.2139,109.2139,109.2139,109.2139,0
2021-11-23,109.3159,109.3159,109.3159,109.3159,0
2021-11-24,108.9727,108.9727,108.9727,108.9727,0
2021-11-26,104.8813,104.8813,104.8813,104.8813,0
2021-11-29,104.6308,104.6308,104.6308,104.6308,0
2021-11-30,102.3393,102.3393,102.3393,102.3393,0
2021-12-01,100.8178,100.8178,100.8178,100.8178,0
2021-12-02,103.6288,103.6288,103.6288,103.6288,0
2021-12-03,102.4135,102.4135,102.4135,102.4135,0
2021-12-06,104.8628,104.8628,104.8628,104.8628,0
2021-12-07,106.3193,106.3193,106.3193,106.3193,0
2021-12-08,106.7461,106.7461,106.7461,106.7461,0
2021-12-09,105.0205,105.0205,105.0205,105.0205,0
2021-12-10,105.0298,105.0298,105.0298,105.0298,0
2021-12-13,103.2873,103.2873,103.2873,103.2873,0
2021-12-14,102.699,102.699,102.699,102.699,0
2021-12-15,104.0343,104.0343,104.0343,104.0343,0
2021-12-16,102.2601,102.2601,102.2601,102.2601,0
2021-12-17,102.5122,102.5122,102.5122,102.5122,0
2021-12-20,101.0929,101.0929,101.0929,101.0929,0
2021-12-21,104.0437,104.0437,104.0437,104.0437,0
2021-12-22,105.2576,105.2576,105.2576,105.2576,0
2021-12-23,105.8272,105.8272,105.8272,105.8272,0
2021-12-27,107.4053,107.4053,107.4053,107.4053,0
2021-12-28,107.0878,107.0878,107.0878,107.0878,0
2021-12-29,107.5547,107.5547,107.5547,107.5547,0
2021-12-30,107.0598,107.0598,107.0598,107.0598,0
2021-12-31,106.9291,106.9291,106.9291,106.9291,0
2022-01-03,108.1057,108.1057,108.1057,108.1057,0
2022-01-04,108.9648,108.9648,108.9648,108.9648,0
2022-01-05,106.1727,106.1727,106.1727,106.1727,0
2022-01-06,106.8637,106.8637,106.8637,106.8637,0
2022-01-07,105.6685,105.6685,105.6685,105.6685,0
2022-01-10,105.2389,105.2389,105.2389,105.2389,0
2022-01-11,106.0046,106.0046,106.0046,106.0046,0
2022-01-12,105.5844,105.5844,105.5844,105.5844,0
2022-01-13,105.491,105.491,105.491,105.491,0
2022-01-14,105.9766,105.9766,105.9766,105.9766,0
2022-01-18,103.2219,103.2219,103.2219,103.2219,0
2022-01-19,101.4104,101.4104,101.4104,101.4104,0
2022-01-20,99.2626,99.2626,99.2626,99.2626,0
2022-01-21,97.8619,97.8619,97.8619,97.8619,0
2022-01-24,100.1871,100.1871,100.1871,100.1871,0
2022-01-25,99.0759,99.0759,99.0759,99.0759,0
2022-01-26,97.5164,97.5164,97.5164,97.5164,0
2022-01-27,95.5461,95.5461,95.5461,95.5461,0
2022-01-28,97.1336,97.1336,97.1336,97.1336,0
2022-01-31,99.2159,99.2159,99.2159,99.2159,0
2022-02-01,99.8696,99.8696,99.8696,99.8696,0
2022-02-02,99.412,99.412,99.412,99.412,0
2022-02-03,98.0207,98.0207,98.0207,98.0207,0
2022-02-04,98.0207,98.0207,98.0207,98.0207,0
2022-02-07,98.1234,98.1234,98.1234,98.1234,0
2022-02-08,99.8509,99.8509,99.8509,99.8509,0
2022-02-09,100.9902,100.9902,100.9902,100.9902,0
2022-02-10,99.6268,99.6268,99.6268,99.6268,0
2022-02-11,99.3467,99.3467,99.3467,99.3467,0
2022-02-14,99.1412,99.1412,99.1412,99.1412,0
2022-02-15,101.289,101.289,101.289,101.289,0
2022-02-16,101.6065,101.6065,101.6065,101.6065,0
2022-02-17,99.6828,99.6828,99.6828,99.6828,0
2022-02-18,99.1319,99.1319,99.1319,99.1319,0
2022-02-22,97.7405,97.7405,97.7405,97.7405,0
2022-02-23,96.3118,96.3118,96.3118,96.3118,0
2022-02-24,97.9366,97.9366,97.9366,97.9366,0
2022-02-25,100.1311,100.1311,100.1311,100.1311,0
2022-02-28,100.5793,100.5793,100.5793,100.5793,0
2022-03-01,98.7117,98.7117,98.7117,98.7117,0
2022-03-02,101.3823,101.3823,101.3823,101.3823,0
2022-03-03,100.6446,100.6446,100.6446,100.6446,0
2022-03-04,99.2906,99.2906,99.2906,99.2906,0
2022-03-07,97.0682,97.0682,97.0682,97.0682,0
2022-03-08,97.3483,97.3483,97.3483,97.3483,0
2022-03-09,99.4961,99.4961,99.4961,99.4961,0
2022-03-10,99.4214,99.4214,99.4214,99.4214,0
2022-03-11,98.1981,98.1981,98.1981,98.1981,0
2022-03-14,97.1149,97.1149,97.1149,97.1149,0
2022-03-15,98.1327,98.1327,98.1327,98.1327,0
2022-03-16,100.5886,100.5886,100.5886,100.5886,0
2022-03-17,101.8306,101.8306,101.8306,101.8306,0
2022-03-18,102.3442,102.3442,102.3442,102.3442,0
2022-03-21,101.7745,101.7745,101.7745,101.7745,0
2022-03-22,102.2041,102.2041,102.2041,102.2041,0
2022-03-23,100.3832,100.3832,100.3832,100.3832,0
2022-03-24,101.2333,101.2333,101.2333,101.2333,0
2022-03-25,101.8225,101.8225,101.8225,101.8225,0
2022-03-28,101.5046,101.5046,101.5046,101.5046,0
2022-03-29,103.9176,103.9176,103.9176,103.9176,0
2022-03-30,101.9628,101.9628,101.9628,101.9628,0
2022-03-31,100.8966,100.8966,100.8966,100.8966,0
2022-04-01,101.9628,101.9628,101.9628,101.9628,0
2022-04-04,101.5513,101.5513,101.5513,101.5513,0
2022-04-05,99.2599,99.2599,99.2599,99.2599,0
2022-04-06,98.1657,98.1657,98.1657,98.1657,0
2022-04-07,98.0534,98.0534,98.0534,98.0534,0
2022-04-08,97.4922,97.4922,97.4922,97.4922,0
2022-04-11,96.8656,96.8656,96.8656,96.8656,0
2022-04-12,97.4361,97.4361,97.4361,97.4361,0
2022-04-13,99.0261,99.0261,99.0261,99.0261,0
2022-04-14,98.3434,98.3434,98.3434,98.3434,0
2022-04-18,97.9879,97.9879,97.9879,97.9879,0
2022-04-19,99.8865,99.8865,99.8865,99.8865,0
2022-04-20,100.588,100.588,100.588,100.588,0
2022-04-21,98.998,98.998,98.998,98.998,0
2022-04-22,96.557,96.557,96.557,96.557,0
2022-04-25,96.8095,96.8095,96.8095,96.8095,0
2022-04-26,93.9944,93.9944,93.9944,93.9944,0
2022-04-27,93.6296,93.6296,93.6296,93.6296,0
2022-04-28,95.4908,95.4908,95.4908,95.4908,0
2022-04-29,92.9843,92.9843,92.9843,92.9843,0
2022-05-02,93.667,93.667,93.667,93.667,0
2022-05-03,94.6677,94.6677,94.6677,94.6677,0
2022-05-04,97.0714,97.0714,97.0714,97.0714,0
2022-05-05,93.6015,93.6015,93.6015,93.6015,0
2022-05-06,92.6008,92.6008,92.6008,92.6008,0
2022-05-09,89.9914,89.9914,89.9914,89.9914,0
2022-05-10,89.4396,89.4396,89.4396,89.4396,0
2022-05-11,87.9151,87.9151,87.9151,87.9151,0
2022-05-12,89.0374,89.0374,89.0374,89.0374,0
2022-05-13,91.1512,91.1512,91.1512,91.1512,0
2022-05-16,90.8799,90.8799,90.8799,90.8799,0
2022-05-17,93.5922,93.5922,93.5922,93.5922,0
2022-05-18,90.6929,90.6929,90.6929,90.6929,0
2022-05-19,90.2346,90.2346,90.2346,90.2346,0
2022-05-20,89.8792,89.8792,89.8792,89.8792,0
2022-05-23,90.8238,90.8238,90.8238,90.8238,0
2022-05-24,89.8044,89.8044,89.8044,89.8044,0
2022-05-25,91.6656,91.6656,91.6656,91.6656,0
2022-05-26,93.5922,93.5922,93.5922,93.5922,0
2022-05-27,95.7714,95.7714,95.7714,95.7714,0
2022-05-31,94.7239,94.7239,94.7239,94.7239,0
2022-06-01,94.462,94.462,94.462,94.462,0
2022-06-02,96.3045,96.3045,96.3045,96.3045,0
2022-06-03,95.4066,95.4066,95.4066,95.4066,0
2022-06-06,96.0145,96.0145,96.0145,96.0145,0
2022-06-07,97.0527,97.0527,97.0527,97.0527,0
2022-06-08,95.4347,95.4347,95.4347,95.4347,0
2022-06-09,93.6637,93.6637,93.6637,93.6637,0
2022-06-10,91.2998,91.2998,91.2998,91.2998,0
2022-06-13,87.2662,87.2662,87.2662,87.2662,0
2022-06-14,86.9941,86.9941,86.9941,86.9941,0
2022-06-15,87.829,87.829,87.829,87.829,0
2022-06-16,83.514,83.514,83.514,83.514,0
2022-06-17,84.0299,84.0299,84.0299,84.0299,0
2022-06-21,85.3432,85.3432,85.3432,85.3432,0
2022-06-22,85.165,85.165,85.165,85.165,0
2022-06-23,85.8122,85.8122,85.8122,85.8122,0
2022-06-24,88.4294,88.4294,88.4294,88.4294,0
2022-06-27,89.161,89.161,89.161,89.161,0
2022-06-28,87.8384,87.8384,87.8384,87.8384,0
2022-06-29,87.0504,87.0504,87.0504,87.0504,0
2022-06-30,86.6846,86.6846,86.6846,86.6846,0
2022-07-01,87.5007,87.5007,87.5007,87.5007,0
2022-07-05,87.5664,87.5664,87.5664,87.5664,0
2022-07-06,86.5814,86.5814,86.5814,86.5814,0
2022-07-07,88.1104,88.1104,88.1104,88.1104,0
2022-07-08,87.9322,87.9322,87.9322,87.9322,0
2022-07-11,86.7409,86.7409,86.7409,86.7409,0
2022-07-12,86.6096,86.6096,86.6096,86.6096,0
2022-07-13,86.3844,86.3844,86.3844,86.3844,0
2022-07-14,85.5871,85.5871,85.5871,85.5871,0
2022-07-15,87.3694,87.3694,87.3694,87.3694,0
2022-07-18,87.36,87.36,87.36,87.36,0
2022-07-19,90.4462,90.4462,90.4462,90.4462,0
2022-07-20,91.7594,91.7594,91.7594,91.7594,0
2022-07-21,91.9658,91.9658,91.9658,91.9658,0
2022-07-22,91.1591,91.1591,91.1591,91.1591,0
2022-07-25,91.6844,91.6844,91.6844,91.6844,0
2022-07-26,91.1966,91.1966,91.1966,91.1966,0
2022-07-27,93.2603,93.2603,93.2603,93.2603,0
2022-07-28,94.5266,94.5266,94.5266,94.5266,0
2022-07-29,95.2958,95.2958,95.2958,95.2958,0
2022-08-01,95.5866,95.5866,95.5866,95.5866,0
2022-08-02,94.7518,94.7518,94.7518,94.7518,0
2022-08-03,95.6617,95.6617,95.6617,95.6617,0
2022-08-04,94.8362,94.8362,94.8362,94.8362,0
2022-08-05,95.324,95.324,95.324,95.324,0
2022-08-08,95.9431,95.9431,95.9431,95.9431,0
2022-08-09,94.6111,94.6111,94.6111,94.6111,0
2022-08-10,96.6466,96.6466,96.6466,96.6466,0
2022-08-11,97.3032,97.3032,97.3032,97.3032,0
2022-08-12,99.0386,99.0386,99.0386,99.0386,0
2022-08-15,99.4608,99.4608,99.4608,99.4608,0
2022-08-16,99.9016,99.9016,99.9016,99.9016,0
2022-08-17,98.5415,98.5415,98.5415,98.5415,0
2022-08-18,99.3951,99.3951,99.3951,99.3951,0
2022-08-19,97.5941,97.5941,97.5941,97.5941,0
2022-08-22,95.4272,95.4272,95.4272,95.4272,0
2022-08-23,95.3615,95.3615,95.3615,95.3615,0
2022-08-24,95.6242,95.6242,95.6242,95.6242,0
2022-08-25,97.4346,97.4346,97.4346,97.4346,0
2022-08-26,94.3484,94.3484,94.3484,94.3484,0
2022-08-29,93.4667,93.4667,93.4667,93.4667,0
2022-08-30,92.0502,92.0502,92.0502,92.0502,0
2022-08-31,91.1778,91.1778,91.1778,91.1778,0
2022-09-01,90.0897,90.0897,90.0897,90.0897,0
2022-09-02,89.4237,89.4237,89.4237,89.4237,0
2022-09-06,88.2699,88.2699,88.2699,88.2699,0
2022-09-07,89.7989,89.7989,89.7989,89.7989,0
2022-09-08,90.2023,90.2023,90.2023,90.2023,0
2022-09-09,91.9377,91.9377,91.9377,91.9377,0
2022-09-12,93.0539,93.0539,93.0539,93.0539,0
2022-09-13,89.4894,89.4894,89.4894,89.4894,0
2022-09-14,89.5269,89.5269,89.5269,89.5269,0
2022-09-15,88.7577,88.7577,88.7577,88.7577,0
2022-09-16,88.1386,88.1386,88.1386,88.1386,0
2022-09-19,89.1423,89.1423,89.1423,89.1423,0
2022-09-20,88.0448,88.0448,88.0448,88.0448,0
2022-09-21,87.0223,87.0223,87.0223,87.0223,0
2022-09-22,85.1837,85.1837,85.1837,85.1837,0
2022-09-23,83.3452,83.3452,83.3452,83.3452,0
2022-09-26,82.0676,82.0676,82.0676,82.0676,0
2022-09-27,82.1336,82.1336,82.1336,82.1336,0
2022-09-28,84.3682,84.3682,84.3682,84.3682,0
2022-09-29,82.6899,82.6899,82.6899,82.6899,0
2022-09-30,82.209,82.209,82.209,82.209,0
2022-10-03,84.2833,84.2833,84.2833,84.2833,0
2022-10-04,87.4891,87.4891,87.4891,87.4891,0
2022-10-05,86.9328,86.9328,86.9328,86.9328,0
2022-10-06,86.4708,86.4708,86.4708,86.4708,0
2022-10-07,84.3305,84.3305,84.3305,84.3305,0
2022-10-10,84.3399,84.3399,84.3399,84.3399,0
2022-10-11,84.5567,84.5567,84.5567,84.5567,0
2022-10-12,84.0005,84.0005,84.0005,84.0005,0
2022-10-13,86.1502,86.1502,86.1502,86.1502,0
2022-10-14,84.1702,84.1702,84.1702,84.1702,0
2022-10-17,86.4991,86.4991,86.4991,86.4991,0
2022-10-18,87.5079,87.5079,87.5079,87.5079,0
2022-10-19,86.2068,86.2068,86.2068,86.2068,0
2022-10-20,84.9433,84.9433,84.9433,84.9433,0
2022-10-21,86.9705,86.9705,86.9705,86.9705,0
2022-10-24,87.7248,87.7248,87.7248,87.7248,0
2022-10-25,89.7897,89.7897,89.7897,89.7897,0
2022-10-26,90.1669,90.1669,90.1669,90.1669,0
2022-10-27,90.4592,90.4592,90.4592,90.4592,0
2022-10-28,92.3449,92.3449,92.3449,92.3449,0
2022-10-31,92.326,92.326,92.326,92.326,0
2022-11-01,92.6937,92.6937,92.6937,92.6937,0
2022-11-02,89.5728,89.5728,89.5728,89.5728,0
2022-11-03,89.0637,89.0637,89.0637,89.0637,0
2022-11-04,90.4592,90.4592,90.4592,90.4592,0
2022-11-07,91.3455,91.3455,91.3455,91.3455,0
2022-11-08,91.4774,91.4774,91.4774,91.4774,0
2022-11-09,89.356,89.356,89.356,89.356,0
2022-11-10,94.6172,94.6172,94.6172,94.6172,0
2022-11-11,95.1358,95.1358,95.1358,95.1358,0
2022-11-14,94.2023,94.2023,94.2023,94.2023,0
2022-11-15,95.4186,95.4186,95.4186,95.4186,0
2022-11-16,93.8441,93.8441,93.8441,93.8441,0
2022-11-17,93.4669,93.4669,93.4669,93.4669,0
2022-11-18,94.108,94.108,94.108,94.108,0
2022-11-21,93.8063,93.8063,93.8063,93.8063,0
2022-11-22,94.9472,94.9472,94.9472,94.9472,0
2022-11-23,95.0604,95.0604,95.0604,95.0604,0
2022-11-25,95.2678,95.2678,95.2678,95.2678,0
2022-11-28,93.4292,93.4292,93.4292,93.4292,0
2022-11-29,93.7686,93.7686,93.7686,93.7686,0
2022-11-30,96.0221,96.0221,96.0221,96.0221,0
2022-12-01,95.9089,95.9089,95.9089,95.9089,0
2022-12-02,96.2955,96.2955,96.2955,96.2955,0
2022-12-05,93.6083,93.6083,93.6083,93.6083,0
2022-12-06,92.7126,92.7126,92.7126,92.7126,0
2022-12-07,92.326,92.326,92.326,92.326,0
2022-12-08,92.7597,92.7597,92.7597,92.7597,0
2022-12-09,91.7697,91.7697,91.7697,91.7697,0
2022-12-12,92.7597,92.7597,92.7597,92.7597,0
2022-12-13,93.0741,93.0741,93.0741,93.0741,0
2022-12-14,92.364,92.364,92.364,92.364,0
2022-12-15,90.1389,90.1389,90.1389,90.1389,0
2022-12-16,89.3151,89.3151,89.3151,89.3151,0
2022-12-19,88.6808,88.6808,88.6808,88.6808,0
2022-12-20,88.9743,88.9743,88.9743,88.9743,0
2022-12-21,90.3567,90.3567,90.3567,90.3567,0
2022-12-22,89.2394,89.2394,89.2394,89.2394,0
2022-12-23,89.8264,89.8264,89.8264,89.8264,0
2022-12-27,89.7791,89.7791,89.7791,89.7791,0
2022-12-28,88.0748,88.0748,88.0748,88.0748,0
2022-12-29,90.0158,90.0158,90.0158,90.0158,0
2022-12-30,89.6087,89.6087,89.6087,89.6087,0
2023-01-03,89.4761,89.4761,89.4761,89.4761,0
2023-01-04,90.5555,90.5555,90.5555,90.5555,0
2023-01-05,89.7696,89.7696,89.7696,89.7696,0
2023-01-06,91.8811,91.8811,91.8811,91.8811,0
2023-01-09,91.8716,91.8716,91.8716,91.8716,0
2023-01-10,93.0551,93.0551,93.0551,93.0551,0
2023-01-11,94.1061,94.1061,94.1061,94.1061,0
2023-01-12,95.4317,95.4317,95.4317,95.4317,0
2023-01-13,96.0188,96.0188,96.0188,96.0188,0
2023-01-17,95.6779,95.6779,95.6779,95.6779,0
2023-01-18,94.1724,94.1724,94.1724,94.1724,0
2023-01-19,93.3676,93.3676,93.3676,93.3676,0
2023-01-20,94.7689,94.7689,94.7689,94.7689,0
2023-01-23,95.8104,95.8104,95.8104,95.8104,0
2023-01-24,95.4791,95.4791,95.4791,95.4791,0
2023-01-25,95.7158,95.7158,95.7158,95.7158,0
2023-01-26,96.3975,96.3975,96.3975,96.3975,0
2023-01-27,96.7857,96.7857,96.7857,96.7857,0
2023-01-30,95.7158,95.7158,95.7158,95.7158,0
2023-01-31,98.1302,98.1302,98.1302,98.1302,0
2023-02-01,99.6546,99.6546,99.6546,99.6546,0
2023-02-02,101.9554,101.9554,101.9554,101.9554,0
2023-02-03,101.6809,101.6809,101.6809,101.6809,0
2023-02-06,99.9955,99.9955,99.9955,99.9955,0
2023-02-07,100.6961,100.6961,100.6961,100.6961,0
2023-02-08,99.1717,99.1717,99.1717,99.1717,0
2023-02-09,97.8935,97.8935,97.8935,97.8935,0
2023-02-10,98.1207,98.1207,98.1207,98.1207,0
2023-02-13,99.3895,99.3895,99.3895,99.3895,0
2023-02-14,99.0676,99.0676,99.0676,99.0676,0
2023-02-15,100.005,100.005,100.005,100.005,0
2023-02-16,99.3421,99.3421,99.3421,99.3421,0
2023-02-17,99.5126,99.5126,99.5126,99.5126,0
2023-02-21,96.5395,96.5395,96.5395,96.5395,0
2023-02-22,96.9088,96.9088,96.9088,96.9088,0
2023-02-23,97.5053,97.5053,97.5053,97.5053,0
2023-02-24,96.7573,96.7573,96.7573,96.7573,0
2023-02-27,96.9751,96.9751,96.9751,96.9751,0
2023-02-28,96.9467,96.9467,96.9467,96.9467,0
2023-03-01,97.1739,97.1739,97.1739,97.1739,0
2023-03-02,97.4674,97.4674,97.4674,97.4674,0
2023-03-03,98.6036,98.6036,98.6036,98.6036,0
2023-03-06,96.3691,96.3691,96.3691,96.3691,0
2023-03-07,95.4128,95.4128,95.4128,95.4128,0
2023-03-08,95.5737,95.5737,95.5737,95.5737,0
2023-03-09,93.396,93.396,93.396,93.396,0
2023-03-10,91.0573,91.0573,91.0573,91.0573,0
2023-03-13,88.8512,88.8512,88.8512,88.8512,0
2023-03-14,90.6597,90.6597,90.6597,90.6597,0
2023-03-15,89.211,89.211,89.211,89.211,0
2023-03-16,90.6312,90.6312,90.6312,90.6312,0
2023-03-17,88.0559,88.0559,88.0559,88.0559,0
2023-03-20,89.3436,89.3436,89.3436,89.3436,0
2023-03-21,90.8396,90.8396,90.8396,90.8396,0
2023-03-22,88.4062,88.4062,88.4062,88.4062,0
2023-03-23,87.6736,87.6736,87.6736,87.6736,0
2023-03-24,88.6048,88.6048,88.6048,88.6048,0
2023-03-27,89.555,89.555,89.555,89.555,0
2023-03-28,89.6215,89.6215,89.6215,89.6215,0
2023-03-29,90.2296,90.2296,90.2296,90.2296,0
2023-03-30,90.2011,90.2011,90.2011,90.2011,0
2023-03-31,91.8829,91.8829,91.8829,91.8829,0
2023-04-03,91.9684,91.9684,91.9684,91.9684,0
2023-04-04,90.1441,90.1441,90.1441,90.1441,0
2023-04-05,89.4504,89.4504,89.4504,89.4504,0
2023-04-06,89.479,89.479,89.479,89.479,0
2023-04-10,90.6192,90.6192,90.6192,90.6192,0
2023-04-11,91.2463,91.2463,91.2463,91.2463,0
2023-04-12,90.4956,90.4956,90.4956,90.4956,0
2023-04-13,91.2653,91.2653,91.2653,91.2653,0
2023-04-14,90.5336,90.5336,90.5336,90.5336,0
2023-04-17,91.0848,91.0848,91.0848,91.0848,0
2023-04-18,90.6002,90.6002,90.6002,90.6002,0
2023-04-19,90.8757,90.8757,90.8757,90.8757,0
2023-04-20,90.4671,90.4671,90.4671,90.4671,0
2023-04-21,90.2866,90.2866,90.2866,90.2866,0
2023-04-24,90.3341,90.3341,90.3341,90.3341,0
2023-04-25,87.9586,87.9586,87.9586,87.9586,0
2023-04-26,87.1415,87.1415,87.1415,87.1415,0
2023-04-27,88.5002,88.5002,88.5002,88.5002,0
2023-04-28,89.3174,89.3174,89.3174,89.3174,0
2023-05-01,89.2889,89.2889,89.2889,89.2889,0
2023-05-02,87.6261,87.6261,87.6261,87.6261,0
2023-05-03,87.6546,87.6546,87.6546,87.6546,0
2023-05-04,86.5999,86.5999,86.5999,86.5999,0
2023-05-05,88.6903,88.6903,88.6903,88.6903,0
2023-05-08,88.3007,88.3007,88.3007,88.3007,0
2023-05-09,87.7781,87.7781,87.7781,87.7781,0
2023-05-10,88.0917,88.0917,88.0917,88.0917,0
2023-05-11,87.493,87.493,87.493,87.493,0
2023-05-12,87.2365,87.2365,87.2365,87.2365,0
2023-05-15,88.2057,88.2057,88.2057,88.2057,0
2023-05-16,87.037,87.037,87.037,87.037,0
2023-05-17,89.1274,89.1274,89.1274,89.1274,0
2023-05-18,89.935,89.935,89.935,89.935,0
2023-05-19,89.2604,89.2604,89.2604,89.2604,0
2023-05-22,89.9445,89.9445,89.9445,89.9445,0
2023-05-23,89.8305,89.8305,89.8305,89.8305,0
2023-05-24,88.7283,88.7283,88.7283,88.7283,0
2023-05-25,88.4242,88.4242,88.4242,88.4242,0
2023-05-26,89.4029,89.4029,89.4029,89.4029,0
2023-05-30,88.9848,88.9848,88.9848,88.9848,0
2023-05-31,87.8256,87.8256,87.8256,87.8256,0
2023-06-01,88.5763,88.5763,88.5763,88.5763,0
2023-06-02,92.225,92.225,92.225,92.225,0
2023-06-05,90.3246,90.3246,90.3246,90.3246,0
2023-06-06,92.8996,92.8996,92.8996,92.8996,0
2023-06-07,95.1797,95.1797,95.1797,95.1797,0
2023-06-08,94.5789,94.5789,94.5789,94.5789,0
2023-06-09,93.797,93.797,93.797,93.797,0
2023-06-12,94.0354,94.0354,94.0354,94.0354,0
2023-06-13,94.7887,94.7887,94.7887,94.7887,0
2023-06-14,93.6444,93.6444,93.6444,93.6444,0
2023-06-15,94.5026,94.5026,94.5026,94.5026,0
2023-06-16,94.064,94.064,94.064,94.064,0
2023-06-20,93.7016,93.7016,93.7016,93.7016,0
2023-06-21,93.5872,93.5872,93.5872,93.5872,0
2023-06-22,92.5954,92.5954,92.5954,92.5954,0
2023-06-23,91.1078,91.1078,91.1078,91.1078,0
2023-06-26,91.6895,91.6895,91.6895,91.6895,0
2023-06-27,93.282,93.282,93.282,93.282,0
2023-06-28,93.3964,93.3964,93.3964,93.3964,0
2023-06-29,94.9413,94.9413,94.9413,94.9413,0
2023-06-30,95.0271,95.0271,95.0271,95.0271,0
2023-07-03,95.6279,95.6279,95.6279,95.6279,0
2023-07-05,94.207,94.207,94.207,94.207,0
2023-07-06,92.9101,92.9101,92.9101,92.9101,0
2023-07-07,93.8256,93.8256,93.8256,93.8256,0
2023-07-10,95.0557,95.0557,95.0557,95.0557,0
2023-07-11,95.933,95.933,95.933,95.933,0
2023-07-12,96.982,96.982,96.982,96.982,0
2023-07-13,97.5256,97.5256,97.5256,97.5256,0
2023-07-14,96.7055,96.7055,96.7055,96.7055,0
2023-07-17,97.4779,97.4779,97.4779,97.4779,0
2023-07-18,98.8225,98.8225,98.8225,98.8225,0
2023-07-19,99.366,99.366,99.366,99.366,0
2023-07-20,98.6222,98.6222,98.6222,98.6222,0
2023-07-21,98.2598,98.2598,98.2598,98.2598,0
2023-07-24,98.8225,98.8225,98.8225,98.8225,0
2023-07-25,98.7939,98.7939,98.7939,98.7939,0
2023-07-26,99.5186,99.5186,99.5186,99.5186,0
2023-07-27,98.4601,98.4601,98.4601,98.4601,0
2023-07-28,99.4042,99.4042,99.4042,99.4042,0
2023-07-31,100.2815,100.2815,100.2815,100.2815,0
2023-08-01,99.7856,99.7856,99.7856,99.7856,0
2023-08-02,98.956,98.956,98.956,98.956,0
2023-08-03,98.5841,98.5841,98.5841,98.5841,0
2023-08-04,98.5745,98.5745,98.5745,98.5745,0
2023-08-07,99.1372,99.1372,99.1372,99.1372,0
2023-08-08,98.4601,98.4601,98.4601,98.4601,0
2023-08-09,97.7544,97.7544,97.7544,97.7544,0
2023-08-10,97.3825,97.3825,97.3825,97.3825,0
2023-08-11,97.2967,97.2967,97.2967,97.2967,0
2023-08-14,96.8676,96.8676,96.8676,96.8676,0
2023-08-15,95.7614,95.7614,95.7614,95.7614,0
2023-08-16,94.6457,94.6457,94.6457,94.6457,0
2023-08-17,93.6539,93.6539,93.6539,93.6539,0
2023-08-18,94.1307,94.1307,94.1307,94.1307,0
2023-08-21,93.6825,93.6825,93.6825,93.6825,0
2023-08-22,93.5013,93.5013,93.5013,93.5013,0
2023-08-23,94.4931,94.4931,94.4931,94.4931,0
2023-08-24,93.549,93.549,93.549,93.549,0
2023-08-25,93.7779,93.7779,93.7779,93.7779,0
2023-08-28,94.5408,94.5408,94.5408,94.5408,0
2023-08-29,95.8091,95.8091,95.8091,95.8091,0
2023-08-30,96.2286,96.2286,96.2286,96.2286,0
2023-08-31,96.1047,96.1047,96.1047,96.1047,0
2023-09-01,97.0869,97.0869,97.0869,97.0869,0
2023-09-05,94.2833,94.2833,94.2833,94.2833,0
2023-09-06,93.9686,93.9686,93.9686,93.9686,0
2023-09-07,93.3011,93.3011,93.3011,93.3011,0
2023-09-08,92.9387,92.9387,92.9387,92.9387,0
2023-09-11,92.9196,92.9196,92.9196,92.9196,0
2023-09-12,92.9196,92.9196,92.9196,92.9196,0
2023-09-13,92.3761,92.3761,92.3761,92.3761,0
2023-09-14,93.9686,93.9686,93.9686,93.9686,0
2023-09-15,93.0817,93.0817,93.0817,93.0817,0
2023-09-18,92.5001,92.5001,92.5001,92.5001,0
2023-09-19,92.3093,92.3093,92.3093,92.3093,0
2023-09-20,91.5655,91.5655,91.5655,91.5655,0
2023-09-21,90.2209,90.2209,90.2209,90.2209,0
2023-09-22,89.9158,89.9158,89.9158,89.9158,0
2023-09-25,90.3354,90.3354,90.3354,90.3354,0
2023-09-26,89.0216,89.0216,89.0216,89.0216,0
2023-09-27,89.9032,89.9032,89.9032,89.9032,0
2023-09-28,91.0148,91.0148,91.0148,91.0148,0
2023-09-29,90.3919,90.3919,90.3919,90.3919,0
2023-10-02,89.0791,89.0791,89.0791,89.0791,0
2023-10-03,87.6992,87.6992,87.6992,87.6992,0
2023-10-04,87.8717,87.8717,87.8717,87.8717,0
2023-10-05,87.7567,87.7567,87.7567,87.7567,0
2023-10-06,88.3029,88.3029,88.3029,88.3029,0
2023-10-09,89.0503,89.0503,89.0503,89.0503,0
2023-10-10,90.0182,90.0182,90.0182,90.0182,0
2023-10-11,90.1332,90.1332,90.1332,90.1332,0
2023-10-12,88.437,88.437,88.437,88.437,0
2023-10-13,87.4117,87.4117,87.4117,87.4117,0
2023-10-16,88.9737,88.9737,88.9737,88.9737,0
2023-10-17,90.0086,90.0086,90.0086,90.0086,0
2023-10-18,88.2933,88.2933,88.2933,88.2933,0
2023-10-19,86.923,86.923,86.923,86.923,0
2023-10-20,85.9073,85.9073,85.9073,85.9073,0
2023-10-23,85.1311,85.1311,85.1311,85.1311,0
2023-10-24,85.639,85.639,85.639,85.639,0
2023-10-25,84.604,84.604,84.604,84.604,0
2023-10-26,84.8244,84.8244,84.8244,84.8244,0
2023-10-27,83.9524,83.9524,83.9524,83.9524,0
2023-10-30,84.4891,84.4891,84.4891,84.4891,0
2023-10-31,85.179,85.179,85.179,85.179,0
2023-11-01,85.5527,85.5527,85.5527,85.5527,0
2023-11-02,87.8334,87.8334,87.8334,87.8334,0
2023-11-03,90.2865,90.2865,90.2865,90.2865,0
2023-11-06,89.3761,89.3761,89.3761,89.3761,0
2023-11-07,88.7245,88.7245,88.7245,88.7245,0
2023-11-08,87.8908,87.8908,87.8908,87.8908,0
2023-11-09,86.7026,86.7026,86.7026,86.7026,0
2023-11-10,87.613,87.613,87.613,87.613,0
2023-11-13,87.613,87.613,87.613,87.613,0
2023-11-14,92.3755,92.3755,92.3755,92.3755,0
2023-11-15,92.5096,92.5096,92.5096,92.5096,0
2023-11-16,91.1489,91.1489,91.1489,91.1489,0
2023-11-17,92.1647,92.1647,92.1647,92.1647,0
2023-11-20,92.5192,92.5192,92.5192,92.5192,0
2023-11-21,91.4172,91.4172,91.4172,91.4172,0
2023-11-22,91.9059,91.9059,91.9059,91.9059,0
2023-11-24,92.3467,92.3467,92.3467,92.3467,0
2023-11-27,92.1072,92.1072,92.1072,92.1072,0
2023-11-28,91.628,91.628,91.628,91.628,0
2023-11-29,91.9155,91.9155,91.9155,91.9155,0
2023-11-30,92.2222,92.2222,92.2222,92.2222,0
2023-12-01,94.9148,94.9148,94.9148,94.9148,0
2023-12-04,96.151,96.151,96.151,96.151,0
2023-12-05,94.6944,94.6944,94.6944,94.6944,0
2023-12-06,94.4932,94.4932,94.4932,94.4932,0
2023-12-07,95.5569,95.5569,95.5569,95.5569,0
2023-12-08,96.1606,96.1606,96.1606,96.1606,0
2023-12-11,96.678,96.678,96.678,96.678,0
2023-12-12,96.5439,96.5439,96.5439,96.5439,0
2023-12-13,99.7828,99.7828,99.7828,99.7828,0
2023-12-14,102.6096,102.6096,102.6096,102.6096,0
2023-12-15,101.7376,101.7376,101.7376,101.7376,0
2023-12-18,101.5938,101.5938,101.5938,101.5938,0
2023-12-19,103.6541,103.6541,103.6541,103.6541,0
2023-12-20,101.8507,101.8507,101.8507,101.8507,0
2023-12-21,103.5417,103.5417,103.5417,103.5417,0
2023-12-22,104.0893,104.0893,104.0893,104.0893,0
2023-12-26,105.2807,105.2807,105.2807,105.2807,0
2023-12-27,105.7899,105.7899,105.7899,105.7899,0
2023-12-28,105.444,105.444,105.444,105.444,0
2023-12-29,104.0029,104.0029,104.0029,104.0029,0
2024-01-02,103.5032,103.5032,103.5032,103.5032,0
2024-01-03,100.7458,100.7458,100.7458,100.7458,0
2024-01-04,100.5345,100.5345,100.5345,100.5345,0
2024-01-05,100.2943,100.2943,100.2943,100.2943,0
2024-01-08,101.918,101.918,101.918,101.918,0
2024-01-09,100.7747,100.7747,100.7747,100.7747,0
2024-01-10,101.1398,101.1398,101.1398,101.1398,0
2024-01-11,100.4769,100.4769,100.4769,100.4769,0
2024-01-12,100.2655,100.2655,100.2655,100.2655,0
2024-01-16,99.2759,99.2759,99.2759,99.2759,0
2024-01-17,98.3343,98.3343,98.3343,98.3343,0
2024-01-18,99.2567,99.2567,99.2567,99.2567,0
2024-01-19,100.2463,100.2463,100.2463,100.2463,0
2024-01-22,102.2543,102.2543,102.2543,102.2543,0
2024-01-23,101.7354,101.7354,101.7354,101.7354,0
2024-01-24,100.9476,100.9476,100.9476,100.9476,0
2024-01-25,101.697,101.697,101.697,101.697,0
2024-01-26,101.8411,101.8411,101.8411,101.8411,0
2024-01-29,103.0421,103.0421,103.0421,103.0421,0
2024-01-30,102.5233,102.5233,102.5233,102.5233,0
2024-01-31,99.9196,99.9196,99.9196,99.9196,0
2024-02-01,101.0245,101.0245,101.0245,101.0245,0
2024-02-02,100.5825,100.5825,100.5825,100.5825,0
2024-02-05,98.9973,98.9973,98.9973,98.9973,0
2024-02-06,99.5545,99.5545,99.5545,99.5545,0
2024-02-07,99.2663,99.2663,99.2663,99.2663,0
2024-02-08,100.621,100.621,100.621,100.621,0
2024-02-09,101.8411,101.8411,101.8411,101.8411,0
2024-02-12,103.657,103.657,103.657,103.657,0
2024-02-13,99.9292,99.9292,99.9292,99.9292,0
2024-02-14,101.8027,101.8027,101.8027,101.8027,0
2024-02-15,104.3391,104.3391,104.3391,104.3391,0
2024-02-16,103.167,103.167,103.167,103.167,0
2024-02-20,102.1486,102.1486,102.1486,102.1486,0
2024-02-21,101.8411,101.8411,101.8411,101.8411,0
2024-02-22,102.0909,102.0909,102.0909,102.0909,0
2024-02-23,102.3984,102.3984,102.3984,102.3984,0
2024-02-26,102.4272,102.4272,102.4272,102.4272,0
2024-02-27,103.2919,103.2919,103.2919,103.2919,0
2024-02-28,102.6193,102.6193,102.6193,102.6193,0
2024-02-29,103.1382,103.1382,103.1382,103.1382,0
2024-03-01,103.6666,103.6666,103.6666,103.6666,0
2024-03-04,103.1382,103.1382,103.1382,103.1382,0
2024-03-05,102.6866,102.6866,102.6866,102.6866,0
2024-03-06,103.0517,103.0517,103.0517,103.0517,0
2024-03-07,103.8587,103.8587,103.8587,103.8587,0
2024-03-08,103.7723,103.7723,103.7723,103.7723,0
2024-03-11,103.3015,103.3015,103.3015,103.3015,0
2024-03-12,103.0229,103.0229,103.0229,103.0229,0
2024-03-13,103.1093,103.1093,103.1093,103.1093,0
2024-03-14,101.5337,101.5337,101.5337,101.5337,0
2024-03-15,101.9084,101.9084,101.9084,101.9084,0
2024-03-18,101.5817,101.5817,101.5817,101.5817,0
2024-03-19,102.2831,102.2831,102.2831,102.2831,0
2024-03-20,103.974,103.974,103.974,103.974,0
2024-03-21,105.1844,105.1844,105.1844,105.1844,0
2024-03-22,103.8545,103.8545,103.8545,103.8545,0
2024-03-25,103.6329,103.6329,103.6329,103.6329,0
2024-03-26,103.4787,103.4787,103.4787,103.4787,0
2024-03-27,105.965,105.965,105.965,105.965,0
2024-03-28,106.5046,106.5046,106.5046,106.5046,0
2024-04-01,105.4157,105.4157,105.4157,105.4157,0
2024-04-02,103.5751,103.5751,103.5751,103.5751,0
2024-04-03,104.24,104.24,104.24,104.24,0
2024-04-04,103.3631,103.3631,103.3631,103.3631,0
2024-04-05,103.71,103.71,103.71,103.71,0
2024-04-08,104.4616,104.4616,104.4616,104.4616,0
2024-04-09,104.9435,104.9435,104.9435,104.9435,0
2024-04-10,101.8212,101.8212,101.8212,101.8212,0
2024-04-11,102.2548,102.2548,102.2548,102.2548,0
2024-04-12,100.713,100.713,100.713,100.713,0
2024-04-15,99.7782,99.7782,99.7782,99.7782,0
2024-04-16,99.2386,99.2386,99.2386,99.2386,0
2024-04-17,98.4194,98.4194,98.4194,98.4194,0
2024-04-18,98.6218,98.6218,98.6218,98.6218,0
2024-04-19,99.4698,99.4698,99.4698,99.4698,0
2024-04-22,100.3275,100.3275,100.3275,100.3275,0
2024-04-23,102.1103,102.1103,102.1103,102.1103,0
2024-04-24,101.8694,101.8694,101.8694,101.8694,0
2024-04-25,101.0503,101.0503,101.0503,101.0503,0
2024-04-26,101.8116,101.8116,101.8116,101.8116,0
2024-04-29,102.5439,102.5439,102.5439,102.5439,0
2024-04-30,100.5973,100.5973,100.5973,100.5973,0
2024-05-01,100.9346,100.9346,100.9346,100.9346,0
2024-05-02,102.4668,102.4668,102.4668,102.4668,0
2024-05-03,103.2378,103.2378,103.2378,103.2378,0
2024-05-06,104.3267,104.3267,104.3267,104.3267,0
2024-05-07,104.6737,104.6737,104.6737,104.6737,0
2024-05-08,104.3267,104.3267,104.3267,104.3267,0
2024-05-09,105.5795,105.5795,105.5795,105.5795,0
2024-05-10,105.0206,105.0206,105.0206,105.0206,0
2024-05-13,105.3386,105.3386,105.3386,105.3386,0
2024-05-14,106.389,106.389,106.389,106.389,0
2024-05-15,106.8515,106.8515,106.8515,106.8515,0
2024-05-16,106.3986,106.3986,106.3986,106.3986,0
2024-05-17,106.3793,106.3793,106.3793,106.3793,0
2024-05-20,106.2155,106.2155,106.2155,106.2155,0
2024-05-21,106.1577,106.1577,106.1577,106.1577,0
2024-05-22,105.4157,105.4157,105.4157,105.4157,0
2024-05-23,103.8931,103.8931,103.8931,103.8931,0
2024-05-24,104.8664,104.8664,104.8664,104.8664,0
2024-05-28,104.4809,104.4809,104.4809,104.4809,0
2024-05-29,103.2089,103.2089,103.2089,103.2089,0
2024-05-30,104.4713,104.4713,104.4713,104.4713,0
2024-05-31,105.6662,105.6662,105.6662,105.6662,0
2024-06-03,105.2904,105.2904,105.2904,105.2904,0
2024-06-04,103.71,103.71,103.71,103.71,0
2024-06-05,104.8567,104.8567,104.8567,104.8567,0
2024-06-06,104.1244,104.1244,104.1244,104.1244,0
2024-06-07,103.0451,103.0451,103.0451,103.0451,0
2024-06-10,102.5825,102.5825,102.5825,102.5825,0
2024-06-11,102.1821,102.1821,102.1821,102.1821,0
2024-06-12,103.7876,103.7876,103.7876,103.7876,0
2024-06-13,102.7721,102.7721,102.7721,102.7721,0
2024-06-14,101.2439,101.2439,101.2439,101.2439,0
2024-06-17,102.2014,102.2014,102.2014,102.2014,0
2024-06-18,102.2304,102.2304,102.2304,102.2304,0
2024-06-20,101.8339,101.8339,101.8339,101.8339,0
2024-06-21,101.979,101.979,101.979,101.979,0
2024-06-24,102.6753,102.6753,102.6753,102.6753,0
2024-06-25,101.7952,101.7952,101.7952,101.7952,0
2024-06-26,101.8436,101.8436,101.8436,101.8436,0
2024-06-27,102.3272,102.3272,102.3272,102.3272,0
2024-06-28,103.1589,103.1589,103.1589,103.1589,0
2024-07-01,102.3562,102.3562,102.3562,102.3562,0
2024-07-02,102.8978,102.8978,102.8978,102.8978,0
2024-07-03,102.8494,102.8494,102.8494,102.8494,0
2024-07-05,102.066,102.066,102.066,102.066,0
2024-07-08,102.7334,102.7334,102.7334,102.7334,0
2024-07-09,102.0757,102.0757,102.0757,102.0757,0
2024-07-10,103.1686,103.1686,103.1686,103.1686,0
2024-07-11,106.6117,106.6117,106.6117,106.6117,0
2024-07-12,107.6369,107.6369,107.6369,107.6369,0
2024-07-15,109.107,109.107,109.107,109.107,0
2024-07-16,112.9951,112.9951,112.9951,112.9951,0
2024-07-17,112.4728,112.4728,112.4728,112.4728,0
2024-07-18,110.7416,110.7416,110.7416,110.7416,0
2024-07-19,109.9775,109.9775,109.9775,109.9775,0
2024-07-22,111.583,111.583,111.583,111.583,0
2024-07-23,112.4535,112.4535,112.4535,112.4535,0
2024-07-24,110.3837,110.3837,110.3837,110.3837,0
2024-07-25,111.7861,111.7861,111.7861,111.7861,0
2024-07-26,113.8752,113.8752,113.8752,113.8752,0
2024-07-29,113.1498,113.1498,113.1498,113.1498,0
2024-07-30,113.7882,113.7882,113.7882,113.7882,0
2024-07-31,114.4555,114.4555,114.4555,114.4555,0
2024-08-01,111.2445,111.2445,111.2445,111.2445,0
2024-08-02,107.4532,107.4532,107.4532,107.4532,0
2024-08-05,104.1358,104.1358,104.1358,104.1358,0
2024-08-06,105.3351,105.3351,105.3351,105.3351,0
2024-08-07,104.3195,104.3195,104.3195,104.3195,0
2024-08-08,106.6698,106.6698,106.6698,106.6698,0
2024-08-09,106.4667,106.4667,106.4667,106.4667,0
2024-08-12,105.1707,105.1707,105.1707,105.1707,0
2024-08-13,106.9696,106.9696,106.9696,106.9696,0
2024-08-14,106.457,106.457,106.457,106.457,0
2024-08-15,108.962,108.962,108.962,108.962,0
2024-08-16,109.2811,109.2811,109.2811,109.2811,0
2024-08-19,110.2,110.2,110.2,110.2,0
2024-08-20,108.933,108.933,108.933,108.933,0
2024-08-21,110.1903,110.1903,110.1903,110.1903,0
2024-08-22,109.3585,109.3585,109.3585,109.3585,0
2024-08-23,112.6276,112.6276,112.6276,112.6276,0
2024-08-26,112.5889,112.5889,112.5889,112.5889,0
2024-08-27,111.8925,111.8925,111.8925,111.8925,0
2024-08-28,111.5443,111.5443,111.5443,111.5443,0
2024-08-29,112.1246,112.1246,112.1246,112.1246,0
2024-08-30,112.6759,112.6759,112.6759,112.6759,0
2024-09-03,109.4552,109.4552,109.4552,109.4552,0
2024-09-04,109.1844,109.1844,109.1844,109.1844,0
2024-09-05,108.7202,108.7202,108.7202,108.7202,0
2024-09-06,106.8535,106.8535,106.8535,106.8535,0
2024-09-09,106.5924,106.5924,106.5924,106.5924,0
2024-09-10,106.2346,106.2346,106.2346,106.2346,0
2024-09-11,106.428,106.428,106.428,106.428,0
2024-09-12,107.7917,107.7917,107.7917,107.7917,0
2024-09-13,110.5965,110.5965,110.5965,110.5965,0
2024-09-16,111.0511,111.0511,111.0511,111.0511,0
2024-09-17,111.9119,111.9119,111.9119,111.9119,0
2024-09-18,112.0569,112.0569,112.0569,112.0569,0
2024-09-19,114.2428,114.2428,114.2428,114.2428,0
2024-09-20,113.1111,113.1111,113.1111,113.1111,0
2024-09-23,113.1015,113.1015,113.1015,113.1015,0
2024-09-24,113.1305,113.1305,113.1305,113.1305,0
2024-09-25,111.6685,111.6685,111.6685,111.6685,0
2024-09-26,112.3873,112.3873,112.3873,112.3873,0
2024-09-27,113.2325,113.2325,113.2325,113.2325,0
2024-09-30,113.6211,113.6211,113.6211,113.6211,0
2024-10-01,112.1542,112.1542,112.1542,112.1542,0
2024-10-02,111.6393,111.6393,111.6393,111.6393,0
2024-10-03,110.8039,110.8039,110.8039,110.8039,0
2024-10-04,112.4748,112.4748,112.4748,112.4748,0
2024-10-07,111.4062,111.4062,111.4062,111.4062,0
2024-10-08,111.2799,111.2799,111.2799,111.2799,0
2024-10-09,111.5908,111.5908,111.5908,111.5908,0
2024-10-10,110.833,110.833,110.833,110.833,0
2024-10-11,112.8828,112.8828,112.8828,112.8828,0
2024-10-14,113.6502,113.6502,113.6502,113.6502,0
2024-10-15,113.7959,113.7959,113.7959,113.7959,0
2024-10-16,115.3308,115.3308,115.3308,115.3308,0
2024-10-17,115.1365,115.1365,115.1365,115.1365,0
2024-10-18,114.7771,114.7771,114.7771,114.7771,0
2024-10-21,112.7565,112.7565,112.7565,112.7565,0
2024-10-22,112.0959,112.0959,112.0959,112.0959,0
2024-10-23,111.3867,111.3867,111.3867,111.3867,0
2024-10-24,111.6976,111.6976,111.6976,111.6976,0
2024-10-25,111.2022,111.2022,111.2022,111.2022,0
2024-10-28,112.8828,112.8828,112.8828,112.8828,0
2024-10-29,112.3679,112.3679,112.3679,112.3679,0
2024-10-30,112.5039,112.5039,112.5039,112.5039,0
2024-10-31,110.6679,110.6679,110.6679,110.6679,0
2024-11-01,111.0273,111.0273,111.0273,111.0273,0
2024-11-04,111.717,111.717,111.717,111.717,0
2024-11-05,114.0194,114.0194,114.0194,114.0194,0
2024-11-06,120.8487,120.8487,120.8487,120.8487,0
2024-11-07,120.0035,120.0035,120.0035,120.0035,0
2024-11-08,120.703,120.703,120.703,120.703,0
2024-11-11,122.6556,122.6556,122.6556,122.6556,0
2024-11-12,120.771,120.771,120.771,120.771,0
2024-11-13,119.751,119.751,119.751,119.751,0
2024-11-14,118.2063,118.2063,118.2063,118.2063,0
2024-11-15,117.0892,117.0892,117.0892,117.0892,0
2024-11-18,117.1474,117.1474,117.1474,117.1474,0
2024-11-19,117.4097,117.4097,117.4097,117.4097,0
2024-11-20,117.5652,117.5652,117.5652,117.5652,0
2024-11-21,119.4692,119.4692,119.4692,119.4692,0
2024-11-22,121.4801,121.4801,121.4801,121.4801,0
2024-11-25,123.7436,123.7436,123.7436,123.7436,0
2024-11-26,122.5487,122.5487,122.5487,122.5487,0
2024-11-27,122.6167,122.6167,122.6167,122.6167,0
2024-11-29,122.9179,122.9179,122.9179,122.9179,0
2024-12-02,123.2093,123.2093,123.2093,123.2093,0
2024-12-03,122.2962,122.2962,122.2962,122.2962,0
2024-12-04,122.7236,122.7236,122.7236,122.7236,0
2024-12-05,120.9556,120.9556,120.9556,120.9556,0
2024-12-06,120.9653,120.9653,120.9653,120.9653,0
2024-12-09,120.8195,120.8195,120.8195,120.8195,0
2024-12-10,120.3921,120.3921,120.3921,120.3921,0
2024-12-11,121.111,121.111,121.111,121.111,0
2024-12-12,120.1395,120.1395,120.1395,120.1395,0
2024-12-13,119.3235,119.3235,119.3235,119.3235,0
2024-12-16,119.751,119.751,119.751,119.751,0
2024-12-17,118.0625,118.0625,118.0625,118.0625,0
2024-12-18,113.258,113.258,113.258,113.258,0
2024-12-19,112.8462,112.8462,112.8462,112.8462,0
2024-12-20,113.5718,113.5718,113.5718,113.5718,0
2024-12-23,113.3757,113.3757,113.3757,113.3757,0
2024-12-24,114.3268,114.3268,114.3268,114.3268,0
2024-12-26,115.1014,115.1014,115.1014,115.1014,0
2024-12-27,113.5424,113.5424,113.5424,113.5424,0
2024-12-30,112.7286,112.7286,112.7286,112.7286,0
2024-12-31,112.9737,112.9737,112.9737,112.9737,0
2025-01-02,112.7286,112.7286,112.7286,112.7286,0
2025-01-03,113.964,113.964,113.964,113.964,0
2025-01-06,113.9542,113.9542,113.9542,113.9542,0
2025-01-07,113.111,113.111,113.111,113.111,0
2025-01-08,113.1404,113.1404,113.1404,113.1404,0
2025-01-10,110.8754,110.8754,110.8754,110.8754,0
2025-01-13,111.3265,111.3265,111.3265,111.3265,0
2025-01-14,112.8462,112.8462,112.8462,112.8462,0
2025-01-15,114.7484,114.7484,114.7484,114.7484,0
2025-01-16,115.0818,115.0818,115.0818,115.0818,0
2025-01-17,115.6897,115.6897,115.6897,115.6897,0
2025-01-21,117.6213,117.6213,117.6213,117.6213,0
2025-01-22,116.6016,116.6016,116.6016,116.6016,0
2025-01-23,116.9938,116.9938,116.9938,116.9938,0
2025-01-24,116.7486,116.7486,116.7486,116.7486,0
2025-01-27,116.4545,116.4545,116.4545,116.4545,0
2025-01-28,116.3859,116.3859,116.3859,116.3859,0
2025-01-29,116.0133,116.0133,116.0133,116.0133,0
2025-01-30,117.1114,117.1114,117.1114,117.1114,0
2025-01-31,116.1309,116.1309,116.1309,116.1309,0
2025-02-03,114.5915,114.5915,114.5915,114.5915,0
2025-02-04,115.876,115.876,115.876,115.876,0
2025-02-05,116.9153,116.9153,116.9153,116.9153,0
2025-02-06,116.4937,116.4937,116.4937,116.4937,0
2025-02-07,114.8661,114.8661,114.8661,114.8661,0
2025-02-10,114.9935,114.9935,114.9935,114.9935,0
2025-02-11,114.7876,114.7876,114.7876,114.7876,0
2025-02-12,113.3463,113.3463,113.3463,113.3463,0
2025-02-13,114.8955,114.8955,114.8955,114.8955,0
2025-02-14,114.8072,114.8072,114.8072,114.8072,0
2025-02-18,115.523,115.523,115.523,115.523,0
2025-02-19,115.0818,115.0818,115.0818,115.0818,0
2025-02-20,113.7777,113.7777,113.7777,113.7777,0
2025-02-21,110.7578,110.7578,110.7578,110.7578,0
2025-02-24,110.346,110.346,110.346,110.346,0
2025-02-25,110.4538,110.4538,110.4538,110.4538,0
2025-02-26,110.2283,110.2283,110.2283,110.2283,0
2025-02-27,108.6791,108.6791,108.6791,108.6791,0
2025-02-28,109.6106,109.6106,109.6106,109.6106,0
2025-03-03,107.0613,107.0613,107.0613,107.0613,0
2025-03-04,105.4336,105.4336,105.4336,105.4336,0
2025-03-05,106.5318,106.5318,106.5318,106.5318,0
2025-03-06,105.1689,105.1689,105.1689,105.1689,0
2025-03-07,105.7082,105.7082,105.7082,105.7082,0
2025-03-10,103.2275,103.2275,103.2275,103.2275,0
2025-03-11,102.6588,102.6588,102.6588,102.6588,0
2025-03-12,102.2078,102.2078,102.2078,102.2078,0
2025-03-13,100.4919,100.4919,100.4919,100.4919,0
2025-03-14,102.9529,102.9529,102.9529,102.9529,0
2025-03-17,104.0511,104.0511,104.0511,104.0511,0
2025-03-18,103.4049,103.4049,103.4049,103.4049,0
2025-03-19,104.8015,104.8015,104.8015,104.8015,0
2025-03-20,104.2999,104.2999,104.2999,104.2999,0
2025-03-21,103.6312,103.6312,103.6312,103.6312,0
2025-03-24,106.2276,106.2276,106.2276,106.2276,0
2025-03-25,105.5883,105.5883,105.5883,105.5883,0
2025-03-26,105.0277,105.0277,105.0277,105.0277,0
2025-03-27,104.5556,104.5556,104.5556,104.5556,0
2025-03-28,102.2936,102.2936,102.2936,102.2936,0
2025-03-31,102.8444,102.8444,102.8444,102.8444,0
2025-04-01,103.0706,103.0706,103.0706,103.0706,0
2025-04-02,104.595,104.595,104.595,104.595,0
2025-04-03,97.2679,97.2679,97.2679,97.2679,0
2025-04-04,93.0684,93.0684,93.0684,93.0684,0
2025-04-07,91.7898,91.7898,91.7898,91.7898,0
2025-04-08,89.0656,89.0656,89.0656,89.0656,0
2025-04-09,96.9335,96.9335,96.9335,96.9335,0
2025-04-10,92.6652,92.6652,92.6652,92.6652,0
2025-04-11,93.8355,93.8355,93.8355,93.8355,0
2025-04-14,94.8682,94.8682,94.8682,94.8682,0
2025-04-15,94.642,94.642,94.642,94.642,0
2025-04-16,93.7077,93.7077,93.7077,93.7077,0
2025-04-17,94.7108,94.7108,94.7108,94.7108,0
2025-04-21,92.8225,92.8225,92.8225,92.8225,0
2025-04-22,95.0649,95.0649,95.0649,95.0649,0
2025-04-23,96.2746,96.2746,96.2746,96.2746,0
2025-04-24,98.2318,98.2318,98.2318,98.2318,0
2025-04-25,98.1924,98.1924,98.1924,98.1924,0
2025-04-28,98.5366,98.5366,98.5366,98.5366,0
2025-04-29,99.1759,99.1759,99.1759,99.1759,0
2025-04-30,98.4776,98.4776,98.4776,98.4776,0
2025-05-01,99.0874,99.0874,99.0874,99.0874,0
2025-05-02,101.3298,101.3298,101.3298,101.3298,0
2025-05-05,100.602,100.602,100.602,100.602,0
2025-05-06,99.9725,99.9725,99.9725,99.9725,0
2025-05-07,100.1102,100.1102,100.1102,100.1102,0
2025-05-08,101.9395,101.9395,101.9395,101.9395,0
2025-05-09,101.91,101.91,101.91,101.91,0
2025-05-12,105.7457,105.7457,105.7457,105.7457,0
2025-05-13,106.2374,106.2374,106.2374,106.2374,0
2025-05-14,105.1556,105.1556,105.1556,105.1556,0
2025-05-15,105.8834,105.8834,105.8834,105.8834,0
2025-05-16,106.6997,106.6997,106.6997,106.6997,0
2025-05-19,106.0112,106.0112,106.0112,106.0112,0
2025-05-20,105.8342,105.8342,105.8342,105.8342,0
2025-05-21,102.9132,102.9132,102.9132,102.9132,0
2025-05-22,102.8148,102.8148,102.8148,102.8148,0
2025-05-23,102.2739,102.2739,102.2739,102.2739,0
2025-05-27,104.8704,104.8704,104.8704,104.8704,0
2025-05-28,103.6115,103.6115,103.6115,103.6115,0
2025-05-29,104.0934,104.0934,104.0934,104.0934,0
2025-05-30,103.6312,103.6312,103.6312,103.6312,0
2025-06-02,103.2771,103.2771,103.2771,103.2771,0
2025-06-03,104.9392,104.9392,104.9392,104.9392,0
2025-06-04,104.6638,104.6638,104.6638,104.6638,0
2025-06-05,104.6343,104.6343,104.6343,104.6343,0
2025-06-06,105.8932,105.8932,105.8932,105.8932,0
2025-06-09,107.0242,107.0242,107.0242,107.0242,0
2025-06-10,107.6733,107.6733,107.6733,107.6733,0
2025-06-11,107.0242,107.0242,107.0242,107.0242,0
2025-06-12,106.6112,106.6112,106.6112,106.6112,0
2025-06-13,104.5458,104.5458,104.5458,104.5458,0
2025-06-16,105.6,105.6,105.6,105.6,0
2025-06-17,104.4846,104.4846,104.4846,104.4846,0
2025-06-18,104.9189,104.9189,104.9189,104.9189,0
2025-06-20,104.7709,104.7709,104.7709,104.7709,0
2025-06-23,106.1726,106.1726,106.1726,106.1726,0
2025-06-24,107.2386,107.2386,107.2386,107.2386,0
2025-06-25,106.1726,106.1726,106.1726,106.1726,0
2025-06-26,107.7519,107.7519,107.7519,107.7519,0
2025-06-27,108.0777,108.0777,108.0777,108.0777,0
2025-06-30,107.8802,107.8802,107.8802,107.8802,0
2025-07-01,109.5287,109.5287,109.5287,109.5287,0
2025-07-02,111.0192,111.0192,111.0192,111.0192,0
2025-07-03,111.6214,111.6214,111.6214,111.6214,0
2025-07-07,109.7261,109.7261,109.7261,109.7261,0
2025-07-08,110.575,110.575,110.575,110.575,0
2025-07-09,111.493,111.493,111.493,111.493,0
2025-07-10,112.5986,112.5986,112.5986,112.5986,0
2025-07-11,111.3647,111.3647,111.3647,111.3647,0
2025-07-14,111.6608,111.6608,111.6608,111.6608,0
2025-07-15,109.3905,109.3905,109.3905,109.3905,0
2025-07-16,110.1209,110.1209,110.1209,110.1209,0
2025-07-17,111.4141,111.4141,111.4141,111.4141,0
2025-07-18,110.427,110.427,110.427,110.427,0
2025-07-21,110.1703,110.1703,110.1703,110.1703,0
2025-07-22,111.3746,111.3746,111.3746,111.3746,0
2025-07-23,112.6775,112.6775,112.6775,112.6775,0
2025-07-24,110.8712,110.8712,110.8712,110.8712,0
2025-07-25,111.4535,111.4535,111.4535,111.4535,0
2025-07-28,111.345,111.345,111.345,111.345,0
2025-07-29,110.9008,110.9008,110.9008,110.9008,0
2025-07-30,110.1209,110.1209,110.1209,110.1209,0
2025-07-31,108.8575,108.8575,108.8575,108.8575,0
2025-08-01,107.0609,107.0609,107.0609,107.0609,0
2025-08-04,108.8673,108.8673,108.8673,108.8673,0
2025-08-05,109.3905,109.3905,109.3905,109.3905,0
2025-08-06,109.3806,109.3806,109.3806,109.3806,0
2025-08-07,109.1635,109.1635,109.1635,109.1635,0
2025-08-08,109.4596,109.4596,109.4596,109.4596,0
2025-08-11,109.3905,109.3905,109.3905,109.3905,0
2025-08-12,112.9046,112.9046,112.9046,112.9046,0
2025-08-13,115.2934,115.2934,115.2934,115.2934,0
2025-08-14,113.6646,113.6646,113.6646,113.6646,0
2025-08-15,112.9638,112.9638,112.9638,112.9638,0
2025-08-18,113.1316,113.1316,113.1316,113.1316,0
2025-08-19,113.2698,113.2698,113.2698,113.2698,0
2025-08-20,112.7368,112.7368,112.7368,112.7368,0
2025-08-21,112.6479,112.6479,112.6479,112.6479,0
2025-08-22,116.9714,116.9714,116.9714,116.9714,0
2025-08-25,115.8659,115.8659,115.8659,115.8659,0
2025-08-26,116.2607,116.2607,116.2607,116.2607,0
2025-08-27,117.2281,117.2281,117.2281,117.2281,0
2025-08-28,117.0011,117.0011,117.0011,117.0011,0
2025-08-29,116.5174,116.5174,116.5174,116.5174,0
2025-09-02,115.6388,115.6388,115.6388,115.6388,0
2025-09-03,115.5007,115.5007,115.5007,115.5007,0
2025-09-04,117.2281,117.2281,117.2281,117.2281,0
2025-09-05,117.5933,117.5933,117.5933,117.5933,0
2025-09-08,117.4156,117.4156,117.4156,117.4156,0
2025-09-09,116.3891,116.3891,116.3891,116.3891,0
2025-09-10,116.1028,116.1028,116.1028,116.1028,0
2025-09-11,118.5508,118.5508,118.5508,118.5508,0
2025-09-12,116.932,116.932,116.932,116.932,0
2025-09-15,117.0405,117.0405,117.0405,117.0405,0
2025-09-16,116.8959,116.8959,116.8959,116.8959,0
2025-09-17,116.8661,116.8661,116.8661,116.8661,0
2025-09-18,119.5215,119.5215,119.5215,119.5215,0
2025-09-19,118.1641,118.1641,118.1641,118.1641,0
2025-09-22,118.4713,118.4713,118.4713,118.4713,0
2025-09-23,118.2335,118.2335,118.2335,118.2335,0
2025-09-24,117.2526,117.2526,117.2526,117.2526,0
2025-09-25,116.232,116.232,116.232,116.232,0
2025-09-26,117.3814,117.3814,117.3814,117.3814,0
2025-09-29,117.4904,117.4904,117.4904,117.4904,0
2025-09-30,117.7381,117.7381,117.7381,117.7381,0
2025-10-01,118.0848,118.0848,118.0848,118.0848,0
2025-10-02,118.4415,118.4415,118.4415,118.4415,0
2025-10-03,118.9766,118.9766,118.9766,118.9766,0
2025-10-06,118.6694,118.6694,118.6694,118.6694,0
2025-10-07,117.1535,117.1535,117.1535,117.1535,0
2025-10-08,118.2236,118.2236,118.2236,118.2236,0
2025-10-09,116.8661,116.8661,116.8661,116.8661,0
2025-10-10,113.22,113.22,113.22,113.22,0
2025-10-13,115.5087,115.5087,115.5087,115.5087,0
2025-10-14,117.2625,117.2625,117.2625,117.2625,0
2025-10-15,118.2533,118.2533,118.2533,118.2533,0
2025-10-16,116.7076,116.7076,116.7076,116.7076,0
2025-10-17,116.5095,116.5095,116.5095,116.5095,0
2025-10-20,118.3524,118.3524,118.3524,118.3524,0
2025-10-21,118.6892,118.6892,118.6892,118.6892,0
2025-10-22,117.8173,117.8173,117.8173,117.8173,0
2025-10-23,118.9865,118.9865,118.9865,118.9865,0
2025-10-24,120.0268,120.0268,120.0268,120.0268,0
2025-10-27,120.0367,120.0367,120.0367,120.0367,0
2025-10-28,119.3432,119.3432,119.3432,119.3432,0
2025-10-29,117.7975,117.7975,117.7975,117.7975,0
2025-10-30,116.5194,116.5194,116.5194,116.5194,0
2025-10-31,116.7175,116.7175,116.7175,116.7175,0
2025-11-03,116.9553,116.9553,116.9553,116.9553,0
2025-11-04,115.5286,115.5286,115.5286,115.5286,0
2025-11-05,117.4606,117.4606,117.4606,117.4606,0
2025-11-06,115.8654,115.8654,115.8654,115.8654,0
2025-11-07,116.8661,116.8661,116.8661,116.8661,0
2025-11-10,118.0155,118.0155,118.0155,118.0155,0
2025-11-11,118.4911,118.4911,118.4911,118.4911,0
2025-11-12,118.4019,118.4019,118.4019,118.4019,0
2025-11-13,115.8753,115.8753,115.8753,115.8753,0
2025-11-14,115.7763,115.7763,115.7763,115.7763,0
2025-11-17,113.2497,113.2497,113.2497,113.2497,0
2025-11-18,113.1605,113.1605,113.1605,113.1605,0
2025-11-19,113.0317,113.0317,113.0317,113.0317,0
2025-11-20,111.0204,111.0204,111.0204,111.0204,0
2025-11-21,114.5179,114.5179,114.5179,114.5179,0
2025-11-24,116.014,116.014,116.014,116.014,0
2025-11-25,119.0063,119.0063,119.0063,119.0063,0
2025-11-26,119.6701,119.6701,119.6701,119.6701,0
2025-11-28,119.7593,119.7593,119.7593,119.7593,0
2025-12-01,119.1153,119.1153,119.1153,119.1153,0
2025-12-02,119.1648,119.1648,119.1648,119.1648,0
2025-12-03,120.8195,120.8195,120.8195,120.8195,0
2025-12-04,120.7204,120.7204,120.7204,120.7204,0
2025-12-05,120.5123,120.5123,120.5123,120.5123,0
2025-12-08,120.0169,120.0169,120.0169,120.0169,0
2025-12-09,120.5718,120.5718,120.5718,120.5718,0
2025-12-10,122.9497,122.9497,122.9497,122.9497,0
2025-12-11,124.3071,124.3071,124.3071,124.3071,0
2025-12-12,122.9794,122.9794,122.9794,122.9794,0
2025-12-15,122.5831,122.5831,122.5831,122.5831,0
2025-12-16,121.6793,121.6793,121.6793,121.6793,0
2025-12-17,121.3209,121.3209,121.3209,121.3209,0
2025-12-18,121.5698,121.5698,121.5698,121.5698,0
2025-12-19,121.8186,121.8186,121.8186,121.8186,0
2025-12-22,122.7344,122.7344,122.7344,122.7344,0
2025-12-23,122.177,122.177,122.177,122.177,0
2025-12-24,122.5752,122.5752,122.5752,122.5752,0
2025-12-26,122.5652,122.5652,122.5652,122.5652,0
2025-12-29,121.968,121.968,121.968,121.968,0
2025-12-30,121.1318,121.1318,121.1318,121.1318,0
2025-12-31,119.6287,119.6287,119.6287,119.6287,0
2026-01-02,120.8133,120.8133,120.8133,120.8133,0
2026-01-05,122.3263,122.3263,122.3263,122.3263,0
2026-01-06,124.1479,124.1479,124.1479,124.1479,0
2026-01-07,123.1525,123.1525,123.1525,123.1525,0
2026-01-08,124.8945,124.8945,124.8945,124.8945,0
2026-01-09,125.8401,125.8401,125.8401,125.8401,0
2026-01-12,125.9596,125.9596,125.9596,125.9596,0
2026-01-13,125.9397,125.9397,125.9397,125.9397,0
2026-01-14,126.6564,126.6564,126.6564,126.6564,0
2026-01-15,128.468,128.468,128.468,128.468,0
2026-01-16,128.03,128.03,128.03,128.03,0
2026-01-20,126.2383,126.2383,126.2383,126.2383,0
2026-01-21,129.5231,129.5231,129.5231,129.5231,0
2026-01-22,129.8317,129.8317,129.8317,129.8317,0
2026-01-23,127.5024,127.5024,127.5024,127.5024,0
2026-01-26,127.5522,127.5522,127.5522,127.5522,0
2026-01-27,127.0744,127.0744,127.0744,127.0744,0
2026-01-28,126.4772,126.4772,126.4772,126.4772,0
2026-01-29,127.2735,127.2735,127.2735,127.2735,0
2026-01-30,126.4473,126.4473,126.4473,126.4473,0
2026-02-02,127.7613,127.7613,127.7613,127.7613,0
2026-02-03,127.6518,127.6518,127.6518,127.6518,0
2026-02-04,128.7467,128.7467,128.7467,128.7467,0
2026-02-05,127.8409,127.8409,127.8409,127.8409,0
2026-02-06,131.3647,131.3647,131.3647,131.3647,0
2026-02-09,131.3846,131.3846,131.3846,131.3846,0
2026-02-10,131.4642,131.4642,131.4642,131.4642,0
2026-02-11,131.2154,131.2154,131.2154,131.2154,0
2026-02-12,128.8064,128.8064,128.8064,128.8064,0
2026-02-13,130.3493,130.3493,130.3493,130.3493,0
2026-02-17,130.21,130.21,130.21,130.21,0
2026-02-18,130.5783,130.5783,130.5783,130.5783,0
2026-02-19,130.3294,130.3294,130.3294,130.3294,0
2026-02-20,131.0262,131.0262,131.0262,131.0262,0
2026-02-23,128.3983,128.3983,128.3983,128.3983,0
2026-02-24,129.5829,129.5829,129.5829,129.5829,0
2026-02-25,130.0607,130.0607,130.0607,130.0607,0
2026-02-26,130.7873,130.7873,130.7873,130.7873,0
2026-02-27,129.1051,129.1051,129.1051,129.1051,0
2026-03-02,129.981,129.981,129.981,129.981,0
2026-03-03,128.6074,128.6074,128.6074,128.6074,0
2026-03-04,129.3141,129.3141,129.3141,129.3141,0
2026-03-05,127.0744,127.0744,127.0744,127.0744,0
2026-03-06,124.2176,124.2176,124.2176,124.2176,0
2026-03-09,124.7949,124.7949,124.7949,124.7949,0
2026-03-10,124.2176,124.2176,124.2176,124.2176,0
2026-03-11,123.9488,123.9488,123.9488,123.9488,0
2026-03-12,121.6395,121.6395,121.6395,121.6395,0
2026-03-13,121.4902,121.4902,121.4902,121.4902,0
2026-03-16,122.386,122.386,122.386,122.386,0
2026-03-17,123.4568,123.4568,123.4568,123.4568,0
2026-03-18,121.8616,121.8616,121.8616,121.8616,0
2026-03-19,122.4,122.4,122.4,122.4,0
2026-03-20,120.0471,120.0471,120.0471,120.0471,0
2026-03-23,122.5196,122.5196,122.5196,122.5196,0
2026-03-24,123.397,123.397,123.397,123.397,0
2026-03-25,124.703,124.703,124.703,124.703,0
2026-03-26,123.2973,123.2973,123.2973,123.2973,0
2026-03-27,121.3831,121.3831,121.3831,121.3831,0
2026-03-30,120.5057,120.5057,120.5057,120.5057,0
2026-03-31,123.9353,123.9353,123.9353,123.9353,0
2026-04-01,124.5435,124.5435,124.5435,124.5435,0
2026-04-02,125.052,125.052,125.052,125.052,0
2026-04-06,125.7299,125.7299,125.7299,125.7299,0
2026-04-07,126.1387,126.1387,126.1387,126.1387,0
2026-04-08,129.4387,129.4387,129.4387,129.4387,0
2026-04-09,130.3559,130.3559,130.3559,130.3559,0
2026-04-10,129.7976,129.7976,129.7976,129.7976,0
2026-04-13,131.4127,131.4127,131.4127,131.4127,0
2026-04-14,132.0309,132.0309,132.0309,132.0309,0
2026-04-15,131.8614,131.8614,131.8614,131.8614,0
2026-04-16,132.2901,132.2901,132.2901,132.2901,0
2026-04-17,134.9819,134.9819,134.9819,134.9819,0
2026-04-20,135.7397,135.7397,135.7397,135.7397,0
2026-04-21,134.6729,134.6729,134.6729,134.6729,0
2026-04-22,135.2113,135.2113,135.2113,135.2113,0
2026-04-23,135.1614,135.1614,135.1614,135.1614,0
2026-04-24,135.8892,135.8892,135.8892,135.8892,0
2026-04-27,136.1484,136.1484,136.1484,136.1484,0
2026-04-28,135.3807,135.3807,135.3807,135.3807,0
2026-04-29,134.3239,134.3239,134.3239,134.3239,0
2026-04-30,136.6868,136.6868,136.6868,136.6868,0
2026-05-01,137.0258,137.0258,137.0258,137.0258,0
2026-05-04,135.7596,135.7596,135.7596,135.7596,0
2026-05-05,137.6938,137.6938,137.6938,137.6938,0
2026-05-06,138.5113,138.5113,138.5113,138.5113,0
2026-05-07,137.2252,137.2252,137.2252,137.2252,0
2026-05-08,137.933,137.933,137.933,137.933,0
2026-05-11,136.9361,136.9361,136.9361,136.9361,0
2026-05-12,135.3807,135.3807,135.3807,135.3807,0
2026-05-13,134.8723,134.8723,134.8723,134.8723,0
2026-05-14,135.7297,135.7297,135.7297,135.7297,0
2026-05-15,133.5264,133.5264,133.5264,133.5264,0
2026-05-18,133.9949,133.9949,133.9949,133.9949,0
2026-05-19,132.7587,132.7587,132.7587,132.7587,0
2026-05-20,135.4505,135.4505,135.4505,135.4505,0
2026-05-21,135.8593,135.8593,135.8593,135.8593,0
2026-05-22,136.9859,136.9859,136.9859,136.9859,0
2026-05-26,139.1693,139.1693,139.1693,139.1693,0
2026-05-27,139.1992,139.1992,139.1992,139.1992,0
2026-05-28,139.2989,139.2989,139.2989,139.2989,0
2026-05-29,138.2421,138.2421,138.2421,138.2421,0
2026-06-01,138.0427,138.0427,138.0427,138.0427,0
2026-06-02,139.269,139.269,139.269,139.269,0
2026-06-03,138.0327,138.0327,138.0327,138.0327,0
2026-06-04,139.8373,139.8373,139.8373,139.8373,0
2026-06-05,137.265,137.265,137.265,137.265,0
2026-06-08,138.1623,138.1623,138.1623,138.1623,0
2026-06-09,139.4684,139.4684,139.4684,139.4684,0
2026-06-10,138.4814,138.4814,138.4814,138.4814,0
2026-06-11,141.8612,141.8612,141.8612,141.8612,0
2026-06-12,143.237,143.237,143.237,143.237,0
2026-06-15,143.39,143.39,143.39,143.39,0
2026-06-16,142.62,142.62,142.62,142.62,0
2026-06-17,140.67,140.67,140.67,140.67,0
2026-06-18,143.21,143.21,143.21,143.21,0
2026-06-22,143.26,143.26,143.26,143.26,0
2026-06-23,142.77,142.77,142.77,142.77,0
2026-06-24,144.42,144.42,144.42,144.42,0
2026-06-25,146.27,146.27,146.27,146.27,0
2026-06-26,147.41,147.41,147.41,147.41,0
2026-06-29,147.36,147.36,147.36,147.36,0
2026-06-30,148.31,148.31,148.31,148.31,0
2026-07-01,147.54,147.54,147.54,147.54,0
2026-07-02,146.48,146.48,146.48,146.48,0
2026-07-06,146.81,146.81,146.81,146.81,0
2026-07-07,145.39,145.39,145.39,145.39,0
2026-07-08,143.69,143.69,143.69,143.69,0
2026-07-09,145.47,145.47,145.47,145.47,0
2026-07-10,145.56,145.56,145.56,145.56,0
2026-07-13,144.99,144.99,144.99,144.99,0
2026-07-14,145.38,145.38,145.38,145.38,0
2026-07-15,146.16,146.16,146.16,146.16,0
2026-07-16,147.16,147.16,147.16,147.16,0
2026-07-17,146.02,146.02,146.02,146.02,0
2026-07-20,145.1,145.1,145.1,145.1,0
2026-07-21,146.57,146.57,146.57,146.57,0
2026-07-22,145.78,145.78,145.78,145.78,0
2026-07-23,144.88,144.88,144.88,144.88,0
2026-07-24,144.86,144.86,144.86,144.86,0
2026-07-27,145.51,145.51,145.51,145.51,0
2026-07-28,146.31,146.31,146.31,146.31,0
2026-07-29,144.32,144.32,144.32,144.32,0
2026-07-30,145.5,145.5,145.5,145.5,0
2026-07-31,145.46,145.46,145.46,145.46,0
2026-08-03,147.86,147.86,147.86,147.86,0
2026-08-04,150.41,150.41,150.41,150.41,0
2026-08-05,148.94,148.94,148.94,148.94,0
2026-08-06,147.82,147.82,147.82,147.82,0
2026-08-07,148.93,148.93,148.93,148.93,0
2026-08-10,148.06,148.06,148.06,148.06,0
2026-08-11,148.41,148.41,148.41,148.41,0
2026-08-12,149.04,149.04,149.04,149.04,0
2026-08-13,149.72,149.72,149.72,149.72,0
2026-08-14,150.44,150.44,150.44,150.44,0
2026-08-17,149.83,149.83,149.83,149.83,0
2026-08-18,147.69,147.69,147.69,147.69,0
2026-08-19,147.92,147.92,147.92,147.92,0
2026-08-20,146.37,146.37,146.37,146.37,0
2026-08-21,147.31,147.31,147.31,147.31,0
2026-08-24,146.77,146.77,146.77,146.77,0
2026-08-25,146.7,146.7,146.7,146.7,0
2026-08-26,146.77,146.77,146.77,146.77,0
2026-08-27,146.78,146.78,146.78,146.78,0
