datetime,open,high,low,close,volume
2007-07-26,26.9505,26.9505,26.9505,26.9505,0
2007-07-27,26.5398,26.5398,26.5398,26.5398,0
2007-07-30,26.9843,26.9843,26.9843,26.9843,0
2007-07-31,26.9505,26.9505,26.9505,26.9505,0
2007-08-01,27.0631,27.0631,27.0631,27.0631,0
2007-08-02,26.9843,26.9843,26.9843,26.9843,0
2007-08-03,26.5398,26.5398,26.5398,26.5398,0
2007-08-06,26.9449,26.9449,26.9449,26.9449,0
2007-08-07,26.9843,26.9843,26.9843,26.9843,0
2007-08-08,27.3894,27.3894,27.3894,27.3894,0
2007-08-09,26.5679,26.5679,26.5679,26.5679,0
2007-08-10,26.2135,26.2135,26.2135,26.2135,0
2007-08-13,26.2585,26.2585,26.2585,26.2585,0
2007-08-14,25.9209,25.9209,25.9209,25.9209,0
2007-08-15,25.3076,25.3076,25.3076,25.3076,0
2007-08-16,25.1895,25.1895,25.1895,25.1895,0
2007-08-17,25.5439,25.5439,25.5439,25.5439,0
2007-08-20,25.5777,25.5777,25.5777,25.5777,0
2007-08-21,25.5721,25.5721,25.5721,25.5721,0
2007-08-22,26.2135,26.2135,26.2135,26.2135,0
2007-08-23,26.326,26.326,26.326,26.326,0
2007-08-24,26.748,26.748,26.748,26.748,0
2007-08-27,26.4835,26.4835,26.4835,26.4835,0
2007-08-28,25.8365,25.8365,25.8365,25.8365,0
2007-08-29,26.5229,26.5229,26.5229,26.5229,0
2007-08-30,26.3316,26.3316,26.3316,26.3316,0
2007-08-31,26.928,26.928,26.928,26.928,0
2007-09-04,27.0574,27.0574,27.0574,27.0574,0
2007-09-05,26.5904,26.5904,26.5904,26.5904,0
2007-09-06,26.748,26.748,26.748,26.748,0
2007-09-07,26.3766,26.3766,26.3766,26.3766,0
2007-09-10,26.2697,26.2697,26.2697,26.2697,0
2007-09-11,26.7424,26.7424,26.7424,26.7424,0
2007-09-12,26.7199,26.7199,26.7199,26.7199,0
2007-09-13,26.8661,26.8661,26.8661,26.8661,0
2007-09-14,26.7424,26.7424,26.7424,26.7424,0
2007-09-17,26.3654,26.3654,26.3654,26.3654,0
2007-09-18,27.2037,27.2037,27.2037,27.2037,0
2007-09-19,27.4907,27.4907,27.4907,27.4907,0
2007-09-20,27.4344,27.4344,27.4344,27.4344,0
2007-09-21,27.6313,27.6313,27.6313,27.6313,0
2007-09-24,27.6032,27.6032,27.6032,27.6032,0
2007-09-25,27.7382,27.7382,27.7382,27.7382,0
2007-09-26,27.8395,27.8395,27.8395,27.8395,0
2007-09-27,28.1715,28.1715,28.1715,28.1715,0
2007-09-28,28.2108,28.2108,28.2108,28.2108,0
2007-10-01,28.616,28.616,28.616,28.616,0
2007-10-02,28.5259,28.5259,28.5259,28.5259,0
2007-10-03,28.3684,28.3684,28.3684,28.3684,0
2007-10-04,28.4922,28.4922,28.4922,28.4922,0
2007-10-05,28.7679,28.7679,28.7679,28.7679,0
2007-10-08,28.4922,28.4922,28.4922,28.4922,0
2007-10-09,28.8466,28.8466,28.8466,28.8466,0
2007-10-10,28.7622,28.7622,28.7622,28.7622,0
2007-10-11,28.9029,28.9029,28.9029,28.9029,0
2007-10-12,28.9873,28.9873,28.9873,28.9873,0
2007-10-15,28.7398,28.7398,28.7398,28.7398,0
2007-10-16,28.3459,28.3459,28.3459,28.3459,0
2007-10-17,28.6385,28.6385,28.6385,28.6385,0
2007-10-18,28.706,28.706,28.706,28.706,0
2007-10-19,28.104,28.104,28.104,28.104,0
2007-10-22,28.0083,28.0083,28.0083,28.0083,0
2007-10-23,28.4697,28.4697,28.4697,28.4697,0
2007-10-24,28.3797,28.3797,28.3797,28.3797,0
2007-10-25,28.4809,28.4809,28.4809,28.4809,0
2007-10-26,29.0154,29.0154,29.0154,29.0154,0
2007-10-29,29.2799,29.2799,29.2799,29.2799,0
2007-10-30,29.0661,29.0661,29.0661,29.0661,0
2007-10-31,29.4599,29.4599,29.4599,29.4599,0
2007-11-01,28.7229,28.7229,28.7229,28.7229,0
2007-11-02,28.8916,28.8916,28.8916,28.8916,0
2007-11-05,28.5597,28.5597,28.5597,28.5597,0
2007-11-06,28.9648,28.9648,28.9648,28.9648,0
2007-11-07,28.4078,28.4078,28.4078,28.4078,0
2007-11-08,28.5991,28.5991,28.5991,28.5991,0
2007-11-09,27.9295,27.9295,27.9295,27.9295,0
2007-11-12,27.4851,27.4851,27.4851,27.4851,0
2007-11-13,28.2952,28.2952,28.2952,28.2952,0
2007-11-14,28.194,28.194,28.194,28.194,0
2007-11-15,27.682,27.682,27.682,27.682,0
2007-11-16,27.7889,27.7889,27.7889,27.7889,0
2007-11-19,27.0912,27.0912,27.0912,27.0912,0
2007-11-20,27.6482,27.6482,27.6482,27.6482,0
2007-11-21,27.0856,27.0856,27.0856,27.0856,0
2007-11-23,27.6707,27.6707,27.6707,27.6707,0
2007-11-26,27.2487,27.2487,27.2487,27.2487,0
2007-11-27,27.7101,27.7101,27.7101,27.7101,0
2007-11-28,28.4303,28.4303,28.4303,28.4303,0
2007-11-29,28.2502,28.2502,28.2502,28.2502,0
2007-11-30,28.3515,28.3515,28.3515,28.3515,0
2007-12-03,28.2446,28.2446,28.2446,28.2446,0
2007-12-04,28.0477,28.0477,28.0477,28.0477,0
2007-12-05,28.4415,28.4415,28.4415,28.4415,0
2007-12-06,28.706,28.706,28.706,28.706,0
2007-12-07,28.5935,28.5935,28.5935,28.5935,0
2007-12-10,28.8692,28.8692,28.8692,28.8692,0
2007-12-11,28.1658,28.1658,28.1658,28.1658,0
2007-12-12,28.6103,28.6103,28.6103,28.6103,0
2007-12-13,28.1265,28.1265,28.1265,28.1265,0
2007-12-14,27.3669,27.3669,27.3669,27.3669,0
2007-12-17,26.7761,26.7761,26.7761,26.7761,0
2007-12-18,27.0687,27.0687,27.0687,27.0687,0
2007-12-19,26.883,26.883,26.883,26.883,0
2007-12-20,26.973,26.973,26.973,26.973,0
2007-12-21,27.4175,27.4175,27.4175,27.4175,0
2007-12-24,27.5757,27.5757,27.5757,27.5757,0
2007-12-26,27.731,27.731,27.731,27.731,0
2007-12-27,27.4779,27.4779,27.4779,27.4779,0
2007-12-28,27.7712,27.7712,27.7712,27.7712,0
2007-12-31,27.5584,27.5584,27.5584,27.5584,0
2008-01-02,27.4952,27.4952,27.4952,27.4952,0
2008-01-03,27.5412,27.5412,27.5412,27.5412,0
2008-01-04,26.9373,26.9373,26.9373,26.9373,0
2008-01-07,26.9718,26.9718,26.9718,26.9718,0
2008-01-08,26.7533,26.7533,26.7533,26.7533,0
2008-01-09,26.9258,26.9258,26.9258,26.9258,0
2008-01-10,26.8971,26.8971,26.8971,26.8971,0
2008-01-11,26.4312,26.4312,26.4312,26.4312,0
2008-01-14,26.8568,26.8568,26.8568,26.8568,0
2008-01-15,26.0114,26.0114,26.0114,26.0114,0
2008-01-16,25.4766,25.4766,25.4766,25.4766,0
2008-01-17,25.0453,25.0453,25.0453,25.0453,0
2008-01-18,25.1373,25.1373,25.1373,25.1373,0
2008-01-22,24.4242,24.4242,24.4242,24.4242,0
2008-01-23,24.3724,24.3724,24.3724,24.3724,0
2008-01-24,25.051,25.051,25.051,25.051,0
2008-01-25,24.9418,24.9418,24.9418,24.9418,0
2008-01-28,25.1373,25.1373,25.1373,25.1373,0
2008-01-29,25.3156,25.3156,25.3156,25.3156,0
2008-01-30,25.1488,25.1488,25.1488,25.1488,0
2008-01-31,25.5226,25.5226,25.5226,25.5226,0
2008-02-01,25.8792,25.8792,25.8792,25.8792,0
2008-02-04,25.6146,25.6146,25.6146,25.6146,0
2008-02-05,24.591,24.591,24.591,24.591,0
2008-02-06,24.5277,24.5277,24.5277,24.5277,0
2008-02-07,24.3552,24.3552,24.3552,24.3552,0
2008-02-08,24.1194,24.1194,24.1194,24.1194,0
2008-02-11,24.2056,24.2056,24.2056,24.2056,0
2008-02-12,24.6772,24.6772,24.6772,24.6772,0
2008-02-13,24.821,24.821,24.821,24.821,0
2008-02-14,24.798,24.798,24.798,24.798,0
2008-02-15,24.8325,24.8325,24.8325,24.8325,0
2008-02-19,25.1833,25.1833,25.1833,25.1833,0
2008-02-20,24.9533,24.9533,24.9533,24.9533,0
2008-02-21,24.9935,24.9935,24.9935,24.9935,0
2008-02-22,25.2581,25.2581,25.2581,25.2581,0
2008-02-25,25.6319,25.6319,25.6319,25.6319,0
2008-02-26,26.0689,26.0689,26.0689,26.0689,0
2008-02-27,26.1092,26.1092,26.1092,26.1092,0
2008-02-28,25.9022,25.9022,25.9022,25.9022,0
2008-02-29,25.2638,25.2638,25.2638,25.2638,0
2008-03-03,25.2696,25.2696,25.2696,25.2696,0
2008-03-04,24.9418,24.9418,24.9418,24.9418,0
2008-03-05,25.1948,25.1948,25.1948,25.1948,0
2008-03-06,24.936,24.936,24.936,24.936,0
2008-03-07,24.6024,24.6024,24.6024,24.6024,0
2008-03-10,24.3609,24.3609,24.3609,24.3609,0
2008-03-11,25.143,25.143,25.143,25.143,0
2008-03-12,25.1695,25.1695,25.1695,25.1695,0
2008-03-13,25.1925,25.1925,25.1925,25.1925,0
2008-03-14,24.6402,24.6402,24.6402,24.6402,0
2008-03-17,24.2548,24.2548,24.2548,24.2548,0
2008-03-18,24.9969,24.9969,24.9969,24.9969,0
2008-03-19,24.0764,24.0764,24.0764,24.0764,0
2008-03-20,24.3238,24.3238,24.3238,24.3238,0
2008-03-24,24.8128,24.8128,24.8128,24.8128,0
2008-03-25,25.2385,25.2385,25.2385,25.2385,0
2008-03-26,25.2155,25.2155,25.2155,25.2155,0
2008-03-27,25.2558,25.2558,25.2558,25.2558,0
2008-03-28,25.204,25.204,25.204,25.204,0
2008-03-31,25.3594,25.3594,25.3594,25.3594,0
2008-04-01,26.0957,26.0957,26.0957,26.0957,0
2008-04-02,26.182,26.182,26.182,26.182,0
2008-04-03,26.2511,26.2511,26.2511,26.2511,0
2008-04-04,26.3719,26.3719,26.3719,26.3719,0
2008-04-07,26.4754,26.4754,26.4754,26.4754,0
2008-04-08,26.2453,26.2453,26.2453,26.2453,0
2008-04-09,26.0785,26.0785,26.0785,26.0785,0
2008-04-10,25.9692,25.9692,25.9692,25.9692,0
2008-04-11,25.6297,25.6297,25.6297,25.6297,0
2008-04-14,25.647,25.647,25.647,25.647,0
2008-04-15,25.7966,25.7966,25.7966,25.7966,0
2008-04-16,26.6826,26.6826,26.6826,26.6826,0
2008-04-17,26.4007,26.4007,26.4007,26.4007,0
2008-04-18,26.5617,26.5617,26.5617,26.5617,0
2008-04-21,26.7689,26.7689,26.7689,26.7689,0
2008-04-22,26.4697,26.4697,26.4697,26.4697,0
2008-04-23,26.5675,26.5675,26.5675,26.5675,0
2008-04-24,26.4352,26.4352,26.4352,26.4352,0
2008-04-25,26.7343,26.7343,26.7343,26.7343,0
2008-04-28,26.8436,26.8436,26.8436,26.8436,0
2008-04-29,26.5905,26.5905,26.5905,26.5905,0
2008-04-30,26.7228,26.7228,26.7228,26.7228,0
2008-05-01,26.9357,26.9357,26.9357,26.9357,0
2008-05-02,27.0047,27.0047,27.0047,27.0047,0
2008-05-05,27.045,27.045,27.045,27.045,0
2008-05-06,27.1485,27.1485,27.1485,27.1485,0
2008-05-07,26.7171,26.7171,26.7171,26.7171,0
2008-05-08,26.8782,26.8782,26.8782,26.8782,0
2008-05-09,26.7861,26.7861,26.7861,26.7861,0
2008-05-12,27.0392,27.0392,27.0392,27.0392,0
2008-05-13,26.9414,26.9414,26.9414,26.9414,0
2008-05-14,26.9587,26.9587,26.9587,26.9587,0
2008-05-15,27.3614,27.3614,27.3614,27.3614,0
2008-05-16,27.6893,27.6893,27.6893,27.6893,0
2008-05-19,27.6433,27.6433,27.6433,27.6433,0
2008-05-20,27.3902,27.3902,27.3902,27.3902,0
2008-05-21,27.0853,27.0853,27.0853,27.0853,0
2008-05-22,27.3441,27.3441,27.3441,27.3441,0
2008-05-23,26.9817,26.9817,26.9817,26.9817,0
2008-05-27,26.9529,26.9529,26.9529,26.9529,0
2008-05-28,26.9932,26.9932,26.9932,26.9932,0
2008-05-29,26.9069,26.9069,26.9069,26.9069,0
2008-05-30,27.045,27.045,27.045,27.045,0
2008-06-02,26.7919,26.7919,26.7919,26.7919,0
2008-06-03,26.6998,26.6998,26.6998,26.6998,0
2008-06-04,26.5675,26.5675,26.5675,26.5675,0
2008-06-05,26.9817,26.9817,26.9817,26.9817,0
2008-06-06,26.2223,26.2223,26.2223,26.2223,0
2008-06-09,26.2051,26.2051,26.2051,26.2051,0
2008-06-10,25.7333,25.7333,25.7333,25.7333,0
2008-06-11,25.3824,25.3824,25.3824,25.3824,0
2008-06-12,25.2788,25.2788,25.2788,25.2788,0
2008-06-13,25.4859,25.4859,25.4859,25.4859,0
2008-06-16,25.6125,25.6125,25.6125,25.6125,0
2008-06-17,25.7045,25.7045,25.7045,25.7045,0
2008-06-18,25.4744,25.4744,25.4744,25.4744,0
2008-06-19,25.4054,25.4054,25.4054,25.4054,0
2008-06-20,24.8646,24.8646,24.8646,24.8646,0
2008-06-23,24.8243,24.8243,24.8243,24.8243,0
2008-06-24,24.761,24.761,24.761,24.761,0
2008-06-25,25.0429,25.0429,25.0429,25.0429,0
2008-06-26,24.4216,24.4216,24.4216,24.4216,0
2008-06-27,24.5424,24.5424,24.5424,24.5424,0
2008-06-30,24.6978,24.6978,24.6978,24.6978,0
2008-07-01,24.4504,24.4504,24.4504,24.4504,0
2008-07-02,24.0362,24.0362,24.0362,24.0362,0
2008-07-03,24.18,24.18,24.18,24.18,0
2008-07-07,23.9729,23.9729,23.9729,23.9729,0
2008-07-08,24.0994,24.0994,24.0994,24.0994,0
2008-07-09,23.8866,23.8866,23.8866,23.8866,0
2008-07-10,24.0189,24.0189,24.0189,24.0189,0
2008-07-11,23.5759,23.5759,23.5759,23.5759,0
2008-07-14,23.5356,23.5356,23.5356,23.5356,0
2008-07-15,23.1444,23.1444,23.1444,23.1444,0
2008-07-16,23.5932,23.5932,23.5932,23.5932,0
2008-07-17,23.9326,23.9326,23.9326,23.9326,0
2008-07-18,24.1167,24.1167,24.1167,24.1167,0
2008-07-21,24.2893,24.2893,24.2893,24.2893,0
2008-07-22,24.2835,24.2835,24.2835,24.2835,0
2008-07-23,24.4331,24.4331,24.4331,24.4331,0
2008-07-24,24.0132,24.0132,24.0132,24.0132,0
2008-07-25,24.0132,24.0132,24.0132,24.0132,0
2008-07-28,23.6967,23.6967,23.6967,23.6967,0
2008-07-29,23.8866,23.8866,23.8866,23.8866,0
2008-07-30,24.1512,24.1512,24.1512,24.1512,0
2008-07-31,23.8406,23.8406,23.8406,23.8406,0
2008-08-01,23.5299,23.5299,23.5299,23.5299,0
2008-08-04,23.3113,23.3113,23.3113,23.3113,0
2008-08-05,23.8808,23.8808,23.8808,23.8808,0
2008-08-06,23.8923,23.8923,23.8923,23.8923,0
2008-08-07,23.4263,23.4263,23.4263,23.4263,0
2008-08-08,23.5011,23.5011,23.5011,23.5011,0
2008-08-11,23.5184,23.5184,23.5184,23.5184,0
2008-08-12,23.4091,23.4091,23.4091,23.4091,0
2008-08-13,22.9833,22.9833,22.9833,22.9833,0
2008-08-14,22.8855,22.8855,22.8855,22.8855,0
2008-08-15,22.7245,22.7245,22.7245,22.7245,0
2008-08-18,22.6037,22.6037,22.6037,22.6037,0
2008-08-19,22.3505,22.3505,22.3505,22.3505,0
2008-08-20,22.4656,22.4656,22.4656,22.4656,0
2008-08-21,22.6037,22.6037,22.6037,22.6037,0
2008-08-22,22.7015,22.7015,22.7015,22.7015,0
2008-08-25,22.3275,22.3275,22.3275,22.3275,0
2008-08-26,22.4368,22.4368,22.4368,22.4368,0
2008-08-27,22.6669,22.6669,22.6669,22.6669,0
2008-08-28,22.9316,22.9316,22.9316,22.9316,0
2008-08-29,22.8855,22.8855,22.8855,22.8855,0
2008-09-02,22.5404,22.5404,22.5404,22.5404,0
2008-09-03,22.4311,22.4311,22.4311,22.4311,0
2008-09-04,21.4358,21.4358,21.4358,21.4358,0
2008-09-05,21.4185,21.4185,21.4185,21.4185,0
2008-09-08,21.827,21.827,21.827,21.827,0
2008-09-09,21.2057,21.2057,21.2057,21.2057,0
2008-09-10,21.315,21.315,21.315,21.315,0
2008-09-11,21.2689,21.2689,21.2689,21.2689,0
2008-09-12,21.7062,21.7062,21.7062,21.7062,0
2008-09-15,20.7799,20.7799,20.7799,20.7799,0
2008-09-16,20.6706,20.6706,20.6706,20.6706,0
2008-09-17,19.9515,19.9515,19.9515,19.9515,0
2008-09-18,20.7109,20.7109,20.7109,20.7109,0
2008-09-19,22.0859,22.0859,22.0859,22.0859,0
2008-09-22,21.7465,21.7465,21.7465,21.7465,0
2008-09-23,21.2517,21.2517,21.2517,21.2517,0
2008-09-24,21.2632,21.2632,21.2632,21.2632,0
2008-09-25,21.6889,21.6889,21.6889,21.6889,0
2008-09-26,21.5163,21.5163,21.5163,21.5163,0
2008-09-29,19.382,19.382,19.382,19.382,0
2008-09-30,20.2334,20.2334,20.2334,20.2334,0
2008-10-01,20.1298,20.1298,20.1298,20.1298,0
2008-10-02,19.2669,19.2669,19.2669,19.2669,0
2008-10-03,19.2151,19.2151,19.2151,19.2151,0
2008-10-06,18.1048,18.1048,18.1048,18.1048,0
2008-10-07,17.2994,17.2994,17.2994,17.2994,0
2008-10-08,16.8449,16.8449,16.8449,16.8449,0
2008-10-09,15.8784,15.8784,15.8784,15.8784,0
2008-10-10,15.3836,15.3836,15.3836,15.3836,0
2008-10-13,17.7423,17.7423,17.7423,17.7423,0
2008-10-14,17.3742,17.3742,17.3742,17.3742,0
2008-10-15,15.4584,15.4584,15.4584,15.4584,0
2008-10-16,16.2523,16.2523,16.2523,16.2523,0
2008-10-17,15.9934,15.9934,15.9934,15.9934,0
2008-10-20,16.7816,16.7816,16.7816,16.7816,0
2008-10-21,16.0797,16.0797,16.0797,16.0797,0
2008-10-22,14.7565,14.7565,14.7565,14.7565,0
2008-10-23,15.0557,15.0557,15.0557,15.0557,0
2008-10-24,14.2387,14.2387,14.2387,14.2387,0
2008-10-27,13.5944,13.5944,13.5944,13.5944,0
2008-10-28,14.6184,14.6184,14.6184,14.6184,0
2008-10-29,15.4411,15.4411,15.4411,15.4411,0
2008-10-30,15.9071,15.9071,15.9071,15.9071,0
2008-10-31,16.074,16.074,16.074,16.074,0
2008-11-03,16.0682,16.0682,16.0682,16.0682,0
2008-11-04,17.2073,17.2073,17.2073,17.2073,0
2008-11-05,16.3444,16.3444,16.3444,16.3444,0
2008-11-06,15.1592,15.1592,15.1592,15.1592,0
2008-11-07,16.0855,16.0855,16.0855,16.0855,0
2008-11-10,15.8726,15.8726,15.8726,15.8726,0
2008-11-11,15.2743,15.2743,15.2743,15.2743,0
2008-11-12,14.4746,14.4746,14.4746,14.4746,0
2008-11-13,15.5677,15.5677,15.5677,15.5677,0
2008-11-14,14.7738,14.7738,14.7738,14.7738,0
2008-11-17,14.5379,14.5379,14.5379,14.5379,0
2008-11-18,14.5724,14.5724,14.5724,14.5724,0
2008-11-19,13.6347,13.6347,13.6347,13.6347,0
2008-11-20,12.9386,12.9386,12.9386,12.9386,0
2008-11-21,13.6462,13.6462,13.6462,13.6462,0
2008-11-24,14.676,14.676,14.676,14.676,0
2008-11-25,14.8716,14.8716,14.8716,14.8716,0
2008-11-26,15.0614,15.0614,15.0614,15.0614,0
2008-11-28,15.0097,15.0097,15.0097,15.0097,0
2008-12-01,13.7728,13.7728,13.7728,13.7728,0
2008-12-02,14.5264,14.5264,14.5264,14.5264,0
2008-12-03,14.6702,14.6702,14.6702,14.6702,0
2008-12-04,14.2445,14.2445,14.2445,14.2445,0
2008-12-05,14.5322,14.5322,14.5322,14.5322,0
2008-12-08,15.1305,15.1305,15.1305,15.1305,0
2008-12-09,15.0154,15.0154,15.0154,15.0154,0
2008-12-10,15.3894,15.3894,15.3894,15.3894,0
2008-12-11,15.5044,15.5044,15.5044,15.5044,0
2008-12-12,15.4641,15.4641,15.4641,15.4641,0
2008-12-15,15.4872,15.4872,15.4872,15.4872,0
2008-12-16,16.3846,16.3846,16.3846,16.3846,0
2008-12-17,16.3156,16.3156,16.3156,16.3156,0
2008-12-18,15.7748,15.7748,15.7748,15.7748,0
2008-12-19,15.585,15.585,15.585,15.585,0
2008-12-22,15.5389,15.5389,15.5389,15.5389,0
2008-12-23,15.3721,15.3721,15.3721,15.3721,0
2008-12-24,15.583,15.583,15.583,15.583,0
2008-12-26,15.6306,15.6306,15.6306,15.6306,0
2008-12-29,15.6544,15.6544,15.6544,15.6544,0
2008-12-30,16.1548,16.1548,16.1548,16.1548,0
2008-12-31,16.3633,16.3633,16.3633,16.3633,0
2009-01-02,16.4646,16.4646,16.4646,16.4646,0
2009-01-05,16.2203,16.2203,16.2203,16.2203,0
2009-01-06,16.3633,16.3633,16.3633,16.3633,0
2009-01-07,16.1667,16.1667,16.1667,16.1667,0
2009-01-08,16.3573,16.3573,16.3573,16.3573,0
2009-01-09,15.8629,15.8629,15.8629,15.8629,0
2009-01-12,15.4757,15.4757,15.4757,15.4757,0
2009-01-13,15.1958,15.1958,15.1958,15.1958,0
2009-01-14,14.5286,14.5286,14.5286,14.5286,0
2009-01-15,14.6954,14.6954,14.6954,14.6954,0
2009-01-16,14.8086,14.8086,14.8086,14.8086,0
2009-01-20,13.7006,13.7006,13.7006,13.7006,0
2009-01-21,14.338,14.338,14.338,14.338,0
2009-01-22,14.0282,14.0282,14.0282,14.0282,0
2009-01-23,13.8972,13.8972,13.8972,13.8972,0
2009-01-26,14.2189,14.2189,14.2189,14.2189,0
2009-01-27,14.4273,14.4273,14.4273,14.4273,0
2009-01-28,14.9039,14.9039,14.9039,14.9039,0
2009-01-29,14.2248,14.2248,14.2248,14.2248,0
2009-01-30,14.0699,14.0699,14.0699,14.0699,0
2009-02-02,13.9687,13.9687,13.9687,13.9687,0
2009-02-03,14.332,14.332,14.332,14.332,0
2009-02-04,14.2725,14.2725,14.2725,14.2725,0
2009-02-05,14.4452,14.4452,14.4452,14.4452,0
2009-02-06,14.7848,14.7848,14.7848,14.7848,0
2009-02-09,14.8145,14.8145,14.8145,14.8145,0
2009-02-10,14.0819,14.0819,14.0819,14.0819,0
2009-02-11,14.2129,14.2129,14.2129,14.2129,0
2009-02-12,14.1891,14.1891,14.1891,14.1891,0
2009-02-13,14.0402,14.0402,14.0402,14.0402,0
2009-02-17,13.2896,13.2896,13.2896,13.2896,0
2009-02-18,13.2717,13.2717,13.2717,13.2717,0
2009-02-19,13.2539,13.2539,13.2539,13.2539,0
2009-02-20,13.1049,13.1049,13.1049,13.1049,0
2009-02-23,12.6105,12.6105,12.6105,12.6105,0
2009-02-24,13.099,13.099,13.099,13.099,0
2009-02-25,12.7952,12.7952,12.7952,12.7952,0
2009-02-26,12.688,12.688,12.688,12.688,0
2009-02-27,12.6522,12.6522,12.6522,12.6522,0
2009-03-02,11.9731,11.9731,11.9731,11.9731,0
2009-03-03,11.8778,11.8778,11.8778,11.8778,0
2009-03-04,12.3723,12.3723,12.3723,12.3723,0
2009-03-05,11.8719,11.8719,11.8719,11.8719,0
2009-03-06,11.8957,11.8957,11.8957,11.8957,0
2009-03-09,11.58,11.58,11.58,11.58,0
2009-03-10,12.3008,12.3008,12.3008,12.3008,0
2009-03-11,12.3663,12.3663,12.3663,12.3663,0
2009-03-12,12.6939,12.6939,12.6939,12.6939,0
2009-03-13,12.7237,12.7237,12.7237,12.7237,0
2009-03-16,12.8905,12.8905,12.8905,12.8905,0
2009-03-17,13.2241,13.2241,13.2241,13.2241,0
2009-03-18,13.6113,13.6113,13.6113,13.6113,0
2009-03-19,13.6053,13.6053,13.6053,13.6053,0
2009-03-20,13.4087,13.4087,13.4087,13.4087,0
2009-03-23,14.368,14.368,14.368,14.368,0
2009-03-24,13.9149,13.9149,13.9149,13.9149,0
2009-03-25,14.1653,14.1653,14.1653,14.1653,0
2009-03-26,14.3382,14.3382,14.3382,14.3382,0
2009-03-27,13.8732,13.8732,13.8732,13.8732,0
2009-03-30,13.3664,13.3664,13.3664,13.3664,0
2009-03-31,13.7182,13.7182,13.7182,13.7182,0
2009-04-01,14.0818,14.0818,14.0818,14.0818,0
2009-04-02,14.7138,14.7138,14.7138,14.7138,0
2009-04-03,14.7853,14.7853,14.7853,14.7853,0
2009-04-06,14.523,14.523,14.523,14.523,0
2009-04-07,14.2249,14.2249,14.2249,14.2249,0
2009-04-08,14.3441,14.3441,14.3441,14.3441,0
2009-04-09,14.7078,14.7078,14.7078,14.7078,0
2009-04-13,14.8569,14.8569,14.8569,14.8569,0
2009-04-14,14.7495,14.7495,14.7495,14.7495,0
2009-04-15,14.9224,14.9224,14.9224,14.9224,0
2009-04-16,15.0119,15.0119,15.0119,15.0119,0
2009-04-17,15.0059,15.0059,15.0059,15.0059,0
2009-04-20,14.3561,14.3561,14.3561,14.3561,0
2009-04-21,14.672,14.672,14.672,14.672,0
2009-04-22,14.5767,14.5767,14.5767,14.5767,0
2009-04-23,14.9523,14.9523,14.9523,14.9523,0
2009-04-24,15.1967,15.1967,15.1967,15.1967,0
2009-04-27,14.9999,14.9999,14.9999,14.9999,0
2009-04-28,14.8926,14.8926,14.8926,14.8926,0
2009-04-29,15.304,15.304,15.304,15.304,0
2009-04-30,15.3398,15.3398,15.3398,15.3398,0
2009-05-01,15.5544,15.5544,15.5544,15.5544,0
2009-05-04,16.1327,16.1327,16.1327,16.1327,0
2009-05-05,15.9121,15.9121,15.9121,15.9121,0
2009-05-06,16.401,16.401,16.401,16.401,0
2009-05-07,16.1565,16.1565,16.1565,16.1565,0
2009-05-08,16.8183,16.8183,16.8183,16.8183,0
2009-05-11,16.4367,16.4367,16.4367,16.4367,0
2009-05-12,16.5739,16.5739,16.5739,16.5739,0
2009-05-13,16.0075,16.0075,16.0075,16.0075,0
2009-05-14,16.1983,16.1983,16.1983,16.1983,0
2009-05-15,16.0075,16.0075,16.0075,16.0075,0
2009-05-18,16.6394,16.6394,16.6394,16.6394,0
2009-05-19,16.7468,16.7468,16.7468,16.7468,0
2009-05-20,16.866,16.866,16.866,16.866,0
2009-05-21,16.705,16.705,16.705,16.705,0
2009-05-22,16.8362,16.8362,16.8362,16.8362,0
2009-05-26,17.1343,17.1343,17.1343,17.1343,0
2009-05-27,16.8541,16.8541,16.8541,16.8541,0
2009-05-28,16.9733,16.9733,16.9733,16.9733,0
2009-05-29,17.3429,17.3429,17.3429,17.3429,0
2009-06-01,17.7603,17.7603,17.7603,17.7603,0
2009-06-02,17.9272,17.9272,17.9272,17.9272,0
2009-06-03,17.4145,17.4145,17.4145,17.4145,0
2009-06-04,17.4801,17.4801,17.4801,17.4801,0
2009-06-05,17.2833,17.2833,17.2833,17.2833,0
2009-06-08,17.182,17.182,17.182,17.182,0
2009-06-09,17.3549,17.3549,17.3549,17.3549,0
2009-06-10,17.4204,17.4204,17.4204,17.4204,0
2009-06-11,17.7126,17.7126,17.7126,17.7126,0
2009-06-12,17.6351,17.6351,17.6351,17.6351,0
2009-06-15,17.0449,17.0449,17.0449,17.0449,0
2009-06-16,16.8541,16.8541,16.8541,16.8541,0
2009-06-17,16.872,16.872,16.872,16.872,0
2009-06-18,16.8898,16.8898,16.8898,16.8898,0
2009-06-19,17.0985,17.0985,17.0985,17.0985,0
2009-06-22,16.55,16.55,16.55,16.55,0
2009-06-23,16.8243,16.8243,16.8243,16.8243,0
2009-06-24,16.7408,16.7408,16.7408,16.7408,0
2009-06-25,17.1581,17.1581,17.1581,17.1581,0
2009-06-26,17.1581,17.1581,17.1581,17.1581,0
2009-06-29,17.2177,17.2177,17.2177,17.2177,0
2009-06-30,17.027,17.027,17.027,17.027,0
2009-07-01,17.4324,17.4324,17.4324,17.4324,0
2009-07-02,16.9018,16.9018,16.9018,16.9018,0
2009-07-06,16.9256,16.9256,16.9256,16.9256,0
2009-07-07,16.5083,16.5083,16.5083,16.5083,0
2009-07-08,16.4189,16.4189,16.4189,16.4189,0
2009-07-09,16.7527,16.7527,16.7527,16.7527,0
2009-07-10,16.4248,16.4248,16.4248,16.4248,0
2009-07-13,16.7229,16.7229,16.7229,16.7229,0
2009-07-14,16.7646,16.7646,16.7646,16.7646,0
2009-07-15,17.2714,17.2714,17.2714,17.2714,0
2009-07-16,17.5516,17.5516,17.5516,17.5516,0
2009-07-17,17.5278,17.5278,17.5278,17.5278,0
2009-07-20,17.8318,17.8318,17.8318,17.8318,0
2009-07-21,17.9212,17.9212,17.9212,17.9212,0
2009-07-22,17.9868,17.9868,17.9868,17.9868,0
2009-07-23,18.2491,18.2491,18.2491,18.2491,0
2009-07-24,18.4041,18.4041,18.4041,18.4041,0
2009-07-27,18.4101,18.4101,18.4101,18.4101,0
2009-07-28,18.3505,18.3505,18.3505,18.3505,0
2009-07-29,18.1359,18.1359,18.1359,18.1359,0
2009-07-30,18.5651,18.5651,18.5651,18.5651,0
2009-07-31,18.8274,18.8274,18.8274,18.8274,0
2009-08-03,19.3342,19.3342,19.3342,19.3342,0
2009-08-04,19.3103,19.3103,19.3103,19.3103,0
2009-08-05,19.2448,19.2448,19.2448,19.2448,0
2009-08-06,19.1136,19.1136,19.1136,19.1136,0
2009-08-07,19.0719,19.0719,19.0719,19.0719,0
2009-08-10,18.9347,18.9347,18.9347,18.9347,0
2009-08-11,18.8036,18.8036,18.8036,18.8036,0
2009-08-12,19.0421,19.0421,19.0421,19.0421,0
2009-08-13,19.3461,19.3461,19.3461,19.3461,0
2009-08-14,19.1792,19.1792,19.1792,19.1792,0
2009-08-17,18.5472,18.5472,18.5472,18.5472,0
2009-08-18,18.8572,18.8572,18.8572,18.8572,0
2009-08-19,19.0063,19.0063,19.0063,19.0063,0
2009-08-20,19.203,19.203,19.203,19.203,0
2009-08-21,19.5786,19.5786,19.5786,19.5786,0
2009-08-24,19.5727,19.5727,19.5727,19.5727,0
2009-08-25,19.7456,19.7456,19.7456,19.7456,0
2009-08-26,19.6502,19.6502,19.6502,19.6502,0
2009-08-27,19.8052,19.8052,19.8052,19.8052,0
2009-08-28,19.8171,19.8171,19.8171,19.8171,0
2009-08-31,19.674,19.674,19.674,19.674,0
2009-09-01,19.1971,19.1971,19.1971,19.1971,0
2009-09-02,19.2209,19.2209,19.2209,19.2209,0
2009-09-03,19.37,19.37,19.37,19.37,0
2009-09-04,19.6084,19.6084,19.6084,19.6084,0
2009-09-08,19.984,19.984,19.984,19.984,0
2009-09-09,20.2404,20.2404,20.2404,20.2404,0
2009-09-10,20.4014,20.4014,20.4014,20.4014,0
2009-09-11,20.3358,20.3358,20.3358,20.3358,0
2009-09-14,20.3894,20.3894,20.3894,20.3894,0
2009-09-15,20.3358,20.3358,20.3358,20.3358,0
2009-09-16,20.8723,20.8723,20.8723,20.8723,0
2009-09-17,20.7471,20.7471,20.7471,20.7471,0
2009-09-18,20.7829,20.7829,20.7829,20.7829,0
2009-09-21,20.5564,20.5564,20.5564,20.5564,0
2009-09-22,20.8187,20.8187,20.8187,20.8187,0
2009-09-23,20.7114,20.7114,20.7114,20.7114,0
2009-09-24,20.3596,20.3596,20.3596,20.3596,0
2009-09-25,20.3596,20.3596,20.3596,20.3596,0
2009-09-28,20.5385,20.5385,20.5385,20.5385,0
2009-09-29,20.4252,20.4252,20.4252,20.4252,0
2009-09-30,20.4491,20.4491,20.4491,20.4491,0
2009-10-01,19.8708,19.8708,19.8708,19.8708,0
2009-10-02,19.6919,19.6919,19.6919,19.6919,0
2009-10-05,19.9721,19.9721,19.9721,19.9721,0
2009-10-06,20.3,20.3,20.3,20.3,0
2009-10-07,20.3715,20.3715,20.3715,20.3715,0
2009-10-08,20.6875,20.6875,20.6875,20.6875,0
2009-10-09,20.6041,20.6041,20.6041,20.6041,0
2009-10-12,20.7233,20.7233,20.7233,20.7233,0
2009-10-13,20.7173,20.7173,20.7173,20.7173,0
2009-10-14,21.2181,21.2181,21.2181,21.2181,0
2009-10-15,21.2956,21.2956,21.2956,21.2956,0
2009-10-16,20.9737,20.9737,20.9737,20.9737,0
2009-10-19,21.3195,21.3195,21.3195,21.3195,0
2009-10-20,21.2002,21.2002,21.2002,21.2002,0
2009-10-21,21.1227,21.1227,21.1227,21.1227,0
2009-10-22,21.3374,21.3374,21.3374,21.3374,0
2009-10-23,20.9856,20.9856,20.9856,20.9856,0
2009-10-26,20.6518,20.6518,20.6518,20.6518,0
2009-10-27,20.5444,20.5444,20.5444,20.5444,0
2009-10-28,19.996,19.996,19.996,19.996,0
2009-10-29,20.6041,20.6041,20.6041,20.6041,0
2009-10-30,19.8827,19.8827,19.8827,19.8827,0
2009-11-02,20.0913,20.0913,20.0913,20.0913,0
2009-11-03,20.0198,20.0198,20.0198,20.0198,0
2009-11-04,20.3119,20.3119,20.3119,20.3119,0
2009-11-05,20.4968,20.4968,20.4968,20.4968,0
2009-11-06,20.5444,20.5444,20.5444,20.5444,0
2009-11-09,21.0929,21.0929,21.0929,21.0929,0
2009-11-10,21.0333,21.0333,21.0333,21.0333,0
2009-11-11,21.087,21.087,21.087,21.087,0
2009-11-12,20.7591,20.7591,20.7591,20.7591,0
2009-11-13,21.0691,21.0691,21.0691,21.0691,0
2009-11-16,21.397,21.397,21.397,21.397,0
2009-11-17,21.242,21.242,21.242,21.242,0
2009-11-18,21.1883,21.1883,21.1883,21.1883,0
2009-11-19,20.7412,20.7412,20.7412,20.7412,0
2009-11-20,20.6339,20.6339,20.6339,20.6339,0
2009-11-23,21.0154,21.0154,21.0154,21.0154,0
2009-11-24,20.9022,20.9022,20.9022,20.9022,0
2009-11-25,21.2301,21.2301,21.2301,21.2301,0
2009-11-27,20.5802,20.5802,20.5802,20.5802,0
2009-11-30,20.6994,20.6994,20.6994,20.6994,0
2009-12-01,21.2539,21.2539,21.2539,21.2539,0
2009-12-02,21.2777,21.2777,21.2777,21.2777,0
2009-12-03,21.236,21.236,21.236,21.236,0
2009-12-04,21.1585,21.1585,21.1585,21.1585,0
2009-12-07,21.0333,21.0333,21.0333,21.0333,0
2009-12-08,20.6756,20.6756,20.6756,20.6756,0
2009-12-09,20.7233,20.7233,20.7233,20.7233,0
2009-12-10,20.7114,20.7114,20.7114,20.7114,0
2009-12-11,20.7412,20.7412,20.7412,20.7412,0
2009-12-14,20.9022,20.9022,20.9022,20.9022,0
2009-12-15,20.6994,20.6994,20.6994,20.6994,0
2009-12-16,20.932,20.932,20.932,20.932,0
2009-12-17,20.4252,20.4252,20.4252,20.4252,0
2009-12-18,20.4491,20.4491,20.4491,20.4491,0
2009-12-21,20.5564,20.5564,20.5564,20.5564,0
2009-12-22,20.6756,20.6756,20.6756,20.6756,0
2009-12-23,20.8723,20.8723,20.8723,20.8723,0
2009-12-24,20.962,20.962,20.962,20.962,0
2009-12-28,21.0474,21.0474,21.0474,21.0474,0
2009-12-29,21.0535,21.0535,21.0535,21.0535,0
2009-12-30,21.0413,21.0413,21.0413,21.0413,0
2009-12-31,20.8644,20.8644,20.8644,20.8644,0
2010-01-04,21.4257,21.4257,21.4257,21.4257,0
2010-01-05,21.4379,21.4379,21.4379,21.4379,0
2010-01-06,21.444,21.444,21.444,21.444,0
2010-01-07,21.4013,21.4013,21.4013,21.4013,0
2010-01-08,21.6331,21.6331,21.6331,21.6331,0
2010-01-11,21.7673,21.7673,21.7673,21.7673,0
2010-01-12,21.5172,21.5172,21.5172,21.5172,0
2010-01-13,21.7185,21.7185,21.7185,21.7185,0
2010-01-14,21.8405,21.8405,21.8405,21.8405,0
2010-01-15,21.4867,21.4867,21.4867,21.4867,0
2010-01-19,21.7246,21.7246,21.7246,21.7246,0
2010-01-20,21.1694,21.1694,21.1694,21.1694,0
2010-01-21,20.7302,20.7302,20.7302,20.7302,0
2010-01-22,20.2665,20.2665,20.2665,20.2665,0
2010-01-25,20.5655,20.5655,20.5655,20.5655,0
2010-01-26,20.4557,20.4557,20.4557,20.4557,0
2010-01-27,20.413,20.413,20.413,20.413,0
2010-01-28,20.0774,20.0774,20.0774,20.0774,0
2010-01-29,19.7297,19.7297,19.7297,19.7297,0
2010-02-01,20.1079,20.1079,20.1079,20.1079,0
2010-02-02,20.4984,20.4984,20.4984,20.4984,0
2010-02-03,20.1872,20.1872,20.1872,20.1872,0
2010-02-04,19.4002,19.4002,19.4002,19.4002,0
2010-02-05,19.2294,19.2294,19.2294,19.2294,0
2010-02-08,19.0586,19.0586,19.0586,19.0586,0
2010-02-09,19.626,19.626,19.626,19.626,0
2010-02-10,19.5039,19.5039,19.5039,19.5039,0
2010-02-11,19.6687,19.6687,19.6687,19.6687,0
2010-02-12,19.6199,19.6199,19.6199,19.6199,0
2010-02-16,19.931,19.931,19.931,19.931,0
2010-02-17,19.9554,19.9554,19.9554,19.9554,0
2010-02-18,20.1384,20.1384,20.1384,20.1384,0
2010-02-19,19.9554,19.9554,19.9554,19.9554,0
2010-02-22,19.9859,19.9859,19.9859,19.9859,0
2010-02-23,19.7602,19.7602,19.7602,19.7602,0
2010-02-24,19.8212,19.8212,19.8212,19.8212,0
2010-02-25,19.7419,19.7419,19.7419,19.7419,0
2010-02-26,19.8761,19.8761,19.8761,19.8761,0
2010-03-01,20.0225,20.0225,20.0225,20.0225,0
2010-03-02,20.1689,20.1689,20.1689,20.1689,0
2010-03-03,20.4557,20.4557,20.4557,20.4557,0
2010-03-04,20.352,20.352,20.352,20.352,0
2010-03-05,20.8095,20.8095,20.8095,20.8095,0
2010-03-08,20.7546,20.7546,20.7546,20.7546,0
2010-03-09,20.6936,20.6936,20.6936,20.6936,0
2010-03-10,20.8278,20.8278,20.8278,20.8278,0
2010-03-11,20.8949,20.8949,20.8949,20.8949,0
2010-03-12,20.9925,20.9925,20.9925,20.9925,0
2010-03-15,20.8644,20.8644,20.8644,20.8644,0
2010-03-16,21.1084,21.1084,21.1084,21.1084,0
2010-03-17,21.2304,21.2304,21.2304,21.2304,0
2010-03-18,21.1023,21.1023,21.1023,21.1023,0
2010-03-19,20.8827,20.8827,20.8827,20.8827,0
2010-03-22,20.9254,20.9254,20.9254,20.9254,0
2010-03-23,21.103,21.103,21.103,21.103,0
2010-03-24,20.7246,20.7246,20.7246,20.7246,0
2010-03-25,20.749,20.749,20.749,20.749,0
2010-03-26,20.8772,20.8772,20.8772,20.8772,0
2010-03-29,21.0908,21.0908,21.0908,21.0908,0
2010-03-30,21.1091,21.1091,21.1091,21.1091,0
2010-03-31,21.1274,21.1274,21.1274,21.1274,0
2010-04-01,21.4386,21.4386,21.4386,21.4386,0
2010-04-05,21.4081,21.4081,21.4081,21.4081,0
2010-04-06,21.4325,21.4325,21.4325,21.4325,0
2010-04-07,21.2129,21.2129,21.2129,21.2129,0
2010-04-08,21.2312,21.2312,21.2312,21.2312,0
2010-04-09,21.5424,21.5424,21.5424,21.5424,0
2010-04-12,21.6278,21.6278,21.6278,21.6278,0
2010-04-13,21.6034,21.6034,21.6034,21.6034,0
2010-04-14,21.878,21.878,21.878,21.878,0
2010-04-15,21.8963,21.8963,21.8963,21.8963,0
2010-04-16,21.3837,21.3837,21.3837,21.3837,0
2010-04-19,21.341,21.341,21.341,21.341,0
2010-04-20,21.5058,21.5058,21.5058,21.5058,0
2010-04-21,21.341,21.341,21.341,21.341,0
2010-04-22,21.1335,21.1335,21.1335,21.1335,0
2010-04-23,21.2739,21.2739,21.2739,21.2739,0
2010-04-26,21.3166,21.3166,21.3166,21.3166,0
2010-04-27,20.4744,20.4744,20.4744,20.4744,0
2010-04-28,20.4561,20.4561,20.4561,20.4561,0
2010-04-29,20.8101,20.8101,20.8101,20.8101,0
2010-04-30,20.5416,20.5416,20.5416,20.5416,0
2010-05-03,20.6514,20.6514,20.6514,20.6514,0
2010-05-04,19.8337,19.8337,19.8337,19.8337,0
2010-05-05,19.4919,19.4919,19.4919,19.4919,0
2010-05-06,18.5704,18.5704,18.5704,18.5704,0
2010-05-07,18.5277,18.5277,18.5277,18.5277,0
2010-05-10,19.7299,19.7299,19.7299,19.7299,0
2010-05-11,19.4736,19.4736,19.4736,19.4736,0
2010-05-12,19.6628,19.6628,19.6628,19.6628,0
2010-05-13,19.4248,19.4248,19.4248,19.4248,0
2010-05-14,18.8877,18.8877,18.8877,18.8877,0
2010-05-17,18.8389,18.8389,18.8389,18.8389,0
2010-05-18,18.43,18.43,18.43,18.43,0
2010-05-19,18.5582,18.5582,18.5582,18.5582,0
2010-05-20,17.716,17.716,17.716,17.716,0
2010-05-21,18.2897,18.2897,18.2897,18.2897,0
2010-05-24,17.8808,17.8808,17.8808,17.8808,0
2010-05-25,17.8442,17.8442,17.8442,17.8442,0
2010-05-26,17.5574,17.5574,17.5574,17.5574,0
2010-05-27,18.5399,18.5399,18.5399,18.5399,0
2010-05-28,18.1737,18.1737,18.1737,18.1737,0
2010-06-01,17.9662,17.9662,17.9662,17.9662,0
2010-06-02,18.5155,18.5155,18.5155,18.5155,0
2010-06-03,18.4178,18.4178,18.4178,18.4178,0
2010-06-04,17.6672,17.6672,17.6672,17.6672,0
2010-06-07,17.4048,17.4048,17.4048,17.4048,0
2010-06-08,17.6855,17.6855,17.6855,17.6855,0
2010-06-09,17.6367,17.6367,17.6367,17.6367,0
2010-06-10,18.3812,18.3812,18.3812,18.3812,0
2010-06-11,18.4239,18.4239,18.4239,18.4239,0
2010-06-14,18.5277,18.5277,18.5277,18.5277,0
2010-06-15,19.1135,19.1135,19.1135,19.1135,0
2010-06-16,19.0647,19.0647,19.0647,19.0647,0
2010-06-17,19.0891,19.0891,19.0891,19.0891,0
2010-06-18,19.0647,19.0647,19.0647,19.0647,0
2010-06-21,19.083,19.083,19.083,19.083,0
2010-06-22,18.8389,18.8389,18.8389,18.8389,0
2010-06-23,18.9488,18.9488,18.9488,18.9488,0
2010-06-24,18.6192,18.6192,18.6192,18.6192,0
2010-06-25,18.7291,18.7291,18.7291,18.7291,0
2010-06-28,18.5887,18.5887,18.5887,18.5887,0
2010-06-29,17.9174,17.9174,17.9174,17.9174,0
2010-06-30,17.8442,17.8442,17.8442,17.8442,0
2010-07-01,18.0517,18.0517,18.0517,18.0517,0
2010-07-02,18.0151,18.0151,18.0151,18.0151,0
2010-07-06,18.369,18.369,18.369,18.369,0
2010-07-07,18.961,18.961,18.961,18.961,0
2010-07-08,19.1807,19.1807,19.1807,19.1807,0
2010-07-09,19.1929,19.1929,19.1929,19.1929,0
2010-07-12,19.1379,19.1379,19.1379,19.1379,0
2010-07-13,19.4736,19.4736,19.4736,19.4736,0
2010-07-14,19.498,19.498,19.498,19.498,0
2010-07-15,19.6262,19.6262,19.6262,19.6262,0
2010-07-16,18.9915,18.9915,18.9915,18.9915,0
2010-07-19,19.1318,19.1318,19.1318,19.1318,0
2010-07-20,19.2417,19.2417,19.2417,19.2417,0
2010-07-21,18.8999,18.8999,18.8999,18.8999,0
2010-07-22,19.5529,19.5529,19.5529,19.5529,0
2010-07-23,19.7665,19.7665,19.7665,19.7665,0
2010-07-26,19.9191,19.9191,19.9191,19.9191,0
2010-07-27,19.9801,19.9801,19.9801,19.9801,0
2010-07-28,19.852,19.852,19.852,19.852,0
2010-07-29,19.9435,19.9435,19.9435,19.9435,0
2010-07-30,19.9252,19.9252,19.9252,19.9252,0
2010-08-02,20.5782,20.5782,20.5782,20.5782,0
2010-08-03,20.5416,20.5416,20.5416,20.5416,0
2010-08-04,20.5233,20.5233,20.5233,20.5233,0
2010-08-05,20.5416,20.5416,20.5416,20.5416,0
2010-08-06,20.6026,20.6026,20.6026,20.6026,0
2010-08-09,20.6575,20.6575,20.6575,20.6575,0
2010-08-10,20.511,20.511,20.511,20.511,0
2010-08-11,19.5529,19.5529,19.5529,19.5529,0
2010-08-12,19.5407,19.5407,19.5407,19.5407,0
2010-08-13,19.4614,19.4614,19.4614,19.4614,0
2010-08-16,19.6079,19.6079,19.6079,19.6079,0
2010-08-17,19.8398,19.8398,19.8398,19.8398,0
2010-08-18,19.852,19.852,19.852,19.852,0
2010-08-19,19.5896,19.5896,19.5896,19.5896,0
2010-08-20,19.3515,19.3515,19.3515,19.3515,0
2010-08-23,19.321,19.321,19.321,19.321,0
2010-08-24,19.022,19.022,19.022,19.022,0
2010-08-25,19.0281,19.0281,19.0281,19.0281,0
2010-08-26,19.022,19.022,19.022,19.022,0
2010-08-27,19.4126,19.4126,19.4126,19.4126,0
2010-08-30,19.1563,19.1563,19.1563,19.1563,0
2010-08-31,19.2112,19.2112,19.2112,19.2112,0
2010-09-01,19.8886,19.8886,19.8886,19.8886,0
2010-09-02,19.9923,19.9923,19.9923,19.9923,0
2010-09-03,20.1815,20.1815,20.1815,20.1815,0
2010-09-07,19.9252,19.9252,19.9252,19.9252,0
2010-09-08,20.0656,20.0656,20.0656,20.0656,0
2010-09-09,20.2425,20.2425,20.2425,20.2425,0
2010-09-10,20.2975,20.2975,20.2975,20.2975,0
2010-09-13,20.6697,20.6697,20.6697,20.6697,0
2010-09-14,20.7979,20.7979,20.7979,20.7979,0
2010-09-15,20.8223,20.8223,20.8223,20.8223,0
2010-09-16,20.7063,20.7063,20.7063,20.7063,0
2010-09-17,20.5538,20.5538,20.5538,20.5538,0
2010-09-20,20.9443,20.9443,20.9443,20.9443,0
2010-09-21,20.9443,20.9443,20.9443,20.9443,0
2010-09-22,20.926,20.926,20.926,20.926,0
2010-09-23,20.6941,20.6941,20.6941,20.6941,0
2010-09-24,21.2678,21.2678,21.2678,21.2678,0
2010-09-27,21.1701,21.1701,21.1701,21.1701,0
2010-09-28,21.2983,21.2983,21.2983,21.2983,0
2010-09-29,21.2556,21.2556,21.2556,21.2556,0
2010-09-30,21.0664,21.0664,21.0664,21.0664,0
2010-10-01,21.3044,21.3044,21.3044,21.3044,0
2010-10-04,21.0237,21.0237,21.0237,21.0237,0
2010-10-05,21.6034,21.6034,21.6034,21.6034,0
2010-10-06,21.7621,21.7621,21.7621,21.7621,0
2010-10-07,21.7255,21.7255,21.7255,21.7255,0
2010-10-08,21.8597,21.8597,21.8597,21.8597,0
2010-10-11,21.8292,21.8292,21.8292,21.8292,0
2010-10-12,21.7865,21.7865,21.7865,21.7865,0
2010-10-13,22.0306,22.0306,22.0306,22.0306,0
2010-10-14,22.1771,22.1771,22.1771,22.1771,0
2010-10-15,22.1405,22.1405,22.1405,22.1405,0
2010-10-18,22.2747,22.2747,22.2747,22.2747,0
2010-10-19,21.6706,21.6706,21.6706,21.6706,0
2010-10-20,22.0916,22.0916,22.0916,22.0916,0
2010-10-21,21.9757,21.9757,21.9757,21.9757,0
2010-10-22,22.0245,22.0245,22.0245,22.0245,0
2010-10-25,22.1099,22.1099,22.1099,22.1099,0
2010-10-26,21.9513,21.9513,21.9513,21.9513,0
2010-10-27,21.7377,21.7377,21.7377,21.7377,0
2010-10-28,21.9147,21.9147,21.9147,21.9147,0
2010-10-29,21.9208,21.9208,21.9208,21.9208,0
2010-11-01,21.8292,21.8292,21.8292,21.8292,0
2010-11-02,22.1832,22.1832,22.1832,22.1832,0
2010-11-03,22.3602,22.3602,22.3602,22.3602,0
2010-11-04,22.8667,22.8667,22.8667,22.8667,0
2010-11-05,22.769,22.769,22.769,22.769,0
2010-11-08,22.6531,22.6531,22.6531,22.6531,0
2010-11-09,22.409,22.409,22.409,22.409,0
2010-11-10,22.4822,22.4822,22.4822,22.4822,0
2010-11-11,22.3052,22.3052,22.3052,22.3052,0
2010-11-12,22.0977,22.0977,22.0977,22.0977,0
2010-11-15,22.1344,22.1344,22.1344,22.1344,0
2010-11-16,21.579,21.579,21.579,21.579,0
2010-11-17,21.7072,21.7072,21.7072,21.7072,0
2010-11-18,22.2442,22.2442,22.2442,22.2442,0
2010-11-19,22.2564,22.2564,22.2564,22.2564,0
2010-11-22,22.0184,22.0184,22.0184,22.0184,0
2010-11-23,21.341,21.341,21.341,21.341,0
2010-11-24,21.6828,21.6828,21.6828,21.6828,0
2010-11-26,21.3532,21.3532,21.3532,21.3532,0
2010-11-29,21.1274,21.1274,21.1274,21.1274,0
2010-11-30,20.8467,20.8467,20.8467,20.8467,0
2010-12-01,21.4692,21.4692,21.4692,21.4692,0
2010-12-02,21.9208,21.9208,21.9208,21.9208,0
2010-12-03,22.0977,22.0977,22.0977,22.0977,0
2010-12-06,21.9818,21.9818,21.9818,21.9818,0
2010-12-07,22.0245,22.0245,22.0245,22.0245,0
2010-12-08,22.0977,22.0977,22.0977,22.0977,0
2010-12-09,22.1222,22.1222,22.1222,22.1222,0
2010-12-10,22.1954,22.1954,22.1954,22.1954,0
2010-12-13,22.4334,22.4334,22.4334,22.4334,0
2010-12-14,22.4822,22.4822,22.4822,22.4822,0
2010-12-15,22.1832,22.1832,22.1832,22.1832,0
2010-12-16,22.2747,22.2747,22.2747,22.2747,0
2010-12-17,22.1649,22.1649,22.1649,22.1649,0
2010-12-20,22.2137,22.2137,22.2137,22.2137,0
2010-12-21,22.3724,22.3724,22.3724,22.3724,0
2010-12-22,22.4449,22.4449,22.4449,22.4449,0
2010-12-23,22.4136,22.4136,22.4136,22.4136,0
2010-12-27,22.3886,22.3886,22.3886,22.3886,0
2010-12-28,22.3824,22.3824,22.3824,22.3824,0
2010-12-29,22.5825,22.5825,22.5825,22.5825,0
2010-12-30,22.4949,22.4949,22.4949,22.4949,0
2010-12-31,22.6075,22.6075,22.6075,22.6075,0
2011-01-03,22.7889,22.7889,22.7889,22.7889,0
2011-01-04,22.7201,22.7201,22.7201,22.7201,0
2011-01-05,22.595,22.595,22.595,22.595,0
2011-01-06,22.3949,22.3949,22.3949,22.3949,0
2011-01-07,22.3198,22.3198,22.3198,22.3198,0
2011-01-10,22.2573,22.2573,22.2573,22.2573,0
2011-01-11,22.4074,22.4074,22.4074,22.4074,0
2011-01-12,22.8827,22.8827,22.8827,22.8827,0
2011-01-13,22.9765,22.9765,22.9765,22.9765,0
2011-01-14,23.1016,23.1016,23.1016,23.1016,0
2011-01-18,23.2516,23.2516,23.2516,23.2516,0
2011-01-19,23.1328,23.1328,23.1328,23.1328,0
2011-01-20,22.9327,22.9327,22.9327,22.9327,0
2011-01-21,23.0578,23.0578,23.0578,23.0578,0
2011-01-24,23.2641,23.2641,23.2641,23.2641,0
2011-01-25,23.2516,23.2516,23.2516,23.2516,0
2011-01-26,23.3642,23.3642,23.3642,23.3642,0
2011-01-27,23.4205,23.4205,23.4205,23.4205,0
2011-01-28,22.8764,22.8764,22.8764,22.8764,0
2011-01-31,23.0953,23.0953,23.0953,23.0953,0
2011-02-01,23.6581,23.6581,23.6581,23.6581,0
2011-02-02,23.6456,23.6456,23.6456,23.6456,0
2011-02-03,23.6519,23.6519,23.6519,23.6519,0
2011-02-04,23.6269,23.6269,23.6269,23.6269,0
2011-02-07,23.7019,23.7019,23.7019,23.7019,0
2011-02-08,23.827,23.827,23.827,23.827,0
2011-02-09,23.777,23.777,23.777,23.777,0
2011-02-10,23.6081,23.6081,23.6081,23.6081,0
2011-02-11,23.6206,23.6206,23.6206,23.6206,0
2011-02-14,23.6456,23.6456,23.6456,23.6456,0
2011-02-15,23.5831,23.5831,23.5831,23.5831,0
2011-02-16,23.877,23.877,23.877,23.877,0
2011-02-17,23.9896,23.9896,23.9896,23.9896,0
2011-02-18,24.0709,24.0709,24.0709,24.0709,0
2011-02-22,23.3767,23.3767,23.3767,23.3767,0
2011-02-23,23.3767,23.3767,23.3767,23.3767,0
2011-02-24,23.3955,23.3955,23.3955,23.3955,0
2011-02-25,23.7019,23.7019,23.7019,23.7019,0
2011-02-28,23.9396,23.9396,23.9396,23.9396,0
2011-03-01,23.5893,23.5893,23.5893,23.5893,0
2011-03-02,23.7019,23.7019,23.7019,23.7019,0
2011-03-03,24.0334,24.0334,24.0334,24.0334,0
2011-03-04,23.802,23.802,23.802,23.802,0
2011-03-07,23.5456,23.5456,23.5456,23.5456,0
2011-03-08,23.6269,23.6269,23.6269,23.6269,0
2011-03-09,23.6019,23.6019,23.6019,23.6019,0
2011-03-10,23.0328,23.0328,23.0328,23.0328,0
2011-03-11,23.064,23.064,23.064,23.064,0
2011-03-14,22.645,22.645,22.645,22.645,0
2011-03-15,22.1447,22.1447,22.1447,22.1447,0
2011-03-16,21.4756,21.4756,21.4756,21.4756,0
2011-03-17,22.1697,22.1697,22.1697,22.1697,0
2011-03-18,22.5199,22.5199,22.5199,22.5199,0
2011-03-21,23.0828,23.0828,23.0828,23.0828,0
2011-03-22,23.0203,23.0203,23.0203,23.0203,0
2011-03-23,23.0215,23.0215,23.0215,23.0215,0
2011-03-24,23.3406,23.3406,23.3406,23.3406,0
2011-03-25,23.0528,23.0528,23.0528,23.0528,0
2011-03-28,23.059,23.059,23.059,23.059,0
2011-03-29,23.1967,23.1967,23.1967,23.1967,0
2011-03-30,23.4532,23.4532,23.4532,23.4532,0
2011-03-31,23.3406,23.3406,23.3406,23.3406,0
2011-04-01,23.5783,23.5783,23.5783,23.5783,0
2011-04-04,23.572,23.572,23.572,23.572,0
2011-04-05,23.5095,23.5095,23.5095,23.5095,0
2011-04-06,23.7159,23.7159,23.7159,23.7159,0
2011-04-07,23.6096,23.6096,23.6096,23.6096,0
2011-04-08,23.791,23.791,23.791,23.791,0
2011-04-11,23.7409,23.7409,23.7409,23.7409,0
2011-04-12,23.522,23.522,23.522,23.522,0
2011-04-13,23.6033,23.6033,23.6033,23.6033,0
2011-04-14,23.7034,23.7034,23.7034,23.7034,0
2011-04-15,23.6721,23.6721,23.6721,23.6721,0
2011-04-18,23.1904,23.1904,23.1904,23.1904,0
2011-04-19,23.3593,23.3593,23.3593,23.3593,0
2011-04-20,23.9787,23.9787,23.9787,23.9787,0
2011-04-21,24.1225,24.1225,24.1225,24.1225,0
2011-04-25,24.11,24.11,24.11,24.11,0
2011-04-26,24.2977,24.2977,24.2977,24.2977,0
2011-04-27,24.598,24.598,24.598,24.598,0
2011-04-28,24.7669,24.7669,24.7669,24.7669,0
2011-04-29,24.7857,24.7857,24.7857,24.7857,0
2011-05-02,24.7919,24.7919,24.7919,24.7919,0
2011-05-03,24.5917,24.5917,24.5917,24.5917,0
2011-05-04,24.379,24.379,24.379,24.379,0
2011-05-05,23.9161,23.9161,23.9161,23.9161,0
2011-05-06,23.9349,23.9349,23.9349,23.9349,0
2011-05-09,24.0912,24.0912,24.0912,24.0912,0
2011-05-10,24.3227,24.3227,24.3227,24.3227,0
2011-05-11,23.8598,23.8598,23.8598,23.8598,0
2011-05-12,23.9349,23.9349,23.9349,23.9349,0
2011-05-13,23.547,23.547,23.547,23.547,0
2011-05-16,23.5157,23.5157,23.5157,23.5157,0
2011-05-17,23.5658,23.5658,23.5658,23.5658,0
2011-05-18,23.7222,23.7222,23.7222,23.7222,0
2011-05-19,23.866,23.866,23.866,23.866,0
2011-05-20,23.5032,23.5032,23.5032,23.5032,0
2011-05-23,22.9589,22.9589,22.9589,22.9589,0
2011-05-24,23.0841,23.0841,23.0841,23.0841,0
2011-05-25,23.2592,23.2592,23.2592,23.2592,0
2011-05-26,23.4844,23.4844,23.4844,23.4844,0
2011-05-27,23.6471,23.6471,23.6471,23.6471,0
2011-05-31,24.1163,24.1163,24.1163,24.1163,0
2011-06-01,23.5595,23.5595,23.5595,23.5595,0
2011-06-02,23.7034,23.7034,23.7034,23.7034,0
2011-06-03,23.7034,23.7034,23.7034,23.7034,0
2011-06-06,23.3906,23.3906,23.3906,23.3906,0
2011-06-07,23.5783,23.5783,23.5783,23.5783,0
2011-06-08,23.2842,23.2842,23.2842,23.2842,0
2011-06-09,23.547,23.547,23.547,23.547,0
2011-06-10,22.9589,22.9589,22.9589,22.9589,0
2011-06-13,23.0215,23.0215,23.0215,23.0215,0
2011-06-14,23.4219,23.4219,23.4219,23.4219,0
2011-06-15,22.6211,22.6211,22.6211,22.6211,0
2011-06-16,22.5711,22.5711,22.5711,22.5711,0
2011-06-17,22.7963,22.7963,22.7963,22.7963,0
2011-06-20,22.7838,22.7838,22.7838,22.7838,0
2011-06-21,23.278,23.278,23.278,23.278,0
2011-06-22,23.0215,23.0215,23.0215,23.0215,0
2011-06-23,22.7963,22.7963,22.7963,22.7963,0
2011-06-24,22.5899,22.5899,22.5899,22.5899,0
2011-06-27,22.7838,22.7838,22.7838,22.7838,0
2011-06-28,23.059,23.059,23.059,23.059,0
2011-06-29,23.4657,23.4657,23.4657,23.4657,0
2011-06-30,23.8223,23.8223,23.8223,23.8223,0
2011-07-01,24.0725,24.0725,24.0725,24.0725,0
2011-07-05,23.9098,23.9098,23.9098,23.9098,0
2011-07-06,23.791,23.791,23.791,23.791,0
2011-07-07,23.9849,23.9849,23.9849,23.9849,0
2011-07-08,23.6784,23.6784,23.6784,23.6784,0
2011-07-11,22.9715,22.9715,22.9715,22.9715,0
2011-07-12,22.8026,22.8026,22.8026,22.8026,0
2011-07-13,23.1529,23.1529,23.1529,23.1529,0
2011-07-14,22.9652,22.9652,22.9652,22.9652,0
2011-07-15,23.0528,23.0528,23.0528,23.0528,0
2011-07-18,22.6962,22.6962,22.6962,22.6962,0
2011-07-19,23.0528,23.0528,23.0528,23.0528,0
2011-07-20,23.3343,23.3343,23.3343,23.3343,0
2011-07-21,23.8348,23.8348,23.8348,23.8348,0
2011-07-22,23.8848,23.8848,23.8848,23.8848,0
2011-07-25,23.7222,23.7222,23.7222,23.7222,0
2011-07-26,23.8723,23.8723,23.8723,23.8723,0
2011-07-27,23.2905,23.2905,23.2905,23.2905,0
2011-07-28,23.2029,23.2029,23.2029,23.2029,0
2011-07-29,23.253,23.253,23.253,23.253,0
2011-08-01,22.984,22.984,22.984,22.984,0
2011-08-02,22.3834,22.3834,22.3834,22.3834,0
2011-08-03,22.5085,22.5085,22.5085,22.5085,0
2011-08-04,20.9008,20.9008,20.9008,20.9008,0
2011-08-05,21.2949,21.2949,21.2949,21.2949,0
2011-08-08,19.6621,19.6621,19.6621,19.6621,0
2011-08-09,20.9696,20.9696,20.9696,20.9696,0
2011-08-10,19.7309,19.7309,19.7309,19.7309,0
2011-08-11,20.6568,20.6568,20.6568,20.6568,0
2011-08-12,20.9696,20.9696,20.9696,20.9696,0
2011-08-15,21.4638,21.4638,21.4638,21.4638,0
2011-08-16,21.0822,21.0822,21.0822,21.0822,0
2011-08-17,21.2198,21.2198,21.2198,21.2198,0
2011-08-18,20.2314,20.2314,20.2314,20.2314,0
2011-08-19,19.8936,19.8936,19.8936,19.8936,0
2011-08-22,20.0437,20.0437,20.0437,20.0437,0
2011-08-23,20.6818,20.6818,20.6818,20.6818,0
2011-08-24,20.6756,20.6756,20.6756,20.6756,0
2011-08-25,20.2001,20.2001,20.2001,20.2001,0
2011-08-26,20.4879,20.4879,20.4879,20.4879,0
2011-08-29,20.9884,20.9884,20.9884,20.9884,0
2011-08-30,20.9008,20.9008,20.9008,20.9008,0
2011-08-31,21.2573,21.2573,21.2573,21.2573,0
2011-09-01,21.0134,21.0134,21.0134,21.0134,0
2011-09-02,20.5067,20.5067,20.5067,20.5067,0
2011-09-06,19.8498,19.8498,19.8498,19.8498,0
2011-09-07,20.4441,20.4441,20.4441,20.4441,0
2011-09-08,20.0312,20.0312,20.0312,20.0312,0
2011-09-09,19.3618,19.3618,19.3618,19.3618,0
2011-09-12,19.2305,19.2305,19.2305,19.2305,0
2011-09-13,19.4369,19.4369,19.4369,19.4369,0
2011-09-14,19.7059,19.7059,19.7059,19.7059,0
2011-09-15,20.1376,20.1376,20.1376,20.1376,0
2011-09-16,20.125,20.125,20.125,20.125,0
2011-09-19,19.5933,19.5933,19.5933,19.5933,0
2011-09-20,19.6559,19.6559,19.6559,19.6559,0
2011-09-21,19.0928,19.0928,19.0928,19.0928,0
2011-09-22,18.4109,18.4109,18.4109,18.4109,0
2011-09-23,18.5924,18.5924,18.5924,18.5924,0
2011-09-26,19.0053,19.0053,19.0053,19.0053,0
2011-09-27,19.4306,19.4306,19.4306,19.4306,0
2011-09-28,19.1366,19.1366,19.1366,19.1366,0
2011-09-29,19.5182,19.5182,19.5182,19.5182,0
2011-09-30,18.8489,18.8489,18.8489,18.8489,0
2011-10-03,18.3672,18.3672,18.3672,18.3672,0
2011-10-04,18.6862,18.6862,18.6862,18.6862,0
2011-10-05,18.9865,18.9865,18.9865,18.9865,0
2011-10-06,19.4932,19.4932,19.4932,19.4932,0
2011-10-07,19.3681,19.3681,19.3681,19.3681,0
2011-10-10,20.1063,20.1063,20.1063,20.1063,0
2011-10-11,20.025,20.025,20.025,20.025,0
2011-10-12,20.3878,20.3878,20.3878,20.3878,0
2011-10-13,20.369,20.369,20.369,20.369,0
2011-10-14,20.613,20.613,20.613,20.613,0
2011-10-17,20.1376,20.1376,20.1376,20.1376,0
2011-10-18,20.3815,20.3815,20.3815,20.3815,0
2011-10-19,20.0687,20.0687,20.0687,20.0687,0
2011-10-20,20.0813,20.0813,20.0813,20.0813,0
2011-10-21,20.6005,20.6005,20.6005,20.6005,0
2011-10-24,20.907,20.907,20.907,20.907,0
2011-10-25,20.5755,20.5755,20.5755,20.5755,0
2011-10-26,20.8507,20.8507,20.8507,20.8507,0
2011-10-27,22.0018,22.0018,22.0018,22.0018,0
2011-10-28,21.8204,21.8204,21.8204,21.8204,0
2011-10-31,20.6881,20.6881,20.6881,20.6881,0
2011-11-01,19.9999,19.9999,19.9999,19.9999,0
2011-11-02,20.2502,20.2502,20.2502,20.2502,0
2011-11-03,20.7569,20.7569,20.7569,20.7569,0
2011-11-04,20.4754,20.4754,20.4754,20.4754,0
2011-11-07,20.5692,20.5692,20.5692,20.5692,0
2011-11-08,20.8257,20.8257,20.8257,20.8257,0
2011-11-09,19.7497,19.7497,19.7497,19.7497,0
2011-11-10,20.0124,20.0124,20.0124,20.0124,0
2011-11-11,20.5004,20.5004,20.5004,20.5004,0
2011-11-14,20.125,20.125,20.125,20.125,0
2011-11-15,20.0562,20.0562,20.0562,20.0562,0
2011-11-16,19.6559,19.6559,19.6559,19.6559,0
2011-11-17,19.4619,19.4619,19.4619,19.4619,0
2011-11-18,19.5182,19.5182,19.5182,19.5182,0
2011-11-21,19.0428,19.0428,19.0428,19.0428,0
2011-11-22,18.9865,18.9865,18.9865,18.9865,0
2011-11-23,18.4485,18.4485,18.4485,18.4485,0
2011-11-25,18.3797,18.3797,18.3797,18.3797,0
2011-11-28,19.1491,19.1491,19.1491,19.1491,0
2011-11-29,19.2743,19.2743,19.2743,19.2743,0
2011-11-30,20.2564,20.2564,20.2564,20.2564,0
2011-12-01,20.05,20.05,20.05,20.05,0
2011-12-02,20.1188,20.1188,20.1188,20.1188,0
2011-12-05,20.3315,20.3315,20.3315,20.3315,0
2011-12-06,20.2502,20.2502,20.2502,20.2502,0
2011-12-07,20.3815,20.3815,20.3815,20.3815,0
2011-12-08,19.7434,19.7434,19.7434,19.7434,0
2011-12-09,20.1751,20.1751,20.1751,20.1751,0
2011-12-12,19.5933,19.5933,19.5933,19.5933,0
2011-12-13,19.3493,19.3493,19.3493,19.3493,0
2011-12-14,19.1116,19.1116,19.1116,19.1116,0
2011-12-15,19.2179,19.2179,19.2179,19.2179,0
2011-12-16,19.1366,19.1366,19.1366,19.1366,0
2011-12-19,18.9615,18.9615,18.9615,18.9615,0
2011-12-20,19.5996,19.5996,19.5996,19.5996,0
2011-12-21,19.5258,19.5258,19.5258,19.5258,0
2011-12-22,19.6811,19.6811,19.6811,19.6811,0
2011-12-23,19.8429,19.8429,19.8429,19.8429,0
2011-12-27,19.7394,19.7394,19.7394,19.7394,0
2011-12-28,19.4093,19.4093,19.4093,19.4093,0
2011-12-29,19.7458,19.7458,19.7458,19.7458,0
2011-12-30,19.8235,19.8235,19.8235,19.8235,0
2012-01-03,20.3542,20.3542,20.3542,20.3542,0
2012-01-04,20.2377,20.2377,20.2377,20.2377,0
2012-01-05,19.9465,19.9465,19.9465,19.9465,0
2012-01-06,19.7135,19.7135,19.7135,19.7135,0
2012-01-09,19.7588,19.7588,19.7588,19.7588,0
2012-01-10,20.0824,20.0824,20.0824,20.0824,0
2012-01-11,20.0176,20.0176,20.0176,20.0176,0
2012-01-12,20.0759,20.0759,20.0759,20.0759,0
2012-01-13,19.8817,19.8817,19.8817,19.8817,0
2012-01-17,20.0759,20.0759,20.0759,20.0759,0
2012-01-18,20.4383,20.4383,20.4383,20.4383,0
2012-01-19,20.6778,20.6778,20.6778,20.6778,0
2012-01-20,20.7749,20.7749,20.7749,20.7749,0
2012-01-23,20.8784,20.8784,20.8784,20.8784,0
2012-01-24,20.7749,20.7749,20.7749,20.7749,0
2012-01-25,20.982,20.982,20.982,20.982,0
2012-01-26,21.0337,21.0337,21.0337,21.0337,0
2012-01-27,21.0532,21.0532,21.0532,21.0532,0
2012-01-30,20.8072,20.8072,20.8072,20.8072,0
2012-01-31,20.9367,20.9367,20.9367,20.9367,0
2012-02-01,21.2538,21.2538,21.2538,21.2538,0
2012-02-02,21.2991,21.2991,21.2991,21.2991,0
2012-02-03,21.6033,21.6033,21.6033,21.6033,0
2012-02-06,21.5062,21.5062,21.5062,21.5062,0
2012-02-07,21.655,21.655,21.655,21.655,0
2012-02-08,21.7392,21.7392,21.7392,21.7392,0
2012-02-09,21.778,21.778,21.778,21.778,0
2012-02-10,21.3767,21.3767,21.3767,21.3767,0
2012-02-13,21.6227,21.6227,21.6227,21.6227,0
2012-02-14,21.4738,21.4738,21.4738,21.4738,0
2012-02-15,21.4932,21.4932,21.4932,21.4932,0
2012-02-16,21.778,21.778,21.778,21.778,0
2012-02-17,21.8686,21.8686,21.8686,21.8686,0
2012-02-21,21.8816,21.8816,21.8816,21.8816,0
2012-02-22,21.8298,21.8298,21.8298,21.8298,0
2012-02-23,22.0045,22.0045,22.0045,22.0045,0
2012-02-24,22.1534,22.1534,22.1534,22.1534,0
2012-02-27,22.011,22.011,22.011,22.011,0
2012-02-28,22.231,22.231,22.231,22.231,0
2012-02-29,21.9592,21.9592,21.9592,21.9592,0
2012-03-01,22.1922,22.1922,22.1922,22.1922,0
2012-03-02,21.9722,21.9722,21.9722,21.9722,0
2012-03-05,21.8492,21.8492,21.8492,21.8492,0
2012-03-06,21.1632,21.1632,21.1632,21.1632,0
2012-03-07,21.422,21.422,21.422,21.422,0
2012-03-08,21.8816,21.8816,21.8816,21.8816,0
2012-03-09,21.7974,21.7974,21.7974,21.7974,0
2012-03-12,21.7521,21.7521,21.7521,21.7521,0
2012-03-13,22.1081,22.1081,22.1081,22.1081,0
2012-03-14,21.9074,21.9074,21.9074,21.9074,0
2012-03-15,22.121,22.121,22.121,22.121,0
2012-03-16,22.2763,22.2763,22.2763,22.2763,0
2012-03-19,22.3864,22.3864,22.3864,22.3864,0
2012-03-20,22.1145,22.1145,22.1145,22.1145,0
2012-03-21,21.9851,21.9851,21.9851,21.9851,0
2012-03-22,21.8304,21.8304,21.8304,21.8304,0
2012-03-23,21.9663,21.9663,21.9663,21.9663,0
2012-03-26,22.2641,22.2641,22.2641,22.2641,0
2012-03-27,22.1411,22.1411,22.1411,22.1411,0
2012-03-28,21.9987,21.9987,21.9987,21.9987,0
2012-03-29,21.8498,21.8498,21.8498,21.8498,0
2012-03-30,22.0311,22.0311,22.0311,22.0311,0
2012-04-02,22.2836,22.2836,22.2836,22.2836,0
2012-04-03,21.8822,21.8822,21.8822,21.8822,0
2012-04-04,21.4031,21.4031,21.4031,21.4031,0
2012-04-05,21.2736,21.2736,21.2736,21.2736,0
2012-04-09,21.1571,21.1571,21.1571,21.1571,0
2012-04-10,20.7363,20.7363,20.7363,20.7363,0
2012-04-11,20.9888,20.9888,20.9888,20.9888,0
2012-04-12,21.3966,21.3966,21.3966,21.3966,0
2012-04-13,20.9758,20.9758,20.9758,20.9758,0
2012-04-16,21.1053,21.1053,21.1053,21.1053,0
2012-04-17,21.4484,21.4484,21.4484,21.4484,0
2012-04-18,21.3254,21.3254,21.3254,21.3254,0
2012-04-19,21.2089,21.2089,21.2089,21.2089,0
2012-04-20,21.4225,21.4225,21.4225,21.4225,0
2012-04-23,20.9952,20.9952,20.9952,20.9952,0
2012-04-24,21.17,21.17,21.17,21.17,0
2012-04-25,21.4419,21.4419,21.4419,21.4419,0
2012-04-26,21.5779,21.5779,21.5779,21.5779,0
2012-04-27,21.6297,21.6297,21.6297,21.6297,0
2012-04-30,21.5067,21.5067,21.5067,21.5067,0
2012-05-01,21.6167,21.6167,21.6167,21.6167,0
2012-05-02,21.4484,21.4484,21.4484,21.4484,0
2012-05-03,21.2607,21.2607,21.2607,21.2607,0
2012-05-04,20.9175,20.9175,20.9175,20.9175,0
2012-05-07,21.06,21.06,21.06,21.06,0
2012-05-08,20.7622,20.7622,20.7622,20.7622,0
2012-05-09,20.5097,20.5097,20.5097,20.5097,0
2012-05-10,20.6068,20.6068,20.6068,20.6068,0
2012-05-11,20.4644,20.4644,20.4644,20.4644,0
2012-05-14,20.1018,20.1018,20.1018,20.1018,0
2012-05-15,19.8364,19.8364,19.8364,19.8364,0
2012-05-16,19.6422,19.6422,19.6422,19.6422,0
2012-05-17,19.4026,19.4026,19.4026,19.4026,0
2012-05-18,19.2408,19.2408,19.2408,19.2408,0
2012-05-21,19.681,19.681,19.681,19.681,0
2012-05-22,19.6098,19.6098,19.6098,19.6098,0
2012-05-23,19.4415,19.4415,19.4415,19.4415,0
2012-05-24,19.3055,19.3055,19.3055,19.3055,0
2012-05-25,19.2472,19.2472,19.2472,19.2472,0
2012-05-29,19.4738,19.4738,19.4738,19.4738,0
2012-05-30,19.0271,19.0271,19.0271,19.0271,0
2012-05-31,19.1048,19.1048,19.1048,19.1048,0
2012-06-01,18.6257,18.6257,18.6257,18.6257,0
2012-06-04,18.7746,18.7746,18.7746,18.7746,0
2012-06-05,18.8718,18.8718,18.8718,18.8718,0
2012-06-06,19.4156,19.4156,19.4156,19.4156,0
2012-06-07,19.4544,19.4544,19.4544,19.4544,0
2012-06-08,19.3832,19.3832,19.3832,19.3832,0
2012-06-11,19.2084,19.2084,19.2084,19.2084,0
2012-06-12,19.5451,19.5451,19.5451,19.5451,0
2012-06-13,19.3962,19.3962,19.3962,19.3962,0
2012-06-14,19.4997,19.4997,19.4997,19.4997,0
2012-06-15,19.804,19.804,19.804,19.804,0
2012-06-18,19.7587,19.7587,19.7587,19.7587,0
2012-06-19,20.0694,20.0694,20.0694,20.0694,0
2012-06-20,20.2119,20.2119,20.2119,20.2119,0
2012-06-21,19.681,19.681,19.681,19.681,0
2012-06-22,19.8752,19.8752,19.8752,19.8752,0
2012-06-25,19.422,19.422,19.422,19.422,0
2012-06-26,19.5321,19.5321,19.5321,19.5321,0
2012-06-27,19.7199,19.7199,19.7199,19.7199,0
2012-06-28,19.7393,19.7393,19.7393,19.7393,0
2012-06-29,20.4385,20.4385,20.4385,20.4385,0
2012-07-02,20.5809,20.5809,20.5809,20.5809,0
2012-07-03,20.7945,20.7945,20.7945,20.7945,0
2012-07-05,20.4773,20.4773,20.4773,20.4773,0
2012-07-06,20.2572,20.2572,20.2572,20.2572,0
2012-07-09,20.2183,20.2183,20.2183,20.2183,0
2012-07-10,20.0565,20.0565,20.0565,20.0565,0
2012-07-11,20.1407,20.1407,20.1407,20.1407,0
2012-07-12,19.9141,19.9141,19.9141,19.9141,0
2012-07-13,20.2054,20.2054,20.2054,20.2054,0
2012-07-16,20.1989,20.1989,20.1989,20.1989,0
2012-07-17,20.2701,20.2701,20.2701,20.2701,0
2012-07-18,20.419,20.419,20.419,20.419,0
2012-07-19,20.5874,20.5874,20.5874,20.5874,0
2012-07-20,20.1342,20.1342,20.1342,20.1342,0
2012-07-23,19.7134,19.7134,19.7134,19.7134,0
2012-07-24,19.4868,19.4868,19.4868,19.4868,0
2012-07-25,19.6033,19.6033,19.6033,19.6033,0
2012-07-26,20.1989,20.1989,20.1989,20.1989,0
2012-07-27,20.6456,20.6456,20.6456,20.6456,0
2012-07-30,20.5938,20.5938,20.5938,20.5938,0
2012-07-31,20.4903,20.4903,20.4903,20.4903,0
2012-08-01,20.5032,20.5032,20.5032,20.5032,0
2012-08-02,20.2183,20.2183,20.2183,20.2183,0
2012-08-03,20.8981,20.8981,20.8981,20.8981,0
2012-08-06,21.0276,21.0276,21.0276,21.0276,0
2012-08-07,21.2153,21.2153,21.2153,21.2153,0
2012-08-08,21.2218,21.2218,21.2218,21.2218,0
2012-08-09,21.2089,21.2089,21.2089,21.2089,0
2012-08-10,21.2477,21.2477,21.2477,21.2477,0
2012-08-13,21.1506,21.1506,21.1506,21.1506,0
2012-08-14,21.1959,21.1959,21.1959,21.1959,0
2012-08-15,21.1247,21.1247,21.1247,21.1247,0
2012-08-16,21.3642,21.3642,21.3642,21.3642,0
2012-08-17,21.4355,21.4355,21.4355,21.4355,0
2012-08-20,21.3642,21.3642,21.3642,21.3642,0
2012-08-21,21.4873,21.4873,21.4873,21.4873,0
2012-08-22,21.4614,21.4614,21.4614,21.4614,0
2012-08-23,21.3448,21.3448,21.3448,21.3448,0
2012-08-24,21.3189,21.3189,21.3189,21.3189,0
2012-08-27,21.3448,21.3448,21.3448,21.3448,0
2012-08-28,21.3189,21.3189,21.3189,21.3189,0
2012-08-29,21.2607,21.2607,21.2607,21.2607,0
2012-08-30,20.9629,20.9629,20.9629,20.9629,0
2012-08-31,21.1636,21.1636,21.1636,21.1636,0
2012-09-04,21.0341,21.0341,21.0341,21.0341,0
2012-09-05,20.9888,20.9888,20.9888,20.9888,0
2012-09-06,21.5067,21.5067,21.5067,21.5067,0
2012-09-07,21.8239,21.8239,21.8239,21.8239,0
2012-09-10,21.6491,21.6491,21.6491,21.6491,0
2012-09-11,21.9016,21.9016,21.9016,21.9016,0
2012-09-12,22.0181,22.0181,22.0181,22.0181,0
2012-09-13,22.3936,22.3936,22.3936,22.3936,0
2012-09-14,22.5943,22.5943,22.5943,22.5943,0
2012-09-17,22.4648,22.4648,22.4648,22.4648,0
2012-09-18,22.3936,22.3936,22.3936,22.3936,0
2012-09-19,22.4454,22.4454,22.4454,22.4454,0
2012-09-20,22.303,22.303,22.303,22.303,0
2012-09-21,22.3418,22.3418,22.3418,22.3418,0
2012-09-24,22.2883,22.2883,22.2883,22.2883,0
2012-09-25,22.1166,22.1166,22.1166,22.1166,0
2012-09-26,21.892,21.892,21.892,21.892,0
2012-09-27,22.143,22.143,22.143,22.143,0
2012-09-28,21.7202,21.7202,21.7202,21.7202,0
2012-10-01,21.892,21.892,21.892,21.892,0
2012-10-02,21.9712,21.9712,21.9712,21.9712,0
2012-10-03,21.8854,21.8854,21.8854,21.8854,0
2012-10-04,22.1298,22.1298,22.1298,22.1298,0
2012-10-05,22.176,22.176,22.176,22.176,0
2012-10-08,22.0307,22.0307,22.0307,22.0307,0
2012-10-09,21.7136,21.7136,21.7136,21.7136,0
2012-10-10,21.6409,21.6409,21.6409,21.6409,0
2012-10-11,21.7797,21.7797,21.7797,21.7797,0
2012-10-12,21.7863,21.7863,21.7863,21.7863,0
2012-10-15,21.9778,21.9778,21.9778,21.9778,0
2012-10-16,22.3478,22.3478,22.3478,22.3478,0
2012-10-17,22.5592,22.5592,22.5592,22.5592,0
2012-10-18,22.4865,22.4865,22.4865,22.4865,0
2012-10-19,22.1826,22.1826,22.1826,22.1826,0
2012-10-22,22.3213,22.3213,22.3213,22.3213,0
2012-10-23,21.8589,21.8589,21.8589,21.8589,0
2012-10-24,21.8854,21.8854,21.8854,21.8854,0
2012-10-25,22.0109,22.0109,22.0109,22.0109,0
2012-10-26,21.9844,21.9844,21.9844,21.9844,0
2012-10-31,21.9514,21.9514,21.9514,21.9514,0
2012-11-01,22.2091,22.2091,22.2091,22.2091,0
2012-11-02,21.9977,21.9977,21.9977,21.9977,0
2012-11-05,21.925,21.925,21.925,21.925,0
2012-11-06,22.1562,22.1562,22.1562,22.1562,0
2012-11-07,21.8127,21.8127,21.8127,21.8127,0
2012-11-08,21.6013,21.6013,21.6013,21.6013,0
2012-11-09,21.6079,21.6079,21.6079,21.6079,0
2012-11-12,21.5947,21.5947,21.5947,21.5947,0
2012-11-13,21.4824,21.4824,21.4824,21.4824,0
2012-11-14,21.2644,21.2644,21.2644,21.2644,0
2012-11-15,21.3305,21.3305,21.3305,21.3305,0
2012-11-16,21.3173,21.3173,21.3173,21.3173,0
2012-11-19,21.7797,21.7797,21.7797,21.7797,0
2012-11-20,21.8061,21.8061,21.8061,21.8061,0
2012-11-21,21.8523,21.8523,21.8523,21.8523,0
2012-11-23,22.3213,22.3213,22.3213,22.3213,0
2012-11-26,22.2685,22.2685,22.2685,22.2685,0
2012-11-27,22.1364,22.1364,22.1364,22.1364,0
2012-11-28,22.3147,22.3147,22.3147,22.3147,0
2012-11-29,22.5129,22.5129,22.5129,22.5129,0
2012-11-30,22.5459,22.5459,22.5459,22.5459,0
2012-12-03,22.5724,22.5724,22.5724,22.5724,0
2012-12-04,22.6318,22.6318,22.6318,22.6318,0
2012-12-05,22.6781,22.6781,22.6781,22.6781,0
2012-12-06,22.7111,22.7111,22.7111,22.7111,0
2012-12-07,22.7111,22.7111,22.7111,22.7111,0
2012-12-10,22.7243,22.7243,22.7243,22.7243,0
2012-12-11,22.8498,22.8498,22.8498,22.8498,0
2012-12-12,22.9357,22.9357,22.9357,22.9357,0
2012-12-13,22.863,22.863,22.863,22.863,0
2012-12-14,22.9489,22.9489,22.9489,22.9489,0
2012-12-17,23.0612,23.0612,23.0612,23.0612,0
2012-12-18,23.2726,23.2726,23.2726,23.2726,0
2012-12-19,23.332,23.332,23.332,23.332,0
2012-12-20,23.5362,23.5362,23.5362,23.5362,0
2012-12-21,23.3894,23.3894,23.3894,23.3894,0
2012-12-24,23.3227,23.3227,23.3227,23.3227,0
2012-12-26,23.3094,23.3094,23.3094,23.3094,0
2012-12-27,23.3961,23.3961,23.3961,23.3961,0
2012-12-28,23.1626,23.1626,23.1626,23.1626,0
2012-12-31,23.5028,23.5028,23.5028,23.5028,0
2013-01-02,23.8898,23.8898,23.8898,23.8898,0
2013-01-03,23.6496,23.6496,23.6496,23.6496,0
2013-01-04,23.783,23.783,23.783,23.783,0
2013-01-07,23.6629,23.6629,23.6629,23.6629,0
2013-01-08,23.5362,23.5362,23.5362,23.5362,0
2013-01-09,23.6496,23.6496,23.6496,23.6496,0
2013-01-10,23.9765,23.9765,23.9765,23.9765,0
2013-01-11,24.0165,24.0165,24.0165,24.0165,0
2013-01-14,24.0499,24.0499,24.0499,24.0499,0
2013-01-15,24.0165,24.0165,24.0165,24.0165,0
2013-01-16,23.8698,23.8698,23.8698,23.8698,0
2013-01-17,24.0699,24.0699,24.0699,24.0699,0
2013-01-18,24.0566,24.0566,24.0566,24.0566,0
2013-01-22,24.0699,24.0699,24.0699,24.0699,0
2013-01-23,24.0232,24.0232,24.0232,24.0232,0
2013-01-24,24.1633,24.1633,24.1633,24.1633,0
2013-01-25,24.4301,24.4301,24.4301,24.4301,0
2013-01-28,24.29,24.29,24.29,24.29,0
2013-01-29,24.4702,24.4702,24.4702,24.4702,0
2013-01-30,24.4969,24.4969,24.4969,24.4969,0
2013-01-31,24.4034,24.4034,24.4034,24.4034,0
2013-02-01,24.5969,24.5969,24.5969,24.5969,0
2013-02-04,24.15,24.15,24.15,24.15,0
2013-02-05,24.2567,24.2567,24.2567,24.2567,0
2013-02-06,24.2567,24.2567,24.2567,24.2567,0
2013-02-07,24.0699,24.0699,24.0699,24.0699,0
2013-02-08,24.2367,24.2367,24.2367,24.2367,0
2013-02-11,24.2167,24.2167,24.2167,24.2167,0
2013-02-12,24.3167,24.3167,24.3167,24.3167,0
2013-02-13,24.4034,24.4034,24.4034,24.4034,0
2013-02-14,24.2634,24.2634,24.2634,24.2634,0
2013-02-15,24.1766,24.1766,24.1766,24.1766,0
2013-02-19,24.4768,24.4768,24.4768,24.4768,0
2013-02-20,24.25,24.25,24.25,24.25,0
2013-02-21,23.8764,23.8764,23.8764,23.8764,0
2013-02-22,24.23,24.23,24.23,24.23,0
2013-02-25,23.6629,23.6629,23.6629,23.6629,0
2013-02-26,23.8364,23.8364,23.8364,23.8364,0
2013-02-27,24.1366,24.1366,24.1366,24.1366,0
2013-02-28,24.1233,24.1233,24.1233,24.1233,0
2013-03-01,24.0699,24.0699,24.0699,24.0699,0
2013-03-04,24.1766,24.1766,24.1766,24.1766,0
2013-03-05,24.4101,24.4101,24.4101,24.4101,0
2013-03-06,24.4702,24.4702,24.4702,24.4702,0
2013-03-07,24.5436,24.5436,24.5436,24.5436,0
2013-03-08,24.5969,24.5969,24.5969,24.5969,0
2013-03-11,24.6636,24.6636,24.6636,24.6636,0
2013-03-12,24.5569,24.5569,24.5569,24.5569,0
2013-03-13,24.5035,24.5035,24.5035,24.5035,0
2013-03-14,24.7704,24.7704,24.7704,24.7704,0
2013-03-15,24.7904,24.7904,24.7904,24.7904,0
2013-03-18,24.5169,24.5169,24.5169,24.5169,0
2013-03-19,24.4435,24.4435,24.4435,24.4435,0
2013-03-20,24.6103,24.6103,24.6103,24.6103,0
2013-03-21,24.4034,24.4034,24.4034,24.4034,0
2013-03-22,24.6252,24.6252,24.6252,24.6252,0
2013-03-25,24.3036,24.3036,24.3036,24.3036,0
2013-03-26,24.4443,24.4443,24.4443,24.4443,0
2013-03-27,24.3237,24.3237,24.3237,24.3237,0
2013-03-28,24.4108,24.4108,24.4108,24.4108,0
2013-04-01,24.1227,24.1227,24.1227,24.1227,0
2013-04-02,24.3773,24.3773,24.3773,24.3773,0
2013-04-03,24.2634,24.2634,24.2634,24.2634,0
2013-04-04,24.4778,24.4778,24.4778,24.4778,0
2013-04-05,24.3706,24.3706,24.3706,24.3706,0
2013-04-08,24.451,24.451,24.451,24.451,0
2013-04-09,24.5515,24.5515,24.5515,24.5515,0
2013-04-10,24.9,24.9,24.9,24.9,0
2013-04-11,25.0943,25.0943,25.0943,25.0943,0
2013-04-12,25.0608,25.0608,25.0608,25.0608,0
2013-04-15,24.5381,24.5381,24.5381,24.5381,0
2013-04-16,24.8933,24.8933,24.8933,24.8933,0
2013-04-17,24.384,24.384,24.384,24.384,0
2013-04-18,24.3237,24.3237,24.3237,24.3237,0
2013-04-19,24.4912,24.4912,24.4912,24.4912,0
2013-04-22,24.6119,24.6119,24.6119,24.6119,0
2013-04-23,24.9536,24.9536,24.9536,24.9536,0
2013-04-24,25.168,25.168,25.168,25.168,0
2013-04-25,25.3087,25.3087,25.3087,25.3087,0
2013-04-26,25.3221,25.3221,25.3221,25.3221,0
2013-04-29,25.617,25.617,25.617,25.617,0
2013-04-30,25.684,25.684,25.684,25.684,0
2013-05-01,25.4896,25.4896,25.4896,25.4896,0
2013-05-02,25.57,25.57,25.57,25.57,0
2013-05-03,25.8783,25.8783,25.8783,25.8783,0
2013-05-06,25.8582,25.8582,25.8582,25.8582,0
2013-05-07,25.9252,25.9252,25.9252,25.9252,0
2013-05-08,26.1932,26.1932,26.1932,26.1932,0
2013-05-09,25.9453,25.9453,25.9453,25.9453,0
2013-05-10,25.9587,25.9587,25.9587,25.9587,0
2013-05-13,25.9587,25.9587,25.9587,25.9587,0
2013-05-14,26.0525,26.0525,26.0525,26.0525,0
2013-05-15,26.1396,26.1396,26.1396,26.1396,0
2013-05-16,25.9252,25.9252,25.9252,25.9252,0
2013-05-17,26.1396,26.1396,26.1396,26.1396,0
2013-05-20,26.2736,26.2736,26.2736,26.2736,0
2013-05-21,26.3138,26.3138,26.3138,26.3138,0
2013-05-22,26.0793,26.0793,26.0793,26.0793,0
2013-05-23,25.684,25.684,25.684,25.684,0
2013-05-24,25.4829,25.4829,25.4829,25.4829,0
2013-05-28,25.5298,25.5298,25.5298,25.5298,0
2013-05-29,25.3087,25.3087,25.3087,25.3087,0
2013-05-30,25.4293,25.4293,25.4293,25.4293,0
2013-05-31,24.9201,24.9201,24.9201,24.9201,0
2013-06-03,25.0876,25.0876,25.0876,25.0876,0
2013-06-04,25.1412,25.1412,25.1412,25.1412,0
2013-06-05,24.5783,24.5783,24.5783,24.5783,0
2013-06-06,24.7191,24.7191,24.7191,24.7191,0
2013-06-07,25.0072,25.0072,25.0072,25.0072,0
2013-06-10,25.0206,25.0206,25.0206,25.0206,0
2013-06-11,24.7057,24.7057,24.7057,24.7057,0
2013-06-12,24.6923,24.6923,24.6923,24.6923,0
2013-06-13,25.0742,25.0742,25.0742,25.0742,0
2013-06-14,24.7794,24.7794,24.7794,24.7794,0
2013-06-17,25.1345,25.1345,25.1345,25.1345,0
2013-06-18,25.2886,25.2886,25.2886,25.2886,0
2013-06-19,24.8263,24.8263,24.8263,24.8263,0
2013-06-20,23.9016,23.9016,23.9016,23.9016,0
2013-06-21,23.982,23.982,23.982,23.982,0
2013-06-24,23.5703,23.5703,23.5703,23.5703,0
2013-06-25,23.9105,23.9105,23.9105,23.9105,0
2013-06-26,24.0194,24.0194,24.0194,24.0194,0
2013-06-27,24.278,24.278,24.278,24.278,0
2013-06-28,24.2235,24.2235,24.2235,24.2235,0
2013-07-01,24.4685,24.4685,24.4685,24.4685,0
2013-07-02,24.346,24.346,24.346,24.346,0
2013-07-03,24.3392,24.3392,24.3392,24.3392,0
2013-07-05,24.4413,24.4413,24.4413,24.4413,0
2013-07-08,24.5706,24.5706,24.5706,24.5706,0
2013-07-09,24.7202,24.7202,24.7202,24.7202,0
2013-07-10,24.7679,24.7679,24.7679,24.7679,0
2013-07-11,25.4483,25.4483,25.4483,25.4483,0
2013-07-12,25.3054,25.3054,25.3054,25.3054,0
2013-07-15,25.4551,25.4551,25.4551,25.4551,0
2013-07-16,25.4211,25.4211,25.4211,25.4211,0
2013-07-17,25.5164,25.5164,25.5164,25.5164,0
2013-07-18,25.6661,25.6661,25.6661,25.6661,0
2013-07-19,25.6388,25.6388,25.6388,25.6388,0
2013-07-22,25.7749,25.7749,25.7749,25.7749,0
2013-07-23,25.809,25.809,25.809,25.809,0
2013-07-24,25.7817,25.7817,25.7817,25.7817,0
2013-07-25,25.809,25.809,25.809,25.809,0
2013-07-26,25.6661,25.6661,25.6661,25.6661,0
2013-07-29,25.4415,25.4415,25.4415,25.4415,0
2013-07-30,25.4347,25.4347,25.4347,25.4347,0
2013-07-31,25.4823,25.4823,25.4823,25.4823,0
2013-08-01,25.8362,25.8362,25.8362,25.8362,0
2013-08-02,26.0403,26.0403,26.0403,26.0403,0
2013-08-05,26.0131,26.0131,26.0131,26.0131,0
2013-08-06,25.9586,25.9586,25.9586,25.9586,0
2013-08-07,25.809,25.809,25.809,25.809,0
2013-08-08,26.0403,26.0403,26.0403,26.0403,0
2013-08-09,26.0539,26.0539,26.0539,26.0539,0
2013-08-12,26.0131,26.0131,26.0131,26.0131,0
2013-08-13,26.2104,26.2104,26.2104,26.2104,0
2013-08-14,26.2172,26.2172,26.2172,26.2172,0
2013-08-15,25.9927,25.9927,25.9927,25.9927,0
2013-08-16,26.0403,26.0403,26.0403,26.0403,0
2013-08-19,25.8566,25.8566,25.8566,25.8566,0
2013-08-20,25.8158,25.8158,25.8158,25.8158,0
2013-08-21,25.5096,25.5096,25.5096,25.5096,0
2013-08-22,25.7749,25.7749,25.7749,25.7749,0
2013-08-23,25.9995,25.9995,25.9995,25.9995,0
2013-08-26,25.8294,25.8294,25.8294,25.8294,0
2013-08-27,25.3939,25.3939,25.3939,25.3939,0
2013-08-28,25.3667,25.3667,25.3667,25.3667,0
2013-08-29,25.3667,25.3667,25.3667,25.3667,0
2013-08-30,25.0741,25.0741,25.0741,25.0741,0
2013-09-03,25.5436,25.5436,25.5436,25.5436,0
2013-09-04,25.7749,25.7749,25.7749,25.7749,0
2013-09-05,25.7681,25.7681,25.7681,25.7681,0
2013-09-06,25.9178,25.9178,25.9178,25.9178,0
2013-09-09,26.2853,26.2853,26.2853,26.2853,0
2013-09-10,26.571,26.571,26.571,26.571,0
2013-09-11,26.6459,26.6459,26.6459,26.6459,0
2013-09-12,26.5166,26.5166,26.5166,26.5166,0
2013-09-13,26.6119,26.6119,26.6119,26.6119,0
2013-09-16,26.85,26.85,26.85,26.85,0
2013-09-17,26.8636,26.8636,26.8636,26.8636,0
2013-09-18,27.5713,27.5713,27.5713,27.5713,0
2013-09-19,27.4488,27.4488,27.4488,27.4488,0
2013-09-20,27.2243,27.2243,27.2243,27.2243,0
2013-09-23,27.2407,27.2407,27.2407,27.2407,0
2013-09-24,27.186,27.186,27.186,27.186,0
2013-09-25,27.1997,27.1997,27.1997,27.1997,0
2013-09-26,27.3021,27.3021,27.3021,27.3021,0
2013-09-27,27.2475,27.2475,27.2475,27.2475,0
2013-09-30,27.0425,27.0425,27.0425,27.0425,0
2013-10-01,27.1997,27.1997,27.1997,27.1997,0
2013-10-02,27.1723,27.1723,27.1723,27.1723,0
2013-10-03,27.0015,27.0015,27.0015,27.0015,0
2013-10-04,27.0767,27.0767,27.0767,27.0767,0
2013-10-07,26.8034,26.8034,26.8034,26.8034,0
2013-10-08,26.6257,26.6257,26.6257,26.6257,0
2013-10-09,26.7146,26.7146,26.7146,26.7146,0
2013-10-10,27.2133,27.2133,27.2133,27.2133,0
2013-10-11,27.3636,27.3636,27.3636,27.3636,0
2013-10-14,27.4456,27.4456,27.4456,27.4456,0
2013-10-15,27.3021,27.3021,27.3021,27.3021,0
2013-10-16,27.5345,27.5345,27.5345,27.5345,0
2013-10-17,27.8692,27.8692,27.8692,27.8692,0
2013-10-18,28.0332,28.0332,28.0332,28.0332,0
2013-10-21,28.0742,28.0742,28.0742,28.0742,0
2013-10-22,28.3407,28.3407,28.3407,28.3407,0
2013-10-23,28.0332,28.0332,28.0332,28.0332,0
2013-10-24,28.2245,28.2245,28.2245,28.2245,0
2013-10-25,28.1494,28.1494,28.1494,28.1494,0
2013-10-28,28.1084,28.1084,28.1084,28.1084,0
2013-10-29,28.1562,28.1562,28.1562,28.1562,0
2013-10-30,28.0947,28.0947,28.0947,28.0947,0
2013-10-31,27.9102,27.9102,27.9102,27.9102,0
2013-11-01,27.7736,27.7736,27.7736,27.7736,0
2013-11-04,27.8966,27.8966,27.8966,27.8966,0
2013-11-05,27.6574,27.6574,27.6574,27.6574,0
2013-11-06,27.9239,27.9239,27.9239,27.9239,0
2013-11-07,27.4525,27.4525,27.4525,27.4525,0
2013-11-08,27.6164,27.6164,27.6164,27.6164,0
2013-11-11,27.6506,27.6506,27.6506,27.6506,0
2013-11-12,27.5891,27.5891,27.5891,27.5891,0
2013-11-13,27.6643,27.6643,27.6643,27.6643,0
2013-11-14,27.7941,27.7941,27.7941,27.7941,0
2013-11-15,28.0469,28.0469,28.0469,28.0469,0
2013-11-18,28.0674,28.0674,28.0674,28.0674,0
2013-11-19,27.9854,27.9854,27.9854,27.9854,0
2013-11-20,27.7941,27.7941,27.7941,27.7941,0
2013-11-21,27.958,27.958,27.958,27.958,0
2013-11-22,28.04,28.04,28.04,28.04,0
2013-11-25,27.958,27.958,27.958,27.958,0
2013-11-26,27.9512,27.9512,27.9512,27.9512,0
2013-11-27,28.0469,28.0469,28.0469,28.0469,0
2013-11-29,28.0947,28.0947,28.0947,28.0947,0
2013-12-02,27.9034,27.9034,27.9034,27.9034,0
2013-12-03,27.6779,27.6779,27.6779,27.6779,0
2013-12-04,27.5208,27.5208,27.5208,27.5208,0
2013-12-05,27.3705,27.3705,27.3705,27.3705,0
2013-12-06,27.7053,27.7053,27.7053,27.7053,0
2013-12-09,27.7121,27.7121,27.7121,27.7121,0
2013-12-10,27.6233,27.6233,27.6233,27.6233,0
2013-12-11,27.3978,27.3978,27.3978,27.3978,0
2013-12-12,27.1928,27.1928,27.1928,27.1928,0
2013-12-13,27.1655,27.1655,27.1655,27.1655,0
2013-12-16,27.3636,27.3636,27.3636,27.3636,0
2013-12-17,27.2612,27.2612,27.2612,27.2612,0
2013-12-18,27.6643,27.6643,27.6643,27.6643,0
2013-12-19,27.6506,27.6506,27.6506,27.6506,0
2013-12-20,27.7969,27.7969,27.7969,27.7969,0
2013-12-23,28.0716,28.0716,28.0716,28.0716,0
2013-12-24,28.1197,28.1197,28.1197,28.1197,0
2013-12-26,28.2846,28.2846,28.2846,28.2846,0
2013-12-27,28.4288,28.4288,28.4288,28.4288,0
2013-12-30,28.5799,28.5799,28.5799,28.5799,0
2013-12-31,28.628,28.628,28.628,28.628,0
2014-01-02,28.1472,28.1472,28.1472,28.1472,0
2014-01-03,28.1541,28.1541,28.1541,28.1541,0
2014-01-06,28.0991,28.0991,28.0991,28.0991,0
2014-01-07,28.264,28.264,28.264,28.264,0
2014-01-08,28.2571,28.2571,28.2571,28.2571,0
2014-01-09,28.2227,28.2227,28.2227,28.2227,0
2014-01-10,28.4769,28.4769,28.4769,28.4769,0
2014-01-13,28.2365,28.2365,28.2365,28.2365,0
2014-01-14,28.4494,28.4494,28.4494,28.4494,0
2014-01-15,28.5868,28.5868,28.5868,28.5868,0
2014-01-16,28.5387,28.5387,28.5387,28.5387,0
2014-01-17,28.47,28.47,28.47,28.47,0
2014-01-21,28.5868,28.5868,28.5868,28.5868,0
2014-01-22,28.6142,28.6142,28.6142,28.6142,0
2014-01-23,28.4013,28.4013,28.4013,28.4013,0
2014-01-24,27.6183,27.6183,27.6183,27.6183,0
2014-01-27,27.4878,27.4878,27.4878,27.4878,0
2014-01-28,27.7625,27.7625,27.7625,27.7625,0
2014-01-29,27.4329,27.4329,27.4329,27.4329,0
2014-01-30,27.5771,27.5771,27.5771,27.5771,0
2014-01-31,27.1375,27.1375,27.1375,27.1375,0
2014-02-03,26.6155,26.6155,26.6155,26.6155,0
2014-02-04,26.8903,26.8903,26.8903,26.8903,0
2014-02-05,26.9177,26.9177,26.9177,26.9177,0
2014-02-06,27.4466,27.4466,27.4466,27.4466,0
2014-02-07,27.7488,27.7488,27.7488,27.7488,0
2014-02-10,27.6252,27.6252,27.6252,27.6252,0
2014-02-11,28.0785,28.0785,28.0785,28.0785,0
2014-02-12,28.1472,28.1472,28.1472,28.1472,0
2014-02-13,28.1953,28.1953,28.1953,28.1953,0
2014-02-14,28.3189,28.3189,28.3189,28.3189,0
2014-02-18,28.5524,28.5524,28.5524,28.5524,0
2014-02-19,28.3326,28.3326,28.3326,28.3326,0
2014-02-20,28.4357,28.4357,28.4357,28.4357,0
2014-02-21,28.5044,28.5044,28.5044,28.5044,0
2014-02-24,28.7448,28.7448,28.7448,28.7448,0
2014-02-25,28.6898,28.6898,28.6898,28.6898,0
2014-02-26,28.6005,28.6005,28.6005,28.6005,0
2014-02-27,28.7173,28.7173,28.7173,28.7173,0
2014-02-28,28.7516,28.7516,28.7516,28.7516,0
2014-03-03,28.1678,28.1678,28.1678,28.1678,0
2014-03-04,28.7242,28.7242,28.7242,28.7242,0
2014-03-05,28.6623,28.6623,28.6623,28.6623,0
2014-03-06,28.9852,28.9852,28.9852,28.9852,0
2014-03-07,28.834,28.834,28.834,28.834,0
2014-03-10,28.6417,28.6417,28.6417,28.6417,0
2014-03-11,28.4425,28.4425,28.4425,28.4425,0
2014-03-12,28.3189,28.3189,28.3189,28.3189,0
2014-03-13,27.8175,27.8175,27.8175,27.8175,0
2014-03-14,27.7488,27.7488,27.7488,27.7488,0
2014-03-17,28.0854,28.0854,28.0854,28.0854,0
2014-03-18,28.264,28.264,28.264,28.264,0
2014-03-19,27.9137,27.9137,27.9137,27.9137,0
2014-03-20,27.8038,27.8038,27.8038,27.8038,0
2014-03-21,27.7557,27.7557,27.7557,27.7557,0
2014-03-24,27.8038,27.8038,27.8038,27.8038,0
2014-03-25,28.1224,28.1224,28.1224,28.1224,0
2014-03-26,28.1294,28.1294,28.1294,28.1294,0
2014-03-27,28.289,28.289,28.289,28.289,0
2014-03-28,28.4903,28.4903,28.4903,28.4903,0
2014-03-31,28.65,28.65,28.65,28.65,0
2014-04-01,28.8583,28.8583,28.8583,28.8583,0
2014-04-02,28.9069,28.9069,28.9069,28.9069,0
2014-04-03,28.8097,28.8097,28.8097,28.8097,0
2014-04-04,28.7333,28.7333,28.7333,28.7333,0
2014-04-07,28.6014,28.6014,28.6014,28.6014,0
2014-04-08,28.5806,28.5806,28.5806,28.5806,0
2014-04-09,28.9763,28.9763,28.9763,28.9763,0
2014-04-10,28.4556,28.4556,28.4556,28.4556,0
2014-04-11,28.296,28.296,28.296,28.296,0
2014-04-14,28.4556,28.4556,28.4556,28.4556,0
2014-04-15,28.3168,28.3168,28.3168,28.3168,0
2014-04-16,28.6916,28.6916,28.6916,28.6916,0
2014-04-17,28.7958,28.7958,28.7958,28.7958,0
2014-04-21,28.8444,28.8444,28.8444,28.8444,0
2014-04-22,28.9624,28.9624,28.9624,28.9624,0
2014-04-23,28.886,28.886,28.886,28.886,0
2014-04-24,28.8791,28.8791,28.8791,28.8791,0
2014-04-25,28.7403,28.7403,28.7403,28.7403,0
2014-04-28,28.8236,28.8236,28.8236,28.8236,0
2014-04-29,29.011,29.011,29.011,29.011,0
2014-04-30,29.1012,29.1012,29.1012,29.1012,0
2014-05-01,29.1984,29.1984,29.1984,29.1984,0
2014-05-02,29.1568,29.1568,29.1568,29.1568,0
2014-05-05,29.1221,29.1221,29.1221,29.1221,0
2014-05-06,29.0804,29.0804,29.0804,29.0804,0
2014-05-07,29.1082,29.1082,29.1082,29.1082,0
2014-05-08,29.1012,29.1012,29.1012,29.1012,0
2014-05-09,29.0596,29.0596,29.0596,29.0596,0
2014-05-12,29.2817,29.2817,29.2817,29.2817,0
2014-05-13,29.3234,29.3234,29.3234,29.3234,0
2014-05-14,29.2817,29.2817,29.2817,29.2817,0
2014-05-15,29.1498,29.1498,29.1498,29.1498,0
2014-05-16,29.1984,29.1984,29.1984,29.1984,0
2014-05-19,29.1498,29.1498,29.1498,29.1498,0
2014-05-20,28.9555,28.9555,28.9555,28.9555,0
2014-05-21,29.1915,29.1915,29.1915,29.1915,0
2014-05-22,29.2609,29.2609,29.2609,29.2609,0
2014-05-23,29.3303,29.3303,29.3303,29.3303,0
2014-05-27,29.5108,29.5108,29.5108,29.5108,0
2014-05-28,29.4206,29.4206,29.4206,29.4206,0
2014-05-29,29.6149,29.6149,29.6149,29.6149,0
2014-05-30,29.6149,29.6149,29.6149,29.6149,0
2014-06-02,29.6635,29.6635,29.6635,29.6635,0
2014-06-03,29.6011,29.6011,29.6011,29.6011,0
2014-06-04,29.6149,29.6149,29.6149,29.6149,0
2014-06-05,29.8163,29.8163,29.8163,29.8163,0
2014-06-06,29.969,29.969,29.969,29.969,0
2014-06-09,29.9343,29.9343,29.9343,29.9343,0
2014-06-10,29.8787,29.8787,29.8787,29.8787,0
2014-06-11,29.7399,29.7399,29.7399,29.7399,0
2014-06-12,29.7468,29.7468,29.7468,29.7468,0
2014-06-13,29.7399,29.7399,29.7399,29.7399,0
2014-06-16,29.7607,29.7607,29.7607,29.7607,0
2014-06-17,29.726,29.726,29.726,29.726,0
2014-06-18,29.9829,29.9829,29.9829,29.9829,0
2014-06-19,30.1287,30.1287,30.1287,30.1287,0
2014-06-20,30.0662,30.0662,30.0662,30.0662,0
2014-06-23,29.9898,29.9898,29.9898,29.9898,0
2014-06-24,29.8163,29.8163,29.8163,29.8163,0
2014-06-25,29.8444,29.8444,29.8444,29.8444,0
2014-06-26,29.8303,29.8303,29.8303,29.8303,0
2014-06-27,29.8866,29.8866,29.8866,29.8866,0
2014-06-30,29.9217,29.9217,29.9217,29.9217,0
2014-07-01,30.1886,30.1886,30.1886,30.1886,0
2014-07-02,30.2238,30.2238,30.2238,30.2238,0
2014-07-03,30.273,30.273,30.273,30.273,0
2014-07-07,30.0411,30.0411,30.0411,30.0411,0
2014-07-08,29.739,29.739,29.739,29.739,0
2014-07-09,29.8514,29.8514,29.8514,29.8514,0
2014-07-10,29.5002,29.5002,29.5002,29.5002,0
2014-07-11,29.5353,29.5353,29.5353,29.5353,0
2014-07-14,29.746,29.746,29.746,29.746,0
2014-07-15,29.6547,29.6547,29.6547,29.6547,0
2014-07-16,29.8725,29.8725,29.8725,29.8725,0
2014-07-17,29.4791,29.4791,29.4791,29.4791,0
2014-07-18,29.725,29.725,29.725,29.725,0
2014-07-21,29.6055,29.6055,29.6055,29.6055,0
2014-07-22,29.7601,29.7601,29.7601,29.7601,0
2014-07-23,29.8233,29.8233,29.8233,29.8233,0
2014-07-24,29.8725,29.8725,29.8725,29.8725,0
2014-07-25,29.7671,29.7671,29.7671,29.7671,0
2014-07-28,29.7812,29.7812,29.7812,29.7812,0
2014-07-29,29.7531,29.7531,29.7531,29.7531,0
2014-07-30,29.725,29.725,29.725,29.725,0
2014-07-31,29.2121,29.2121,29.2121,29.2121,0
2014-08-01,29.0505,29.0505,29.0505,29.0505,0
2014-08-04,29.1489,29.1489,29.1489,29.1489,0
2014-08-05,28.7906,28.7906,28.7906,28.7906,0
2014-08-06,28.7273,28.7273,28.7273,28.7273,0
2014-08-07,28.4885,28.4885,28.4885,28.4885,0
2014-08-08,28.6711,28.6711,28.6711,28.6711,0
2014-08-11,28.7414,28.7414,28.7414,28.7414,0
2014-08-12,28.7414,28.7414,28.7414,28.7414,0
2014-08-13,28.9381,28.9381,28.9381,28.9381,0
2014-08-14,29.0716,29.0716,29.0716,29.0716,0
2014-08-15,29.0575,29.0575,29.0575,29.0575,0
2014-08-18,29.2191,29.2191,29.2191,29.2191,0
2014-08-19,29.2894,29.2894,29.2894,29.2894,0
2014-08-20,29.191,29.191,29.191,29.191,0
2014-08-21,29.3034,29.3034,29.3034,29.3034,0
2014-08-22,29.177,29.177,29.177,29.177,0
2014-08-25,29.3737,29.3737,29.3737,29.3737,0
2014-08-26,29.3667,29.3667,29.3667,29.3667,0
2014-08-27,29.451,29.451,29.451,29.451,0
2014-08-28,29.3105,29.3105,29.3105,29.3105,0
2014-08-29,29.2894,29.2894,29.2894,29.2894,0
2014-09-02,29.3175,29.3175,29.3175,29.3175,0
2014-09-03,29.5072,29.5072,29.5072,29.5072,0
2014-09-04,29.3807,29.3807,29.3807,29.3807,0
2014-09-05,29.3737,29.3737,29.3737,29.3737,0
2014-09-08,29.0786,29.0786,29.0786,29.0786,0
2014-09-09,28.9662,28.9662,28.9662,28.9662,0
2014-09-10,29.1348,29.1348,29.1348,29.1348,0
2014-09-11,28.9732,28.9732,28.9732,28.9732,0
2014-09-12,28.917,28.917,28.917,28.917,0
2014-09-15,28.8749,28.8749,28.8749,28.8749,0
2014-09-16,28.9943,28.9943,28.9943,28.9943,0
2014-09-17,28.7835,28.7835,28.7835,28.7835,0
2014-09-18,28.9803,28.9803,28.9803,28.9803,0
2014-09-19,28.8749,28.8749,28.8749,28.8749,0
2014-09-22,28.7765,28.7765,28.7765,28.7765,0
2014-09-23,28.5166,28.5166,28.5166,28.5166,0
2014-09-24,28.6734,28.6734,28.6734,28.6734,0
2014-09-25,28.2708,28.2708,28.2708,28.2708,0
2014-09-26,28.3767,28.3767,28.3767,28.3767,0
2014-09-29,28.1296,28.1296,28.1296,28.1296,0
2014-09-30,28.0731,28.0731,28.0731,28.0731,0
2014-10-01,27.727,27.727,27.727,27.727,0
2014-10-02,27.4233,27.4233,27.4233,27.4233,0
2014-10-03,27.4586,27.4586,27.4586,27.4586,0
2014-10-06,27.614,27.614,27.614,27.614,0
2014-10-07,27.1691,27.1691,27.1691,27.1691,0
2014-10-08,27.5857,27.5857,27.5857,27.5857,0
2014-10-09,26.8442,26.8442,26.8442,26.8442,0
2014-10-10,26.4417,26.4417,26.4417,26.4417,0
2014-10-13,26.4275,26.4275,26.4275,26.4275,0
2014-10-14,26.4699,26.4699,26.4699,26.4699,0
2014-10-15,26.3216,26.3216,26.3216,26.3216,0
2014-10-16,26.1097,26.1097,26.1097,26.1097,0
2014-10-17,26.5334,26.5334,26.5334,26.5334,0
2014-10-20,26.7595,26.7595,26.7595,26.7595,0
2014-10-21,27.049,27.049,27.049,27.049,0
2014-10-22,26.8583,26.8583,26.8583,26.8583,0
2014-10-23,27.1408,27.1408,27.1408,27.1408,0
2014-10-24,27.2538,27.2538,27.2538,27.2538,0
2014-10-27,27.1691,27.1691,27.1691,27.1691,0
2014-10-28,27.501,27.501,27.501,27.501,0
2014-10-29,27.3386,27.3386,27.3386,27.3386,0
2014-10-30,27.5293,27.5293,27.5293,27.5293,0
2014-10-31,27.9742,27.9742,27.9742,27.9742,0
2014-11-03,27.7764,27.7764,27.7764,27.7764,0
2014-11-04,27.5999,27.5999,27.5999,27.5999,0
2014-11-05,27.6069,27.6069,27.6069,27.6069,0
2014-11-06,27.4939,27.4939,27.4939,27.4939,0
2014-11-07,27.501,27.501,27.501,27.501,0
2014-11-10,27.6281,27.6281,27.6281,27.6281,0
2014-11-11,27.7906,27.7906,27.7906,27.7906,0
2014-11-12,27.5575,27.5575,27.5575,27.5575,0
2014-11-13,27.6705,27.6705,27.6705,27.6705,0
2014-11-14,27.7129,27.7129,27.7129,27.7129,0
2014-11-17,27.5928,27.5928,27.5928,27.5928,0
2014-11-18,27.8894,27.8894,27.8894,27.8894,0
2014-11-19,27.7976,27.7976,27.7976,27.7976,0
2014-11-20,27.6564,27.6564,27.6564,27.6564,0
2014-11-21,27.8894,27.8894,27.8894,27.8894,0
2014-11-24,28.0236,28.0236,28.0236,28.0236,0
2014-11-25,28.0872,28.0872,28.0872,28.0872,0
2014-11-26,28.2002,28.2002,28.2002,28.2002,0
2014-11-28,27.9742,27.9742,27.9742,27.9742,0
2014-12-01,27.9318,27.9318,27.9318,27.9318,0
2014-12-02,28.0095,28.0095,28.0095,28.0095,0
2014-12-03,27.9671,27.9671,27.9671,27.9671,0
2014-12-04,27.9247,27.9247,27.9247,27.9247,0
2014-12-05,27.9812,27.9812,27.9812,27.9812,0
2014-12-08,27.7341,27.7341,27.7341,27.7341,0
2014-12-09,27.5787,27.5787,27.5787,27.5787,0
2014-12-10,27.2185,27.2185,27.2185,27.2185,0
2014-12-11,27.1903,27.1903,27.1903,27.1903,0
2014-12-12,26.6888,26.6888,26.6888,26.6888,0
2014-12-15,26.2792,26.2792,26.2792,26.2792,0
2014-12-16,26.477,26.477,26.477,26.477,0
2014-12-17,26.7453,26.7453,26.7453,26.7453,0
2014-12-18,27.2256,27.2256,27.2256,27.2256,0
2014-12-19,27.2821,27.2821,27.2821,27.2821,0
2014-12-22,27.4242,27.4242,27.4242,27.4242,0
2014-12-23,27.2963,27.2963,27.2963,27.2963,0
2014-12-24,27.4171,27.4171,27.4171,27.4171,0
2014-12-26,27.5024,27.5024,27.5024,27.5024,0
2014-12-29,27.3247,27.3247,27.3247,27.3247,0
2014-12-30,27.0831,27.0831,27.0831,27.0831,0
2014-12-31,26.9196,26.9196,26.9196,26.9196,0
2015-01-02,26.7846,26.7846,26.7846,26.7846,0
2015-01-05,26.1877,26.1877,26.1877,26.1877,0
2015-01-06,25.8963,25.8963,25.8963,25.8963,0
2015-01-07,26.1734,26.1734,26.1734,26.1734,0
2015-01-08,26.5714,26.5714,26.5714,26.5714,0
2015-01-09,26.4435,26.4435,26.4435,26.4435,0
2015-01-12,26.4151,26.4151,26.4151,26.4151,0
2015-01-13,26.543,26.543,26.543,26.543,0
2015-01-14,26.4719,26.4719,26.4719,26.4719,0
2015-01-15,26.6212,26.6212,26.6212,26.6212,0
2015-01-16,26.9125,26.9125,26.9125,26.9125,0
2015-01-20,27.0333,27.0333,27.0333,27.0333,0
2015-01-21,27.2323,27.2323,27.2323,27.2323,0
2015-01-22,27.3318,27.3318,27.3318,27.3318,0
2015-01-23,27.1684,27.1684,27.1684,27.1684,0
2015-01-26,27.5308,27.5308,27.5308,27.5308,0
2015-01-27,27.5521,27.5521,27.5521,27.5521,0
2015-01-28,27.1897,27.1897,27.1897,27.1897,0
2015-01-29,27.5592,27.5592,27.5592,27.5592,0
2015-01-30,27.1115,27.1115,27.1115,27.1115,0
2015-02-02,27.4668,27.4668,27.4668,27.4668,0
2015-02-03,27.8577,27.8577,27.8577,27.8577,0
2015-02-04,27.6587,27.6587,27.6587,27.6587,0
2015-02-05,27.9501,27.9501,27.9501,27.9501,0
2015-02-06,27.6161,27.6161,27.6161,27.6161,0
2015-02-09,27.4882,27.4882,27.4882,27.4882,0
2015-02-10,27.7227,27.7227,27.7227,27.7227,0
2015-02-11,27.5734,27.5734,27.5734,27.5734,0
2015-02-12,27.9998,27.9998,27.9998,27.9998,0
2015-02-13,28.1988,28.1988,28.1988,28.1988,0
2015-02-17,28.2628,28.2628,28.2628,28.2628,0
2015-02-18,28.4546,28.4546,28.4546,28.4546,0
2015-02-19,28.4689,28.4689,28.4689,28.4689,0
2015-02-20,28.7531,28.7531,28.7531,28.7531,0
2015-02-23,28.6394,28.6394,28.6394,28.6394,0
2015-02-24,28.81,28.81,28.81,28.81,0
2015-02-25,28.8384,28.8384,28.8384,28.8384,0
2015-02-26,28.7602,28.7602,28.7602,28.7602,0
2015-02-27,28.7815,28.7815,28.7815,28.7815,0
2015-03-02,28.8242,28.8242,28.8242,28.8242,0
2015-03-03,28.6607,28.6607,28.6607,28.6607,0
2015-03-04,28.5328,28.5328,28.5328,28.5328,0
2015-03-05,28.6252,28.6252,28.6252,28.6252,0
2015-03-06,28.2414,28.2414,28.2414,28.2414,0
2015-03-09,28.2557,28.2557,28.2557,28.2557,0
2015-03-10,27.6658,27.6658,27.6658,27.6658,0
2015-03-11,27.7369,27.7369,27.7369,27.7369,0
2015-03-12,28.078,28.078,28.078,28.078,0
2015-03-13,27.9074,27.9074,27.9074,27.9074,0
2015-03-16,28.2201,28.2201,28.2201,28.2201,0
2015-03-17,28.1917,28.1917,28.1917,28.1917,0
2015-03-18,28.7744,28.7744,28.7744,28.7744,0
2015-03-19,28.4262,28.4262,28.4262,28.4262,0
2015-03-20,29.0374,29.0374,29.0374,29.0374,0
2015-03-23,29.1724,29.1724,29.1724,29.1724,0
2015-03-24,29.144,29.144,29.144,29.144,0
2015-03-25,28.9877,28.9877,28.9877,28.9877,0
2015-03-26,28.7521,28.7521,28.7521,28.7521,0
2015-03-27,28.8163,28.8163,28.8163,28.8163,0
2015-03-30,28.8378,28.8378,28.8378,28.8378,0
2015-03-31,28.4309,28.4309,28.4309,28.4309,0
2015-04-01,28.6308,28.6308,28.6308,28.6308,0
2015-04-02,28.8449,28.8449,28.8449,28.8449,0
2015-04-06,29.1233,29.1233,29.1233,29.1233,0
2015-04-07,29.1233,29.1233,29.1233,29.1233,0
2015-04-08,29.2589,29.2589,29.2589,29.2589,0
2015-04-09,29.3017,29.3017,29.3017,29.3017,0
2015-04-10,29.3589,29.3589,29.3589,29.3589,0
2015-04-13,29.2018,29.2018,29.2018,29.2018,0
2015-04-14,29.4231,29.4231,29.4231,29.4231,0
2015-04-15,29.5587,29.5587,29.5587,29.5587,0
2015-04-16,29.6301,29.6301,29.6301,29.6301,0
2015-04-17,29.2732,29.2732,29.2732,29.2732,0
2015-04-20,29.3231,29.3231,29.3231,29.3231,0
2015-04-21,29.573,29.573,29.573,29.573,0
2015-04-22,29.6372,29.6372,29.6372,29.6372,0
2015-04-23,29.7657,29.7657,29.7657,29.7657,0
2015-04-24,29.9299,29.9299,29.9299,29.9299,0
2015-04-27,30.0441,30.0441,30.0441,30.0441,0
2015-04-28,30.0941,30.0941,30.0941,30.0941,0
2015-04-29,29.83,29.83,29.83,29.83,0
2015-04-30,29.5301,29.5301,29.5301,29.5301,0
2015-05-01,29.78,29.78,29.78,29.78,0
2015-05-04,29.8085,29.8085,29.8085,29.8085,0
2015-05-05,29.3589,29.3589,29.3589,29.3589,0
2015-05-06,29.4231,29.4231,29.4231,29.4231,0
2015-05-07,29.3231,29.3231,29.3231,29.3231,0
2015-05-08,29.9584,29.9584,29.9584,29.9584,0
2015-05-11,29.6943,29.6943,29.6943,29.6943,0
2015-05-12,29.6943,29.6943,29.6943,29.6943,0
2015-05-13,29.9085,29.9085,29.9085,29.9085,0
2015-05-14,30.2654,30.2654,30.2654,30.2654,0
2015-05-15,30.3011,30.3011,30.3011,30.3011,0
2015-05-18,30.2011,30.2011,30.2011,30.2011,0
2015-05-19,30.0869,30.0869,30.0869,30.0869,0
2015-05-20,30.144,30.144,30.144,30.144,0
2015-05-21,30.3082,30.3082,30.3082,30.3082,0
2015-05-22,30.1226,30.1226,30.1226,30.1226,0
2015-05-26,29.6158,29.6158,29.6158,29.6158,0
2015-05-27,29.8657,29.8657,29.8657,29.8657,0
2015-05-28,29.8014,29.8014,29.8014,29.8014,0
2015-05-29,29.5159,29.5159,29.5159,29.5159,0
2015-06-01,29.4445,29.4445,29.4445,29.4445,0
2015-06-02,29.5444,29.5444,29.5444,29.5444,0
2015-06-03,29.7157,29.7157,29.7157,29.7157,0
2015-06-04,29.3731,29.3731,29.3731,29.3731,0
2015-06-05,29.0519,29.0519,29.0519,29.0519,0
2015-06-08,29.0233,29.0233,29.0233,29.0233,0
2015-06-09,28.8592,28.8592,28.8592,28.8592,0
2015-06-10,29.4588,29.4588,29.4588,29.4588,0
2015-06-11,29.5444,29.5444,29.5444,29.5444,0
2015-06-12,29.3089,29.3089,29.3089,29.3089,0
2015-06-15,29.1233,29.1233,29.1233,29.1233,0
2015-06-16,29.1161,29.1161,29.1161,29.1161,0
2015-06-17,29.0376,29.0376,29.0376,29.0376,0
2015-06-18,29.316,29.316,29.316,29.316,0
2015-06-19,29.2518,29.2518,29.2518,29.2518,0
2015-06-22,29.7586,29.7586,29.7586,29.7586,0
2015-06-23,29.8657,29.8657,29.8657,29.8657,0
2015-06-24,29.6229,29.6229,29.6229,29.6229,0
2015-06-25,29.6158,29.6158,29.6158,29.6158,0
2015-06-26,29.5891,29.5891,29.5891,29.5891,0
2015-06-29,28.7001,28.7001,28.7001,28.7001,0
2015-06-30,28.6567,28.6567,28.6567,28.6567,0
2015-07-01,28.8446,28.8446,28.8446,28.8446,0
2015-07-02,28.9169,28.9169,28.9169,28.9169,0
2015-07-06,28.3243,28.3243,28.3243,28.3243,0
2015-07-07,28.317,28.317,28.317,28.317,0
2015-07-08,27.6304,27.6304,27.6304,27.6304,0
2015-07-09,28.0785,28.0785,28.0785,28.0785,0
2015-07-10,28.9314,28.9314,28.9314,28.9314,0
2015-07-13,29.0542,29.0542,29.0542,29.0542,0
2015-07-14,29.2566,29.2566,29.2566,29.2566,0
2015-07-15,29.141,29.141,29.141,29.141,0
2015-07-16,29.3867,29.3867,29.3867,29.3867,0
2015-07-17,29.3433,29.3433,29.3433,29.3433,0
2015-07-20,29.4084,29.4084,29.4084,29.4084,0
2015-07-21,29.3289,29.3289,29.3289,29.3289,0
2015-07-22,29.0831,29.0831,29.0831,29.0831,0
2015-07-23,28.9892,28.9892,28.9892,28.9892,0
2015-07-24,28.6784,28.6784,28.6784,28.6784,0
2015-07-27,28.4977,28.4977,28.4977,28.4977,0
2015-07-28,28.8519,28.8519,28.8519,28.8519,0
2015-07-29,28.953,28.953,28.953,28.953,0
2015-07-30,28.9386,28.9386,28.9386,28.9386,0
2015-07-31,29.0759,29.0759,29.0759,29.0759,0
2015-08-03,28.9892,28.9892,28.9892,28.9892,0
2015-08-04,29.0181,29.0181,29.0181,29.0181,0
2015-08-05,29.1699,29.1699,29.1699,29.1699,0
2015-08-06,29.0398,29.0398,29.0398,29.0398,0
2015-08-07,29.0109,29.0109,29.0109,29.0109,0
2015-08-10,29.365,29.365,29.365,29.365,0
2015-08-11,28.9025,28.9025,28.9025,28.9025,0
2015-08-12,28.7146,28.7146,28.7146,28.7146,0
2015-08-13,28.7073,28.7073,28.7073,28.7073,0
2015-08-14,28.7579,28.7579,28.7579,28.7579,0
2015-08-17,28.7001,28.7001,28.7001,28.7001,0
2015-08-18,28.476,28.476,28.476,28.476,0
2015-08-19,28.2448,28.2448,28.2448,28.2448,0
2015-08-20,27.5509,27.5509,27.5509,27.5509,0
2015-08-21,26.8571,26.8571,26.8571,26.8571,0
2015-08-24,25.9537,25.9537,25.9537,25.9537,0
2015-08-25,26.2139,26.2139,26.2139,26.2139,0
2015-08-26,26.8932,26.8932,26.8932,26.8932,0
2015-08-27,27.2474,27.2474,27.2474,27.2474,0
2015-08-28,27.1751,27.1751,27.1751,27.1751,0
2015-08-31,26.9727,26.9727,26.9727,26.9727,0
2015-09-01,26.091,26.091,26.091,26.091,0
2015-09-02,26.4957,26.4957,26.4957,26.4957,0
2015-09-03,26.5319,26.5319,26.5319,26.5319,0
2015-09-04,25.9392,25.9392,25.9392,25.9392,0
2015-09-08,26.6909,26.6909,26.6909,26.6909,0
2015-09-09,26.5897,26.5897,26.5897,26.5897,0
2015-09-10,26.7631,26.7631,26.7631,26.7631,0
2015-09-11,26.7559,26.7559,26.7559,26.7559,0
2015-09-14,26.5608,26.5608,26.5608,26.5608,0
2015-09-15,26.7559,26.7559,26.7559,26.7559,0
2015-09-16,27.139,27.139,27.139,27.139,0
2015-09-17,27.1534,27.1534,27.1534,27.1534,0
2015-09-18,26.503,26.503,26.503,26.503,0
2015-09-21,26.503,26.503,26.503,26.503,0
2015-09-22,25.8814,25.8814,25.8814,25.8814,0
2015-09-23,25.7585,25.7585,25.7585,25.7585,0
2015-09-24,25.6718,25.6718,25.6718,25.6718,0
2015-09-25,25.9085,25.9085,25.9085,25.9085,0
2015-09-28,25.4076,25.4076,25.4076,25.4076,0
2015-09-29,25.3568,25.3568,25.3568,25.3568,0
2015-09-30,25.8722,25.8722,25.8722,25.8722,0
2015-10-01,25.9448,25.9448,25.9448,25.9448,0
2015-10-02,26.3731,26.3731,26.3731,26.3731,0
2015-10-05,26.903,26.903,26.903,26.903,0
2015-10-06,26.932,26.932,26.932,26.932,0
2015-10-07,27.2514,27.2514,27.2514,27.2514,0
2015-10-08,27.4765,27.4765,27.4765,27.4765,0
2015-10-09,27.5345,27.5345,27.5345,27.5345,0
2015-10-12,27.4837,27.4837,27.4837,27.4837,0
2015-10-13,27.1571,27.1571,27.1571,27.1571,0
2015-10-14,27.2006,27.2006,27.2006,27.2006,0
2015-10-15,27.7015,27.7015,27.7015,27.7015,0
2015-10-16,27.687,27.687,27.687,27.687,0
2015-10-19,27.5708,27.5708,27.5708,27.5708,0
2015-10-20,27.4765,27.4765,27.4765,27.4765,0
2015-10-21,27.4547,27.4547,27.4547,27.4547,0
2015-10-22,27.7814,27.7814,27.7814,27.7814,0
2015-10-23,28.0354,28.0354,28.0354,28.0354,0
2015-10-26,27.9338,27.9338,27.9338,27.9338,0
2015-10-27,27.687,27.687,27.687,27.687,0
2015-10-28,27.8394,27.8394,27.8394,27.8394,0
2015-10-29,27.6362,27.6362,27.6362,27.6362,0
2015-10-30,27.6144,27.6144,27.6144,27.6144,0
2015-11-02,27.883,27.883,27.883,27.883,0
2015-11-03,27.883,27.883,27.883,27.883,0
2015-11-04,27.7015,27.7015,27.7015,27.7015,0
2015-11-05,27.6652,27.6652,27.6652,27.6652,0
2015-11-06,27.5345,27.5345,27.5345,27.5345,0
2015-11-09,27.2442,27.2442,27.2442,27.2442,0
2015-11-10,27.2369,27.2369,27.2369,27.2369,0
2015-11-11,27.3676,27.3676,27.3676,27.3676,0
2015-11-12,27.0409,27.0409,27.0409,27.0409,0
2015-11-13,26.8304,26.8304,26.8304,26.8304,0
2015-11-16,27.1498,27.1498,27.1498,27.1498,0
2015-11-17,27.1861,27.1861,27.1861,27.1861,0
2015-11-18,27.4474,27.4474,27.4474,27.4474,0
2015-11-19,27.5926,27.5926,27.5926,27.5926,0
2015-11-20,27.5345,27.5345,27.5345,27.5345,0
2015-11-23,27.3676,27.3676,27.3676,27.3676,0
2015-11-24,27.4039,27.4039,27.4039,27.4039,0
2015-11-25,27.4474,27.4474,27.4474,27.4474,0
2015-11-27,27.4402,27.4402,27.4402,27.4402,0
2015-11-30,27.4039,27.4039,27.4039,27.4039,0
2015-12-01,27.7015,27.7015,27.7015,27.7015,0
2015-12-02,27.4111,27.4111,27.4111,27.4111,0
2015-12-03,27.2805,27.2805,27.2805,27.2805,0
2015-12-04,27.4765,27.4765,27.4765,27.4765,0
2015-12-07,27.2514,27.2514,27.2514,27.2514,0
2015-12-08,26.8377,26.8377,26.8377,26.8377,0
2015-12-09,26.7796,26.7796,26.7796,26.7796,0
2015-12-10,26.7723,26.7723,26.7723,26.7723,0
2015-12-11,26.2932,26.2932,26.2932,26.2932,0
2015-12-14,26.3513,26.3513,26.3513,26.3513,0
2015-12-15,26.4529,26.4529,26.4529,26.4529,0
2015-12-16,26.9901,26.9901,26.9901,26.9901,0
2015-12-17,26.6779,26.6779,26.6779,26.6779,0
2015-12-18,26.3948,26.3948,26.3948,26.3948,0
2015-12-21,26.5635,26.5635,26.5635,26.5635,0
2015-12-22,26.7607,26.7607,26.7607,26.7607,0
2015-12-23,27.199,27.199,27.199,27.199,0
2015-12-24,27.1259,27.1259,27.1259,27.1259,0
2015-12-28,27.0456,27.0456,27.0456,27.0456,0
2015-12-29,27.3304,27.3304,27.3304,27.3304,0
2015-12-30,27.1625,27.1625,27.1625,27.1625,0
2015-12-31,26.8192,26.8192,26.8192,26.8192,0
2016-01-04,26.4175,26.4175,26.4175,26.4175,0
2016-01-05,26.3883,26.3883,26.3883,26.3883,0
2016-01-06,25.9062,25.9062,25.9062,25.9062,0
2016-01-07,25.4169,25.4169,25.4169,25.4169,0
2016-01-08,25.1028,25.1028,25.1028,25.1028,0
2016-01-11,25.2124,25.2124,25.2124,25.2124,0
2016-01-12,25.3146,25.3146,25.3146,25.3146,0
2016-01-13,24.9348,24.9348,24.9348,24.9348,0
2016-01-14,25.227,25.227,25.227,25.227,0
2016-01-15,24.3505,24.3505,24.3505,24.3505,0
2016-01-19,24.5623,24.5623,24.5623,24.5623,0
2016-01-20,24.0,24.0,24.0,24.0,0
2016-01-21,24.1825,24.1825,24.1825,24.1825,0
2016-01-22,24.8837,24.8837,24.8837,24.8837,0
2016-01-25,24.5258,24.5258,24.5258,24.5258,0
2016-01-26,24.9713,24.9713,24.9713,24.9713,0
2016-01-27,24.8107,24.8107,24.8107,24.8107,0
2016-01-28,24.9056,24.9056,24.9056,24.9056,0
2016-01-29,25.3365,25.3365,25.3365,25.3365,0
2016-02-01,25.2854,25.2854,25.2854,25.2854,0
2016-02-02,24.7157,24.7157,24.7157,24.7157,0
2016-02-03,24.9348,24.9348,24.9348,24.9348,0
2016-02-04,24.986,24.986,24.986,24.986,0
2016-02-05,24.6135,24.6135,24.6135,24.6135,0
2016-02-08,24.1679,24.1679,24.1679,24.1679,0
2016-02-09,23.905,23.905,23.905,23.905,0
2016-02-10,23.8539,23.8539,23.8539,23.8539,0
2016-02-11,23.5398,23.5398,23.5398,23.5398,0
2016-02-12,23.9123,23.9123,23.9123,23.9123,0
2016-02-16,24.3724,24.3724,24.3724,24.3724,0
2016-02-17,24.8107,24.8107,24.8107,24.8107,0
2016-02-18,24.6938,24.6938,24.6938,24.6938,0
2016-02-19,24.65,24.65,24.65,24.65,0
2016-02-22,24.9494,24.9494,24.9494,24.9494,0
2016-02-23,24.5331,24.5331,24.5331,24.5331,0
2016-02-24,24.4601,24.4601,24.4601,24.4601,0
2016-02-25,24.7522,24.7522,24.7522,24.7522,0
2016-02-26,24.6646,24.6646,24.6646,24.6646,0
2016-02-29,24.555,24.555,24.555,24.555,0
2016-03-01,25.1905,25.1905,25.1905,25.1905,0
2016-03-02,25.3657,25.3657,25.3657,25.3657,0
2016-03-03,25.636,25.636,25.636,25.636,0
2016-03-04,25.8332,25.8332,25.8332,25.8332,0
2016-03-07,25.8113,25.8113,25.8113,25.8113,0
2016-03-08,25.5264,25.5264,25.5264,25.5264,0
2016-03-09,25.636,25.636,25.636,25.636,0
2016-03-10,25.6141,25.6141,25.6141,25.6141,0
2016-03-11,26.2787,26.2787,26.2787,26.2787,0
2016-03-14,26.2203,26.2203,26.2203,26.2203,0
2016-03-15,25.954,25.954,25.954,25.954,0
2016-03-16,26.2254,26.2254,26.2254,26.2254,0
2016-03-17,26.4675,26.4675,26.4675,26.4675,0
2016-03-18,26.4235,26.4235,26.4235,26.4235,0
2016-03-21,26.3721,26.3721,26.3721,26.3721,0
2016-03-22,26.3428,26.3428,26.3428,26.3428,0
2016-03-23,26.0567,26.0567,26.0567,26.0567,0
2016-03-24,25.888,25.888,25.888,25.888,0
2016-03-28,26.0494,26.0494,26.0494,26.0494,0
2016-03-29,26.3574,26.3574,26.3574,26.3574,0
2016-03-30,26.5555,26.5555,26.5555,26.5555,0
2016-03-31,26.3208,26.3208,26.3208,26.3208,0
2016-04-01,26.0273,26.0273,26.0273,26.0273,0
2016-04-04,25.9687,25.9687,25.9687,25.9687,0
2016-04-05,25.4845,25.4845,25.4845,25.4845,0
2016-04-06,25.8953,25.8953,25.8953,25.8953,0
2016-04-07,25.5285,25.5285,25.5285,25.5285,0
2016-04-08,26.0127,26.0127,26.0127,26.0127,0
2016-04-11,26.0347,26.0347,26.0347,26.0347,0
2016-04-12,26.4308,26.4308,26.4308,26.4308,0
2016-04-13,26.8489,26.8489,26.8489,26.8489,0
2016-04-14,26.8783,26.8783,26.8783,26.8783,0
2016-04-15,26.8049,26.8049,26.8049,26.8049,0
2016-04-18,27.047,27.047,27.047,27.047,0
2016-04-19,27.5165,27.5165,27.5165,27.5165,0
2016-04-20,27.5238,27.5238,27.5238,27.5238,0
2016-04-21,27.3625,27.3625,27.3625,27.3625,0
2016-04-22,27.3405,27.3405,27.3405,27.3405,0
2016-04-25,27.2231,27.2231,27.2231,27.2231,0
2016-04-26,27.3258,27.3258,27.3258,27.3258,0
2016-04-27,27.3698,27.3698,27.3698,27.3698,0
2016-04-28,27.0177,27.0177,27.0177,27.0177,0
2016-04-29,26.9296,26.9296,26.9296,26.9296,0
2016-05-02,27.1571,27.1571,27.1571,27.1571,0
2016-05-03,26.7022,26.7022,26.7022,26.7022,0
2016-05-04,26.3795,26.3795,26.3795,26.3795,0
2016-05-05,26.3574,26.3574,26.3574,26.3574,0
2016-05-06,26.4161,26.4161,26.4161,26.4161,0
2016-05-09,26.3281,26.3281,26.3281,26.3281,0
2016-05-10,26.7169,26.7169,26.7169,26.7169,0
2016-05-11,26.5262,26.5262,26.5262,26.5262,0
2016-05-12,26.5042,26.5042,26.5042,26.5042,0
2016-05-13,26.2107,26.2107,26.2107,26.2107,0
2016-05-16,26.5335,26.5335,26.5335,26.5335,0
2016-05-17,26.3795,26.3795,26.3795,26.3795,0
2016-05-18,26.3574,26.3574,26.3574,26.3574,0
2016-05-19,26.1814,26.1814,26.1814,26.1814,0
2016-05-20,26.4235,26.4235,26.4235,26.4235,0
2016-05-23,26.3354,26.3354,26.3354,26.3354,0
2016-05-24,26.6582,26.6582,26.6582,26.6582,0
2016-05-25,26.9223,26.9223,26.9223,26.9223,0
2016-05-26,26.981,26.981,26.981,26.981,0
2016-05-27,26.9443,26.9443,26.9443,26.9443,0
2016-05-31,26.8489,26.8489,26.8489,26.8489,0
2016-06-01,26.8343,26.8343,26.8343,26.8343,0
2016-06-02,26.8416,26.8416,26.8416,26.8416,0
2016-06-03,27.0544,27.0544,27.0544,27.0544,0
2016-06-06,27.2377,27.2377,27.2377,27.2377,0
2016-06-07,27.4431,27.4431,27.4431,27.4431,0
2016-06-08,27.5312,27.5312,27.5312,27.5312,0
2016-06-09,27.1864,27.1864,27.1864,27.1864,0
2016-06-10,26.4528,26.4528,26.4528,26.4528,0
2016-06-13,26.0714,26.0714,26.0714,26.0714,0
2016-06-14,25.701,25.701,25.701,25.701,0
2016-06-15,25.8721,25.8721,25.8721,25.8721,0
2016-06-16,25.8795,25.8795,25.8795,25.8795,0
2016-06-17,26.1249,26.1249,26.1249,26.1249,0
2016-06-20,26.7347,26.7347,26.7347,26.7347,0
2016-06-21,26.9429,26.9429,26.9429,26.9429,0
2016-06-22,26.8983,26.8983,26.8983,26.8983,0
2016-06-23,27.6048,27.6048,27.6048,27.6048,0
2016-06-24,25.3441,25.3441,25.3441,25.3441,0
2016-06-27,24.8532,24.8532,24.8532,24.8532,0
2016-06-28,25.5151,25.5151,25.5151,25.5151,0
2016-06-29,25.9762,25.9762,25.9762,25.9762,0
2016-06-30,26.2959,26.2959,26.2959,26.2959,0
2016-07-01,26.3554,26.3554,26.3554,26.3554,0
2016-07-05,25.8349,25.8349,25.8349,25.8349,0
2016-07-06,25.8423,25.8423,25.8423,25.8423,0
2016-07-07,25.7308,25.7308,25.7308,25.7308,0
2016-07-08,26.0877,26.0877,26.0877,26.0877,0
2016-07-11,26.4447,26.4447,26.4447,26.4447,0
2016-07-12,26.8165,26.8165,26.8165,26.8165,0
2016-07-13,26.7942,26.7942,26.7942,26.7942,0
2016-07-14,27.0247,27.0247,27.0247,27.0247,0
2016-07-15,26.8909,26.8909,26.8909,26.8909,0
2016-07-18,26.9504,26.9504,26.9504,26.9504,0
2016-07-19,26.7347,26.7347,26.7347,26.7347,0
2016-07-20,26.9281,26.9281,26.9281,26.9281,0
2016-07-21,26.8611,26.8611,26.8611,26.8611,0
2016-07-22,26.876,26.876,26.876,26.876,0
2016-07-25,26.8314,26.8314,26.8314,26.8314,0
2016-07-26,26.9578,26.9578,26.9578,26.9578,0
2016-07-27,27.0768,27.0768,27.0768,27.0768,0
2016-07-28,27.0768,27.0768,27.0768,27.0768,0
2016-07-29,27.3891,27.3891,27.3891,27.3891,0
2016-08-01,27.233,27.233,27.233,27.233,0
2016-08-02,27.0991,27.0991,27.0991,27.0991,0
2016-08-03,26.995,26.995,26.995,26.995,0
2016-08-04,27.1512,27.1512,27.1512,27.1512,0
2016-08-05,27.2478,27.2478,27.2478,27.2478,0
2016-08-08,27.3371,27.3371,27.3371,27.3371,0
2016-08-09,27.5602,27.5602,27.5602,27.5602,0
2016-08-10,27.6569,27.6569,27.6569,27.6569,0
2016-08-11,27.8651,27.8651,27.8651,27.8651,0
2016-08-12,27.7907,27.7907,27.7907,27.7907,0
2016-08-15,27.9097,27.9097,27.9097,27.9097,0
2016-08-16,27.8428,27.8428,27.8428,27.8428,0
2016-08-17,27.8428,27.8428,27.8428,27.8428,0
2016-08-18,27.9841,27.9841,27.9841,27.9841,0
2016-08-19,27.7758,27.7758,27.7758,27.7758,0
2016-08-22,27.7981,27.7981,27.7981,27.7981,0
2016-08-23,27.9171,27.9171,27.9171,27.9171,0
2016-08-24,27.8353,27.8353,27.8353,27.8353,0
2016-08-25,27.7461,27.7461,27.7461,27.7461,0
2016-08-26,27.5527,27.5527,27.5527,27.5527,0
2016-08-29,27.6569,27.6569,27.6569,27.6569,0
2016-08-30,27.5974,27.5974,27.5974,27.5974,0
2016-08-31,27.5007,27.5007,27.5007,27.5007,0
2016-09-01,27.7312,27.7312,27.7312,27.7312,0
2016-09-02,28.0138,28.0138,28.0138,28.0138,0
2016-09-06,28.2815,28.2815,28.2815,28.2815,0
2016-09-07,28.2815,28.2815,28.2815,28.2815,0
2016-09-08,28.222,28.222,28.222,28.222,0
2016-09-09,27.6271,27.6271,27.6271,27.6271,0
2016-09-12,27.8428,27.8428,27.8428,27.8428,0
2016-09-13,27.2562,27.2562,27.2562,27.2562,0
2016-09-14,27.2413,27.2413,27.2413,27.2413,0
2016-09-15,27.4804,27.4804,27.4804,27.4804,0
2016-09-16,27.1442,27.1442,27.1442,27.1442,0
2016-09-19,27.3235,27.3235,27.3235,27.3235,0
2016-09-20,27.443,27.443,27.443,27.443,0
2016-09-21,27.966,27.966,27.966,27.966,0
2016-09-22,28.2425,28.2425,28.2425,28.2425,0
2016-09-23,27.9735,27.9735,27.9735,27.9735,0
2016-09-26,27.727,27.727,27.727,27.727,0
2016-09-27,27.8614,27.8614,27.8614,27.8614,0
2016-09-28,28.108,28.108,28.108,28.108,0
2016-09-29,27.7643,27.7643,27.7643,27.7643,0
2016-09-30,27.9511,27.9511,27.9511,27.9511,0
2016-10-03,27.8988,27.8988,27.8988,27.8988,0
2016-10-04,27.8166,27.8166,27.8166,27.8166,0
2016-10-05,27.966,27.966,27.966,27.966,0
2016-10-06,27.8166,27.8166,27.8166,27.8166,0
2016-10-07,27.6373,27.6373,27.6373,27.6373,0
2016-10-10,27.7494,27.7494,27.7494,27.7494,0
2016-10-11,27.3459,27.3459,27.3459,27.3459,0
2016-10-12,27.3085,27.3085,27.3085,27.3085,0
2016-10-13,27.2338,27.2338,27.2338,27.2338,0
2016-10-14,27.2562,27.2562,27.2562,27.2562,0
2016-10-17,27.2114,27.2114,27.2114,27.2114,0
2016-10-18,27.5028,27.5028,27.5028,27.5028,0
2016-10-19,27.5999,27.5999,27.5999,27.5999,0
2016-10-20,27.5999,27.5999,27.5999,27.5999,0
2016-10-21,27.5402,27.5402,27.5402,27.5402,0
2016-10-24,27.5028,27.5028,27.5028,27.5028,0
2016-10-25,27.4804,27.4804,27.4804,27.4804,0
2016-10-26,27.3459,27.3459,27.3459,27.3459,0
2016-10-27,27.316,27.316,27.316,27.316,0
2016-10-28,27.3011,27.3011,27.3011,27.3011,0
2016-10-31,27.2787,27.2787,27.2787,27.2787,0
2016-11-01,27.204,27.204,27.204,27.204,0
2016-11-02,27.0022,27.0022,27.0022,27.0022,0
2016-11-03,26.9873,26.9873,26.9873,26.9873,0
2016-11-04,26.7631,26.7631,26.7631,26.7631,0
2016-11-07,27.1292,27.1292,27.1292,27.1292,0
2016-11-08,27.1965,27.1965,27.1965,27.1965,0
2016-11-09,27.1516,27.1516,27.1516,27.1516,0
2016-11-10,27.062,27.062,27.062,27.062,0
2016-11-11,26.8453,26.8453,26.8453,26.8453,0
2016-11-14,26.7258,26.7258,26.7258,26.7258,0
2016-11-15,26.8901,26.8901,26.8901,26.8901,0
2016-11-16,26.6436,26.6436,26.6436,26.6436,0
2016-11-17,26.8229,26.8229,26.8229,26.8229,0
2016-11-18,26.5838,26.5838,26.5838,26.5838,0
2016-11-21,26.8154,26.8154,26.8154,26.8154,0
2016-11-22,26.8976,26.8976,26.8976,26.8976,0
2016-11-23,26.8005,26.8005,26.8005,26.8005,0
2016-11-25,26.8528,26.8528,26.8528,26.8528,0
2016-11-28,26.7556,26.7556,26.7556,26.7556,0
2016-11-29,26.9051,26.9051,26.9051,26.9051,0
2016-11-30,26.8677,26.8677,26.8677,26.8677,0
2016-12-01,26.8005,26.8005,26.8005,26.8005,0
2016-12-02,26.8752,26.8752,26.8752,26.8752,0
2016-12-05,27.0844,27.0844,27.0844,27.0844,0
2016-12-06,27.2712,27.2712,27.2712,27.2712,0
2016-12-07,27.6298,27.6298,27.6298,27.6298,0
2016-12-08,27.6522,27.6522,27.6522,27.6522,0
2016-12-09,27.7344,27.7344,27.7344,27.7344,0
2016-12-12,27.6448,27.6448,27.6448,27.6448,0
2016-12-13,27.9362,27.9362,27.9362,27.9362,0
2016-12-14,27.4804,27.4804,27.4804,27.4804,0
2016-12-15,27.4356,27.4356,27.4356,27.4356,0
2016-12-16,27.443,27.443,27.443,27.443,0
2016-12-19,27.4206,27.4206,27.4206,27.4206,0
2016-12-20,27.4804,27.4804,27.4804,27.4804,0
2016-12-21,27.4804,27.4804,27.4804,27.4804,0
2016-12-22,27.4051,27.4051,27.4051,27.4051,0
2016-12-23,27.4653,27.4653,27.4653,27.4653,0
2016-12-27,27.4277,27.4277,27.4277,27.4277,0
2016-12-28,27.3749,27.3749,27.3749,27.3749,0
2016-12-29,27.4729,27.4729,27.4729,27.4729,0
2016-12-30,27.5256,27.5256,27.5256,27.5256,0
2017-01-03,27.6989,27.6989,27.6989,27.6989,0
2017-01-04,28.0378,28.0378,28.0378,28.0378,0
2017-01-05,28.2864,28.2864,28.2864,28.2864,0
2017-01-06,28.1734,28.1734,28.1734,28.1734,0
2017-01-09,28.1056,28.1056,28.1056,28.1056,0
2017-01-10,28.1358,28.1358,28.1358,28.1358,0
2017-01-11,28.3316,28.3316,28.3316,28.3316,0
2017-01-12,28.3542,28.3542,28.3542,28.3542,0
2017-01-13,28.4597,28.4597,28.4597,28.4597,0
2017-01-17,28.3844,28.3844,28.3844,28.3844,0
2017-01-18,28.2563,28.2563,28.2563,28.2563,0
2017-01-19,28.2036,28.2036,28.2036,28.2036,0
2017-01-20,28.3392,28.3392,28.3392,28.3392,0
2017-01-23,28.3994,28.3994,28.3994,28.3994,0
2017-01-24,28.52,28.52,28.52,28.52,0
2017-01-25,28.7987,28.7987,28.7987,28.7987,0
2017-01-26,28.7083,28.7083,28.7083,28.7083,0
2017-01-27,28.6405,28.6405,28.6405,28.6405,0
2017-01-30,28.4371,28.4371,28.4371,28.4371,0
2017-01-31,28.535,28.535,28.535,28.535,0
2017-02-01,28.6329,28.6329,28.6329,28.6329,0
2017-02-02,28.6781,28.6781,28.6781,28.6781,0
2017-02-03,28.7987,28.7987,28.7987,28.7987,0
2017-02-06,28.5877,28.5877,28.5877,28.5877,0
2017-02-07,28.5651,28.5651,28.5651,28.5651,0
2017-02-08,28.6103,28.6103,28.6103,28.6103,0
2017-02-09,28.7158,28.7158,28.7158,28.7158,0
2017-02-10,28.8213,28.8213,28.8213,28.8213,0
2017-02-13,28.9267,28.9267,28.9267,28.9267,0
2017-02-14,28.9117,28.9117,28.9117,28.9117,0
2017-02-15,29.0171,29.0171,29.0171,29.0171,0
2017-02-16,29.0774,29.0774,29.0774,29.0774,0
2017-02-17,28.9795,28.9795,28.9795,28.9795,0
2017-02-21,29.1075,29.1075,29.1075,29.1075,0
2017-02-22,29.0849,29.0849,29.0849,29.0849,0
2017-02-23,29.1377,29.1377,29.1377,29.1377,0
2017-02-24,28.8891,28.8891,28.8891,28.8891,0
2017-02-27,28.9041,28.9041,28.9041,28.9041,0
2017-02-28,28.8363,28.8363,28.8363,28.8363,0
2017-03-01,29.1151,29.1151,29.1151,29.1151,0
2017-03-02,28.9343,28.9343,28.9343,28.9343,0
2017-03-03,29.0774,29.0774,29.0774,29.0774,0
2017-03-06,28.9795,28.9795,28.9795,28.9795,0
2017-03-07,28.9041,28.9041,28.9041,28.9041,0
2017-03-08,28.7535,28.7535,28.7535,28.7535,0
2017-03-09,28.874,28.874,28.874,28.874,0
2017-03-10,29.1,29.1,29.1,29.1,0
2017-03-13,29.2356,29.2356,29.2356,29.2356,0
2017-03-14,29.0171,29.0171,29.0171,29.0171,0
2017-03-15,29.4691,29.4691,29.4691,29.4691,0
2017-03-16,29.5896,29.5896,29.5896,29.5896,0
2017-03-17,29.6348,29.6348,29.6348,29.6348,0
2017-03-20,29.6198,29.6198,29.6198,29.6198,0
2017-03-21,29.4465,29.4465,29.4465,29.4465,0
2017-03-22,29.4842,29.4842,29.4842,29.4842,0
2017-03-23,29.567,29.567,29.567,29.567,0
2017-03-24,29.6427,29.6427,29.6427,29.6427,0
2017-03-27,29.7107,29.7107,29.7107,29.7107,0
2017-03-28,29.8468,29.8468,29.8468,29.8468,0
2017-03-29,29.8771,29.8771,29.8771,29.8771,0
2017-03-30,29.7636,29.7636,29.7636,29.7636,0
2017-03-31,29.7183,29.7183,29.7183,29.7183,0
2017-04-03,29.688,29.688,29.688,29.688,0
2017-04-04,29.6729,29.6729,29.6729,29.6729,0
2017-04-05,29.5141,29.5141,29.5141,29.5141,0
2017-04-06,29.5368,29.5368,29.5368,29.5368,0
2017-04-07,29.499,29.499,29.499,29.499,0
2017-04-10,29.499,29.499,29.499,29.499,0
2017-04-11,29.62,29.62,29.62,29.62,0
2017-04-12,29.5973,29.5973,29.5973,29.5973,0
2017-04-13,29.4082,29.4082,29.4082,29.4082,0
2017-04-17,29.6502,29.6502,29.6502,29.6502,0
2017-04-18,29.4763,29.4763,29.4763,29.4763,0
2017-04-19,29.3402,29.3402,29.3402,29.3402,0
2017-04-20,29.6049,29.6049,29.6049,29.6049,0
2017-04-21,29.62,29.62,29.62,29.62,0
2017-04-24,30.2703,30.2703,30.2703,30.2703,0
2017-04-25,30.4669,30.4669,30.4669,30.4669,0
2017-04-26,30.3535,30.3535,30.3535,30.3535,0
2017-04-27,30.3989,30.3989,30.3989,30.3989,0
2017-04-28,30.3762,30.3762,30.3762,30.3762,0
2017-05-01,30.4593,30.4593,30.4593,30.4593,0
2017-05-02,30.6408,30.6408,30.6408,30.6408,0
2017-05-03,30.5425,30.5425,30.5425,30.5425,0
2017-05-04,30.7618,30.7618,30.7618,30.7618,0
2017-05-05,31.0719,31.0719,31.0719,31.0719,0
2017-05-08,30.9282,30.9282,30.9282,30.9282,0
2017-05-09,30.8753,30.8753,30.8753,30.8753,0
2017-05-10,30.9206,30.9206,30.9206,30.9206,0
2017-05-11,30.8601,30.8601,30.8601,30.8601,0
2017-05-12,30.9962,30.9962,30.9962,30.9962,0
2017-05-15,31.1777,31.1777,31.1777,31.1777,0
2017-05-16,31.3365,31.3365,31.3365,31.3365,0
2017-05-17,30.9584,30.9584,30.9584,30.9584,0
2017-05-18,31.0189,31.0189,31.0189,31.0189,0
2017-05-19,31.3743,31.3743,31.3743,31.3743,0
2017-05-22,31.4575,31.4575,31.4575,31.4575,0
2017-05-23,31.4273,31.4273,31.4273,31.4273,0
2017-05-24,31.4953,31.4953,31.4953,31.4953,0
2017-05-25,31.4878,31.4878,31.4878,31.4878,0
2017-05-26,31.4046,31.4046,31.4046,31.4046,0
2017-05-30,31.3517,31.3517,31.3517,31.3517,0
2017-05-31,31.4121,31.4121,31.4121,31.4121,0
2017-06-01,31.6239,31.6239,31.6239,31.6239,0
2017-06-02,31.9263,31.9263,31.9263,31.9263,0
2017-06-05,31.7902,31.7902,31.7902,31.7902,0
2017-06-06,31.7146,31.7146,31.7146,31.7146,0
2017-06-07,31.6919,31.6919,31.6919,31.6919,0
2017-06-08,31.6466,31.6466,31.6466,31.6466,0
2017-06-09,31.5331,31.5331,31.5331,31.5331,0
2017-06-12,31.4348,31.4348,31.4348,31.4348,0
2017-06-13,31.7071,31.7071,31.7071,31.7071,0
2017-06-14,31.6692,31.6692,31.6692,31.6692,0
2017-06-15,31.329,31.329,31.329,31.329,0
2017-06-16,31.6088,31.6088,31.6088,31.6088,0
2017-06-19,31.7222,31.7222,31.7222,31.7222,0
2017-06-20,31.4348,31.4348,31.4348,31.4348,0
2017-06-21,31.4058,31.4058,31.4058,31.4058,0
2017-06-22,31.467,31.467,31.467,31.467,0
2017-06-23,31.5358,31.5358,31.5358,31.5358,0
2017-06-26,31.597,31.597,31.597,31.597,0
2017-06-27,31.5894,31.5894,31.5894,31.5894,0
2017-06-28,31.8724,31.8724,31.8724,31.8724,0
2017-06-29,31.5511,31.5511,31.5511,31.5511,0
2017-06-30,31.6123,31.6123,31.6123,31.6123,0
2017-07-03,31.5511,31.5511,31.5511,31.5511,0
2017-07-05,31.5664,31.5664,31.5664,31.5664,0
2017-07-06,31.3752,31.3752,31.3752,31.3752,0
2017-07-07,31.4287,31.4287,31.4287,31.4287,0
2017-07-10,31.4823,31.4823,31.4823,31.4823,0
2017-07-11,31.5817,31.5817,31.5817,31.5817,0
2017-07-12,31.8648,31.8648,31.8648,31.8648,0
2017-07-13,31.9566,31.9566,31.9566,31.9566,0
2017-07-14,32.1861,32.1861,32.1861,32.1861,0
2017-07-17,32.1326,32.1326,32.1326,32.1326,0
2017-07-18,32.2014,32.2014,32.2014,32.2014,0
2017-07-19,32.3544,32.3544,32.3544,32.3544,0
2017-07-20,32.4615,32.4615,32.4615,32.4615,0
2017-07-21,32.3774,32.3774,32.3774,32.3774,0
2017-07-24,32.3162,32.3162,32.3162,32.3162,0
2017-07-25,32.3391,32.3391,32.3391,32.3391,0
2017-07-26,32.5457,32.5457,32.5457,32.5457,0
2017-07-27,32.4233,32.4233,32.4233,32.4233,0
2017-07-28,32.4539,32.4539,32.4539,32.4539,0
2017-07-31,32.5227,32.5227,32.5227,32.5227,0
2017-08-01,32.7064,32.7064,32.7064,32.7064,0
2017-08-02,32.691,32.691,32.691,32.691,0
2017-08-03,32.6451,32.6451,32.6451,32.6451,0
2017-08-04,32.691,32.691,32.691,32.691,0
2017-08-07,32.714,32.714,32.714,32.714,0
2017-08-08,32.5457,32.5457,32.5457,32.5457,0
2017-08-09,32.4615,32.4615,32.4615,32.4615,0
2017-08-10,31.9949,31.9949,31.9949,31.9949,0
2017-08-11,31.9872,31.9872,31.9872,31.9872,0
2017-08-14,32.2091,32.2091,32.2091,32.2091,0
2017-08-15,32.1785,32.1785,32.1785,32.1785,0
2017-08-16,32.3774,32.3774,32.3774,32.3774,0
2017-08-17,32.0102,32.0102,32.0102,32.0102,0
2017-08-18,32.102,32.102,32.102,32.102,0
2017-08-21,32.1096,32.1096,32.1096,32.1096,0
2017-08-22,32.2703,32.2703,32.2703,32.2703,0
2017-08-23,32.2856,32.2856,32.2856,32.2856,0
2017-08-24,32.2473,32.2473,32.2473,32.2473,0
2017-08-25,32.4386,32.4386,32.4386,32.4386,0
2017-08-28,32.4386,32.4386,32.4386,32.4386,0
2017-08-29,32.3009,32.3009,32.3009,32.3009,0
2017-08-30,32.255,32.255,32.255,32.255,0
2017-08-31,32.5304,32.5304,32.5304,32.5304,0
2017-09-01,32.5916,32.5916,32.5916,32.5916,0
2017-09-05,32.3544,32.3544,32.3544,32.3544,0
2017-09-06,32.5916,32.5916,32.5916,32.5916,0
2017-09-07,32.8594,32.8594,32.8594,32.8594,0
2017-09-08,32.8517,32.8517,32.8517,32.8517,0
2017-09-11,33.0965,33.0965,33.0965,33.0965,0
2017-09-12,33.1654,33.1654,33.1654,33.1654,0
2017-09-13,33.0124,33.0124,33.0124,33.0124,0
2017-09-14,33.1042,33.1042,33.1042,33.1042,0
2017-09-15,33.1195,33.1195,33.1195,33.1195,0
2017-09-18,33.173,33.173,33.173,33.173,0
2017-09-19,33.3337,33.3337,33.3337,33.3337,0
2017-09-20,33.2484,33.2484,33.2484,33.2484,0
2017-09-21,33.1947,33.1947,33.1947,33.1947,0
2017-09-22,33.2715,33.2715,33.2715,33.2715,0
2017-09-25,33.1255,33.1255,33.1255,33.1255,0
2017-09-26,33.0026,33.0026,33.0026,33.0026,0
2017-09-27,33.0487,33.0487,33.0487,33.0487,0
2017-09-28,33.1562,33.1562,33.1562,33.1562,0
2017-09-29,33.3483,33.3483,33.3483,33.3483,0
2017-10-02,33.3099,33.3099,33.3099,33.3099,0
2017-10-03,33.4405,33.4405,33.4405,33.4405,0
2017-10-04,33.3791,33.3791,33.3791,33.3791,0
2017-10-05,33.3483,33.3483,33.3483,33.3483,0
2017-10-06,33.3099,33.3099,33.3099,33.3099,0
2017-10-09,33.3253,33.3253,33.3253,33.3253,0
2017-10-10,33.6325,33.6325,33.6325,33.6325,0
2017-10-11,33.7478,33.7478,33.7478,33.7478,0
2017-10-12,33.7478,33.7478,33.7478,33.7478,0
2017-10-13,33.9168,33.9168,33.9168,33.9168,0
2017-10-16,33.8861,33.8861,33.8861,33.8861,0
2017-10-17,33.8092,33.8092,33.8092,33.8092,0
2017-10-18,33.8707,33.8707,33.8707,33.8707,0
2017-10-19,33.8092,33.8092,33.8092,33.8092,0
2017-10-20,33.7631,33.7631,33.7631,33.7631,0
2017-10-23,33.6786,33.6786,33.6786,33.6786,0
2017-10-24,33.7555,33.7555,33.7555,33.7555,0
2017-10-25,33.6172,33.6172,33.6172,33.6172,0
2017-10-26,33.5788,33.5788,33.5788,33.5788,0
2017-10-27,33.7094,33.7094,33.7094,33.7094,0
2017-10-30,33.7862,33.7862,33.7862,33.7862,0
2017-10-31,33.9398,33.9398,33.9398,33.9398,0
2017-11-01,34.0166,34.0166,34.0166,34.0166,0
2017-11-02,34.0858,34.0858,34.0858,34.0858,0
2017-11-03,34.0551,34.0551,34.0551,34.0551,0
2017-11-06,34.1165,34.1165,34.1165,34.1165,0
2017-11-07,34.0013,34.0013,34.0013,34.0013,0
2017-11-08,34.1473,34.1473,34.1473,34.1473,0
2017-11-09,33.9168,33.9168,33.9168,33.9168,0
2017-11-10,33.8323,33.8323,33.8323,33.8323,0
2017-11-13,33.7017,33.7017,33.7017,33.7017,0
2017-11-14,33.671,33.671,33.671,33.671,0
2017-11-15,33.5096,33.5096,33.5096,33.5096,0
2017-11-16,33.8323,33.8323,33.8323,33.8323,0
2017-11-17,33.7017,33.7017,33.7017,33.7017,0
2017-11-20,33.7631,33.7631,33.7631,33.7631,0
2017-11-21,34.0243,34.0243,34.0243,34.0243,0
2017-11-22,34.1396,34.1396,34.1396,34.1396,0
2017-11-24,34.3547,34.3547,34.3547,34.3547,0
2017-11-27,34.1396,34.1396,34.1396,34.1396,0
2017-11-28,34.3086,34.3086,34.3086,34.3086,0
2017-11-29,34.1626,34.1626,34.1626,34.1626,0
2017-11-30,34.2318,34.2318,34.2318,34.2318,0
2017-12-01,34.1319,34.1319,34.1319,34.1319,0
2017-12-04,33.9936,33.9936,33.9936,33.9936,0
2017-12-05,33.9475,33.9475,33.9475,33.9475,0
2017-12-06,33.7939,33.7939,33.7939,33.7939,0
2017-12-07,33.8937,33.8937,33.8937,33.8937,0
2017-12-08,34.0858,34.0858,34.0858,34.0858,0
2017-12-11,34.1549,34.1549,34.1549,34.1549,0
2017-12-12,34.178,34.178,34.178,34.178,0
2017-12-13,34.3239,34.3239,34.3239,34.3239,0
2017-12-14,34.1626,34.1626,34.1626,34.1626,0
2017-12-15,34.1396,34.1396,34.1396,34.1396,0
2017-12-18,34.5237,34.5237,34.5237,34.5237,0
2017-12-19,34.4161,34.4161,34.4161,34.4161,0
2017-12-20,34.3931,34.3931,34.3931,34.3931,0
2017-12-21,34.5032,34.5032,34.5032,34.5032,0
2017-12-22,34.5885,34.5885,34.5885,34.5885,0
2017-12-26,34.5963,34.5963,34.5963,34.5963,0
2017-12-27,34.6816,34.6816,34.6816,34.6816,0
2017-12-28,34.7902,34.7902,34.7902,34.7902,0
2017-12-29,34.798,34.798,34.798,34.798,0
2018-01-02,35.1005,35.1005,35.1005,35.1005,0
2018-01-03,35.3177,35.3177,35.3177,35.3177,0
2018-01-04,35.6357,35.6357,35.6357,35.6357,0
2018-01-05,35.8064,35.8064,35.8064,35.8064,0
2018-01-08,35.7909,35.7909,35.7909,35.7909,0
2018-01-09,35.8219,35.8219,35.8219,35.8219,0
2018-01-10,35.7288,35.7288,35.7288,35.7288,0
2018-01-11,35.9616,35.9616,35.9616,35.9616,0
2018-01-12,36.3028,36.3028,36.3028,36.3028,0
2018-01-16,36.2641,36.2641,36.2641,36.2641,0
2018-01-17,36.458,36.458,36.458,36.458,0
2018-01-18,36.3727,36.3727,36.3727,36.3727,0
2018-01-19,36.5356,36.5356,36.5356,36.5356,0
2018-01-22,36.7295,36.7295,36.7295,36.7295,0
2018-01-23,36.8459,36.8459,36.8459,36.8459,0
2018-01-24,36.9622,36.9622,36.9622,36.9622,0
2018-01-25,36.8303,36.8303,36.8303,36.8303,0
2018-01-26,37.1406,37.1406,37.1406,37.1406,0
2018-01-29,36.7993,36.7993,36.7993,36.7993,0
2018-01-30,36.5201,36.5201,36.5201,36.5201,0
2018-01-31,36.4502,36.4502,36.4502,36.4502,0
2018-02-01,36.5433,36.5433,36.5433,36.5433,0
2018-02-02,35.7521,35.7521,35.7521,35.7521,0
2018-02-05,34.2938,34.2938,34.2938,34.2938,0
2018-02-06,34.9609,34.9609,34.9609,34.9609,0
2018-02-07,34.4877,34.4877,34.4877,34.4877,0
2018-02-08,33.6344,33.6344,33.6344,33.6344,0
2018-02-09,33.8672,33.8672,33.8672,33.8672,0
2018-02-12,34.3171,34.3171,34.3171,34.3171,0
2018-02-13,34.1852,34.1852,34.1852,34.1852,0
2018-02-14,34.8601,34.8601,34.8601,34.8601,0
2018-02-15,35.085,35.085,35.085,35.085,0
2018-02-16,35.2091,35.2091,35.2091,35.2091,0
2018-02-20,34.8523,34.8523,34.8523,34.8523,0
2018-02-21,34.7204,34.7204,34.7204,34.7204,0
2018-02-22,34.8678,34.8678,34.8678,34.8678,0
2018-02-23,35.2169,35.2169,35.2169,35.2169,0
2018-02-26,35.4961,35.4961,35.4961,35.4961,0
2018-02-27,34.9531,34.9531,34.9531,34.9531,0
2018-02-28,34.5885,34.5885,34.5885,34.5885,0
2018-03-01,34.1387,34.1387,34.1387,34.1387,0
2018-03-02,34.2395,34.2395,34.2395,34.2395,0
2018-03-05,34.3791,34.3791,34.3791,34.3791,0
2018-03-06,34.6661,34.6661,34.6661,34.6661,0
2018-03-07,34.6273,34.6273,34.6273,34.6273,0
2018-03-08,34.7282,34.7282,34.7282,34.7282,0
2018-03-09,34.9842,34.9842,34.9842,34.9842,0
2018-03-12,35.0385,35.0385,35.0385,35.0385,0
2018-03-13,34.8213,34.8213,34.8213,34.8213,0
2018-03-14,34.8756,34.8756,34.8756,34.8756,0
2018-03-15,34.8678,34.8678,34.8678,34.8678,0
2018-03-16,34.8213,34.8213,34.8213,34.8213,0
2018-03-19,34.5343,34.5343,34.5343,34.5343,0
2018-03-20,34.5653,34.5653,34.5653,34.5653,0
2018-03-21,34.6506,34.6506,34.6506,34.6506,0
2018-03-22,34.0145,34.0145,34.0145,34.0145,0
2018-03-23,33.5956,33.5956,33.5956,33.5956,0
2018-03-26,34.1967,34.1967,34.1967,34.1967,0
2018-03-27,33.9165,33.9165,33.9165,33.9165,0
2018-03-28,34.08,34.08,34.08,34.08,0
2018-03-29,34.4537,34.4537,34.4537,34.4537,0
2018-04-02,33.9398,33.9398,33.9398,33.9398,0
2018-04-03,34.2045,34.2045,34.2045,34.2045,0
2018-04-04,34.2824,34.2824,34.2824,34.2824,0
2018-04-05,34.5394,34.5394,34.5394,34.5394,0
2018-04-06,34.259,34.259,34.259,34.259,0
2018-04-09,34.5549,34.5549,34.5549,34.5549,0
2018-04-10,34.9364,34.9364,34.9364,34.9364,0
2018-04-11,34.7729,34.7729,34.7729,34.7729,0
2018-04-12,34.9053,34.9053,34.9053,34.9053,0
2018-04-13,34.9364,34.9364,34.9364,34.9364,0
2018-04-16,34.9987,34.9987,34.9987,34.9987,0
2018-04-17,35.1778,35.1778,35.1778,35.1778,0
2018-04-18,35.388,35.388,35.388,35.388,0
2018-04-19,35.2245,35.2245,35.2245,35.2245,0
2018-04-20,35.0532,35.0532,35.0532,35.0532,0
2018-04-23,35.0143,35.0143,35.0143,35.0143,0
2018-04-24,34.8586,34.8586,34.8586,34.8586,0
2018-04-25,34.7807,34.7807,34.7807,34.7807,0
2018-04-26,35.0377,35.0377,35.0377,35.0377,0
2018-04-27,35.0766,35.0766,35.0766,35.0766,0
2018-04-30,34.8897,34.8897,34.8897,34.8897,0
2018-05-01,34.8586,34.8586,34.8586,34.8586,0
2018-05-02,34.8118,34.8118,34.8118,34.8118,0
2018-05-03,34.8819,34.8819,34.8819,34.8819,0
2018-05-04,35.0143,35.0143,35.0143,35.0143,0
2018-05-07,35.0065,35.0065,35.0065,35.0065,0
2018-05-08,35.0065,35.0065,35.0065,35.0065,0
2018-05-09,35.1155,35.1155,35.1155,35.1155,0
2018-05-10,35.3647,35.3647,35.3647,35.3647,0
2018-05-11,35.4348,35.4348,35.4348,35.4348,0
2018-05-14,35.497,35.497,35.497,35.497,0
2018-05-15,35.2012,35.2012,35.2012,35.2012,0
2018-05-16,35.3102,35.3102,35.3102,35.3102,0
2018-05-17,35.3569,35.3569,35.3569,35.3569,0
2018-05-18,35.2323,35.2323,35.2323,35.2323,0
2018-05-21,35.4581,35.4581,35.4581,35.4581,0
2018-05-22,35.4348,35.4348,35.4348,35.4348,0
2018-05-23,35.1,35.1,35.1,35.1,0
2018-05-24,34.9831,34.9831,34.9831,34.9831,0
2018-05-25,34.7885,34.7885,34.7885,34.7885,0
2018-05-29,34.0877,34.0877,34.0877,34.0877,0
2018-05-30,34.5783,34.5783,34.5783,34.5783,0
2018-05-31,34.3914,34.3914,34.3914,34.3914,0
2018-06-01,34.6484,34.6484,34.6484,34.6484,0
2018-06-04,34.8041,34.8041,34.8041,34.8041,0
2018-06-05,34.7651,34.7651,34.7651,34.7651,0
2018-06-06,35.061,35.061,35.061,35.061,0
2018-06-07,34.8586,34.8586,34.8586,34.8586,0
2018-06-08,34.9209,34.9209,34.9209,34.9209,0
2018-06-11,35.1467,35.1467,35.1467,35.1467,0
2018-06-12,34.9287,34.9287,34.9287,34.9287,0
2018-06-13,34.9442,34.9442,34.9442,34.9442,0
2018-06-14,34.8586,34.8586,34.8586,34.8586,0
2018-06-15,34.6172,34.6172,34.6172,34.6172,0
2018-06-18,34.3758,34.3758,34.3758,34.3758,0
2018-06-19,34.0021,34.0021,34.0021,34.0021,0
2018-06-20,34.0722,34.0722,34.0722,34.0722,0
2018-06-21,33.8386,33.8386,33.8386,33.8386,0
2018-06-22,34.2013,34.2013,34.2013,34.2013,0
2018-06-25,33.7203,33.7203,33.7203,33.7203,0
2018-06-26,33.7597,33.7597,33.7597,33.7597,0
2018-06-27,33.4523,33.4523,33.4523,33.4523,0
2018-06-28,33.5705,33.5705,33.5705,33.5705,0
2018-06-29,33.8228,33.8228,33.8228,33.8228,0
2018-07-02,33.4602,33.4602,33.4602,33.4602,0
2018-07-03,33.5311,33.5311,33.5311,33.5311,0
2018-07-05,33.744,33.744,33.744,33.744,0
2018-07-06,33.9726,33.9726,33.9726,33.9726,0
2018-07-09,34.2801,34.2801,34.2801,34.2801,0
2018-07-10,34.3195,34.3195,34.3195,34.3195,0
2018-07-11,33.7203,33.7203,33.7203,33.7203,0
2018-07-12,34.0041,34.0041,34.0041,34.0041,0
2018-07-13,34.0988,34.0988,34.0988,34.0988,0
2018-07-16,34.1066,34.1066,34.1066,34.1066,0
2018-07-17,34.1461,34.1461,34.1461,34.1461,0
2018-07-18,34.1618,34.1618,34.1618,34.1618,0
2018-07-19,34.0199,34.0199,34.0199,34.0199,0
2018-07-20,34.2249,34.2249,34.2249,34.2249,0
2018-07-23,34.1697,34.1697,34.1697,34.1697,0
2018-07-24,34.3826,34.3826,34.3826,34.3826,0
2018-07-25,34.6428,34.6428,34.6428,34.6428,0
2018-07-26,34.5009,34.5009,34.5009,34.5009,0
2018-07-27,34.5876,34.5876,34.5876,34.5876,0
2018-07-30,34.5639,34.5639,34.5639,34.5639,0
2018-07-31,34.5955,34.5955,34.5955,34.5955,0
2018-08-01,34.4772,34.4772,34.4772,34.4772,0
2018-08-02,34.217,34.217,34.217,34.217,0
2018-08-03,34.2643,34.2643,34.2643,34.2643,0
2018-08-06,34.0988,34.0988,34.0988,34.0988,0
2018-08-07,34.3116,34.3116,34.3116,34.3116,0
2018-08-08,34.3037,34.3037,34.3037,34.3037,0
2018-08-09,34.2407,34.2407,34.2407,34.2407,0
2018-08-10,33.5942,33.5942,33.5942,33.5942,0
2018-08-13,33.4286,33.4286,33.4286,33.4286,0
2018-08-14,33.4759,33.4759,33.4759,33.4759,0
2018-08-15,32.9634,32.9634,32.9634,32.9634,0
2018-08-16,33.1921,33.1921,33.1921,33.1921,0
2018-08-17,33.4128,33.4128,33.4128,33.4128,0
2018-08-20,33.5548,33.5548,33.5548,33.5548,0
2018-08-21,33.7755,33.7755,33.7755,33.7755,0
2018-08-22,33.9411,33.9411,33.9411,33.9411,0
2018-08-23,33.6888,33.6888,33.6888,33.6888,0
2018-08-24,33.9411,33.9411,33.9411,33.9411,0
2018-08-27,34.4063,34.4063,34.4063,34.4063,0
2018-08-28,34.3274,34.3274,34.3274,34.3274,0
2018-08-29,34.5166,34.5166,34.5166,34.5166,0
2018-08-30,34.2091,34.2091,34.2091,34.2091,0
2018-08-31,33.9963,33.9963,33.9963,33.9963,0
2018-09-04,33.6573,33.6573,33.6573,33.6573,0
2018-09-05,33.405,33.405,33.405,33.405,0
2018-09-06,33.2867,33.2867,33.2867,33.2867,0
2018-09-07,33.0186,33.0186,33.0186,33.0186,0
2018-09-10,33.2,33.2,33.2,33.2,0
2018-09-11,33.2473,33.2473,33.2473,33.2473,0
2018-09-12,33.3892,33.3892,33.3892,33.3892,0
2018-09-13,33.6021,33.6021,33.6021,33.6021,0
2018-09-14,33.673,33.673,33.673,33.673,0
2018-09-17,33.7046,33.7046,33.7046,33.7046,0
2018-09-18,34.0515,34.0515,34.0515,34.0515,0
2018-09-19,34.1697,34.1697,34.1697,34.1697,0
2018-09-20,34.5403,34.5403,34.5403,34.5403,0
2018-09-21,34.5482,34.5482,34.5482,34.5482,0
2018-09-24,34.3984,34.3984,34.3984,34.3984,0
2018-09-25,34.5639,34.5639,34.5639,34.5639,0
2018-09-26,34.5782,34.5782,34.5782,34.5782,0
2018-09-27,34.4832,34.4832,34.4832,34.4832,0
2018-09-28,34.2379,34.2379,34.2379,34.2379,0
2018-10-01,34.325,34.325,34.325,34.325,0
2018-10-02,34.1034,34.1034,34.1034,34.1034,0
2018-10-03,34.048,34.048,34.048,34.048,0
2018-10-04,33.6128,33.6128,33.6128,33.6128,0
2018-10-05,33.4467,33.4467,33.4467,33.4467,0
2018-10-08,33.2647,33.2647,33.2647,33.2647,0
2018-10-09,33.146,33.146,33.146,33.146,0
2018-10-10,32.3943,32.3943,32.3943,32.3943,0
2018-10-11,31.9433,31.9433,31.9433,31.9433,0
2018-10-12,32.1015,32.1015,32.1015,32.1015,0
2018-10-15,32.0461,32.0461,32.0461,32.0461,0
2018-10-16,32.6,32.6,32.6,32.6,0
2018-10-17,32.4022,32.4022,32.4022,32.4022,0
2018-10-18,31.8879,31.8879,31.8879,31.8879,0
2018-10-19,32.054,32.054,32.054,32.054,0
2018-10-22,31.9037,31.9037,31.9037,31.9037,0
2018-10-23,31.5793,31.5793,31.5793,31.5793,0
2018-10-24,30.7089,30.7089,30.7089,30.7089,0
2018-10-25,31.0491,31.0491,31.0491,31.0491,0
2018-10-26,30.788,30.788,30.788,30.788,0
2018-10-29,30.6614,30.6614,30.6614,30.6614,0
2018-10-30,31.0412,31.0412,31.0412,31.0412,0
2018-10-31,31.2944,31.2944,31.2944,31.2944,0
2018-11-01,31.7059,31.7059,31.7059,31.7059,0
2018-11-02,31.7929,31.7929,31.7929,31.7929,0
2018-11-05,31.7771,31.7771,31.7771,31.7771,0
2018-11-06,31.9433,31.9433,31.9433,31.9433,0
2018-11-07,32.3389,32.3389,32.3389,32.3389,0
2018-11-08,32.0145,32.0145,32.0145,32.0145,0
2018-11-09,31.785,31.785,31.785,31.785,0
2018-11-12,31.239,31.239,31.239,31.239,0
2018-11-13,31.3577,31.3577,31.3577,31.3577,0
2018-11-14,31.3894,31.3894,31.3894,31.3894,0
2018-11-15,31.4922,31.4922,31.4922,31.4922,0
2018-11-16,31.5239,31.5239,31.5239,31.5239,0
2018-11-19,31.2628,31.2628,31.2628,31.2628,0
2018-11-20,30.6852,30.6852,30.6852,30.6852,0
2018-11-21,31.1362,31.1362,31.1362,31.1362,0
2018-11-23,30.9304,30.9304,30.9304,30.9304,0
2018-11-26,31.3498,31.3498,31.3498,31.3498,0
2018-11-27,31.2549,31.2549,31.2549,31.2549,0
2018-11-28,31.7138,31.7138,31.7138,31.7138,0
2018-11-29,31.5635,31.5635,31.5635,31.5635,0
2018-11-30,31.4527,31.4527,31.4527,31.4527,0
2018-12-03,31.872,31.872,31.872,31.872,0
2018-12-04,31.065,31.065,31.065,31.065,0
2018-12-06,30.7722,30.7722,30.7722,30.7722,0
2018-12-07,30.4478,30.4478,30.4478,30.4478,0
2018-12-10,30.1867,30.1867,30.1867,30.1867,0
2018-12-11,30.2183,30.2183,30.2183,30.2183,0
2018-12-12,30.6931,30.6931,30.6931,30.6931,0
2018-12-13,30.6377,30.6377,30.6377,30.6377,0
2018-12-14,30.2183,30.2183,30.2183,30.2183,0
2018-12-17,29.9572,29.9572,29.9572,29.9572,0
2018-12-18,29.9888,29.9888,29.9888,29.9888,0
2018-12-19,29.6644,29.6644,29.6644,29.6644,0
2018-12-20,29.5536,29.5536,29.5536,29.5536,0
2018-12-21,28.976,28.976,28.976,28.976,0
2018-12-24,28.6594,28.6594,28.6594,28.6594,0
2018-12-26,29.387,29.387,29.387,29.387,0
2018-12-27,29.411,29.411,29.411,29.411,0
2018-12-28,29.603,29.603,29.603,29.603,0
2018-12-31,29.6669,29.6669,29.6669,29.6669,0
2019-01-02,29.6269,29.6269,29.6269,29.6269,0
2019-01-03,29.387,29.387,29.387,29.387,0
2019-01-04,30.2907,30.2907,30.2907,30.2907,0
2019-01-07,30.3866,30.3866,30.3866,30.3866,0
2019-01-08,30.6025,30.6025,30.6025,30.6025,0
2019-01-09,30.9783,30.9783,30.9783,30.9783,0
2019-01-10,31.1063,31.1063,31.1063,31.1063,0
2019-01-11,30.9144,30.9144,30.9144,30.9144,0
2019-01-14,30.7544,30.7544,30.7544,30.7544,0
2019-01-15,30.9464,30.9464,30.9464,30.9464,0
2019-01-16,31.0423,31.0423,31.0423,31.0423,0
2019-01-17,31.1463,31.1463,31.1463,31.1463,0
2019-01-18,31.4821,31.4821,31.4821,31.4821,0
2019-01-22,30.9943,30.9943,30.9943,30.9943,0
2019-01-23,31.1543,31.1543,31.1543,31.1543,0
2019-01-24,31.1943,31.1943,31.1943,31.1943,0
2019-01-25,31.5861,31.5861,31.5861,31.5861,0
2019-01-28,31.4341,31.4341,31.4341,31.4341,0
2019-01-29,31.5221,31.5221,31.5221,31.5221,0
2019-01-30,31.874,31.874,31.874,31.874,0
2019-01-31,31.8819,31.8819,31.8819,31.8819,0
2019-02-01,31.866,31.866,31.866,31.866,0
2019-02-04,31.9779,31.9779,31.9779,31.9779,0
2019-02-05,32.2338,32.2338,32.2338,32.2338,0
2019-02-06,32.0259,32.0259,32.0259,32.0259,0
2019-02-07,31.6181,31.6181,31.6181,31.6181,0
2019-02-08,31.5061,31.5061,31.5061,31.5061,0
2019-02-11,31.4421,31.4421,31.4421,31.4421,0
2019-02-12,31.858,31.858,31.858,31.858,0
2019-02-13,31.866,31.866,31.866,31.866,0
2019-02-14,31.866,31.866,31.866,31.866,0
2019-02-15,32.2978,32.2978,32.2978,32.2978,0
2019-02-19,32.4577,32.4577,32.4577,32.4577,0
2019-02-20,32.5856,32.5856,32.5856,32.5856,0
2019-02-21,32.5057,32.5057,32.5057,32.5057,0
2019-02-22,32.6256,32.6256,32.6256,32.6256,0
2019-02-25,32.7296,32.7296,32.7296,32.7296,0
2019-02-26,32.8655,32.8655,32.8655,32.8655,0
2019-02-27,32.7616,32.7616,32.7616,32.7616,0
2019-02-28,32.6256,32.6256,32.6256,32.6256,0
2019-03-01,32.8255,32.8255,32.8255,32.8255,0
2019-03-04,32.6976,32.6976,32.6976,32.6976,0
2019-03-05,32.7216,32.7216,32.7216,32.7216,0
2019-03-06,32.6256,32.6256,32.6256,32.6256,0
2019-03-07,32.2098,32.2098,32.2098,32.2098,0
2019-03-08,32.1698,32.1698,32.1698,32.1698,0
2019-03-11,32.4657,32.4657,32.4657,32.4657,0
2019-03-12,32.4817,32.4817,32.4817,32.4817,0
2019-03-13,32.7216,32.7216,32.7216,32.7216,0
2019-03-14,32.6896,32.6896,32.6896,32.6896,0
2019-03-15,33.0175,33.0175,33.0175,33.0175,0
2019-03-18,33.1294,33.1294,33.1294,33.1294,0
2019-03-19,33.2174,33.2174,33.2174,33.2174,0
2019-03-20,33.1854,33.1854,33.1854,33.1854,0
2019-03-21,33.2174,33.2174,33.2174,33.2174,0
2019-03-22,32.5777,32.5777,32.5777,32.5777,0
2019-03-25,32.5777,32.5777,32.5777,32.5777,0
2019-03-26,32.7776,32.7776,32.7776,32.7776,0
2019-03-27,32.7296,32.7296,32.7296,32.7296,0
2019-03-28,32.7095,32.7095,32.7095,32.7095,0
2019-03-29,32.8219,32.8219,32.8219,32.8219,0
2019-04-01,33.2476,33.2476,33.2476,33.2476,0
2019-04-02,33.2717,33.2717,33.2717,33.2717,0
2019-04-03,33.5286,33.5286,33.5286,33.5286,0
2019-04-04,33.4644,33.4644,33.4644,33.4644,0
2019-04-05,33.5367,33.5367,33.5367,33.5367,0
2019-04-08,33.5608,33.5608,33.5608,33.5608,0
2019-04-09,33.36,33.36,33.36,33.36,0
2019-04-10,33.4965,33.4965,33.4965,33.4965,0
2019-04-11,33.4323,33.4323,33.4323,33.4323,0
2019-04-12,33.6812,33.6812,33.6812,33.6812,0
2019-04-15,33.6973,33.6973,33.6973,33.6973,0
2019-04-16,33.7535,33.7535,33.7535,33.7535,0
2019-04-17,33.8097,33.8097,33.8097,33.8097,0
2019-04-18,33.7455,33.7455,33.7455,33.7455,0
2019-04-22,33.7133,33.7133,33.7133,33.7133,0
2019-04-23,33.7937,33.7937,33.7937,33.7937,0
2019-04-24,33.4965,33.4965,33.4965,33.4965,0
2019-04-25,33.4724,33.4724,33.4724,33.4724,0
2019-04-26,33.6009,33.6009,33.6009,33.6009,0
2019-04-29,33.7294,33.7294,33.7294,33.7294,0
2019-04-30,33.7535,33.7535,33.7535,33.7535,0
2019-05-01,33.5286,33.5286,33.5286,33.5286,0
2019-05-02,33.4644,33.4644,33.4644,33.4644,0
2019-05-03,33.7937,33.7937,33.7937,33.7937,0
2019-05-06,33.4724,33.4724,33.4724,33.4724,0
2019-05-07,32.9103,32.9103,32.9103,32.9103,0
2019-05-08,32.9585,32.9585,32.9585,32.9585,0
2019-05-09,32.7175,32.7175,32.7175,32.7175,0
2019-05-10,32.9344,32.9344,32.9344,32.9344,0
2019-05-13,32.1955,32.1955,32.1955,32.1955,0
2019-05-14,32.5007,32.5007,32.5007,32.5007,0
2019-05-15,32.6452,32.6452,32.6452,32.6452,0
2019-05-16,32.846,32.846,32.846,32.846,0
2019-05-17,32.6613,32.6613,32.6613,32.6613,0
2019-05-20,32.5168,32.5168,32.5168,32.5168,0
2019-05-21,32.7416,32.7416,32.7416,32.7416,0
2019-05-22,32.6131,32.6131,32.6131,32.6131,0
2019-05-23,32.2839,32.2839,32.2839,32.2839,0
2019-05-24,32.6212,32.6212,32.6212,32.6212,0
2019-05-28,32.3401,32.3401,32.3401,32.3401,0
2019-05-29,32.1232,32.1232,32.1232,32.1232,0
2019-05-30,32.2437,32.2437,32.2437,32.2437,0
2019-05-31,31.9948,31.9948,31.9948,31.9948,0
2019-06-03,32.1232,32.1232,32.1232,32.1232,0
2019-06-04,32.5408,32.5408,32.5408,32.5408,0
2019-06-05,32.5248,32.5248,32.5248,32.5248,0
2019-06-06,32.6613,32.6613,32.6613,32.6613,0
2019-06-07,33.0468,33.0468,33.0468,33.0468,0
2019-06-10,33.1351,33.1351,33.1351,33.1351,0
2019-06-11,33.2957,33.2957,33.2957,33.2957,0
2019-06-12,33.0307,33.0307,33.0307,33.0307,0
2019-06-13,33.0468,33.0468,33.0468,33.0468,0
2019-06-14,32.8219,32.8219,32.8219,32.8219,0
2019-06-17,32.8463,32.8463,32.8463,32.8463,0
2019-06-18,33.301,33.301,33.301,33.301,0
2019-06-19,33.4878,33.4878,33.4878,33.4878,0
2019-06-20,33.8126,33.8126,33.8126,33.8126,0
2019-06-21,33.6908,33.6908,33.6908,33.6908,0
2019-06-24,33.7395,33.7395,33.7395,33.7395,0
2019-06-25,33.5609,33.5609,33.5609,33.5609,0
2019-06-26,33.6015,33.6015,33.6015,33.6015,0
2019-06-27,33.6827,33.6827,33.6827,33.6827,0
2019-06-28,33.8694,33.8694,33.8694,33.8694,0
2019-07-01,34.0237,34.0237,34.0237,34.0237,0
2019-07-02,34.1293,34.1293,34.1293,34.1293,0
2019-07-03,34.3079,34.3079,34.3079,34.3079,0
2019-07-05,34.0724,34.0724,34.0724,34.0724,0
2019-07-08,33.8694,33.8694,33.8694,33.8694,0
2019-07-09,33.707,33.707,33.707,33.707,0
2019-07-10,33.8532,33.8532,33.8532,33.8532,0
2019-07-11,33.8613,33.8613,33.8613,33.8613,0
2019-07-12,33.9019,33.9019,33.9019,33.9019,0
2019-07-15,33.9344,33.9344,33.9344,33.9344,0
2019-07-16,33.7801,33.7801,33.7801,33.7801,0
2019-07-17,33.7152,33.7152,33.7152,33.7152,0
2019-07-18,33.8126,33.8126,33.8126,33.8126,0
2019-07-19,33.7639,33.7639,33.7639,33.7639,0
2019-07-22,33.7964,33.7964,33.7964,33.7964,0
2019-07-23,33.9912,33.9912,33.9912,33.9912,0
2019-07-24,33.9994,33.9994,33.9994,33.9994,0
2019-07-25,33.6583,33.6583,33.6583,33.6583,0
2019-07-26,33.7558,33.7558,33.7558,33.7558,0
2019-07-29,33.7476,33.7476,33.7476,33.7476,0
2019-07-30,33.3904,33.3904,33.3904,33.3904,0
2019-07-31,33.1792,33.1792,33.1792,33.1792,0
2019-08-01,33.0493,33.0493,33.0493,33.0493,0
2019-08-02,32.7894,32.7894,32.7894,32.7894,0
2019-08-05,31.9531,31.9531,31.9531,31.9531,0
2019-08-06,32.1723,32.1723,32.1723,32.1723,0
2019-08-07,32.3022,32.3022,32.3022,32.3022,0
2019-08-08,32.6352,32.6352,32.6352,32.6352,0
2019-08-09,32.3997,32.3997,32.3997,32.3997,0
2019-08-12,32.1236,32.1236,32.1236,32.1236,0
2019-08-13,32.4403,32.4403,32.4403,32.4403,0
2019-08-14,31.5633,31.5633,31.5633,31.5633,0
2019-08-15,31.6283,31.6283,31.6283,31.6283,0
2019-08-16,32.0018,32.0018,32.0018,32.0018,0
2019-08-19,32.1967,32.1967,32.1967,32.1967,0
2019-08-20,32.1073,32.1073,32.1073,32.1073,0
2019-08-21,32.3753,32.3753,32.3753,32.3753,0
2019-08-22,32.2616,32.2616,32.2616,32.2616,0
2019-08-23,31.8637,31.8637,31.8637,31.8637,0
2019-08-26,32.1398,32.1398,32.1398,32.1398,0
2019-08-27,32.1317,32.1317,32.1317,32.1317,0
2019-08-28,32.1398,32.1398,32.1398,32.1398,0
2019-08-29,32.3916,32.3916,32.3916,32.3916,0
2019-08-30,32.554,32.554,32.554,32.554,0
2019-09-03,32.424,32.424,32.424,32.424,0
2019-09-04,32.8788,32.8788,32.8788,32.8788,0
2019-09-05,33.1467,33.1467,33.1467,33.1467,0
2019-09-06,33.2198,33.2198,33.2198,33.2198,0
2019-09-09,33.2848,33.2848,33.2848,33.2848,0
2019-09-10,33.3822,33.3822,33.3822,33.3822,0
2019-09-11,33.5852,33.5852,33.5852,33.5852,0
2019-09-12,33.7639,33.7639,33.7639,33.7639,0
2019-09-13,33.9181,33.9181,33.9181,33.9181,0
2019-09-16,33.6746,33.6746,33.6746,33.6746,0
2019-09-17,33.8045,33.8045,33.8045,33.8045,0
2019-09-18,33.7152,33.7152,33.7152,33.7152,0
2019-09-19,33.8532,33.8532,33.8532,33.8532,0
2019-09-20,33.7801,33.7801,33.7801,33.7801,0
2019-09-23,33.7314,33.7314,33.7314,33.7314,0
2019-09-24,33.5883,33.5883,33.5883,33.5883,0
2019-09-25,33.5311,33.5311,33.5311,33.5311,0
2019-09-26,33.6047,33.6047,33.6047,33.6047,0
2019-09-27,33.4576,33.4576,33.4576,33.4576,0
2019-09-30,33.5802,33.5802,33.5802,33.5802,0
2019-10-01,33.2777,33.2777,33.2777,33.2777,0
2019-10-02,32.6156,32.6156,32.6156,32.6156,0
2019-10-03,32.8445,32.8445,32.8445,32.8445,0
2019-10-04,33.0979,33.0979,33.0979,33.0979,0
2019-10-07,33.057,33.057,33.057,33.057,0
2019-10-08,32.7464,32.7464,32.7464,32.7464,0
2019-10-09,33.008,33.008,33.008,33.008,0
2019-10-10,33.2205,33.2205,33.2205,33.2205,0
2019-10-11,33.7845,33.7845,33.7845,33.7845,0
2019-10-14,33.6619,33.6619,33.6619,33.6619,0
2019-10-15,34.0379,34.0379,34.0379,34.0379,0
2019-10-16,34.0624,34.0624,34.0624,34.0624,0
2019-10-17,34.1524,34.1524,34.1524,34.1524,0
2019-10-18,34.1115,34.1115,34.1115,34.1115,0
2019-10-21,34.324,34.324,34.324,34.324,0
2019-10-22,34.2423,34.2423,34.2423,34.2423,0
2019-10-23,34.4058,34.4058,34.4058,34.4058,0
2019-10-24,34.463,34.463,34.463,34.463,0
2019-10-25,34.4875,34.4875,34.4875,34.4875,0
2019-10-28,34.6428,34.6428,34.6428,34.6428,0
2019-10-29,34.602,34.602,34.602,34.602,0
2019-10-30,34.7409,34.7409,34.7409,34.7409,0
2019-10-31,34.6592,34.6592,34.6592,34.6592,0
2019-11-01,34.9698,34.9698,34.9698,34.9698,0
2019-11-04,35.1578,35.1578,35.1578,35.1578,0
2019-11-05,35.1496,35.1496,35.1496,35.1496,0
2019-11-06,35.1169,35.1169,35.1169,35.1169,0
2019-11-07,35.2723,35.2723,35.2723,35.2723,0
2019-11-08,35.1987,35.1987,35.1987,35.1987,0
2019-11-11,35.166,35.166,35.166,35.166,0
2019-11-12,35.1742,35.1742,35.1742,35.1742,0
2019-11-13,35.0597,35.0597,35.0597,35.0597,0
2019-11-14,35.0352,35.0352,35.0352,35.0352,0
2019-11-15,35.2477,35.2477,35.2477,35.2477,0
2019-11-18,35.2886,35.2886,35.2886,35.2886,0
2019-11-19,35.2232,35.2232,35.2232,35.2232,0
2019-11-20,35.0107,35.0107,35.0107,35.0107,0
2019-11-21,34.9616,34.9616,34.9616,34.9616,0
2019-11-22,35.0025,35.0025,35.0025,35.0025,0
2019-11-25,35.2723,35.2723,35.2723,35.2723,0
2019-11-26,35.2968,35.2968,35.2968,35.2968,0
2019-11-27,35.3949,35.3949,35.3949,35.3949,0
2019-11-29,35.1251,35.1251,35.1251,35.1251,0
2019-12-02,34.9698,34.9698,34.9698,34.9698,0
2019-12-03,34.839,34.839,34.839,34.839,0
2019-12-04,35.1415,35.1415,35.1415,35.1415,0
2019-12-05,35.1088,35.1088,35.1088,35.1088,0
2019-12-06,35.4112,35.4112,35.4112,35.4112,0
2019-12-09,35.2232,35.2232,35.2232,35.2232,0
2019-12-10,35.2559,35.2559,35.2559,35.2559,0
2019-12-11,35.4521,35.4521,35.4521,35.4521,0
2019-12-12,35.73,35.73,35.73,35.73,0
2019-12-13,35.9344,35.9344,35.9344,35.9344,0
2019-12-16,36.2941,36.2941,36.2941,36.2941,0
2019-12-17,36.1633,36.1633,36.1633,36.1633,0
2019-12-18,36.0733,36.0733,36.0733,36.0733,0
2019-12-19,36.106,36.106,36.106,36.106,0
2019-12-20,36.1633,36.1633,36.1633,36.1633,0
2019-12-23,36.2128,36.2128,36.2128,36.2128,0
2019-12-24,36.1798,36.1798,36.1798,36.1798,0
2019-12-26,36.3449,36.3449,36.3449,36.3449,0
2019-12-27,36.444,36.444,36.444,36.444,0
2019-12-30,36.1798,36.1798,36.1798,36.1798,0
2019-12-31,36.3779,36.3779,36.3779,36.3779,0
2020-01-02,36.6752,36.6752,36.6752,36.6752,0
2020-01-03,36.2293,36.2293,36.2293,36.2293,0
2020-01-06,36.3532,36.3532,36.3532,36.3532,0
2020-01-07,36.2954,36.2954,36.2954,36.2954,0
2020-01-08,36.3449,36.3449,36.3449,36.3449,0
2020-01-09,36.4935,36.4935,36.4935,36.4935,0
2020-01-10,36.3697,36.3697,36.3697,36.3697,0
2020-01-13,36.5843,36.5843,36.5843,36.5843,0
2020-01-14,36.6091,36.6091,36.6091,36.6091,0
2020-01-15,36.5843,36.5843,36.5843,36.5843,0
2020-01-16,36.7825,36.7825,36.7825,36.7825,0
2020-01-17,36.8733,36.8733,36.8733,36.8733,0
2020-01-21,36.5761,36.5761,36.5761,36.5761,0
2020-01-22,36.6669,36.6669,36.6669,36.6669,0
2020-01-23,36.5761,36.5761,36.5761,36.5761,0
2020-01-24,36.4357,36.4357,36.4357,36.4357,0
2020-01-27,35.6679,35.6679,35.6679,35.6679,0
2020-01-28,35.9734,35.9734,35.9734,35.9734,0
2020-01-29,35.9816,35.9816,35.9816,35.9816,0
2020-01-30,35.8991,35.8991,35.8991,35.8991,0
2020-01-31,35.2881,35.2881,35.2881,35.2881,0
2020-02-03,35.4119,35.4119,35.4119,35.4119,0
2020-02-04,35.9816,35.9816,35.9816,35.9816,0
2020-02-05,36.3284,36.3284,36.3284,36.3284,0
2020-02-06,36.4522,36.4522,36.4522,36.4522,0
2020-02-07,36.0972,36.0972,36.0972,36.0972,0
2020-02-10,36.1798,36.1798,36.1798,36.1798,0
2020-02-11,36.4275,36.4275,36.4275,36.4275,0
2020-02-12,36.5761,36.5761,36.5761,36.5761,0
2020-02-13,36.3119,36.3119,36.3119,36.3119,0
2020-02-14,36.2871,36.2871,36.2871,36.2871,0
2020-02-18,36.0394,36.0394,36.0394,36.0394,0
2020-02-19,36.188,36.188,36.188,36.188,0
2020-02-20,35.9238,35.9238,35.9238,35.9238,0
2020-02-21,35.7587,35.7587,35.7587,35.7587,0
2020-02-24,34.3633,34.3633,34.3633,34.3633,0
2020-02-25,33.7771,33.7771,33.7771,33.7771,0
2020-02-26,33.8019,33.8019,33.8019,33.8019,0
2020-02-27,32.7699,32.7699,32.7699,32.7699,0
2020-02-28,32.5882,32.5882,32.5882,32.5882,0
2020-03-02,33.0176,33.0176,33.0176,33.0176,0
2020-03-03,32.7533,32.7533,32.7533,32.7533,0
2020-03-04,33.6533,33.6533,33.6533,33.6533,0
2020-03-05,32.7699,32.7699,32.7699,32.7699,0
2020-03-06,32.291,32.291,32.291,32.291,0
2020-03-09,29.6654,29.6654,29.6654,29.6654,0
2020-03-10,30.7718,30.7718,30.7718,30.7718,0
2020-03-11,29.17,29.17,29.17,29.17,0
2020-03-12,25.9087,25.9087,25.9087,25.9087,0
2020-03-13,27.5435,27.5435,27.5435,27.5435,0
2020-03-16,24.5629,24.5629,24.5629,24.5629,0
2020-03-17,25.6776,25.6776,25.6776,25.6776,0
2020-03-18,24.1501,24.1501,24.1501,24.1501,0
2020-03-19,24.5051,24.5051,24.5051,24.5051,0
2020-03-20,24.2822,24.2822,24.2822,24.2822,0
2020-03-23,23.8684,23.8684,23.8684,23.8684,0
2020-03-24,25.9915,25.9915,25.9915,25.9915,0
2020-03-25,26.9286,26.9286,26.9286,26.9286,0
2020-03-26,28.0731,28.0731,28.0731,28.0731,0
2020-03-27,27.2106,27.2106,27.2106,27.2106,0
2020-03-30,27.7663,27.7663,27.7663,27.7663,0
2020-03-31,27.6502,27.6502,27.6502,27.6502,0
2020-04-01,26.4228,26.4228,26.4228,26.4228,0
2020-04-02,26.9286,26.9286,26.9286,26.9286,0
2020-04-03,26.3979,26.3979,26.3979,26.3979,0
2020-04-06,27.816,27.816,27.816,27.816,0
2020-04-07,27.9736,27.9736,27.9736,27.9736,0
2020-04-08,28.239,28.239,28.239,28.239,0
2020-04-09,28.8444,28.8444,28.8444,28.8444,0
2020-04-13,28.6122,28.6122,28.6122,28.6122,0
2020-04-14,29.1264,29.1264,29.1264,29.1264,0
2020-04-15,28.181,28.181,28.181,28.181,0
2020-04-16,28.2141,28.2141,28.2141,28.2141,0
2020-04-17,29.0103,29.0103,29.0103,29.0103,0
2020-04-20,28.5873,28.5873,28.5873,28.5873,0
2020-04-21,27.9985,27.9985,27.9985,27.9985,0
2020-04-22,28.521,28.521,28.521,28.521,0
2020-04-23,28.4712,28.4712,28.4712,28.4712,0
2020-04-24,28.7781,28.7781,28.7781,28.7781,0
2020-04-27,29.1762,29.1762,29.1762,29.1762,0
2020-04-28,29.4084,29.4084,29.4084,29.4084,0
2020-04-29,30.188,30.188,30.188,30.188,0
2020-04-30,29.5908,29.5908,29.5908,29.5908,0
2020-05-01,28.9357,28.9357,28.9357,28.9357,0
2020-05-04,28.9605,28.9605,28.9605,28.9605,0
2020-05-05,29.0352,29.0352,29.0352,29.0352,0
2020-05-06,28.861,28.861,28.861,28.861,0
2020-05-07,29.3006,29.3006,29.3006,29.3006,0
2020-05-08,29.7733,29.7733,29.7733,29.7733,0
2020-05-11,29.765,29.765,29.765,29.765,0
2020-05-12,29.3669,29.3669,29.3669,29.3669,0
2020-05-13,29.1181,29.1181,29.1181,29.1181,0
2020-05-14,28.9025,28.9025,28.9025,28.9025,0
2020-05-15,28.9108,28.9108,28.9108,28.9108,0
2020-05-18,30.0636,30.0636,30.0636,30.0636,0
2020-05-19,29.7401,29.7401,29.7401,29.7401,0
2020-05-20,30.2792,30.2792,30.2792,30.2792,0
2020-05-21,29.9474,29.9474,29.9474,29.9474,0
2020-05-22,29.8645,29.8645,29.8645,29.8645,0
2020-05-26,30.7519,30.7519,30.7519,30.7519,0
2020-05-27,31.0753,31.0753,31.0753,31.0753,0
2020-05-28,31.2827,31.2827,31.2827,31.2827,0
2020-05-29,31.2412,31.2412,31.2412,31.2412,0
2020-06-01,31.9213,31.9213,31.9213,31.9213,0
2020-06-02,32.2696,32.2696,32.2696,32.2696,0
2020-06-03,33.016,33.016,33.016,33.016,0
2020-06-04,32.8335,32.8335,32.8335,32.8335,0
2020-06-05,33.4804,33.4804,33.4804,33.4804,0
2020-06-08,33.8785,33.8785,33.8785,33.8785,0
2020-06-09,33.439,33.439,33.439,33.439,0
2020-06-10,33.3809,33.3809,33.3809,33.3809,0
2020-06-11,31.5481,31.5481,31.5481,31.5481,0
2020-06-12,32.0871,32.0871,32.0871,32.0871,0
2020-06-15,32.1867,32.1867,32.1867,32.1867,0
2020-06-16,32.6179,32.6179,32.6179,32.6179,0
2020-06-17,32.6925,32.6925,32.6925,32.6925,0
2020-06-18,32.5433,32.5433,32.5433,32.5433,0
2020-06-19,32.394,32.394,32.394,32.394,0
2020-06-22,32.7674,32.7674,32.7674,32.7674,0
2020-06-23,32.9258,32.9258,32.9258,32.9258,0
2020-06-24,32.1173,32.1173,32.1173,32.1173,0
2020-06-25,32.5424,32.5424,32.5424,32.5424,0
2020-06-26,32.0506,32.0506,32.0506,32.0506,0
2020-06-29,32.3423,32.3423,32.3423,32.3423,0
2020-06-30,32.334,32.334,32.334,32.334,0
2020-07-01,32.4423,32.4423,32.4423,32.4423,0
2020-07-02,32.7674,32.7674,32.7674,32.7674,0
2020-07-06,33.3176,33.3176,33.3176,33.3176,0
2020-07-07,32.8591,32.8591,32.8591,32.8591,0
2020-07-08,33.1259,33.1259,33.1259,33.1259,0
2020-07-09,32.7424,32.7424,32.7424,32.7424,0
2020-07-10,33.0508,33.0508,33.0508,33.0508,0
2020-07-13,32.8758,32.8758,32.8758,32.8758,0
2020-07-14,33.3343,33.3343,33.3343,33.3343,0
2020-07-15,33.7094,33.7094,33.7094,33.7094,0
2020-07-16,33.501,33.501,33.501,33.501,0
2020-07-17,33.6677,33.6677,33.6677,33.6677,0
2020-07-20,33.8594,33.8594,33.8594,33.8594,0
2020-07-21,33.9928,33.9928,33.9928,33.9928,0
2020-07-22,34.0845,34.0845,34.0845,34.0845,0
2020-07-23,33.801,33.801,33.801,33.801,0
2020-07-24,33.6343,33.6343,33.6343,33.6343,0
2020-07-27,34.1011,34.1011,34.1011,34.1011,0
2020-07-28,33.9428,33.9428,33.9428,33.9428,0
2020-07-29,34.3012,34.3012,34.3012,34.3012,0
2020-07-30,33.8427,33.8427,33.8427,33.8427,0
2020-07-31,33.1842,33.1842,33.1842,33.1842,0
2020-08-03,33.7594,33.7594,33.7594,33.7594,0
2020-08-04,34.0261,34.0261,34.0261,34.0261,0
2020-08-05,34.2095,34.2095,34.2095,34.2095,0
2020-08-06,34.2845,34.2845,34.2845,34.2845,0
2020-08-07,34.1428,34.1428,34.1428,34.1428,0
2020-08-10,34.2762,34.2762,34.2762,34.2762,0
2020-08-11,34.4179,34.4179,34.4179,34.4179,0
2020-08-12,35.1014,35.1014,35.1014,35.1014,0
2020-08-13,34.9514,34.9514,34.9514,34.9514,0
2020-08-14,34.7346,34.7346,34.7346,34.7346,0
2020-08-17,35.0014,35.0014,35.0014,35.0014,0
2020-08-18,34.9931,34.9931,34.9931,34.9931,0
2020-08-19,34.8013,34.8013,34.8013,34.8013,0
2020-08-20,34.693,34.693,34.693,34.693,0
2020-08-21,34.5096,34.5096,34.5096,34.5096,0
2020-08-24,34.9264,34.9264,34.9264,34.9264,0
2020-08-25,35.0014,35.0014,35.0014,35.0014,0
2020-08-26,35.2598,35.2598,35.2598,35.2598,0
2020-08-27,34.9013,34.9013,34.9013,34.9013,0
2020-08-28,35.1431,35.1431,35.1431,35.1431,0
2020-08-31,34.9013,34.9013,34.9013,34.9013,0
2020-09-01,34.9514,34.9514,34.9514,34.9514,0
2020-09-02,35.3765,35.3765,35.3765,35.3765,0
2020-09-03,34.5763,34.5763,34.5763,34.5763,0
2020-09-04,34.6429,34.6429,34.6429,34.6429,0
2020-09-08,34.2178,34.2178,34.2178,34.2178,0
2020-09-09,34.8097,34.8097,34.8097,34.8097,0
2020-09-10,34.4262,34.4262,34.4262,34.4262,0
2020-09-11,34.743,34.743,34.743,34.743,0
2020-09-14,34.9764,34.9764,34.9764,34.9764,0
2020-09-15,35.1931,35.1931,35.1931,35.1931,0
2020-09-16,35.1931,35.1931,35.1931,35.1931,0
2020-09-17,35.2431,35.2431,35.2431,35.2431,0
2020-09-18,34.9931,34.9931,34.9931,34.9931,0
2020-09-21,34.1392,34.1392,34.1392,34.1392,0
2020-09-22,34.1308,34.1308,34.1308,34.1308,0
2020-09-23,33.7788,33.7788,33.7788,33.7788,0
2020-09-24,33.7285,33.7285,33.7285,33.7285,0
2020-09-25,33.8542,33.8542,33.8542,33.8542,0
2020-09-28,34.4073,34.4073,34.4073,34.4073,0
2020-09-29,34.357,34.357,34.357,34.357,0
2020-09-30,34.2732,34.2732,34.2732,34.2732,0
2020-10-01,34.4743,34.4743,34.4743,34.4743,0
2020-10-02,34.3989,34.3989,34.3989,34.3989,0
2020-10-05,34.9352,34.9352,34.9352,34.9352,0
2020-10-06,34.5749,34.5749,34.5749,34.5749,0
2020-10-07,34.9017,34.9017,34.9017,34.9017,0
2020-10-08,35.1615,35.1615,35.1615,35.1615,0
2020-10-09,35.3961,35.3961,35.3961,35.3961,0
2020-10-12,35.5721,35.5721,35.5721,35.5721,0
2020-10-13,35.1782,35.1782,35.1782,35.1782,0
2020-10-14,35.1028,35.1028,35.1028,35.1028,0
2020-10-15,34.7174,34.7174,34.7174,34.7174,0
2020-10-16,34.8263,34.8263,34.8263,34.8263,0
2020-10-19,34.6754,34.6754,34.6754,34.6754,0
2020-10-20,34.8682,34.8682,34.8682,34.8682,0
2020-10-21,34.7509,34.7509,34.7509,34.7509,0
2020-10-22,34.7844,34.7844,34.7844,34.7844,0
2020-10-23,34.9771,34.9771,34.9771,34.9771,0
2020-10-26,34.3235,34.3235,34.3235,34.3235,0
2020-10-27,34.0637,34.0637,34.0637,34.0637,0
2020-10-28,33.0665,33.0665,33.0665,33.0665,0
2020-10-29,33.2258,33.2258,33.2258,33.2258,0
2020-10-30,33.0582,33.0582,33.0582,33.0582,0
2020-11-02,33.4604,33.4604,33.4604,33.4604,0
2020-11-03,34.3151,34.3151,34.3151,34.3151,0
2020-11-04,34.6671,34.6671,34.6671,34.6671,0
2020-11-05,35.5051,35.5051,35.5051,35.5051,0
2020-11-06,35.5805,35.5805,35.5805,35.5805,0
2020-11-09,36.5525,36.5525,36.5525,36.5525,0
2020-11-10,36.8207,36.8207,36.8207,36.8207,0
2020-11-11,37.1307,37.1307,37.1307,37.1307,0
2020-11-12,36.5944,36.5944,36.5944,36.5944,0
2020-11-13,37.114,37.114,37.114,37.114,0
2020-11-16,37.5916,37.5916,37.5916,37.5916,0
2020-11-17,37.5749,37.5749,37.5749,37.5749,0
2020-11-18,37.3737,37.3737,37.3737,37.3737,0
2020-11-19,37.6,37.6,37.6,37.6,0
2020-11-20,37.7257,37.7257,37.7257,37.7257,0
2020-11-23,37.7508,37.7508,37.7508,37.7508,0
2020-11-24,38.3542,38.3542,38.3542,38.3542,0
2020-11-25,38.2788,38.2788,38.2788,38.2788,0
2020-11-27,38.5469,38.5469,38.5469,38.5469,0
2020-11-30,37.7843,37.7843,37.7843,37.7843,0
2020-12-01,38.5972,38.5972,38.5972,38.5972,0
2020-12-02,38.6558,38.6558,38.6558,38.6558,0
2020-12-03,38.7899,38.7899,38.7899,38.7899,0
2020-12-04,39.167,39.167,39.167,39.167,0
2020-12-07,38.8821,38.8821,38.8821,38.8821,0
2020-12-08,38.9743,38.9743,38.9743,38.9743,0
2020-12-09,39.0246,39.0246,39.0246,39.0246,0
2020-12-10,39.1084,39.1084,39.1084,39.1084,0
2020-12-11,38.9743,38.9743,38.9743,38.9743,0
2020-12-14,38.9827,38.9827,38.9827,38.9827,0
2020-12-15,39.41,39.41,39.41,39.41,0
2020-12-16,39.5441,39.5441,39.5441,39.5441,0
2020-12-17,39.8039,39.8039,39.8039,39.8039,0
2020-12-18,39.5692,39.5692,39.5692,39.5692,0
2020-12-21,39.1254,39.1254,39.1254,39.1254,0
2020-12-22,38.9986,38.9986,38.9986,38.9986,0
2020-12-23,39.4382,39.4382,39.4382,39.4382,0
2020-12-24,39.5396,39.5396,39.5396,39.5396,0
2020-12-28,39.7848,39.7848,39.7848,39.7848,0
2020-12-29,40.0976,40.0976,40.0976,40.0976,0
2020-12-30,40.1822,40.1822,40.1822,40.1822,0
2020-12-31,39.9116,39.9116,39.9116,39.9116,0
2021-01-04,40.1399,40.1399,40.1399,40.1399,0
2021-01-05,40.5964,40.5964,40.5964,40.5964,0
2021-01-06,41.036,41.036,41.036,41.036,0
2021-01-07,41.1544,41.1544,41.1544,41.1544,0
2021-01-08,41.5433,41.5433,41.5433,41.5433,0
2021-01-11,41.0022,41.0022,41.0022,41.0022,0
2021-01-12,41.1966,41.1966,41.1966,41.1966,0
2021-01-13,41.1205,41.1205,41.1205,41.1205,0
2021-01-14,41.4334,41.4334,41.4334,41.4334,0
2021-01-15,40.7655,40.7655,40.7655,40.7655,0
2021-01-19,41.0529,41.0529,41.0529,41.0529,0
2021-01-20,41.3657,41.3657,41.3657,41.3657,0
2021-01-21,41.4587,41.4587,41.4587,41.4587,0
2021-01-22,41.1713,41.1713,41.1713,41.1713,0
2021-01-25,41.1459,41.1459,41.1459,41.1459,0
2021-01-26,41.1628,41.1628,41.1628,41.1628,0
2021-01-27,40.1991,40.1991,40.1991,40.1991,0
2021-01-28,40.5119,40.5119,40.5119,40.5119,0
2021-01-29,39.6242,39.6242,39.6242,39.6242,0
2021-02-01,40.1822,40.1822,40.1822,40.1822,0
2021-02-02,40.6302,40.6302,40.6302,40.6302,0
2021-02-03,40.7401,40.7401,40.7401,40.7401,0
2021-02-04,40.757,40.757,40.757,40.757,0
2021-02-05,41.0614,41.0614,41.0614,41.0614,0
2021-02-08,41.3235,41.3235,41.3235,41.3235,0
2021-02-09,41.5602,41.5602,41.5602,41.5602,0
2021-02-10,41.4672,41.4672,41.4672,41.4672,0
2021-02-11,41.7377,41.7377,41.7377,41.7377,0
2021-02-12,41.9321,41.9321,41.9321,41.9321,0
2021-02-16,42.1858,42.1858,42.1858,42.1858,0
2021-02-17,41.9237,41.9237,41.9237,41.9237,0
2021-02-18,41.6532,41.6532,41.6532,41.6532,0
2021-02-19,41.8476,41.8476,41.8476,41.8476,0
2021-02-22,41.7208,41.7208,41.7208,41.7208,0
2021-02-23,41.7377,41.7377,41.7377,41.7377,0
2021-02-24,41.8899,41.8899,41.8899,41.8899,0
2021-02-25,41.1797,41.1797,41.1797,41.1797,0
2021-02-26,40.5879,40.5879,40.5879,40.5879,0
2021-03-01,41.3742,41.3742,41.3742,41.3742,0
2021-03-02,41.3573,41.3573,41.3573,41.3573,0
2021-03-03,41.1037,41.1037,41.1037,41.1037,0
2021-03-04,40.6894,40.6894,40.6894,40.6894,0
2021-03-05,41.0191,41.0191,41.0191,41.0191,0
2021-03-08,40.8162,40.8162,40.8162,40.8162,0
2021-03-09,41.3404,41.3404,41.3404,41.3404,0
2021-03-10,41.5179,41.5179,41.5179,41.5179,0
2021-03-11,41.8222,41.8222,41.8222,41.8222,0
2021-03-12,41.9237,41.9237,41.9237,41.9237,0
2021-03-15,42.0251,42.0251,42.0251,42.0251,0
2021-03-16,42.0928,42.0928,42.0928,42.0928,0
2021-03-17,42.3126,42.3126,42.3126,42.3126,0
2021-03-18,41.9068,41.9068,41.9068,41.9068,0
2021-03-19,42.0505,42.0505,42.0505,42.0505,0
2021-03-22,42.0683,42.0683,42.0683,42.0683,0
2021-03-23,41.4313,41.4313,41.4313,41.4313,0
2021-03-24,41.253,41.253,41.253,41.253,0
2021-03-25,41.5163,41.5163,41.5163,41.5163,0
2021-03-26,42.0853,42.0853,42.0853,42.0853,0
2021-03-29,41.8815,41.8815,41.8815,41.8815,0
2021-03-30,41.8305,41.8305,41.8305,41.8305,0
2021-03-31,41.7116,41.7116,41.7116,41.7116,0
2021-04-01,42.2552,42.2552,42.2552,42.2552,0
2021-04-05,42.8922,42.8922,42.8922,42.8922,0
2021-04-06,42.5185,42.5185,42.5185,42.5185,0
2021-04-07,42.5949,42.5949,42.5949,42.5949,0
2021-04-08,42.8412,42.8412,42.8412,42.8412,0
2021-04-09,42.9432,42.9432,42.9432,42.9432,0
2021-04-12,42.7138,42.7138,42.7138,42.7138,0
2021-04-13,43.0026,43.0026,43.0026,43.0026,0
2021-04-14,43.0451,43.0451,43.0451,43.0451,0
2021-04-15,43.3763,43.3763,43.3763,43.3763,0
2021-04-16,43.6311,43.6311,43.6311,43.6311,0
2021-04-19,43.5037,43.5037,43.5037,43.5037,0
2021-04-20,42.7818,42.7818,42.7818,42.7818,0
2021-04-21,43.1725,43.1725,43.1725,43.1725,0
2021-04-22,42.9941,42.9941,42.9941,42.9941,0
2021-04-23,43.4868,43.4868,43.4868,43.4868,0
2021-04-26,43.5547,43.5547,43.5547,43.5547,0
2021-04-27,43.4188,43.4188,43.4188,43.4188,0
2021-04-28,43.5377,43.5377,43.5377,43.5377,0
2021-04-29,43.5802,43.5802,43.5802,43.5802,0
2021-04-30,42.9856,42.9856,42.9856,42.9856,0
2021-05-03,43.4358,43.4358,43.4358,43.4358,0
2021-05-04,42.9092,42.9092,42.9092,42.9092,0
2021-05-05,43.4188,43.4188,43.4188,43.4188,0
2021-05-06,43.7755,43.7755,43.7755,43.7755,0
2021-05-07,44.2851,44.2851,44.2851,44.2851,0
2021-05-10,44.0558,44.0558,44.0558,44.0558,0
2021-05-11,43.5292,43.5292,43.5292,43.5292,0
2021-05-12,42.7648,42.7648,42.7648,42.7648,0
2021-05-13,43.0621,43.0621,43.0621,43.0621,0
2021-05-14,43.75,43.75,43.75,43.75,0
2021-05-17,43.6821,43.6821,43.6821,43.6821,0
2021-05-18,43.835,43.835,43.835,43.835,0
2021-05-19,43.4443,43.4443,43.4443,43.4443,0
2021-05-20,44.0473,44.0473,44.0473,44.0473,0
2021-05-21,44.0388,44.0388,44.0388,44.0388,0
2021-05-24,44.3106,44.3106,44.3106,44.3106,0
2021-05-25,44.3106,44.3106,44.3106,44.3106,0
2021-05-26,44.3106,44.3106,44.3106,44.3106,0
2021-05-27,44.3956,44.3956,44.3956,44.3956,0
2021-05-28,44.523,44.523,44.523,44.523,0
2021-06-01,44.7608,44.7608,44.7608,44.7608,0
2021-06-02,44.8882,44.8882,44.8882,44.8882,0
2021-06-03,44.6504,44.6504,44.6504,44.6504,0
2021-06-04,45.075,45.075,45.075,45.075,0
2021-06-07,45.177,45.177,45.177,45.177,0
2021-06-08,45.1515,45.1515,45.1515,45.1515,0
2021-06-09,44.9731,44.9731,44.9731,44.9731,0
2021-06-10,45.1175,45.1175,45.1175,45.1175,0
2021-06-11,45.194,45.194,45.194,45.194,0
2021-06-14,45.2619,45.2619,45.2619,45.2619,0
2021-06-15,45.2704,45.2704,45.2704,45.2704,0
2021-06-16,44.9731,44.9731,44.9731,44.9731,0
2021-06-17,44.6419,44.6419,44.6419,44.6419,0
2021-06-18,43.7925,43.7925,43.7925,43.7925,0
2021-06-21,44.3953,44.3953,44.3953,44.3953,0
2021-06-22,44.4381,44.4381,44.4381,44.4381,0
2021-06-23,44.1984,44.1984,44.1984,44.1984,0
2021-06-24,44.5665,44.5665,44.5665,44.5665,0
2021-06-25,44.7121,44.7121,44.7121,44.7121,0
2021-06-28,44.421,44.421,44.421,44.421,0
2021-06-29,44.4124,44.4124,44.4124,44.4124,0
2021-06-30,44.1127,44.1127,44.1127,44.1127,0
2021-07-01,44.2412,44.2412,44.2412,44.2412,0
2021-07-02,44.4039,44.4039,44.4039,44.4039,0
2021-07-06,44.1384,44.1384,44.1384,44.1384,0
2021-07-07,44.2926,44.2926,44.2926,44.2926,0
2021-07-08,43.6504,43.6504,43.6504,43.6504,0
2021-07-09,44.4039,44.4039,44.4039,44.4039,0
2021-07-12,44.5665,44.5665,44.5665,44.5665,0
2021-07-13,44.3182,44.3182,44.3182,44.3182,0
2021-07-14,44.4296,44.4296,44.4296,44.4296,0
2021-07-15,44.0699,44.0699,44.0699,44.0699,0
2021-07-16,43.7274,43.7274,43.7274,43.7274,0
2021-07-19,42.8712,42.8712,42.8712,42.8712,0
2021-07-20,43.2565,43.2565,43.2565,43.2565,0
2021-07-21,43.8816,43.8816,43.8816,43.8816,0
2021-07-22,43.9415,43.9415,43.9415,43.9415,0
2021-07-23,44.2069,44.2069,44.2069,44.2069,0
2021-07-26,44.2583,44.2583,44.2583,44.2583,0
2021-07-27,44.0956,44.0956,44.0956,44.0956,0
2021-07-28,44.2926,44.2926,44.2926,44.2926,0
2021-07-29,44.6265,44.6265,44.6265,44.6265,0
2021-07-30,44.3354,44.3354,44.3354,44.3354,0
2021-08-02,44.5494,44.5494,44.5494,44.5494,0
2021-08-03,44.8662,44.8662,44.8662,44.8662,0
2021-08-04,44.7378,44.7378,44.7378,44.7378,0
2021-08-05,44.969,44.969,44.969,44.969,0
2021-08-06,44.7892,44.7892,44.7892,44.7892,0
2021-08-09,44.7378,44.7378,44.7378,44.7378,0
2021-08-10,44.832,44.832,44.832,44.832,0
2021-08-11,45.1145,45.1145,45.1145,45.1145,0
2021-08-12,45.0118,45.0118,45.0118,45.0118,0
2021-08-13,45.243,45.243,45.243,45.243,0
2021-08-16,44.9861,44.9861,44.9861,44.9861,0
2021-08-17,44.4895,44.4895,44.4895,44.4895,0
2021-08-18,44.3782,44.3782,44.3782,44.3782,0
2021-08-19,43.8901,43.8901,43.8901,43.8901,0
2021-08-20,44.0357,44.0357,44.0357,44.0357,0
2021-08-23,44.498,44.498,44.498,44.498,0
2021-08-24,44.7121,44.7121,44.7121,44.7121,0
2021-08-25,44.7464,44.7464,44.7464,44.7464,0
2021-08-26,44.4638,44.4638,44.4638,44.4638,0
2021-08-27,44.9262,44.9262,44.9262,44.9262,0
2021-08-30,44.9176,44.9176,44.9176,44.9176,0
2021-08-31,44.9176,44.9176,44.9176,44.9176,0
2021-09-01,45.3115,45.3115,45.3115,45.3115,0
2021-09-02,45.5255,45.5255,45.5255,45.5255,0
2021-09-03,45.7481,45.7481,45.7481,45.7481,0
2021-09-07,45.6368,45.6368,45.6368,45.6368,0
2021-09-08,45.3029,45.3029,45.3029,45.3029,0
2021-09-09,45.2515,45.2515,45.2515,45.2515,0
2021-09-10,45.1231,45.1231,45.1231,45.1231,0
2021-09-13,45.4656,45.4656,45.4656,45.4656,0
2021-09-14,45.2687,45.2687,45.2687,45.2687,0
2021-09-15,45.4485,45.4485,45.4485,45.4485,0
2021-09-16,45.32,45.32,45.32,45.32,0
2021-09-17,44.7549,44.7549,44.7549,44.7549,0
2021-09-20,43.904,43.904,43.904,43.904,0
2021-09-21,44.2822,44.2822,44.2822,44.2822,0
2021-09-22,44.5228,44.5228,44.5228,44.5228,0
2021-09-23,45.0643,45.0643,45.0643,45.0643,0
2021-09-24,44.6518,44.6518,44.6518,44.6518,0
2021-09-27,44.6518,44.6518,44.6518,44.6518,0
2021-09-28,43.6633,43.6633,43.6633,43.6633,0
2021-09-29,43.5258,43.5258,43.5258,43.5258,0
2021-09-30,43.3969,43.3969,43.3969,43.3969,0
2021-10-01,43.5258,43.5258,43.5258,43.5258,0
2021-10-04,43.1218,43.1218,43.1218,43.1218,0
2021-10-05,43.3711,43.3711,43.3711,43.3711,0
2021-10-06,43.0531,43.0531,43.0531,43.0531,0
2021-10-07,43.4141,43.4141,43.4141,43.4141,0
2021-10-08,43.4227,43.4227,43.4227,43.4227,0
2021-10-11,43.2937,43.2937,43.2937,43.2937,0
2021-10-12,43.2765,43.2765,43.2765,43.2765,0
2021-10-13,43.7579,43.7579,43.7579,43.7579,0
2021-10-14,44.2306,44.2306,44.2306,44.2306,0
2021-10-15,44.583,44.583,44.583,44.583,0
2021-10-18,44.4197,44.4197,44.4197,44.4197,0
2021-10-19,44.7291,44.7291,44.7291,44.7291,0
2021-10-20,44.8838,44.8838,44.8838,44.8838,0
2021-10-21,44.6604,44.6604,44.6604,44.6604,0
2021-10-22,44.8667,44.8667,44.8667,44.8667,0
2021-10-25,44.8323,44.8323,44.8323,44.8323,0
2021-10-26,44.9182,44.9182,44.9182,44.9182,0
2021-10-27,44.6776,44.6776,44.6776,44.6776,0
2021-10-28,45.1331,45.1331,45.1331,45.1331,0
2021-10-29,44.7979,44.7979,44.7979,44.7979,0
2021-11-01,45.2191,45.2191,45.2191,45.2191,0
2021-11-02,45.1159,45.1159,45.1159,45.1159,0
2021-11-03,45.4253,45.4253,45.4253,45.4253,0
2021-11-04,45.391,45.391,45.391,45.391,0
2021-11-05,45.4855,45.4855,45.4855,45.4855,0
2021-11-08,45.5113,45.5113,45.5113,45.5113,0
2021-11-09,45.3995,45.3995,45.3995,45.3995,0
2021-11-10,44.8237,44.8237,44.8237,44.8237,0
2021-11-11,44.9784,44.9784,44.9784,44.9784,0
2021-11-12,45.2878,45.2878,45.2878,45.2878,0
2021-11-15,45.2105,45.2105,45.2105,45.2105,0
2021-11-16,45.1073,45.1073,45.1073,45.1073,0
2021-11-17,44.9956,44.9956,44.9956,44.9956,0
2021-11-18,45.03,45.03,45.03,45.03,0
2021-11-19,44.6862,44.6862,44.6862,44.6862,0
2021-11-22,44.4455,44.4455,44.4455,44.4455,0
2021-11-23,44.3681,44.3681,44.3681,44.3681,0
2021-11-24,44.1361,44.1361,44.1361,44.1361,0
2021-11-26,42.9327,42.9327,42.9327,42.9327,0
2021-11-29,43.139,43.139,43.139,43.139,0
2021-11-30,42.7179,42.7179,42.7179,42.7179,0
2021-12-01,42.4944,42.4944,42.4944,42.4944,0
2021-12-02,43.0875,43.0875,43.0875,43.0875,0
2021-12-03,42.8726,42.8726,42.8726,42.8726,0
2021-12-06,43.2851,43.2851,43.2851,43.2851,0
2021-12-07,44.2134,44.2134,44.2134,44.2134,0
2021-12-08,44.2736,44.2736,44.2736,44.2736,0
2021-12-09,43.8868,43.8868,43.8868,43.8868,0
2021-12-10,43.947,43.947,43.947,43.947,0
2021-12-13,43.5,43.5,43.5,43.5,0
2021-12-14,43.2765,43.2765,43.2765,43.2765,0
2021-12-15,43.8095,43.8095,43.8095,43.8095,0
2021-12-16,43.818,43.818,43.818,43.818,0
2021-12-17,43.3109,43.3109,43.3109,43.3109,0
2021-12-20,43.1006,43.1006,43.1006,43.1006,0
2021-12-21,43.6417,43.6417,43.6417,43.6417,0
2021-12-22,44.0869,44.0869,44.0869,44.0869,0
2021-12-23,44.3575,44.3575,44.3575,44.3575,0
2021-12-27,44.6979,44.6979,44.6979,44.6979,0
2021-12-28,44.6979,44.6979,44.6979,44.6979,0
2021-12-29,44.6891,44.6891,44.6891,44.6891,0
2021-12-30,44.5844,44.5844,44.5844,44.5844,0
2021-12-31,44.5669,44.5669,44.5669,44.5669,0
2022-01-03,44.8375,44.8375,44.8375,44.8375,0
2022-01-04,45.0034,45.0034,45.0034,45.0034,0
2022-01-05,44.6106,44.6106,44.6106,44.6106,0
2022-01-06,44.3662,44.3662,44.3662,44.3662,0
2022-01-07,44.5495,44.5495,44.5495,44.5495,0
2022-01-10,44.1393,44.1393,44.1393,44.1393,0
2022-01-11,44.6629,44.6629,44.6629,44.6629,0
2022-01-12,45.143,45.143,45.143,45.143,0
2022-01-13,44.8201,44.8201,44.8201,44.8201,0
2022-01-14,44.7153,44.7153,44.7153,44.7153,0
2022-01-18,44.0607,44.0607,44.0607,44.0607,0
2022-01-19,44.052,44.052,44.052,44.052,0
2022-01-20,43.7727,43.7727,43.7727,43.7727,0
2022-01-21,43.1704,43.1704,43.1704,43.1704,0
2022-01-24,42.6903,42.6903,42.6903,42.6903,0
2022-01-25,42.4634,42.4634,42.4634,42.4634,0
2022-01-26,42.2627,42.2627,42.2627,42.2627,0
2022-01-27,41.9833,41.9833,41.9833,41.9833,0
2022-01-28,42.1754,42.1754,42.1754,42.1754,0
2022-01-31,42.8475,42.8475,42.8475,42.8475,0
2022-02-01,43.2751,43.2751,43.2751,43.2751,0
2022-02-02,43.6243,43.6243,43.6243,43.6243,0
2022-02-03,42.926,42.926,42.926,42.926,0
2022-02-04,43.0395,43.0395,43.0395,43.0395,0
2022-02-07,43.118,43.118,43.118,43.118,0
2022-02-08,43.3275,43.3275,43.3275,43.3275,0
2022-02-09,44.0171,44.0171,44.0171,44.0171,0
2022-02-10,43.5021,43.5021,43.5021,43.5021,0
2022-02-11,42.8998,42.8998,42.8998,42.8998,0
2022-02-14,42.6467,42.6467,42.6467,42.6467,0
2022-02-15,43.3537,43.3537,43.3537,43.3537,0
2022-02-16,43.537,43.537,43.537,43.537,0
2022-02-17,42.8736,42.8736,42.8736,42.8736,0
2022-02-18,42.6467,42.6467,42.6467,42.6467,0
2022-02-22,42.2016,42.2016,42.2016,42.2016,0
2022-02-23,41.8088,41.8088,41.8088,41.8088,0
2022-02-24,41.2676,41.2676,41.2676,41.2676,0
2022-02-25,42.3063,42.3063,42.3063,42.3063,0
2022-02-28,41.7128,41.7128,41.7128,41.7128,0
2022-03-01,40.8923,40.8923,40.8923,40.8923,0
2022-03-02,41.3898,41.3898,41.3898,41.3898,0
2022-03-03,40.7352,40.7352,40.7352,40.7352,0
2022-03-04,39.6878,39.6878,39.6878,39.6878,0
2022-03-07,38.5182,38.5182,38.5182,38.5182,0
2022-03-08,38.7539,38.7539,38.7539,38.7539,0
2022-03-09,40.2377,40.2377,40.2377,40.2377,0
2022-03-10,39.7838,39.7838,39.7838,39.7838,0
2022-03-11,39.4085,39.4085,39.4085,39.4085,0
2022-03-14,39.6616,39.6616,39.6616,39.6616,0
2022-03-15,40.0107,40.0107,40.0107,40.0107,0
2022-03-16,41.3636,41.3636,41.3636,41.3636,0
2022-03-17,41.739,41.739,41.739,41.739,0
2022-03-18,42.0968,42.0968,42.0968,42.0968,0
2022-03-21,41.8721,41.8721,41.8721,41.8721,0
2022-03-22,42.2568,42.2568,42.2568,42.2568,0
2022-03-23,41.7235,41.7235,41.7235,41.7235,0
2022-03-24,42.0557,42.0557,42.0557,42.0557,0
2022-03-25,42.1169,42.1169,42.1169,42.1169,0
2022-03-28,41.9858,41.9858,41.9858,41.9858,0
2022-03-29,42.8077,42.8077,42.8077,42.8077,0
2022-03-30,42.6503,42.6503,42.6503,42.6503,0
2022-03-31,41.9945,41.9945,41.9945,41.9945,0
2022-04-01,42.3617,42.3617,42.3617,42.3617,0
2022-04-04,42.5454,42.5454,42.5454,42.5454,0
2022-04-05,42.0382,42.0382,42.0382,42.0382,0
2022-04-06,41.4961,41.4961,41.4961,41.4961,0
2022-04-07,41.5399,41.5399,41.5399,41.5399,0
2022-04-08,41.5311,41.5311,41.5311,41.5311,0
2022-04-11,41.0939,41.0939,41.0939,41.0939,0
2022-04-12,40.8229,40.8229,40.8229,40.8229,0
2022-04-13,41.3038,41.3038,41.3038,41.3038,0
2022-04-14,41.1027,41.1027,41.1027,41.1027,0
2022-04-18,40.9278,40.9278,40.9278,40.9278,0
2022-04-19,41.1114,41.1114,41.1114,41.1114,0
2022-04-20,41.4174,41.4174,41.4174,41.4174,0
2022-04-21,40.9278,40.9278,40.9278,40.9278,0
2022-04-22,40.1759,40.1759,40.1759,40.1759,0
2022-04-25,39.9398,39.9398,39.9398,39.9398,0
2022-04-26,38.8556,38.8556,38.8556,38.8556,0
2022-04-27,39.0305,39.0305,39.0305,39.0305,0
2022-04-28,39.6426,39.6426,39.6426,39.6426,0
2022-04-29,39.1442,39.1442,39.1442,39.1442,0
2022-05-02,39.013,39.013,39.013,39.013,0
2022-05-03,39.3278,39.3278,39.3278,39.3278,0
2022-05-04,40.001,40.001,40.001,40.001,0
2022-05-05,38.7245,38.7245,38.7245,38.7245,0
2022-05-06,38.3748,38.3748,38.3748,38.3748,0
2022-05-09,37.1857,37.1857,37.1857,37.1857,0
2022-05-10,37.3693,37.3693,37.3693,37.3693,0
2022-05-11,37.1769,37.1769,37.1769,37.1769,0
2022-05-12,37.037,37.037,37.037,37.037,0
2022-05-13,38.0775,38.0775,38.0775,38.0775,0
2022-05-16,38.1299,38.1299,38.1299,38.1299,0
2022-05-17,38.8644,38.8644,38.8644,38.8644,0
2022-05-18,37.9376,37.9376,37.9376,37.9376,0
2022-05-19,38.331,38.331,38.331,38.331,0
2022-05-20,38.5496,38.5496,38.5496,38.5496,0
2022-05-23,39.2141,39.2141,39.2141,39.2141,0
2022-05-24,39.0742,39.0742,39.0742,39.0742,0
2022-05-25,39.0567,39.0567,39.0567,39.0567,0
2022-05-26,39.4852,39.4852,39.4852,39.4852,0
2022-05-27,39.9748,39.9748,39.9748,39.9748,0
2022-05-31,39.7912,39.7912,39.7912,39.7912,0
2022-06-01,39.4327,39.4327,39.4327,39.4327,0
2022-06-02,40.2633,40.2633,40.2633,40.2633,0
2022-06-03,39.6426,39.6426,39.6426,39.6426,0
2022-06-06,39.7912,39.7912,39.7912,39.7912,0
2022-06-07,39.8874,39.8874,39.8874,39.8874,0
2022-06-08,39.389,39.389,39.389,39.389,0
2022-06-09,38.5671,38.5671,38.5671,38.5671,0
2022-06-10,37.6753,37.6753,37.6753,37.6753,0
2022-06-13,36.39,36.39,36.39,36.39,0
2022-06-14,36.0578,36.0578,36.0578,36.0578,0
2022-06-15,36.696,36.696,36.696,36.696,0
2022-06-16,35.8129,35.8129,35.8129,35.8129,0
2022-06-17,35.6905,35.6905,35.6905,35.6905,0
2022-06-21,36.2398,36.2398,36.2398,36.2398,0
2022-06-22,35.9031,35.9031,35.9031,35.9031,0
2022-06-23,35.7703,35.7703,35.7703,35.7703,0
2022-06-24,36.8333,36.8333,36.8333,36.8333,0
2022-06-27,36.7624,36.7624,36.7624,36.7624,0
2022-06-28,36.5675,36.5675,36.5675,36.5675,0
2022-06-29,36.3461,36.3461,36.3461,36.3461,0
2022-06-30,36.1423,36.1423,36.1423,36.1423,0
2022-07-01,36.222,36.222,36.222,36.222,0
2022-07-05,35.4425,35.4425,35.4425,35.4425,0
2022-07-06,35.4425,35.4425,35.4425,35.4425,0
2022-07-07,36.0183,36.0183,36.0183,36.0183,0
2022-07-08,36.1069,36.1069,36.1069,36.1069,0
2022-07-11,35.5045,35.5045,35.5045,35.5045,0
2022-07-12,35.4691,35.4691,35.4691,35.4691,0
2022-07-13,35.4248,35.4248,35.4248,35.4248,0
2022-07-14,34.9021,34.9021,34.9021,34.9021,0
2022-07-15,35.4336,35.4336,35.4336,35.4336,0
2022-07-18,35.6551,35.6551,35.6551,35.6551,0
2022-07-19,36.5764,36.5764,36.5764,36.5764,0
2022-07-20,36.3992,36.3992,36.3992,36.3992,0
2022-07-21,36.8067,36.8067,36.8067,36.8067,0
2022-07-22,36.6827,36.6827,36.6827,36.6827,0
2022-07-25,36.9839,36.9839,36.9839,36.9839,0
2022-07-26,36.4789,36.4789,36.4789,36.4789,0
2022-07-27,37.3116,37.3116,37.3116,37.3116,0
2022-07-28,37.5508,37.5508,37.5508,37.5508,0
2022-07-29,38.0557,38.0557,38.0557,38.0557,0
2022-08-01,38.0557,38.0557,38.0557,38.0557,0
2022-08-02,37.4622,37.4622,37.4622,37.4622,0
2022-08-03,37.728,37.728,37.728,37.728,0
2022-08-04,37.914,37.914,37.914,37.914,0
2022-08-05,37.6482,37.6482,37.6482,37.6482,0
2022-08-08,37.7634,37.7634,37.7634,37.7634,0
2022-08-09,37.5331,37.5331,37.5331,37.5331,0
2022-08-10,38.4278,38.4278,38.4278,38.4278,0
2022-08-11,38.4278,38.4278,38.4278,38.4278,0
2022-08-12,38.7467,38.7467,38.7467,38.7467,0
2022-08-15,38.4721,38.4721,38.4721,38.4721,0
2022-08-16,38.5075,38.5075,38.5075,38.5075,0
2022-08-17,38.1797,38.1797,38.1797,38.1797,0
2022-08-18,38.0557,38.0557,38.0557,38.0557,0
2022-08-19,37.4888,37.4888,37.4888,37.4888,0
2022-08-22,36.8864,36.8864,36.8864,36.8864,0
2022-08-23,36.9573,36.9573,36.9573,36.9573,0
2022-08-24,37.0016,37.0016,37.0016,37.0016,0
2022-08-25,37.4356,37.4356,37.4356,37.4356,0
2022-08-26,36.4435,36.4435,36.4435,36.4435,0
2022-08-29,36.3549,36.3549,36.3549,36.3549,0
2022-08-30,36.0537,36.0537,36.0537,36.0537,0
2022-08-31,35.8411,35.8411,35.8411,35.8411,0
2022-09-01,35.3628,35.3628,35.3628,35.3628,0
2022-09-02,35.1413,35.1413,35.1413,35.1413,0
2022-09-06,34.9907,34.9907,34.9907,34.9907,0
2022-09-07,35.2919,35.2919,35.2919,35.2919,0
2022-09-08,35.3451,35.3451,35.3451,35.3451,0
2022-09-09,36.2575,36.2575,36.2575,36.2575,0
2022-09-12,36.7181,36.7181,36.7181,36.7181,0
2022-09-13,35.4602,35.4602,35.4602,35.4602,0
2022-09-14,35.6197,35.6197,35.6197,35.6197,0
2022-09-15,35.2742,35.2742,35.2742,35.2742,0
2022-09-16,35.0439,35.0439,35.0439,35.0439,0
2022-09-19,35.1772,35.1772,35.1772,35.1772,0
2022-09-20,34.5907,34.5907,34.5907,34.5907,0
2022-09-21,34.1464,34.1464,34.1464,34.1464,0
2022-09-22,33.9865,33.9865,33.9865,33.9865,0
2022-09-23,32.8758,32.8758,32.8758,32.8758,0
2022-09-26,32.3516,32.3516,32.3516,32.3516,0
2022-09-27,32.1561,32.1561,32.1561,32.1561,0
2022-09-28,32.8758,32.8758,32.8758,32.8758,0
2022-09-29,32.4671,32.4671,32.4671,32.4671,0
2022-09-30,32.3072,32.3072,32.3072,32.3072,0
2022-10-03,33.0269,33.0269,33.0269,33.0269,0
2022-10-04,34.3419,34.3419,34.3419,34.3419,0
2022-10-05,33.9332,33.9332,33.9332,33.9332,0
2022-10-06,33.3645,33.3645,33.3645,33.3645,0
2022-10-07,32.8403,32.8403,32.8403,32.8403,0
2022-10-10,32.6182,32.6182,32.6182,32.6182,0
2022-10-11,32.2361,32.2361,32.2361,32.2361,0
2022-10-12,32.1561,32.1561,32.1561,32.1561,0
2022-10-13,32.8225,32.8225,32.8225,32.8225,0
2022-10-14,32.2627,32.2627,32.2627,32.2627,0
2022-10-17,33.1157,33.1157,33.1157,33.1157,0
2022-10-18,33.3379,33.3379,33.3379,33.3379,0
2022-10-19,32.9558,32.9558,32.9558,32.9558,0
2022-10-20,32.867,32.867,32.867,32.867,0
2022-10-21,33.48,33.48,33.48,33.48,0
2022-10-24,33.4267,33.4267,33.4267,33.4267,0
2022-10-25,34.1731,34.1731,34.1731,34.1731,0
2022-10-26,34.5196,34.5196,34.5196,34.5196,0
2022-10-27,34.2886,34.2886,34.2886,34.2886,0
2022-10-28,34.5552,34.5552,34.5552,34.5552,0
2022-10-31,34.2708,34.2708,34.2708,34.2708,0
2022-11-01,34.5641,34.5641,34.5641,34.5641,0
2022-11-02,34.0398,34.0398,34.0398,34.0398,0
2022-11-03,33.7644,33.7644,33.7644,33.7644,0
2022-11-04,35.0528,35.0528,35.0528,35.0528,0
2022-11-07,35.2038,35.2038,35.2038,35.2038,0
2022-11-08,35.6303,35.6303,35.6303,35.6303,0
2022-11-09,35.1327,35.1327,35.1327,35.1327,0
2022-11-10,37.0875,37.0875,37.0875,37.0875,0
2022-11-11,37.7806,37.7806,37.7806,37.7806,0
2022-11-14,37.3452,37.3452,37.3452,37.3452,0
2022-11-15,37.5762,37.5762,37.5762,37.5762,0
2022-11-16,37.434,37.434,37.434,37.434,0
2022-11-17,37.3896,37.3896,37.3896,37.3896,0
2022-11-18,37.4518,37.4518,37.4518,37.4518,0
2022-11-21,37.1497,37.1497,37.1497,37.1497,0
2022-11-22,37.7006,37.7006,37.7006,37.7006,0
2022-11-23,38.136,38.136,38.136,38.136,0
2022-11-25,38.2959,38.2959,38.2959,38.2959,0
2022-11-28,37.7628,37.7628,37.7628,37.7628,0
2022-11-29,37.8605,37.8605,37.8605,37.8605,0
2022-11-30,38.5713,38.5713,38.5713,38.5713,0
2022-12-01,38.9001,38.9001,38.9001,38.9001,0
2022-12-02,38.8646,38.8646,38.8646,38.8646,0
2022-12-05,38.2781,38.2781,38.2781,38.2781,0
2022-12-06,38.0205,38.0205,38.0205,38.0205,0
2022-12-07,38.0205,38.0205,38.0205,38.0205,0
2022-12-08,38.2337,38.2337,38.2337,38.2337,0
2022-12-09,38.2604,38.2604,38.2604,38.2604,0
2022-12-12,38.3581,38.3581,38.3581,38.3581,0
2022-12-13,38.8557,38.8557,38.8557,38.8557,0
2022-12-14,38.8379,38.8379,38.8379,38.8379,0
2022-12-15,37.825,37.825,37.825,37.825,0
2022-12-16,37.5318,37.5318,37.5318,37.5318,0
2022-12-19,37.4509,37.4509,37.4509,37.4509,0
2022-12-20,37.6307,37.6307,37.6307,37.6307,0
2022-12-21,38.0082,38.0082,38.0082,38.0082,0
2022-12-22,37.6756,37.6756,37.6756,37.6756,0
2022-12-23,37.8644,37.8644,37.8644,37.8644,0
2022-12-27,37.9363,37.9363,37.9363,37.9363,0
2022-12-28,37.5048,37.5048,37.5048,37.5048,0
2022-12-29,38.0981,38.0981,38.0981,38.0981,0
2022-12-30,37.7295,37.7295,37.7295,37.7295,0
2023-01-03,37.9363,37.9363,37.9363,37.9363,0
2023-01-04,38.5027,38.5027,38.5027,38.5027,0
2023-01-05,38.0711,38.0711,38.0711,38.0711,0
2023-01-06,39.1229,39.1229,39.1229,39.1229,0
2023-01-09,39.2937,39.2937,39.2937,39.2937,0
2023-01-10,39.3926,39.3926,39.3926,39.3926,0
2023-01-11,39.6893,39.6893,39.6893,39.6893,0
2023-01-12,40.2646,40.2646,40.2646,40.2646,0
2023-01-13,40.4714,40.4714,40.4714,40.4714,0
2023-01-17,40.5883,40.5883,40.5883,40.5883,0
2023-01-18,40.4084,40.4084,40.4084,40.4084,0
2023-01-19,40.3635,40.3635,40.3635,40.3635,0
2023-01-20,40.777,40.777,40.777,40.777,0
2023-01-23,40.9478,40.9478,40.9478,40.9478,0
2023-01-24,40.9388,40.9388,40.9388,40.9388,0
2023-01-25,41.1456,41.1456,41.1456,41.1456,0
2023-01-26,41.2715,41.2715,41.2715,41.2715,0
2023-01-27,41.2265,41.2265,41.2265,41.2265,0
2023-01-30,40.8849,40.8849,40.8849,40.8849,0
2023-01-31,41.1366,41.1366,41.1366,41.1366,0
2023-02-01,41.5052,41.5052,41.5052,41.5052,0
2023-02-02,41.4962,41.4962,41.4962,41.4962,0
2023-02-03,41.0287,41.0287,41.0287,41.0287,0
2023-02-06,40.5883,40.5883,40.5883,40.5883,0
2023-02-07,40.9658,40.9658,40.9658,40.9658,0
2023-02-08,40.7231,40.7231,40.7231,40.7231,0
2023-02-09,40.759,40.759,40.759,40.759,0
2023-02-10,40.6422,40.6422,40.6422,40.6422,0
2023-02-13,40.9928,40.9928,40.9928,40.9928,0
2023-02-14,41.0287,41.0287,41.0287,41.0287,0
2023-02-15,40.822,40.822,40.822,40.822,0
2023-02-16,40.6332,40.6332,40.6332,40.6332,0
2023-02-17,40.6961,40.6961,40.6961,40.6961,0
2023-02-21,40.1837,40.1837,40.1837,40.1837,0
2023-02-22,39.95,39.95,39.95,39.95,0
2023-02-23,40.1837,40.1837,40.1837,40.1837,0
2023-02-24,39.5544,39.5544,39.5544,39.5544,0
2023-02-27,39.9949,39.9949,39.9949,39.9949,0
2023-02-28,39.7073,39.7073,39.7073,39.7073,0
2023-03-01,39.959,39.959,39.959,39.959,0
2023-03-02,40.0219,40.0219,40.0219,40.0219,0
2023-03-03,40.6062,40.6062,40.6062,40.6062,0
2023-03-06,40.5073,40.5073,40.5073,40.5073,0
2023-03-07,39.7702,39.7702,39.7702,39.7702,0
2023-03-08,39.9769,39.9769,39.9769,39.9769,0
2023-03-09,39.5814,39.5814,39.5814,39.5814,0
2023-03-10,39.1948,39.1948,39.1948,39.1948,0
2023-03-13,38.9701,38.9701,38.9701,38.9701,0
2023-03-14,39.4286,39.4286,39.4286,39.4286,0
2023-03-15,38.2509,38.2509,38.2509,38.2509,0
2023-03-16,38.8443,38.8443,38.8443,38.8443,0
2023-03-17,38.3948,38.3948,38.3948,38.3948,0
2023-03-20,38.9813,38.9813,38.9813,38.9813,0
2023-03-21,39.4866,39.4866,39.4866,39.4866,0
2023-03-22,39.3332,39.3332,39.3332,39.3332,0
2023-03-23,39.3603,39.3603,39.3603,39.3603,0
2023-03-24,39.2249,39.2249,39.2249,39.2249,0
2023-03-27,39.5678,39.5678,39.5678,39.5678,0
2023-03-28,39.622,39.622,39.622,39.622,0
2023-03-29,40.0731,40.0731,40.0731,40.0731,0
2023-03-30,40.5694,40.5694,40.5694,40.5694,0
2023-03-31,40.7589,40.7589,40.7589,40.7589,0
2023-04-03,41.0928,41.0928,41.0928,41.0928,0
2023-04-04,41.0838,41.0838,41.0838,41.0838,0
2023-04-05,40.7679,40.7679,40.7679,40.7679,0
2023-04-06,40.9033,40.9033,40.9033,40.9033,0
2023-04-10,40.9394,40.9394,40.9394,40.9394,0
2023-04-11,41.1199,41.1199,41.1199,41.1199,0
2023-04-12,41.3545,41.3545,41.3545,41.3545,0
2023-04-13,41.959,41.959,41.959,41.959,0
2023-04-14,41.7515,41.7515,41.7515,41.7515,0
2023-04-17,41.7154,41.7154,41.7154,41.7154,0
2023-04-18,41.8778,41.8778,41.8778,41.8778,0
2023-04-19,41.7154,41.7154,41.7154,41.7154,0
2023-04-20,41.7334,41.7334,41.7334,41.7334,0
2023-04-21,41.8688,41.8688,41.8688,41.8688,0
2023-04-24,41.95,41.95,41.95,41.95,0
2023-04-25,41.2913,41.2913,41.2913,41.2913,0
2023-04-26,41.3003,41.3003,41.3003,41.3003,0
2023-04-27,41.8237,41.8237,41.8237,41.8237,0
2023-04-28,41.8327,41.8327,41.8327,41.8327,0
2023-05-01,41.7966,41.7966,41.7966,41.7966,0
2023-05-02,41.3545,41.3545,41.3545,41.3545,0
2023-05-03,41.4357,41.4357,41.4357,41.4357,0
2023-05-04,41.3725,41.3725,41.3725,41.3725,0
2023-05-05,42.0402,42.0402,42.0402,42.0402,0
2023-05-08,42.0583,42.0583,42.0583,42.0583,0
2023-05-09,41.8959,41.8959,41.8959,41.8959,0
2023-05-10,41.8327,41.8327,41.8327,41.8327,0
2023-05-11,41.6432,41.6432,41.6432,41.6432,0
2023-05-12,41.553,41.553,41.553,41.553,0
2023-05-15,41.9139,41.9139,41.9139,41.9139,0
2023-05-16,41.4808,41.4808,41.4808,41.4808,0
2023-05-17,41.6974,41.6974,41.6974,41.6974,0
2023-05-18,41.6161,41.6161,41.6161,41.6161,0
2023-05-19,41.8688,41.8688,41.8688,41.8688,0
2023-05-22,41.9049,41.9049,41.9049,41.9049,0
2023-05-23,41.3184,41.3184,41.3184,41.3184,0
2023-05-24,40.7318,40.7318,40.7318,40.7318,0
2023-05-25,40.6416,40.6416,40.6416,40.6416,0
2023-05-26,41.0206,41.0206,41.0206,41.0206,0
2023-05-30,40.6687,40.6687,40.6687,40.6687,0
2023-05-31,40.2717,40.2717,40.2717,40.2717,0
2023-06-01,40.8943,40.8943,40.8943,40.8943,0
2023-06-02,41.4988,41.4988,41.4988,41.4988,0
2023-06-05,41.2372,41.2372,41.2372,41.2372,0
2023-06-06,41.5981,41.5981,41.5981,41.5981,0
2023-06-07,41.2011,41.2011,41.2011,41.2011,0
2023-06-08,41.6252,41.6252,41.6252,41.6252,0
2023-06-09,41.6071,41.6071,41.6071,41.6071,0
2023-06-12,41.7966,41.7966,41.7966,41.7966,0
2023-06-13,42.2027,42.2027,42.2027,42.2027,0
2023-06-14,42.311,42.311,42.311,42.311,0
2023-06-15,42.708,42.708,42.708,42.708,0
2023-06-16,42.5817,42.5817,42.5817,42.5817,0
2023-06-20,42.0098,42.0098,42.0098,42.0098,0
2023-06-21,42.0735,42.0735,42.0735,42.0735,0
2023-06-22,41.8185,41.8185,41.8185,41.8185,0
2023-06-23,41.1446,41.1446,41.1446,41.1446,0
2023-06-26,41.2721,41.2721,41.2721,41.2721,0
2023-06-27,41.609,41.609,41.609,41.609,0
2023-06-28,41.6182,41.6182,41.6182,41.6182,0
2023-06-29,41.5635,41.5635,41.5635,41.5635,0
2023-06-30,42.0553,42.0553,42.0553,42.0553,0
2023-07-03,42.1281,42.1281,42.1281,42.1281,0
2023-07-05,41.6728,41.6728,41.6728,41.6728,0
2023-07-06,40.9351,40.9351,40.9351,40.9351,0
2023-07-07,41.2812,41.2812,41.2812,41.2812,0
2023-07-10,41.3905,41.3905,41.3905,41.3905,0
2023-07-11,41.7912,41.7912,41.7912,41.7912,0
2023-07-12,42.5926,42.5926,42.5926,42.5926,0
2023-07-13,43.2483,43.2483,43.2483,43.2483,0
2023-07-14,42.9842,42.9842,42.9842,42.9842,0
2023-07-17,42.966,42.966,42.966,42.966,0
2023-07-18,43.2756,43.2756,43.2756,43.2756,0
2023-07-19,43.2665,43.2665,43.2665,43.2665,0
2023-07-20,43.0115,43.0115,43.0115,43.0115,0
2023-07-21,43.0662,43.0662,43.0662,43.0662,0
2023-07-24,43.0206,43.0206,43.0206,43.0206,0
2023-07-25,43.1481,43.1481,43.1481,43.1481,0
2023-07-26,43.2027,43.2027,43.2027,43.2027,0
2023-07-27,43.0206,43.0206,43.0206,43.0206,0
2023-07-28,43.3758,43.3758,43.3758,43.3758,0
2023-07-31,43.3758,43.3758,43.3758,43.3758,0
2023-08-01,42.8931,42.8931,42.8931,42.8931,0
2023-08-02,42.0644,42.0644,42.0644,42.0644,0
2023-08-03,41.9369,41.9369,41.9369,41.9369,0
2023-08-04,42.0553,42.0553,42.0553,42.0553,0
2023-08-07,42.3922,42.3922,42.3922,42.3922,0
2023-08-08,42.0735,42.0735,42.0735,42.0735,0
2023-08-09,42.1099,42.1099,42.1099,42.1099,0
2023-08-10,42.2374,42.2374,42.2374,42.2374,0
2023-08-11,42.0006,42.0006,42.0006,42.0006,0
2023-08-14,41.8276,41.8276,41.8276,41.8276,0
2023-08-15,41.2448,41.2448,41.2448,41.2448,0
2023-08-16,40.9169,40.9169,40.9169,40.9169,0
2023-08-17,40.6437,40.6437,40.6437,40.6437,0
2023-08-18,40.6437,40.6437,40.6437,40.6437,0
2023-08-21,40.7712,40.7712,40.7712,40.7712,0
2023-08-22,40.6801,40.6801,40.6801,40.6801,0
2023-08-23,41.1173,41.1173,41.1173,41.1173,0
2023-08-24,40.5982,40.5982,40.5982,40.5982,0
2023-08-25,40.8532,40.8532,40.8532,40.8532,0
2023-08-28,41.2812,41.2812,41.2812,41.2812,0
2023-08-29,41.8094,41.8094,41.8094,41.8094,0
2023-08-30,41.8003,41.8003,41.8003,41.8003,0
2023-08-31,41.6637,41.6637,41.6637,41.6637,0
2023-09-01,41.7274,41.7274,41.7274,41.7274,0
2023-09-05,41.3541,41.3541,41.3541,41.3541,0
2023-09-06,41.1901,41.1901,41.1901,41.1901,0
2023-09-07,41.0262,41.0262,41.0262,41.0262,0
2023-09-08,40.9716,40.9716,40.9716,40.9716,0
2023-09-11,41.436,41.436,41.436,41.436,0
2023-09-12,41.2539,41.2539,41.2539,41.2539,0
2023-09-13,41.1719,41.1719,41.1719,41.1719,0
2023-09-14,41.7274,41.7274,41.7274,41.7274,0
2023-09-15,41.6364,41.6364,41.6364,41.6364,0
2023-09-18,41.4805,41.4805,41.4805,41.4805,0
2023-09-19,41.4897,41.4897,41.4897,41.4897,0
2023-09-20,41.3521,41.3521,41.3521,41.3521,0
2023-09-21,40.6645,40.6645,40.6645,40.6645,0
2023-09-22,40.7103,40.7103,40.7103,40.7103,0
2023-09-25,40.5544,40.5544,40.5544,40.5544,0
2023-09-26,39.9768,39.9768,39.9768,39.9768,0
2023-09-27,39.8851,39.8851,39.8851,39.8851,0
2023-09-28,40.2152,40.2152,40.2152,40.2152,0
2023-09-29,40.0868,40.0868,40.0868,40.0868,0
2023-10-02,39.4633,39.4633,39.4633,39.4633,0
2023-10-03,38.9682,38.9682,38.9682,38.9682,0
2023-10-04,38.9865,38.9865,38.9865,38.9865,0
2023-10-05,39.3441,39.3441,39.3441,39.3441,0
2023-10-06,39.7567,39.7567,39.7567,39.7567,0
2023-10-09,39.7292,39.7292,39.7292,39.7292,0
2023-10-10,40.2335,40.2335,40.2335,40.2335,0
2023-10-11,40.4077,40.4077,40.4077,40.4077,0
2023-10-12,40.0593,40.0593,40.0593,40.0593,0
2023-10-13,39.7017,39.7017,39.7017,39.7017,0
2023-10-16,40.0135,40.0135,40.0135,40.0135,0
2023-10-17,40.0226,40.0226,40.0226,40.0226,0
2023-10-18,39.3441,39.3441,39.3441,39.3441,0
2023-10-19,39.0232,39.0232,39.0232,39.0232,0
2023-10-20,38.6565,38.6565,38.6565,38.6565,0
2023-10-23,38.6748,38.6748,38.6748,38.6748,0
2023-10-24,38.8673,38.8673,38.8673,38.8673,0
2023-10-25,38.5281,38.5281,38.5281,38.5281,0
2023-10-26,38.2438,38.2438,38.2438,38.2438,0
2023-10-27,38.1247,38.1247,38.1247,38.1247,0
2023-10-30,38.6473,38.6473,38.6473,38.6473,0
2023-10-31,38.7298,38.7298,38.7298,38.7298,0
2023-11-01,39.1241,39.1241,39.1241,39.1241,0
2023-11-02,40.0043,40.0043,40.0043,40.0043,0
2023-11-03,40.5177,40.5177,40.5177,40.5177,0
2023-11-06,40.3894,40.3894,40.3894,40.3894,0
2023-11-07,40.0868,40.0868,40.0868,40.0868,0
2023-11-08,39.9951,39.9951,39.9951,39.9951,0
2023-11-09,39.9768,39.9768,39.9768,39.9768,0
2023-11-10,40.1877,40.1877,40.1877,40.1877,0
2023-11-13,40.2427,40.2427,40.2427,40.2427,0
2023-11-14,41.3338,41.3338,41.3338,41.3338,0
2023-11-15,41.2971,41.2971,41.2971,41.2971,0
2023-11-16,41.2054,41.2054,41.2054,41.2054,0
2023-11-17,41.7189,41.7189,41.7189,41.7189,0
2023-11-20,41.9023,41.9023,41.9023,41.9023,0
2023-11-21,41.7372,41.7372,41.7372,41.7372,0
2023-11-22,41.8197,41.8197,41.8197,41.8197,0
2023-11-24,42.0948,42.0948,42.0948,42.0948,0
2023-11-27,41.9848,41.9848,41.9848,41.9848,0
2023-11-28,42.0581,42.0581,42.0581,42.0581,0
2023-11-29,42.159,42.159,42.159,42.159,0
2023-11-30,42.1407,42.1407,42.1407,42.1407,0
2023-12-01,42.5716,42.5716,42.5716,42.5716,0
2023-12-04,42.1957,42.1957,42.1957,42.1957,0
2023-12-05,42.0581,42.0581,42.0581,42.0581,0
2023-12-06,42.1407,42.1407,42.1407,42.1407,0
2023-12-07,42.3424,42.3424,42.3424,42.3424,0
2023-12-08,42.4432,42.4432,42.4432,42.4432,0
2023-12-11,42.5624,42.5624,42.5624,42.5624,0
2023-12-12,42.5716,42.5716,42.5716,42.5716,0
2023-12-13,43.2593,43.2593,43.2593,43.2593,0
2023-12-14,43.6352,43.6352,43.6352,43.6352,0
2023-12-15,43.1859,43.1859,43.1859,43.1859,0
2023-12-18,43.3346,43.3346,43.3346,43.3346,0
2023-12-19,43.7526,43.7526,43.7526,43.7526,0
2023-12-20,43.2974,43.2974,43.2974,43.2974,0
2023-12-21,44.0313,44.0313,44.0313,44.0313,0
2023-12-22,44.1334,44.1334,44.1334,44.1334,0
2023-12-26,44.3285,44.3285,44.3285,44.3285,0
2023-12-27,44.5793,44.5793,44.5793,44.5793,0
2023-12-28,44.505,44.505,44.505,44.505,0
2023-12-29,44.4957,44.4957,44.4957,44.4957,0
2024-01-02,44.0034,44.0034,44.0034,44.0034,0
2024-01-03,43.6504,43.6504,43.6504,43.6504,0
2024-01-04,43.7526,43.7526,43.7526,43.7526,0
2024-01-05,43.7804,43.7804,43.7804,43.7804,0
2024-01-08,44.2356,44.2356,44.2356,44.2356,0
2024-01-09,43.8362,43.8362,43.8362,43.8362,0
2024-01-10,44.0777,44.0777,44.0777,44.0777,0
2024-01-11,44.0313,44.0313,44.0313,44.0313,0
2024-01-12,44.1892,44.1892,44.1892,44.1892,0
2024-01-16,43.3996,43.3996,43.3996,43.3996,0
2024-01-17,42.9258,42.9258,42.9258,42.9258,0
2024-01-18,43.316,43.316,43.316,43.316,0
2024-01-19,43.4553,43.4553,43.4553,43.4553,0
2024-01-22,43.5668,43.5668,43.5668,43.5668,0
2024-01-23,43.4925,43.4925,43.4925,43.4925,0
2024-01-24,43.7619,43.7619,43.7619,43.7619,0
2024-01-25,43.8733,43.8733,43.8733,43.8733,0
2024-01-26,44.0591,44.0591,44.0591,44.0591,0
2024-01-29,44.3192,44.3192,44.3192,44.3192,0
2024-01-30,44.2635,44.2635,44.2635,44.2635,0
2024-01-31,44.0127,44.0127,44.0127,44.0127,0
2024-02-01,44.4771,44.4771,44.4771,44.4771,0
2024-02-02,44.1613,44.1613,44.1613,44.1613,0
2024-02-05,43.8733,43.8733,43.8733,43.8733,0
2024-02-06,44.1427,44.1427,44.1427,44.1427,0
2024-02-07,44.1706,44.1706,44.1706,44.1706,0
2024-02-08,44.0963,44.0963,44.0963,44.0963,0
2024-02-09,44.2542,44.2542,44.2542,44.2542,0
2024-02-12,44.3657,44.3657,44.3657,44.3657,0
2024-02-13,43.5761,43.5761,43.5761,43.5761,0
2024-02-14,44.1149,44.1149,44.1149,44.1149,0
2024-02-15,44.6072,44.6072,44.6072,44.6072,0
2024-02-16,44.6444,44.6444,44.6444,44.6444,0
2024-02-20,44.8023,44.8023,44.8023,44.8023,0
2024-02-21,44.8301,44.8301,44.8301,44.8301,0
2024-02-22,45.3039,45.3039,45.3039,45.3039,0
2024-02-23,45.3782,45.3782,45.3782,45.3782,0
2024-02-26,45.276,45.276,45.276,45.276,0
2024-02-27,45.3596,45.3596,45.3596,45.3596,0
2024-02-28,45.1181,45.1181,45.1181,45.1181,0
2024-02-29,45.2203,45.2203,45.2203,45.2203,0
2024-03-01,45.7033,45.7033,45.7033,45.7033,0
2024-03-04,45.5826,45.5826,45.5826,45.5826,0
2024-03-05,45.4711,45.4711,45.4711,45.4711,0
2024-03-06,46.0192,46.0192,46.0192,46.0192,0
2024-03-07,46.5486,46.5486,46.5486,46.5486,0
2024-03-08,46.4186,46.4186,46.4186,46.4186,0
2024-03-11,46.1864,46.1864,46.1864,46.1864,0
2024-03-12,46.5394,46.5394,46.5394,46.5394,0
2024-03-13,46.5486,46.5486,46.5486,46.5486,0
2024-03-14,46.2421,46.2421,46.2421,46.2421,0
2024-03-15,46.2019,46.2019,46.2019,46.2019,0
2024-03-18,46.2113,46.2113,46.2113,46.2113,0
2024-03-19,46.286,46.286,46.286,46.286,0
2024-03-20,46.7906,46.7906,46.7906,46.7906,0
2024-03-21,46.8186,46.8186,46.8186,46.8186,0
2024-03-22,46.6597,46.6597,46.6597,46.6597,0
2024-03-25,46.5943,46.5943,46.5943,46.5943,0
2024-03-26,46.6597,46.6597,46.6597,46.6597,0
2024-03-27,46.9681,46.9681,46.9681,46.9681,0
2024-03-28,46.8746,46.8746,46.8746,46.8746,0
2024-04-01,46.6878,46.6878,46.6878,46.6878,0
2024-04-02,46.3981,46.3981,46.3981,46.3981,0
2024-04-03,46.6504,46.6504,46.6504,46.6504,0
2024-04-04,46.2767,46.2767,46.2767,46.2767,0
2024-04-05,46.4448,46.4448,46.4448,46.4448,0
2024-04-08,46.6691,46.6691,46.6691,46.6691,0
2024-04-09,46.6784,46.6784,46.6784,46.6784,0
2024-04-10,45.9777,45.9777,45.9777,45.9777,0
2024-04-11,46.1459,46.1459,46.1459,46.1459,0
2024-04-12,45.3424,45.3424,45.3424,45.3424,0
2024-04-15,45.1835,45.1835,45.1835,45.1835,0
2024-04-16,44.707,44.707,44.707,44.707,0
2024-04-17,44.7351,44.7351,44.7351,44.7351,0
2024-04-18,44.6883,44.6883,44.6883,44.6883,0
2024-04-19,44.7164,44.7164,44.7164,44.7164,0
2024-04-22,45.2022,45.2022,45.2022,45.2022,0
2024-04-23,45.66,45.66,45.66,45.66,0
2024-04-24,45.5292,45.5292,45.5292,45.5292,0
2024-04-25,45.333,45.333,45.333,45.333,0
2024-04-26,45.6694,45.6694,45.6694,45.6694,0
2024-04-29,45.9216,45.9216,45.9216,45.9216,0
2024-04-30,45.277,45.277,45.277,45.277,0
2024-05-01,45.2209,45.2209,45.2209,45.2209,0
2024-05-02,45.8843,45.8843,45.8843,45.8843,0
2024-05-03,46.3047,46.3047,46.3047,46.3047,0
2024-05-06,46.6691,46.6691,46.6691,46.6691,0
2024-05-07,46.7345,46.7345,46.7345,46.7345,0
2024-05-08,46.6878,46.6878,46.6878,46.6878,0
2024-05-09,47.0335,47.0335,47.0335,47.0335,0
2024-05-10,47.0522,47.0522,47.0522,47.0522,0
2024-05-13,47.0428,47.0428,47.0428,47.0428,0
2024-05-14,47.3698,47.3698,47.3698,47.3698,0
2024-05-15,47.8463,47.8463,47.8463,47.8463,0
2024-05-16,47.5754,47.5754,47.5754,47.5754,0
2024-05-17,47.7436,47.7436,47.7436,47.7436,0
2024-05-20,47.7622,47.7622,47.7622,47.7622,0
2024-05-21,47.6875,47.6875,47.6875,47.6875,0
2024-05-22,47.239,47.239,47.239,47.239,0
2024-05-23,46.9774,46.9774,46.9774,46.9774,0
2024-05-24,47.3605,47.3605,47.3605,47.3605,0
2024-05-28,47.3698,47.3698,47.3698,47.3698,0
2024-05-29,46.557,46.557,46.557,46.557,0
2024-05-30,46.9774,46.9774,46.9774,46.9774,0
2024-05-31,47.3885,47.3885,47.3885,47.3885,0
2024-06-03,47.51,47.51,47.51,47.51,0
2024-06-04,47.3698,47.3698,47.3698,47.3698,0
2024-06-05,47.6968,47.6968,47.6968,47.6968,0
2024-06-06,47.8183,47.8183,47.8183,47.8183,0
2024-06-07,47.2297,47.2297,47.2297,47.2297,0
2024-06-10,47.2951,47.2951,47.2951,47.2951,0
2024-06-11,46.7625,46.7625,46.7625,46.7625,0
2024-06-12,47.3325,47.3325,47.3325,47.3325,0
2024-06-13,46.6691,46.6691,46.6691,46.6691,0
2024-06-14,46.2487,46.2487,46.2487,46.2487,0
2024-06-17,46.4168,46.4168,46.4168,46.4168,0
2024-06-18,46.6037,46.6037,46.6037,46.6037,0
2024-06-20,46.6037,46.6037,46.6037,46.6037,0
2024-06-21,46.2934,46.2934,46.2934,46.2934,0
2024-06-24,46.6989,46.6989,46.6989,46.6989,0
2024-06-25,46.7649,46.7649,46.7649,46.7649,0
2024-06-26,46.4537,46.4537,46.4537,46.4537,0
2024-06-27,46.5669,46.5669,46.5669,46.5669,0
2024-06-28,46.6046,46.6046,46.6046,46.6046,0
2024-07-01,46.6423,46.6423,46.6423,46.6423,0
2024-07-02,46.7461,46.7461,46.7461,46.7461,0
2024-07-03,47.3025,47.3025,47.3025,47.3025,0
2024-07-05,47.6042,47.6042,47.6042,47.6042,0
2024-07-08,47.3968,47.3968,47.3968,47.3968,0
2024-07-09,47.2365,47.2365,47.2365,47.2365,0
2024-07-10,47.8966,47.8966,47.8966,47.8966,0
2024-07-11,48.0852,48.0852,48.0852,48.0852,0
2024-07-12,48.5661,48.5661,48.5661,48.5661,0
2024-07-15,48.1984,48.1984,48.1984,48.1984,0
2024-07-16,48.4813,48.4813,48.4813,48.4813,0
2024-07-17,48.2078,48.2078,48.2078,48.2078,0
2024-07-18,47.7363,47.7363,47.7363,47.7363,0
2024-07-19,47.4534,47.4534,47.4534,47.4534,0
2024-07-22,47.9154,47.9154,47.9154,47.9154,0
2024-07-23,47.6703,47.6703,47.6703,47.6703,0
2024-07-24,47.0761,47.0761,47.0761,47.0761,0
2024-07-25,46.7838,46.7838,46.7838,46.7838,0
2024-07-26,47.3968,47.3968,47.3968,47.3968,0
2024-07-29,47.2082,47.2082,47.2082,47.2082,0
2024-07-30,47.3119,47.3119,47.3119,47.3119,0
2024-07-31,48.0097,48.0097,48.0097,48.0097,0
2024-08-01,46.7838,46.7838,46.7838,46.7838,0
2024-08-02,45.9634,45.9634,45.9634,45.9634,0
2024-08-05,44.8883,44.8883,44.8883,44.8883,0
2024-08-06,44.9638,44.9638,44.9638,44.9638,0
2024-08-07,45.1807,45.1807,45.1807,45.1807,0
2024-08-08,45.9539,45.9539,45.9539,45.9539,0
2024-08-09,46.1143,46.1143,46.1143,46.1143,0
2024-08-12,46.1331,46.1331,46.1331,46.1331,0
2024-08-13,46.8875,46.8875,46.8875,46.8875,0
2024-08-14,47.0667,47.0667,47.0667,47.0667,0
2024-08-15,47.642,47.642,47.642,47.642,0
2024-08-16,47.9249,47.9249,47.9249,47.9249,0
2024-08-19,48.4813,48.4813,48.4813,48.4813,0
2024-08-20,48.3492,48.3492,48.3492,48.3492,0
2024-08-21,48.7736,48.7736,48.7736,48.7736,0
2024-08-22,48.4341,48.4341,48.4341,48.4341,0
2024-08-23,49.3677,49.3677,49.3677,49.3677,0
2024-08-26,49.1697,49.1697,49.1697,49.1697,0
2024-08-27,49.3583,49.3583,49.3583,49.3583,0
2024-08-28,49.1131,49.1131,49.1131,49.1131,0
2024-08-29,49.2451,49.2451,49.2451,49.2451,0
2024-08-30,49.4054,49.4054,49.4054,49.4054,0
2024-09-03,48.5473,48.5473,48.5473,48.5473,0
2024-09-04,48.3964,48.3964,48.3964,48.3964,0
2024-09-05,48.4058,48.4058,48.4058,48.4058,0
2024-09-06,47.5005,47.5005,47.5005,47.5005,0
2024-09-09,48.0097,48.0097,48.0097,48.0097,0
2024-09-10,47.8211,47.8211,47.8211,47.8211,0
2024-09-11,48.0946,48.0946,48.0946,48.0946,0
2024-09-12,48.5284,48.5284,48.5284,48.5284,0
2024-09-13,48.6604,48.6604,48.6604,48.6604,0
2024-09-16,49.0471,49.0471,49.0471,49.0471,0
2024-09-17,48.8113,48.8113,48.8113,48.8113,0
2024-09-18,48.6416,48.6416,48.6416,48.6416,0
2024-09-19,49.5752,49.5752,49.5752,49.5752,0
2024-09-20,49.1251,49.1251,49.1251,49.1251,0
2024-09-23,49.3236,49.3236,49.3236,49.3236,0
2024-09-24,49.6262,49.6262,49.6262,49.6262,0
2024-09-25,49.3142,49.3142,49.3142,49.3142,0
2024-09-26,50.4111,50.4111,50.4111,50.4111,0
2024-09-27,50.0991,50.0991,50.0991,50.0991,0
2024-09-30,49.9383,49.9383,49.9383,49.9383,0
2024-10-01,49.5884,49.5884,49.5884,49.5884,0
2024-10-02,49.5033,49.5033,49.5033,49.5033,0
2024-10-03,49.04,49.04,49.04,49.04,0
2024-10-04,49.3331,49.3331,49.3331,49.3331,0
2024-10-07,49.0589,49.0589,49.0589,49.0589,0
2024-10-08,48.9832,48.9832,48.9832,48.9832,0
2024-10-09,49.0021,49.0021,49.0021,49.0021,0
2024-10-10,48.917,48.917,48.917,48.917,0
2024-10-11,49.1629,49.1629,49.1629,49.1629,0
2024-10-14,49.2669,49.2669,49.2669,49.2669,0
2024-10-15,48.5672,48.5672,48.5672,48.5672,0
2024-10-16,48.7563,48.7563,48.7563,48.7563,0
2024-10-17,48.7374,48.7374,48.7374,48.7374,0
2024-10-18,49.0116,49.0116,49.0116,49.0116,0
2024-10-21,48.4537,48.4537,48.4537,48.4537,0
2024-10-22,48.2078,48.2078,48.2078,48.2078,0
2024-10-23,47.7445,47.7445,47.7445,47.7445,0
2024-10-24,47.9147,47.9147,47.9147,47.9147,0
2024-10-25,47.7634,47.7634,47.7634,47.7634,0
2024-10-28,48.1132,48.1132,48.1132,48.1132,0
2024-10-29,47.9525,47.9525,47.9525,47.9525,0
2024-10-30,47.7161,47.7161,47.7161,47.7161,0
2024-10-31,47.3757,47.3757,47.3757,47.3757,0
2024-11-01,47.4797,47.4797,47.4797,47.4797,0
2024-11-04,47.5459,47.5459,47.5459,47.5459,0
2024-11-05,48.0471,48.0471,48.0471,48.0471,0
2024-11-06,47.4324,47.4324,47.4324,47.4324,0
2024-11-07,48.1511,48.1511,48.1511,48.1511,0
2024-11-08,47.5175,47.5175,47.5175,47.5175,0
2024-11-11,47.4986,47.4986,47.4986,47.4986,0
2024-11-12,46.7232,46.7232,46.7232,46.7232,0
2024-11-13,46.4584,46.4584,46.4584,46.4584,0
2024-11-14,46.4962,46.4962,46.4962,46.4962,0
2024-11-15,46.3638,46.3638,46.3638,46.3638,0
2024-11-18,46.6759,46.6759,46.6759,46.6759,0
2024-11-19,46.6192,46.6192,46.6192,46.6192,0
2024-11-20,46.4868,46.4868,46.4868,46.4868,0
2024-11-21,46.6002,46.6002,46.6002,46.6002,0
2024-11-22,46.8083,46.8083,46.8083,46.8083,0
2024-11-25,47.0352,47.0352,47.0352,47.0352,0
2024-11-26,46.7515,46.7515,46.7515,46.7515,0
2024-11-27,46.9974,46.9974,46.9974,46.9974,0
2024-11-29,47.5648,47.5648,47.5648,47.5648,0
2024-12-02,47.6121,47.6121,47.6121,47.6121,0
2024-12-03,47.8107,47.8107,47.8107,47.8107,0
2024-12-04,47.8201,47.8201,47.8201,47.8201,0
2024-12-05,48.0376,48.0376,48.0376,48.0376,0
2024-12-06,47.9714,47.9714,47.9714,47.9714,0
2024-12-09,47.8579,47.8579,47.8579,47.8579,0
2024-12-10,47.508,47.508,47.508,47.508,0
2024-12-11,47.8485,47.8485,47.8485,47.8485,0
2024-12-12,47.3851,47.3851,47.3851,47.3851,0
2024-12-13,47.2622,47.2622,47.2622,47.2622,0
2024-12-16,47.0636,47.0636,47.0636,47.0636,0
2024-12-17,46.9501,46.9501,46.9501,46.9501,0
2024-12-18,45.787,45.787,45.787,45.787,0
2024-12-19,45.6735,45.6735,45.6735,45.6735,0
2024-12-20,45.6572,45.6572,45.6572,45.6572,0
2024-12-23,45.926,45.926,45.926,45.926,0
2024-12-24,46.1083,46.1083,46.1083,46.1083,0
2024-12-26,46.2907,46.2907,46.2907,46.2907,0
2024-12-27,46.1755,46.1755,46.1755,46.1755,0
2024-12-30,45.8876,45.8876,45.8876,45.8876,0
2024-12-31,45.8972,45.8972,45.8972,45.8972,0
2025-01-02,45.8012,45.8012,45.8012,45.8012,0
2025-01-03,46.0699,46.0699,46.0699,46.0699,0
2025-01-06,46.521,46.521,46.521,46.521,0
2025-01-07,46.3675,46.3675,46.3675,46.3675,0
2025-01-08,46.3099,46.3099,46.3099,46.3099,0
2025-01-10,45.6188,45.6188,45.6188,45.6188,0
2025-01-13,45.4941,45.4941,45.4941,45.4941,0
2025-01-14,45.6668,45.6668,45.6668,45.6668,0
2025-01-15,46.2331,46.2331,46.2331,46.2331,0
2025-01-16,46.3867,46.3867,46.3867,46.3867,0
2025-01-17,46.617,46.617,46.617,46.617,0
2025-01-21,47.5192,47.5192,47.5192,47.5192,0
2025-01-22,47.4136,47.4136,47.4136,47.4136,0
2025-01-23,47.74,47.74,47.74,47.74,0
2025-01-24,48.0087,48.0087,48.0087,48.0087,0
2025-01-27,47.9223,47.9223,47.9223,47.9223,0
2025-01-28,47.8743,47.8743,47.8743,47.8743,0
2025-01-29,47.8743,47.8743,47.8743,47.8743,0
2025-01-30,48.3926,48.3926,48.3926,48.3926,0
2025-01-31,47.9319,47.9319,47.9319,47.9319,0
2025-02-03,47.3369,47.3369,47.3369,47.3369,0
2025-02-04,47.9127,47.9127,47.9127,47.9127,0
2025-02-05,48.3734,48.3734,48.3734,48.3734,0
2025-02-06,48.575,48.575,48.575,48.575,0
2025-02-07,48.1911,48.1911,48.1911,48.1911,0
2025-02-10,48.4982,48.4982,48.4982,48.4982,0
2025-02-11,48.6902,48.6902,48.6902,48.6902,0
2025-02-12,48.7861,48.7861,48.7861,48.7861,0
2025-02-13,49.4196,49.4196,49.4196,49.4196,0
2025-02-14,49.4388,49.4388,49.4388,49.4388,0
2025-02-18,49.7747,49.7747,49.7747,49.7747,0
2025-02-19,49.3428,49.3428,49.3428,49.3428,0
2025-02-20,49.5348,49.5348,49.5348,49.5348,0
2025-02-21,49.1797,49.1797,49.1797,49.1797,0
2025-02-24,49.1317,49.1317,49.1317,49.1317,0
2025-02-25,49.4868,49.4868,49.4868,49.4868,0
2025-02-26,49.5636,49.5636,49.5636,49.5636,0
2025-02-27,48.9781,48.9781,48.9781,48.9781,0
2025-02-28,49.0165,49.0165,49.0165,49.0165,0
2025-03-03,49.3812,49.3812,49.3812,49.3812,0
2025-03-04,49.2468,49.2468,49.2468,49.2468,0
2025-03-05,50.4082,50.4082,50.4082,50.4082,0
2025-03-06,49.9379,49.9379,49.9379,49.9379,0
2025-03-07,50.4658,50.4658,50.4658,50.4658,0
2025-03-10,49.3044,49.3044,49.3044,49.3044,0
2025-03-11,49.1701,49.1701,49.1701,49.1701,0
2025-03-12,49.5348,49.5348,49.5348,49.5348,0
2025-03-13,49.1605,49.1605,49.1605,49.1605,0
2025-03-14,50.1011,50.1011,50.1011,50.1011,0
2025-03-17,50.6961,50.6961,50.6961,50.6961,0
2025-03-18,50.6289,50.6289,50.6289,50.6289,0
2025-03-19,50.8593,50.8593,50.8593,50.8593,0
2025-03-20,50.4658,50.4658,50.4658,50.4658,0
2025-03-21,50.1881,50.1881,50.1881,50.1881,0
2025-03-24,50.2556,50.2556,50.2556,50.2556,0
2025-03-25,50.5256,50.5256,50.5256,50.5256,0
2025-03-26,49.9181,49.9181,49.9181,49.9181,0
2025-03-27,49.976,49.976,49.976,49.976,0
2025-03-28,49.4071,49.4071,49.4071,49.4071,0
2025-03-31,49.0117,49.0117,49.0117,49.0117,0
2025-04-01,49.1853,49.1853,49.1853,49.1853,0
2025-04-02,49.3203,49.3203,49.3203,49.3203,0
2025-04-03,48.2885,48.2885,48.2885,48.2885,0
2025-04-04,45.2319,45.2319,45.2319,45.2319,0
2025-04-07,44.2484,44.2484,44.2484,44.2484,0
2025-04-08,44.017,44.017,44.017,44.017,0
2025-04-09,47.305,47.305,47.305,47.305,0
2025-04-10,46.3697,46.3697,46.3697,46.3697,0
2025-04-11,47.6425,47.6425,47.6425,47.6425,0
2025-04-14,48.1921,48.1921,48.1921,48.1921,0
2025-04-15,48.52,48.52,48.52,48.52,0
2025-04-16,48.4139,48.4139,48.4139,48.4139,0
2025-04-17,48.9346,48.9346,48.9346,48.9346,0
2025-04-21,48.7032,48.7032,48.7032,48.7032,0
2025-04-22,49.6577,49.6577,49.6577,49.6577,0
2025-04-23,49.8024,49.8024,49.8024,49.8024,0
2025-04-24,50.4388,50.4388,50.4388,50.4388,0
2025-04-25,50.5545,50.5545,50.5545,50.5545,0
2025-04-28,50.9016,50.9016,50.9016,50.9016,0
2025-04-29,51.0559,51.0559,51.0559,51.0559,0
2025-04-30,50.9787,50.9787,50.9787,50.9787,0
2025-05-01,50.7666,50.7666,50.7666,50.7666,0
2025-05-02,51.6923,51.6923,51.6923,51.6923,0
2025-05-05,51.7887,51.7887,51.7887,51.7887,0
2025-05-06,51.7791,51.7791,51.7791,51.7791,0
2025-05-07,51.5959,51.5959,51.5959,51.5959,0
2025-05-08,51.4223,51.4223,51.4223,51.4223,0
2025-05-09,51.7598,51.7598,51.7598,51.7598,0
2025-05-12,52.0105,52.0105,52.0105,52.0105,0
2025-05-13,52.0972,52.0972,52.0972,52.0972,0
2025-05-14,51.8851,51.8851,51.8851,51.8851,0
2025-05-15,52.4347,52.4347,52.4347,52.4347,0
2025-05-16,52.5504,52.5504,52.5504,52.5504,0
2025-05-19,52.9747,52.9747,52.9747,52.9747,0
2025-05-20,53.2254,53.2254,53.2254,53.2254,0
2025-05-21,52.9361,52.9361,52.9361,52.9361,0
2025-05-22,52.8783,52.8783,52.8783,52.8783,0
2025-05-23,53.0615,53.0615,53.0615,53.0615,0
2025-05-27,53.8039,53.8039,53.8039,53.8039,0
2025-05-28,53.3122,53.3122,53.3122,53.3122,0
2025-05-29,53.5243,53.5243,53.5243,53.5243,0
2025-05-30,53.5918,53.5918,53.5918,53.5918,0
2025-06-02,54.2089,54.2089,54.2089,54.2089,0
2025-06-03,53.8136,53.8136,53.8136,53.8136,0
2025-06-04,54.0932,54.0932,54.0932,54.0932,0
2025-06-05,54.0932,54.0932,54.0932,54.0932,0
2025-06-06,54.2668,54.2668,54.2668,54.2668,0
2025-06-09,54.286,54.286,54.286,54.286,0
2025-06-10,54.4114,54.4114,54.4114,54.4114,0
2025-06-11,54.4018,54.4018,54.4018,54.4018,0
2025-06-12,54.826,54.826,54.826,54.826,0
2025-06-13,54.1607,54.1607,54.1607,54.1607,0
2025-06-16,54.4307,54.4307,54.4307,54.4307,0
2025-06-17,53.7461,53.7461,53.7461,53.7461,0
2025-06-18,53.8907,53.8907,53.8907,53.8907,0
2025-06-20,53.4543,53.4543,53.4543,53.4543,0
2025-06-23,53.8625,53.8625,53.8625,53.8625,0
2025-06-24,54.572,54.572,54.572,54.572,0
2025-06-25,54.2999,54.2999,54.2999,54.2999,0
2025-06-26,54.8927,54.8927,54.8927,54.8927,0
2025-06-27,55.2329,55.2329,55.2329,55.2329,0
2025-06-30,55.4078,55.4078,55.4078,55.4078,0
2025-07-01,55.369,55.369,55.369,55.369,0
2025-07-02,55.5439,55.5439,55.5439,55.5439,0
2025-07-03,55.6119,55.6119,55.6119,55.6119,0
2025-07-07,54.9219,54.9219,54.9219,54.9219,0
2025-07-08,55.3204,55.3204,55.3204,55.3204,0
2025-07-09,55.6994,55.6994,55.6994,55.6994,0
2025-07-10,55.7383,55.7383,55.7383,55.7383,0
2025-07-11,55.2718,55.2718,55.2718,55.2718,0
2025-07-14,55.3398,55.3398,55.3398,55.3398,0
2025-07-15,54.7858,54.7858,54.7858,54.7858,0
2025-07-16,55.0482,55.0482,55.0482,55.0482,0
2025-07-17,55.1746,55.1746,55.1746,55.1746,0
2025-07-18,55.0482,55.0482,55.0482,55.0482,0
2025-07-21,55.4078,55.4078,55.4078,55.4078,0
2025-07-22,55.6703,55.6703,55.6703,55.6703,0
2025-07-23,56.856,56.856,56.856,56.856,0
2025-07-24,56.4575,56.4575,56.4575,56.4575,0
2025-07-25,56.3895,56.3895,56.3895,56.3895,0
2025-07-28,55.5536,55.5536,55.5536,55.5536,0
2025-07-29,55.5342,55.5342,55.5342,55.5342,0
2025-07-30,55.1163,55.1163,55.1163,55.1163,0
2025-07-31,54.64,54.64,54.64,54.64,0
2025-08-01,54.4457,54.4457,54.4457,54.4457,0
2025-08-04,55.2037,55.2037,55.2037,55.2037,0
2025-08-05,55.3009,55.3009,55.3009,55.3009,0
2025-08-06,55.7286,55.7286,55.7286,55.7286,0
2025-08-07,56.1271,56.1271,56.1271,56.1271,0
2025-08-08,56.3895,56.3895,56.3895,56.3895,0
2025-08-11,56.1659,56.1659,56.1659,56.1659,0
2025-08-12,56.7977,56.7977,56.7977,56.7977,0
2025-08-13,57.0601,57.0601,57.0601,57.0601,0
2025-08-14,56.9629,56.9629,56.9629,56.9629,0
2025-08-15,57.2156,57.2156,57.2156,57.2156,0
2025-08-18,57.1573,57.1573,57.1573,57.1573,0
2025-08-19,57.0892,57.0892,57.0892,57.0892,0
2025-08-20,57.235,57.235,57.235,57.235,0
2025-08-21,56.9629,56.9629,56.9629,56.9629,0
2025-08-22,57.8862,57.8862,57.8862,57.8862,0
2025-08-25,57.167,57.167,57.167,57.167,0
2025-08-26,57.1864,57.1864,57.1864,57.1864,0
2025-08-27,57.1184,57.1184,57.1184,57.1184,0
2025-08-28,57.3516,57.3516,57.3516,57.3516,0
2025-08-29,57.0601,57.0601,57.0601,57.0601,0
2025-09-02,56.5547,56.5547,56.5547,56.5547,0
2025-09-03,56.681,56.681,56.681,56.681,0
2025-09-04,57.0309,57.0309,57.0309,57.0309,0
2025-09-05,57.303,57.303,57.303,57.303,0
2025-09-08,57.857,57.857,57.857,57.857,0
2025-09-09,57.7015,57.7015,57.7015,57.7015,0
2025-09-10,57.7404,57.7404,57.7404,57.7404,0
2025-09-11,58.3819,58.3819,58.3819,58.3819,0
2025-09-12,58.1389,58.1389,58.1389,58.1389,0
2025-09-15,58.6054,58.6054,58.6054,58.6054,0
2025-09-16,58.5374,58.5374,58.5374,58.5374,0
2025-09-17,58.3333,58.3333,58.3333,58.3333,0
2025-09-18,58.5179,58.5179,58.5179,58.5179,0
2025-09-19,58.2513,58.2513,58.2513,58.2513,0
2025-09-22,58.5638,58.5638,58.5638,58.5638,0
2025-09-23,58.4759,58.4759,58.4759,58.4759,0
2025-09-24,58.0658,58.0658,58.0658,58.0658,0
2025-09-25,57.6752,57.6752,57.6752,57.6752,0
2025-09-26,58.0169,58.0169,58.0169,58.0169,0
2025-09-29,58.3099,58.3099,58.3099,58.3099,0
2025-09-30,58.515,58.515,58.515,58.515,0
2025-10-01,58.9544,58.9544,58.9544,58.9544,0
2025-10-02,59.0814,59.0814,59.0814,59.0814,0
2025-10-03,59.6283,59.6283,59.6283,59.6283,0
2025-10-06,59.7454,59.7454,59.7454,59.7454,0
2025-10-07,59.2279,59.2279,59.2279,59.2279,0
2025-10-08,59.4134,59.4134,59.4134,59.4134,0
2025-10-09,58.9056,58.9056,58.9056,58.9056,0
2025-10-10,57.7923,57.7923,57.7923,57.7923,0
2025-10-13,58.3978,58.3978,58.3978,58.3978,0
2025-10-14,58.5736,58.5736,58.5736,58.5736,0
2025-10-15,58.9837,58.9837,58.9837,58.9837,0
2025-10-16,59.2376,59.2376,59.2376,59.2376,0
2025-10-17,59.2865,59.2865,59.2865,59.2865,0
2025-10-20,59.804,59.804,59.804,59.804,0
2025-10-21,59.2669,59.2669,59.2669,59.2669,0
2025-10-22,59.2865,59.2865,59.2865,59.2865,0
2025-10-23,59.5892,59.5892,59.5892,59.5892,0
2025-10-24,59.7845,59.7845,59.7845,59.7845,0
2025-10-27,60.224,60.224,60.224,60.224,0
2025-10-28,60.2142,60.2142,60.2142,60.2142,0
2025-10-29,59.8724,59.8724,59.8724,59.8724,0
2025-10-30,59.599,59.599,59.599,59.599,0
2025-10-31,59.5501,59.5501,59.5501,59.5501,0
2025-11-03,59.6966,59.6966,59.6966,59.6966,0
2025-11-04,58.9056,58.9056,58.9056,58.9056,0
2025-11-05,59.2767,59.2767,59.2767,59.2767,0
2025-11-06,59.0033,59.0033,59.0033,59.0033,0
2025-11-07,59.1888,59.1888,59.1888,59.1888,0
2025-11-10,59.9115,59.9115,59.9115,59.9115,0
2025-11-11,60.2825,60.2825,60.2825,60.2825,0
2025-11-12,60.6732,60.6732,60.6732,60.6732,0
2025-11-13,59.9603,59.9603,59.9603,59.9603,0
2025-11-14,59.8822,59.8822,59.8822,59.8822,0
2025-11-17,59.1107,59.1107,59.1107,59.1107,0
2025-11-18,58.5052,58.5052,58.5052,58.5052,0
2025-11-19,58.3099,58.3099,58.3099,58.3099,0
2025-11-20,57.5189,57.5189,57.5189,57.5189,0
2025-11-21,58.3685,58.3685,58.3685,58.3685,0
2025-11-24,58.6517,58.6517,58.6517,58.6517,0
2025-11-25,59.2083,59.2083,59.2083,59.2083,0
2025-11-26,59.8431,59.8431,59.8431,59.8431,0
2025-11-28,60.1263,60.1263,60.1263,60.1263,0
2025-12-01,59.8236,59.8236,59.8236,59.8236,0
2025-12-02,60.0189,60.0189,60.0189,60.0189,0
2025-12-03,60.3411,60.3411,60.3411,60.3411,0
2025-12-04,60.4974,60.4974,60.4974,60.4974,0
2025-12-05,60.5853,60.5853,60.5853,60.5853,0
2025-12-08,60.4583,60.4583,60.4583,60.4583,0
2025-12-09,60.39,60.39,60.39,60.39,0
2025-12-10,61.0736,61.0736,61.0736,61.0736,0
2025-12-11,61.3275,61.3275,61.3275,61.3275,0
2025-12-12,61.015,61.015,61.015,61.015,0
2025-12-15,61.3665,61.3665,61.3665,61.3665,0
2025-12-16,60.9954,60.9954,60.9954,60.9954,0
2025-12-17,60.5657,60.5657,60.5657,60.5657,0
2025-12-18,61.0443,61.0443,61.0443,61.0443,0
2025-12-19,61.4117,61.4117,61.4117,61.4117,0
2025-12-22,61.6997,61.6997,61.6997,61.6997,0
2025-12-23,62.1068,62.1068,62.1068,62.1068,0
2025-12-24,62.2459,62.2459,62.2459,62.2459,0
2025-12-26,62.375,62.375,62.375,62.375,0
2025-12-29,62.2856,62.2856,62.2856,62.2856,0
2025-12-30,62.3551,62.3551,62.3551,62.3551,0
2025-12-31,62.0373,62.0373,62.0373,62.0373,0
2026-01-02,62.7623,62.7623,62.7623,62.7623,0
2026-01-05,63.5071,63.5071,63.5071,63.5071,0
2026-01-06,63.6958,63.6958,63.6958,63.6958,0
2026-01-07,63.4376,63.4376,63.4376,63.4376,0
2026-01-08,63.4971,63.4971,63.4971,63.4971,0
2026-01-09,64.0831,64.0831,64.0831,64.0831,0
2026-01-12,64.4704,64.4704,64.4704,64.4704,0
2026-01-13,64.1128,64.1128,64.1128,64.1128,0
2026-01-14,64.4207,64.4207,64.4207,64.4207,0
2026-01-15,64.5101,64.5101,64.5101,64.5101,0
2026-01-16,64.6888,64.6888,64.6888,64.6888,0
2026-01-20,63.8249,63.8249,63.8249,63.8249,0
2026-01-21,64.5597,64.5597,64.5597,64.5597,0
2026-01-22,64.9073,64.9073,64.9073,64.9073,0
2026-01-23,65.3244,65.3244,65.3244,65.3244,0
2026-01-26,65.6223,65.6223,65.6223,65.6223,0
2026-01-27,66.6948,66.6948,66.6948,66.6948,0
2026-01-28,66.2579,66.2579,66.2579,66.2579,0
2026-01-29,66.6055,66.6055,66.6055,66.6055,0
2026-01-30,65.7415,65.7415,65.7415,65.7415,0
2026-02-02,65.9997,65.9997,65.9997,65.9997,0
2026-02-03,66.2579,66.2579,66.2579,66.2579,0
2026-02-04,66.3373,66.3373,66.3373,66.3373,0
2026-02-05,65.4436,65.4436,65.4436,65.4436,0
2026-02-06,66.9034,66.9034,66.9034,66.9034,0
2026-02-09,67.8965,67.8965,67.8965,67.8965,0
2026-02-10,68.0653,68.0653,68.0653,68.0653,0
2026-02-11,68.5718,68.5718,68.5718,68.5718,0
2026-02-12,68.0256,68.0256,68.0256,68.0256,0
2026-02-13,68.2838,68.2838,68.2838,68.2838,0
2026-02-17,68.105,68.105,68.105,68.105,0
2026-02-18,68.3334,68.3334,68.3334,68.3334,0
2026-02-19,68.3136,68.3136,68.3136,68.3136,0
2026-02-20,69.0385,69.0385,69.0385,69.0385,0
2026-02-23,68.7009,68.7009,68.7009,68.7009,0
2026-02-24,68.9789,68.9789,68.9789,68.9789,0
2026-02-25,69.7734,69.7734,69.7734,69.7734,0
2026-02-26,69.823,69.823,69.823,69.823,0
2026-02-27,69.7535,69.7535,69.7535,69.7535,0
2026-03-02,68.532,68.532,68.532,68.532,0
2026-03-03,66.1487,66.1487,66.1487,66.1487,0
2026-03-04,66.9133,66.9133,66.9133,66.9133,0
2026-03-05,65.3343,65.3343,65.3343,65.3343,0
2026-03-06,64.8279,64.8279,64.8279,64.8279,0
2026-03-09,65.4535,65.4535,65.4535,65.4535,0
2026-03-10,65.5131,65.5131,65.5131,65.5131,0
2026-03-11,65.4039,65.4039,65.4039,65.4039,0
2026-03-12,64.1228,64.1228,64.1228,64.1228,0
2026-03-13,63.378,63.378,63.378,63.378,0
2026-03-16,64.7385,64.7385,64.7385,64.7385,0
2026-03-17,64.957,64.957,64.957,64.957,0
2026-03-18,63.8348,63.8348,63.8348,63.8348,0
2026-03-19,63.7156,63.7156,63.7156,63.7156,0
2026-03-20,61.7152,61.7152,61.7152,61.7152,0
2026-03-23,63.3267,63.3267,63.3267,63.3267,0
2026-03-24,62.8193,62.8193,62.8193,62.8193,0
2026-03-25,63.635,63.635,63.635,63.635,0
2026-03-26,62.1528,62.1528,62.1528,62.1528,0
2026-03-27,61.7251,61.7251,61.7251,61.7251,0
2026-03-30,61.7052,61.7052,61.7052,61.7052,0
2026-03-31,63.7445,63.7445,63.7445,63.7445,0
2026-04-01,64.7989,64.7989,64.7989,64.7989,0
2026-04-02,64.3015,64.3015,64.3015,64.3015,0
2026-04-06,64.779,64.779,64.779,64.779,0
2026-04-07,64.7492,64.7492,64.7492,64.7492,0
2026-04-08,67.4649,67.4649,67.4649,67.4649,0
2026-04-09,67.1963,67.1963,67.1963,67.1963,0
2026-04-10,67.3853,67.3853,67.3853,67.3853,0
2026-04-13,67.8528,67.8528,67.8528,67.8528,0
2026-04-14,68.5293,68.5293,68.5293,68.5293,0
2026-04-15,68.3403,68.3403,68.3403,68.3403,0
2026-04-16,68.2706,68.2706,68.2706,68.2706,0
2026-04-17,69.2654,69.2654,69.2654,69.2654,0
2026-04-20,68.967,68.967,68.967,68.967,0
2026-04-21,67.4649,67.4649,67.4649,67.4649,0
2026-04-22,67.9921,67.9921,67.9921,67.9921,0
2026-04-23,67.3356,67.3356,67.3356,67.3356,0
2026-04-24,67.7832,67.7832,67.7832,67.7832,0
2026-04-27,67.7136,67.7136,67.7136,67.7136,0
2026-04-28,67.3754,67.3754,67.3754,67.3754,0
2026-04-29,66.7288,66.7288,66.7288,66.7288,0
2026-04-30,68.4398,68.4398,68.4398,68.4398,0
2026-05-01,68.3602,68.3602,68.3602,68.3602,0
2026-05-04,67.5544,67.5544,67.5544,67.5544,0
2026-05-05,68.6188,68.6188,68.6188,68.6188,0
2026-05-06,70.4989,70.4989,70.4989,70.4989,0
2026-05-07,69.3052,69.3052,69.3052,69.3052,0
2026-05-08,70.4591,70.4591,70.4591,70.4591,0
2026-05-11,70.4492,70.4492,70.4492,70.4492,0
2026-05-12,69.6036,69.6036,69.6036,69.6036,0
2026-05-13,70.2602,70.2602,70.2602,70.2602,0
2026-05-14,70.1905,70.1905,70.1905,70.1905,0
2026-05-15,68.7183,68.7183,68.7183,68.7183,0
2026-05-18,69.156,69.156,69.156,69.156,0
2026-05-19,68.6288,68.6288,68.6288,68.6288,0
2026-05-20,69.8324,69.8324,69.8324,69.8324,0
2026-05-21,70.3199,70.3199,70.3199,70.3199,0
2026-05-22,70.0911,70.0911,70.0911,70.0911,0
2026-05-26,71.4042,71.4042,71.4042,71.4042,0
2026-05-27,71.0361,71.0361,71.0361,71.0361,0
2026-05-28,71.2848,71.2848,71.2848,71.2848,0
2026-05-29,71.3942,71.3942,71.3942,71.3942,0
2026-06-01,71.4937,71.4937,71.4937,71.4937,0
2026-06-02,71.9413,71.9413,71.9413,71.9413,0
2026-06-03,71.2947,71.2947,71.2947,71.2947,0
2026-06-04,71.4638,71.4638,71.4638,71.4638,0
2026-06-05,68.8078,68.8078,68.8078,68.8078,0
2026-06-08,69.4942,69.4942,69.4942,69.4942,0
2026-06-09,69.4743,69.4743,69.4743,69.4743,0
2026-06-10,68.4497,68.4497,68.4497,68.4497,0
2026-06-11,70.9366,70.9366,70.9366,70.9366,0
2026-06-12,71.1754,71.1754,71.1754,71.1754,0
2026-06-15,72.011,72.011,72.011,72.011,0
2026-06-16,71.9413,71.9413,71.9413,71.9413,0
2026-06-17,71.623,71.623,71.623,71.623,0
2026-06-18,72.31,72.31,72.31,72.31,0
2026-06-22,72.39,72.39,72.39,72.39,0
2026-06-23,70.17,70.17,70.17,70.17,0
2026-06-24,70.28,70.28,70.28,70.28,0
2026-06-25,71.16,71.16,71.16,71.16,0
2026-06-26,70.56,70.56,70.56,70.56,0
2026-06-29,70.92,70.92,70.92,70.92,0
2026-06-30,71.25,71.25,71.25,71.25,0
2026-07-01,70.36,70.36,70.36,70.36,0
2026-07-02,70.81,70.81,70.81,70.81,0
2026-07-06,71.89,71.89,71.89,71.89,0
2026-07-07,70.78,70.78,70.78,70.78,0
2026-07-08,70.34,70.34,70.34,70.34,0
2026-07-09,70.73,70.73,70.73,70.73,0
2026-07-10,70.99,70.99,70.99,70.99,0
2026-07-13,69.76,69.76,69.76,69.76,0
2026-07-14,70.6,70.6,70.6,70.6,0
2026-07-15,70.82,70.82,70.82,70.82,0
2026-07-16,70.03,70.03,70.03,70.03,0
2026-07-17,69.7,69.7,69.7,69.7,0
2026-07-20,69.23,69.23,69.23,69.23,0
2026-07-21,70.47,70.47,70.47,70.47,0
2026-07-22,70.49,70.49,70.49,70.49,0
2026-07-23,69.78,69.78,69.78,69.78,0
2026-07-24,69.71,69.71,69.71,69.71,0
2026-07-27,70.0,70.0,70.0,70.0,0
2026-07-28,69.6,69.6,69.6,69.6,0
2026-07-29,68.95,68.95,68.95,68.95,0
2026-07-30,71.09,71.09,71.09,71.09,0
2026-07-31,70.62,70.62,70.62,70.62,0
2026-08-03,71.04,71.04,71.04,71.04,0
2026-08-04,72.22,72.22,72.22,72.22,0
2026-08-05,72.35,72.35,72.35,72.35,0
2026-08-06,72.12,72.12,72.12,72.12,0
2026-08-07,72.89,72.89,72.89,72.89,0
2026-08-10,72.5,72.5,72.5,72.5,0
2026-08-11,72.69,72.69,72.69,72.69,0
2026-08-12,73.3,73.3,73.3,73.3,0
2026-08-13,73.54,73.54,73.54,73.54,0
2026-08-14,73.58,73.58,73.58,73.58,0
2026-08-17,73.69,73.69,73.69,73.69,0
2026-08-18,72.39,72.39,72.39,72.39,0
2026-08-19,72.83,72.83,72.83,72.83,0
2026-08-20,72.84,72.84,72.84,72.84,0
2026-08-21,73.42,73.42,73.42,73.42,0
2026-08-24,73.06,73.06,73.06,73.06,0
2026-08-25,73.79,73.79,73.79,73.79,0
2026-08-26,73.45,73.45,73.45,73.45,0
2026-08-27,73.42,73.42,73.42,73.42,0
