datetime,open,high,low,close,volume
2004-09-29,19.4959,19.4959,19.4959,19.4959,0
2004-09-30,19.6523,19.6523,19.6523,19.6523,0
2004-10-01,20.016,20.016,20.016,20.016,0
2004-10-04,20.1021,20.1021,20.1021,20.1021,0
2004-10-05,20.0982,20.0982,20.0982,20.0982,0
2004-10-06,20.192,20.192,20.192,20.192,0
2004-10-07,19.9848,19.9848,19.9848,19.9848,0
2004-10-08,20.0825,20.0825,20.0825,20.0825,0
2004-10-11,20.0043,20.0043,20.0043,20.0043,0
2004-10-12,20.0708,20.0708,20.0708,20.0708,0
2004-10-13,20.1216,20.1216,20.1216,20.1216,0
2004-10-14,20.2781,20.2781,20.2781,20.2781,0
2004-10-15,20.4853,20.4853,20.4853,20.4853,0
2004-10-18,20.5949,20.5949,20.5949,20.5949,0
2004-10-19,20.4853,20.4853,20.4853,20.4853,0
2004-10-20,20.3876,20.3876,20.3876,20.3876,0
2004-10-21,20.5949,20.5949,20.5949,20.5949,0
2004-10-22,20.4306,20.4306,20.4306,20.4306,0
2004-10-25,20.3328,20.3328,20.3328,20.3328,0
2004-10-26,20.5245,20.5245,20.5245,20.5245,0
2004-10-27,20.7669,20.7669,20.7669,20.7669,0
2004-10-28,20.7787,20.7787,20.7787,20.7787,0
2004-10-29,20.7669,20.7669,20.7669,20.7669,0
2004-11-01,20.9703,20.9703,20.9703,20.9703,0
2004-11-02,20.7669,20.7669,20.7669,20.7669,0
2004-11-03,20.9781,20.9781,20.9781,20.9781,0
2004-11-04,21.2949,21.2949,21.2949,21.2949,0
2004-11-05,20.72,20.72,20.72,20.72,0
2004-11-08,20.7748,20.7748,20.7748,20.7748,0
2004-11-09,20.853,20.853,20.853,20.853,0
2004-11-10,21.0016,21.0016,21.0016,21.0016,0
2004-11-11,21.1737,21.1737,21.1737,21.1737,0
2004-11-12,21.5882,21.5882,21.5882,21.5882,0
2004-11-15,21.862,21.862,21.862,21.862,0
2004-11-16,21.729,21.729,21.729,21.729,0
2004-11-17,21.2245,21.2245,21.2245,21.2245,0
2004-11-18,21.1893,21.1893,21.1893,21.1893,0
2004-11-19,20.9703,20.9703,20.9703,20.9703,0
2004-11-22,21.115,21.115,21.115,21.115,0
2004-11-23,21.205,21.205,21.205,21.205,0
2004-11-24,21.5726,21.5726,21.5726,21.5726,0
2004-11-26,21.5491,21.5491,21.5491,21.5491,0
2004-11-29,21.4709,21.4709,21.4709,21.4709,0
2004-11-30,21.5882,21.5882,21.5882,21.5882,0
2004-12-01,22.0067,22.0067,22.0067,22.0067,0
2004-12-02,21.819,21.819,21.819,21.819,0
2004-12-03,22.1123,22.1123,22.1123,22.1123,0
2004-12-06,22.2179,22.2179,22.2179,22.2179,0
2004-12-07,21.9363,21.9363,21.9363,21.9363,0
2004-12-08,21.995,21.995,21.995,21.995,0
2004-12-09,22.1553,22.1553,22.1553,22.1553,0
2004-12-10,22.343,22.343,22.343,22.343,0
2004-12-13,22.2805,22.2805,22.2805,22.2805,0
2004-12-14,22.2609,22.2609,22.2609,22.2609,0
2004-12-15,22.3039,22.3039,22.3039,22.3039,0
2004-12-16,22.1005,22.1005,22.1005,22.1005,0
2004-12-17,22.3508,22.3508,22.3508,22.3508,0
2004-12-20,22.2726,22.2726,22.2726,22.2726,0
2004-12-21,22.5268,22.5268,22.5268,22.5268,0
2004-12-22,22.6948,22.6948,22.6948,22.6948,0
2004-12-23,22.5229,22.5229,22.5229,22.5229,0
2004-12-27,22.3549,22.3549,22.3549,22.3549,0
2004-12-28,22.4389,22.4389,22.4389,22.4389,0
2004-12-29,22.5668,22.5668,22.5668,22.5668,0
2004-12-30,22.6748,22.6748,22.6748,22.6748,0
2004-12-31,22.6148,22.6148,22.6148,22.6148,0
2005-01-03,22.3509,22.3509,22.3509,22.3509,0
2005-01-04,22.015,22.015,22.015,22.015,0
2005-01-05,21.2831,21.2831,21.2831,21.2831,0
2005-01-06,21.4471,21.4471,21.4471,21.4471,0
2005-01-07,21.3991,21.3991,21.3991,21.3991,0
2005-01-10,21.3311,21.3311,21.3311,21.3311,0
2005-01-11,21.1152,21.1152,21.1152,21.1152,0
2005-01-12,21.0152,21.0152,21.0152,21.0152,0
2005-01-13,21.0152,21.0152,21.0152,21.0152,0
2005-01-14,21.2751,21.2751,21.2751,21.2751,0
2005-01-18,21.4831,21.4831,21.4831,21.4831,0
2005-01-19,21.5031,21.5031,21.5031,21.5031,0
2005-01-20,21.4351,21.4351,21.4351,21.4351,0
2005-01-21,21.4551,21.4551,21.4551,21.4551,0
2005-01-24,21.2831,21.2831,21.2831,21.2831,0
2005-01-25,20.8832,20.8832,20.8832,20.8832,0
2005-01-26,20.8192,20.8192,20.8192,20.8192,0
2005-01-27,20.6713,20.6713,20.6713,20.6713,0
2005-01-28,20.7033,20.7033,20.7033,20.7033,0
2005-01-31,20.6793,20.6793,20.6793,20.6793,0
2005-02-01,20.8312,20.8312,20.8312,20.8312,0
2005-02-02,21.0632,21.0632,21.0632,21.0632,0
2005-02-03,21.1272,21.1272,21.1272,21.1272,0
2005-02-04,21.4151,21.4151,21.4151,21.4151,0
2005-02-07,21.3431,21.3431,21.3431,21.3431,0
2005-02-08,21.3951,21.3951,21.3951,21.3951,0
2005-02-09,21.5311,21.5311,21.5311,21.5311,0
2005-02-10,21.695,21.695,21.695,21.695,0
2005-02-11,21.759,21.759,21.759,21.759,0
2005-02-14,21.763,21.763,21.763,21.763,0
2005-02-15,21.859,21.859,21.859,21.859,0
2005-02-16,21.987,21.987,21.987,21.987,0
2005-02-17,21.971,21.971,21.971,21.971,0
2005-02-18,21.779,21.779,21.779,21.779,0
2005-02-22,21.1552,21.1552,21.1552,21.1552,0
2005-02-23,21.0752,21.0752,21.0752,21.0752,0
2005-02-24,21.0912,21.0912,21.0912,21.0912,0
2005-02-25,21.3951,21.3951,21.3951,21.3951,0
2005-02-28,21.3351,21.3351,21.3351,21.3351,0
2005-03-01,21.5591,21.5591,21.5591,21.5591,0
2005-03-02,21.4151,21.4151,21.4151,21.4151,0
2005-03-03,21.5311,21.5311,21.5311,21.5311,0
2005-03-04,21.935,21.935,21.935,21.935,0
2005-03-07,22.039,22.039,22.039,22.039,0
2005-03-08,21.915,21.915,21.915,21.915,0
2005-03-09,21.2951,21.2951,21.2951,21.2951,0
2005-03-10,21.4391,21.4391,21.4391,21.4391,0
2005-03-11,21.1992,21.1992,21.1992,21.1992,0
2005-03-14,21.4951,21.4951,21.4951,21.4951,0
2005-03-15,21.4671,21.4671,21.4671,21.4671,0
2005-03-16,21.2111,21.2111,21.2111,21.2111,0
2005-03-17,21.4351,21.4351,21.4351,21.4351,0
2005-03-18,21.3591,21.3591,21.3591,21.3591,0
2005-03-21,21.2152,21.2152,21.2152,21.2152,0
2005-03-22,20.8352,20.8352,20.8352,20.8352,0
2005-03-23,20.7992,20.7992,20.7992,20.7992,0
2005-03-24,20.8413,20.8413,20.8413,20.8413,0
2005-03-28,20.7361,20.7361,20.7361,20.7361,0
2005-03-29,20.7442,20.7442,20.7442,20.7442,0
2005-03-30,21.0194,21.0194,21.0194,21.0194,0
2005-03-31,20.9708,20.9708,20.9708,20.9708,0
2005-04-01,20.983,20.983,20.983,20.983,0
2005-04-04,20.8899,20.8899,20.8899,20.8899,0
2005-04-05,20.8413,20.8413,20.8413,20.8413,0
2005-04-06,20.9506,20.9506,20.9506,20.9506,0
2005-04-07,21.1408,21.1408,21.1408,21.1408,0
2005-04-08,21.0437,21.0437,21.0437,21.0437,0
2005-04-11,21.0639,21.0639,21.0639,21.0639,0
2005-04-12,21.3472,21.3472,21.3472,21.3472,0
2005-04-13,21.3715,21.3715,21.3715,21.3715,0
2005-04-14,21.1691,21.1691,21.1691,21.1691,0
2005-04-15,21.327,21.327,21.327,21.327,0
2005-04-18,21.2946,21.2946,21.2946,21.2946,0
2005-04-19,21.3998,21.3998,21.3998,21.3998,0
2005-04-20,21.3472,21.3472,21.3472,21.3472,0
2005-04-21,21.3431,21.3431,21.3431,21.3431,0
2005-04-22,21.5091,21.5091,21.5091,21.5091,0
2005-04-25,21.7438,21.7438,21.7438,21.7438,0
2005-04-26,21.7721,21.7721,21.7721,21.7721,0
2005-04-27,21.9421,21.9421,21.9421,21.9421,0
2005-04-28,21.8895,21.8895,21.8895,21.8895,0
2005-04-29,22.1808,22.1808,22.1808,22.1808,0
2005-05-02,22.1646,22.1646,22.1646,22.1646,0
2005-05-03,22.197,22.197,22.197,22.197,0
2005-05-04,22.2173,22.2173,22.2173,22.2173,0
2005-05-05,22.5005,22.5005,22.5005,22.5005,0
2005-05-06,22.2173,22.2173,22.2173,22.2173,0
2005-05-09,22.6017,22.6017,22.6017,22.6017,0
2005-05-10,22.6017,22.6017,22.6017,22.6017,0
2005-05-11,22.6139,22.6139,22.6139,22.6139,0
2005-05-12,22.3872,22.3872,22.3872,22.3872,0
2005-05-13,22.3791,22.3791,22.3791,22.3791,0
2005-05-16,22.4843,22.4843,22.4843,22.4843,0
2005-05-17,22.6826,22.6826,22.6826,22.6826,0
2005-05-18,22.9052,22.9052,22.9052,22.9052,0
2005-05-19,23.2087,23.2087,23.2087,23.2087,0
2005-05-20,23.2573,23.2573,23.2573,23.2573,0
2005-05-23,23.3099,23.3099,23.3099,23.3099,0
2005-05-24,22.9862,22.9862,22.9862,22.9862,0
2005-05-25,22.7029,22.7029,22.7029,22.7029,0
2005-05-26,22.6058,22.6058,22.6058,22.6058,0
2005-05-27,22.7231,22.7231,22.7231,22.7231,0
2005-05-31,22.9619,22.9619,22.9619,22.9619,0
2005-06-01,23.2249,23.2249,23.2249,23.2249,0
2005-06-02,23.144,23.144,23.144,23.144,0
2005-06-03,23.148,23.148,23.148,23.148,0
2005-06-06,23.3221,23.3221,23.3221,23.3221,0
2005-06-07,23.5203,23.5203,23.5203,23.5203,0
2005-06-08,23.6175,23.6175,23.6175,23.6175,0
2005-06-09,23.6418,23.6418,23.6418,23.6418,0
2005-06-10,23.5932,23.5932,23.5932,23.5932,0
2005-06-13,23.7025,23.7025,23.7025,23.7025,0
2005-06-14,23.8967,23.8967,23.8967,23.8967,0
2005-06-15,23.9493,23.9493,23.9493,23.9493,0
2005-06-16,23.9736,23.9736,23.9736,23.9736,0
2005-06-17,24.2447,24.2447,24.2447,24.2447,0
2005-06-20,24.2245,24.2245,24.2245,24.2245,0
2005-06-21,24.0181,24.0181,24.0181,24.0181,0
2005-06-22,23.9817,23.9817,23.9817,23.9817,0
2005-06-23,23.8967,23.8967,23.8967,23.8967,0
2005-06-24,23.8481,23.8481,23.8481,23.8481,0
2005-06-27,23.817,23.817,23.817,23.817,0
2005-06-28,23.9357,23.9357,23.9357,23.9357,0
2005-06-29,24.0134,24.0134,24.0134,24.0134,0
2005-06-30,24.0175,24.0175,24.0175,24.0175,0
2005-07-01,24.2221,24.2221,24.2221,24.2221,0
2005-07-05,24.529,24.529,24.529,24.529,0
2005-07-06,24.4676,24.4676,24.4676,24.4676,0
2005-07-07,24.4922,24.4922,24.4922,24.4922,0
2005-07-08,24.9095,24.9095,24.9095,24.9095,0
2005-07-11,25.2123,25.2123,25.2123,25.2123,0
2005-07-12,25.2082,25.2082,25.2082,25.2082,0
2005-07-13,25.0609,25.0609,25.0609,25.0609,0
2005-07-14,24.6435,24.6435,24.6435,24.6435,0
2005-07-15,24.7458,24.7458,24.7458,24.7458,0
2005-07-18,24.8113,24.8113,24.8113,24.8113,0
2005-07-19,24.9995,24.9995,24.9995,24.9995,0
2005-07-20,25.2205,25.2205,25.2205,25.2205,0
2005-07-21,24.8645,24.8645,24.8645,24.8645,0
2005-07-22,25.0609,25.0609,25.0609,25.0609,0
2005-07-25,25.0609,25.0609,25.0609,25.0609,0
2005-07-26,25.3391,25.3391,25.3391,25.3391,0
2005-07-27,25.4087,25.4087,25.4087,25.4087,0
2005-07-28,25.7646,25.7646,25.7646,25.7646,0
2005-07-29,25.7319,25.7319,25.7319,25.7319,0
2005-08-01,25.7155,25.7155,25.7155,25.7155,0
2005-08-02,25.8997,25.8997,25.8997,25.8997,0
2005-08-03,25.8383,25.8383,25.8383,25.8383,0
2005-08-04,25.4005,25.4005,25.4005,25.4005,0
2005-08-05,24.5208,24.5208,24.5208,24.5208,0
2005-08-08,23.637,23.637,23.637,23.637,0
2005-08-09,23.7475,23.7475,23.7475,23.7475,0
2005-08-10,23.9766,23.9766,23.9766,23.9766,0
2005-08-11,24.2958,24.2958,24.2958,24.2958,0
2005-08-12,24.2753,24.2753,24.2753,24.2753,0
2005-08-15,24.5044,24.5044,24.5044,24.5044,0
2005-08-16,24.6476,24.6476,24.6476,24.6476,0
2005-08-17,24.4512,24.4512,24.4512,24.4512,0
2005-08-18,24.2876,24.2876,24.2876,24.2876,0
2005-08-19,24.2017,24.2017,24.2017,24.2017,0
2005-08-22,24.2753,24.2753,24.2753,24.2753,0
2005-08-23,24.3776,24.3776,24.3776,24.3776,0
2005-08-24,24.4635,24.4635,24.4635,24.4635,0
2005-08-25,24.4922,24.4922,24.4922,24.4922,0
2005-08-26,24.1894,24.1894,24.1894,24.1894,0
2005-08-29,24.1935,24.1935,24.1935,24.1935,0
2005-08-30,24.2671,24.2671,24.2671,24.2671,0
2005-08-31,24.6886,24.6886,24.6886,24.6886,0
2005-09-01,24.9095,24.9095,24.9095,24.9095,0
2005-09-02,24.844,24.844,24.844,24.844,0
2005-09-06,25.3759,25.3759,25.3759,25.3759,0
2005-09-07,25.3227,25.3227,25.3227,25.3227,0
2005-09-08,25.1591,25.1591,25.1591,25.1591,0
2005-09-09,25.2859,25.2859,25.2859,25.2859,0
2005-09-12,25.2082,25.2082,25.2082,25.2082,0
2005-09-13,25.0159,25.0159,25.0159,25.0159,0
2005-09-14,24.9954,24.9954,24.9954,24.9954,0
2005-09-15,25.0077,25.0077,25.0077,25.0077,0
2005-09-16,25.0609,25.0609,25.0609,25.0609,0
2005-09-19,24.8645,24.8645,24.8645,24.8645,0
2005-09-20,24.6722,24.6722,24.6722,24.6722,0
2005-09-21,24.128,24.128,24.128,24.128,0
2005-09-22,24.2589,24.2589,24.2589,24.2589,0
2005-09-23,24.2794,24.2794,24.2794,24.2794,0
2005-09-26,24.4723,24.4723,24.4723,24.4723,0
2005-09-27,24.4102,24.4102,24.4102,24.4102,0
2005-09-28,24.1743,24.1743,24.1743,24.1743,0
2005-09-29,24.6254,24.6254,24.6254,24.6254,0
2005-09-30,25.0186,25.0186,25.0186,25.0186,0
2005-10-03,24.9441,24.9441,24.9441,24.9441,0
2005-10-04,24.5219,24.5219,24.5219,24.5219,0
2005-10-05,24.1412,24.1412,24.1412,24.1412,0
2005-10-06,24.1081,24.1081,24.1081,24.1081,0
2005-10-07,23.8597,23.8597,23.8597,23.8597,0
2005-10-10,23.5535,23.5535,23.5535,23.5535,0
2005-10-11,23.45,23.45,23.45,23.45,0
2005-10-12,23.0278,23.0278,23.0278,23.0278,0
2005-10-13,23.032,23.032,23.032,23.032,0
2005-10-14,23.5659,23.5659,23.5659,23.5659,0
2005-10-17,23.7025,23.7025,23.7025,23.7025,0
2005-10-18,23.4748,23.4748,23.4748,23.4748,0
2005-10-19,23.7397,23.7397,23.7397,23.7397,0
2005-10-20,23.3631,23.3631,23.3631,23.3631,0
2005-10-21,23.5866,23.5866,23.5866,23.5866,0
2005-10-24,24.0667,24.0667,24.0667,24.0667,0
2005-10-25,23.9673,23.9673,23.9673,23.9673,0
2005-10-26,23.7231,23.7231,23.7231,23.7231,0
2005-10-27,23.4665,23.4665,23.4665,23.4665,0
2005-10-28,24.1743,24.1743,24.1743,24.1743,0
2005-10-31,24.2984,24.2984,24.2984,24.2984,0
2005-11-01,23.7604,23.7604,23.7604,23.7604,0
2005-11-02,23.9797,23.9797,23.9797,23.9797,0
2005-11-03,23.9094,23.9094,23.9094,23.9094,0
2005-11-04,23.7728,23.7728,23.7728,23.7728,0
2005-11-07,23.8846,23.8846,23.8846,23.8846,0
2005-11-08,23.8183,23.8183,23.8183,23.8183,0
2005-11-09,24.0874,24.0874,24.0874,24.0874,0
2005-11-10,24.6585,24.6585,24.6585,24.6585,0
2005-11-11,24.7578,24.7578,24.7578,24.7578,0
2005-11-14,24.7371,24.7371,24.7371,24.7371,0
2005-11-15,24.7247,24.7247,24.7247,24.7247,0
2005-11-16,24.584,24.584,24.584,24.584,0
2005-11-17,24.9896,24.9896,24.9896,24.9896,0
2005-11-18,25.0807,25.0807,25.0807,25.0807,0
2005-11-21,25.2048,25.2048,25.2048,25.2048,0
2005-11-22,25.5276,25.5276,25.5276,25.5276,0
2005-11-23,25.6394,25.6394,25.6394,25.6394,0
2005-11-25,25.7263,25.7263,25.7263,25.7263,0
2005-11-28,25.4449,25.4449,25.4449,25.4449,0
2005-11-29,25.4614,25.4614,25.4614,25.4614,0
2005-11-30,25.3083,25.3083,25.3083,25.3083,0
2005-12-01,25.6766,25.6766,25.6766,25.6766,0
2005-12-02,25.5483,25.5483,25.5483,25.5483,0
2005-12-05,25.4531,25.4531,25.4531,25.4531,0
2005-12-06,25.3704,25.3704,25.3704,25.3704,0
2005-12-07,25.2379,25.2379,25.2379,25.2379,0
2005-12-08,25.4283,25.4283,25.4283,25.4283,0
2005-12-09,25.4945,25.4945,25.4945,25.4945,0
2005-12-12,25.5111,25.5111,25.5111,25.5111,0
2005-12-13,25.6352,25.6352,25.6352,25.6352,0
2005-12-14,25.6849,25.6849,25.6849,25.6849,0
2005-12-15,25.4904,25.4904,25.4904,25.4904,0
2005-12-16,25.5814,25.5814,25.5814,25.5814,0
2005-12-19,25.2462,25.2462,25.2462,25.2462,0
2005-12-20,25.2793,25.2793,25.2793,25.2793,0
2005-12-21,25.4325,25.4325,25.4325,25.4325,0
2005-12-22,25.5773,25.5773,25.5773,25.5773,0
2005-12-23,25.6642,25.6642,25.6642,25.6642,0
2005-12-27,25.5482,25.5482,25.5482,25.5482,0
2005-12-28,25.5184,25.5184,25.5184,25.5184,0
2005-12-29,25.3867,25.3867,25.3867,25.3867,0
2005-12-30,25.3144,25.3144,25.3144,25.3144,0
2006-01-03,25.8244,25.8244,25.8244,25.8244,0
2006-01-04,26.0157,26.0157,26.0157,26.0157,0
2006-01-05,26.2155,26.2155,26.2155,26.2155,0
2006-01-06,26.462,26.462,26.462,26.462,0
2006-01-09,26.6872,26.6872,26.6872,26.6872,0
2006-01-10,26.8488,26.8488,26.8488,26.8488,0
2006-01-11,26.8913,26.8913,26.8913,26.8913,0
2006-01-12,26.8147,26.8147,26.8147,26.8147,0
2006-01-13,26.4832,26.4832,26.4832,26.4832,0
2006-01-17,26.377,26.377,26.377,26.377,0
2006-01-18,26.3727,26.3727,26.3727,26.3727,0
2006-01-19,26.7042,26.7042,26.7042,26.7042,0
2006-01-20,26.445,26.445,26.445,26.445,0
2006-01-23,26.564,26.564,26.564,26.564,0
2006-01-24,26.7637,26.7637,26.7637,26.7637,0
2006-01-25,26.7807,26.7807,26.7807,26.7807,0
2006-01-26,26.87,26.87,26.87,26.87,0
2006-01-27,27.1718,27.1718,27.1718,27.1718,0
2006-01-30,27.1505,27.1505,27.1505,27.1505,0
2006-01-31,27.2228,27.2228,27.2228,27.2228,0
2006-02-01,27.3503,27.3503,27.3503,27.3503,0
2006-02-02,27.159,27.159,27.159,27.159,0
2006-02-03,26.921,26.921,26.921,26.921,0
2006-02-06,27.023,27.023,27.023,27.023,0
2006-02-07,26.8105,26.8105,26.8105,26.8105,0
2006-02-08,26.6915,26.6915,26.6915,26.6915,0
2006-02-09,26.819,26.819,26.819,26.819,0
2006-02-10,26.8445,26.8445,26.8445,26.8445,0
2006-02-13,26.8827,26.8827,26.8827,26.8827,0
2006-02-14,27.0315,27.0315,27.0315,27.0315,0
2006-02-15,27.2695,27.2695,27.2695,27.2695,0
2006-02-16,27.4523,27.4523,27.4523,27.4523,0
2006-02-17,27.7455,27.7455,27.7455,27.7455,0
2006-02-21,27.7116,27.7116,27.7116,27.7116,0
2006-02-22,28.0218,28.0218,28.0218,28.0218,0
2006-02-23,27.9751,27.9751,27.9751,27.9751,0
2006-02-24,27.8263,27.8263,27.8263,27.8263,0
2006-02-27,27.8306,27.8306,27.8306,27.8306,0
2006-02-28,27.7286,27.7286,27.7286,27.7286,0
2006-03-01,27.8901,27.8901,27.8901,27.8901,0
2006-03-02,27.8561,27.8561,27.8561,27.8561,0
2006-03-03,27.703,27.703,27.703,27.703,0
2006-03-06,28.2046,28.2046,28.2046,28.2046,0
2006-03-07,27.8646,27.8646,27.8646,27.8646,0
2006-03-08,28.0091,28.0091,28.0091,28.0091,0
2006-03-09,28.2386,28.2386,28.2386,28.2386,0
2006-03-10,28.4936,28.4936,28.4936,28.4936,0
2006-03-13,28.3066,28.3066,28.3066,28.3066,0
2006-03-14,28.5106,28.5106,28.5106,28.5106,0
2006-03-15,29.0504,29.0504,29.0504,29.0504,0
2006-03-16,29.3521,29.3521,29.3521,29.3521,0
2006-03-17,29.6157,29.6157,29.6157,29.6157,0
2006-03-20,29.1172,29.1172,29.1172,29.1172,0
2006-03-21,28.7795,28.7795,28.7795,28.7795,0
2006-03-22,28.8436,28.8436,28.8436,28.8436,0
2006-03-23,28.9205,28.9205,28.9205,28.9205,0
2006-03-24,28.8778,28.8778,28.8778,28.8778,0
2006-03-27,28.5443,28.5443,28.5443,28.5443,0
2006-03-28,28.8607,28.8607,28.8607,28.8607,0
2006-03-29,29.3994,29.3994,29.3994,29.3994,0
2006-03-30,28.9761,28.9761,28.9761,28.9761,0
2006-03-31,29.036,29.036,29.036,29.036,0
2006-04-03,28.5358,28.5358,28.5358,28.5358,0
2006-04-04,28.3392,28.3392,28.3392,28.3392,0
2006-04-05,28.493,28.493,28.493,28.493,0
2006-04-06,28.3776,28.3776,28.3776,28.3776,0
2006-04-07,27.9501,27.9501,27.9501,27.9501,0
2006-04-10,27.6851,27.6851,27.6851,27.6851,0
2006-04-11,27.6166,27.6166,27.6166,27.6166,0
2006-04-12,27.6166,27.6166,27.6166,27.6166,0
2006-04-13,27.2533,27.2533,27.2533,27.2533,0
2006-04-17,27.1763,27.1763,27.1763,27.1763,0
2006-04-18,27.839,27.839,27.839,27.839,0
2006-04-19,28.181,28.181,28.181,28.181,0
2006-04-20,28.2109,28.2109,28.2109,28.2109,0
2006-04-21,28.2152,28.2152,28.2152,28.2152,0
2006-04-24,28.0698,28.0698,28.0698,28.0698,0
2006-04-25,27.856,27.856,27.856,27.856,0
2006-04-26,27.7706,27.7706,27.7706,27.7706,0
2006-04-27,27.9458,27.9458,27.9458,27.9458,0
2006-04-28,28.0484,28.0484,28.0484,28.0484,0
2006-05-01,27.7107,27.7107,27.7107,27.7107,0
2006-05-02,27.4286,27.4286,27.4286,27.4286,0
2006-05-03,27.4799,27.4799,27.4799,27.4799,0
2006-05-04,27.8689,27.8689,27.8689,27.8689,0
2006-05-05,28.228,28.228,28.228,28.228,0
2006-05-08,28.352,28.352,28.352,28.352,0
2006-05-09,28.3392,28.3392,28.3392,28.3392,0
2006-05-10,28.2365,28.2365,28.2365,28.2365,0
2006-05-11,27.715,27.715,27.715,27.715,0
2006-05-12,27.3644,27.3644,27.3644,27.3644,0
2006-05-15,27.7406,27.7406,27.7406,27.7406,0
2006-05-16,27.6337,27.6337,27.6337,27.6337,0
2006-05-17,27.1165,27.1165,27.1165,27.1165,0
2006-05-18,26.907,26.907,26.907,26.907,0
2006-05-19,26.9711,26.9711,26.9711,26.9711,0
2006-05-22,26.8984,26.8984,26.8984,26.8984,0
2006-05-23,26.6035,26.6035,26.6035,26.6035,0
2006-05-24,26.6462,26.6462,26.6462,26.6462,0
2006-05-25,27.1464,27.1464,27.1464,27.1464,0
2006-05-26,27.4713,27.4713,27.4713,27.4713,0
2006-05-30,27.2447,27.2447,27.2447,27.2447,0
2006-05-31,27.2918,27.2918,27.2918,27.2918,0
2006-06-01,27.7919,27.7919,27.7919,27.7919,0
2006-06-02,28.1126,28.1126,28.1126,28.1126,0
2006-06-05,28.2494,28.2494,28.2494,28.2494,0
2006-06-06,27.9116,27.9116,27.9116,27.9116,0
2006-06-07,28.1083,28.1083,28.1083,28.1083,0
2006-06-08,28.0484,28.0484,28.0484,28.0484,0
2006-06-09,28.2322,28.2322,28.2322,28.2322,0
2006-06-12,27.8945,27.8945,27.8945,27.8945,0
2006-06-13,27.6081,27.6081,27.6081,27.6081,0
2006-06-14,27.373,27.373,27.373,27.373,0
2006-06-15,27.9458,27.9458,27.9458,27.9458,0
2006-06-16,27.8903,27.8903,27.8903,27.8903,0
2006-06-19,27.6979,27.6979,27.6979,27.6979,0
2006-06-20,27.5525,27.5525,27.5525,27.5525,0
2006-06-21,27.8732,27.8732,27.8732,27.8732,0
2006-06-22,27.6765,27.6765,27.6765,27.6765,0
2006-06-23,27.467,27.467,27.467,27.467,0
2006-06-26,27.76,27.76,27.76,27.76,0
2006-06-27,27.7297,27.7297,27.7297,27.7297,0
2006-06-28,27.8118,27.8118,27.8118,27.8118,0
2006-06-29,28.4297,28.4297,28.4297,28.4297,0
2006-06-30,28.6457,28.6457,28.6457,28.6457,0
2006-07-03,29.1771,29.1771,29.1771,29.1771,0
2006-07-05,29.1296,29.1296,29.1296,29.1296,0
2006-07-06,29.1987,29.1987,29.1987,29.1987,0
2006-07-07,29.0778,29.0778,29.0778,29.0778,0
2006-07-10,29.3067,29.3067,29.3067,29.3067,0
2006-07-11,29.3543,29.3543,29.3543,29.3543,0
2006-07-12,29.432,29.432,29.432,29.432,0
2006-07-13,29.0345,29.0345,29.0345,29.0345,0
2006-07-14,28.6371,28.6371,28.6371,28.6371,0
2006-07-17,28.6371,28.6371,28.6371,28.6371,0
2006-07-18,29.0691,29.0691,29.0691,29.0691,0
2006-07-19,29.5185,29.5185,29.5185,29.5185,0
2006-07-20,29.2765,29.2765,29.2765,29.2765,0
2006-07-21,28.7969,28.7969,28.7969,28.7969,0
2006-07-24,29.2722,29.2722,29.2722,29.2722,0
2006-07-25,29.4234,29.4234,29.4234,29.4234,0
2006-07-26,29.5271,29.5271,29.5271,29.5271,0
2006-07-27,29.432,29.432,29.432,29.432,0
2006-07-28,29.8598,29.8598,29.8598,29.8598,0
2006-07-31,29.7604,29.7604,29.7604,29.7604,0
2006-08-01,29.6049,29.6049,29.6049,29.6049,0
2006-08-02,29.5487,29.5487,29.5487,29.5487,0
2006-08-03,29.8295,29.8295,29.8295,29.8295,0
2006-08-04,30.3005,30.3005,30.3005,30.3005,0
2006-08-07,30.0024,30.0024,30.0024,30.0024,0
2006-08-08,29.5573,29.5573,29.5573,29.5573,0
2006-08-09,29.3759,29.3759,29.3759,29.3759,0
2006-08-10,29.3975,29.3975,29.3975,29.3975,0
2006-08-11,29.216,29.216,29.216,29.216,0
2006-08-14,29.4968,29.4968,29.4968,29.4968,0
2006-08-15,29.8339,29.8339,29.8339,29.8339,0
2006-08-16,29.89,29.89,29.89,29.89,0
2006-08-17,29.8468,29.8468,29.8468,29.8468,0
2006-08-18,29.9808,29.9808,29.9808,29.9808,0
2006-08-21,30.1536,30.1536,30.1536,30.1536,0
2006-08-22,30.3653,30.3653,30.3653,30.3653,0
2006-08-23,30.132,30.132,30.132,30.132,0
2006-08-24,30.2486,30.2486,30.2486,30.2486,0
2006-08-25,30.227,30.227,30.227,30.227,0
2006-08-28,30.5857,30.5857,30.5857,30.5857,0
2006-08-29,30.59,30.59,30.59,30.59,0
2006-08-30,30.7714,30.7714,30.7714,30.7714,0
2006-08-31,30.7974,30.7974,30.7974,30.7974,0
2006-09-01,30.6202,30.6202,30.6202,30.6202,0
2006-09-05,30.9313,30.9313,30.9313,30.9313,0
2006-09-06,30.7844,30.7844,30.7844,30.7844,0
2006-09-07,30.5338,30.5338,30.5338,30.5338,0
2006-09-08,30.8233,30.8233,30.8233,30.8233,0
2006-09-11,30.9227,30.9227,30.9227,30.9227,0
2006-09-12,31.3202,31.3202,31.3202,31.3202,0
2006-09-13,31.4973,31.4973,31.4973,31.4973,0
2006-09-14,31.3288,31.3288,31.3288,31.3288,0
2006-09-15,31.5794,31.5794,31.5794,31.5794,0
2006-09-18,31.3547,31.3547,31.3547,31.3547,0
2006-09-19,31.588,31.588,31.588,31.588,0
2006-09-20,31.5189,31.5189,31.5189,31.5189,0
2006-09-21,31.1689,31.1689,31.1689,31.1689,0
2006-09-22,31.251,31.251,31.251,31.251,0
2006-09-25,31.2981,31.2981,31.2981,31.2981,0
2006-09-26,31.224,31.224,31.224,31.224,0
2006-09-27,31.4987,31.4987,31.4987,31.4987,0
2006-09-28,31.4333,31.4333,31.4333,31.4333,0
2006-09-29,31.4028,31.4028,31.4028,31.4028,0
2006-10-02,31.3418,31.3418,31.3418,31.3418,0
2006-10-03,31.6471,31.6471,31.6471,31.6471,0
2006-10-04,32.0134,32.0134,32.0134,32.0134,0
2006-10-05,32.2228,32.2228,32.2228,32.2228,0
2006-10-06,32.0221,32.0221,32.0221,32.0221,0
2006-10-09,32.2053,32.2053,32.2053,32.2053,0
2006-10-10,32.2097,32.2097,32.2097,32.2097,0
2006-10-11,32.0876,32.0876,32.0876,32.0876,0
2006-10-12,32.3798,32.3798,32.3798,32.3798,0
2006-10-13,32.7505,32.7505,32.7505,32.7505,0
2006-10-16,32.8203,32.8203,32.8203,32.8203,0
2006-10-17,32.7113,32.7113,32.7113,32.7113,0
2006-10-18,32.877,32.877,32.877,32.877,0
2006-10-19,32.7985,32.7985,32.7985,32.7985,0
2006-10-20,32.7549,32.7549,32.7549,32.7549,0
2006-10-23,32.9511,32.9511,32.9511,32.9511,0
2006-10-24,32.781,32.781,32.781,32.781,0
2006-10-25,32.9468,32.9468,32.9468,32.9468,0
2006-10-26,33.2739,33.2739,33.2739,33.2739,0
2006-10-27,33.0515,33.0515,33.0515,33.0515,0
2006-10-30,33.239,33.239,33.239,33.239,0
2006-10-31,33.2957,33.2957,33.2957,33.2957,0
2006-11-01,33.0384,33.0384,33.0384,33.0384,0
2006-11-02,32.4103,32.4103,32.4103,32.4103,0
2006-11-03,32.0527,32.0527,32.0527,32.0527,0
2006-11-06,32.3493,32.3493,32.3493,32.3493,0
2006-11-07,31.996,31.996,31.996,31.996,0
2006-11-08,32.105,32.105,32.105,32.105,0
2006-11-09,32.153,32.153,32.153,32.153,0
2006-11-10,32.2838,32.2838,32.2838,32.2838,0
2006-11-13,32.3623,32.3623,32.3623,32.3623,0
2006-11-14,32.7723,32.7723,32.7723,32.7723,0
2006-11-15,32.8116,32.8116,32.8116,32.8116,0
2006-11-16,33.034,33.034,33.034,33.034,0
2006-11-17,32.9075,32.9075,32.9075,32.9075,0
2006-11-20,34.0459,34.0459,34.0459,34.0459,0
2006-11-21,34.5954,34.5954,34.5954,34.5954,0
2006-11-22,34.7481,34.7481,34.7481,34.7481,0
2006-11-24,34.8964,34.8964,34.8964,34.8964,0
2006-11-27,33.9543,33.9543,33.9543,33.9543,0
2006-11-28,34.0459,34.0459,34.0459,34.0459,0
2006-11-29,34.5257,34.5257,34.5257,34.5257,0
2006-11-30,34.8877,34.8877,34.8877,34.8877,0
2006-12-01,34.8222,34.8222,34.8222,34.8222,0
2006-12-04,35.2279,35.2279,35.2279,35.2279,0
2006-12-05,34.9574,34.9574,34.9574,34.9574,0
2006-12-06,34.7612,34.7612,34.7612,34.7612,0
2006-12-07,34.5474,34.5474,34.5474,34.5474,0
2006-12-08,34.6608,34.6608,34.6608,34.6608,0
2006-12-11,34.7394,34.7394,34.7394,34.7394,0
2006-12-12,34.5823,34.5823,34.5823,34.5823,0
2006-12-13,34.4035,34.4035,34.4035,34.4035,0
2006-12-14,34.4297,34.4297,34.4297,34.4297,0
2006-12-15,34.1723,34.1723,34.1723,34.1723,0
2006-12-18,33.9586,33.9586,33.9586,33.9586,0
2006-12-19,33.6708,33.6708,33.6708,33.6708,0
2006-12-20,34.0241,34.0241,34.0241,34.0241,0
2006-12-21,33.7449,33.7449,33.7449,33.7449,0
2006-12-22,33.4488,33.4488,33.4488,33.4488,0
2006-12-26,33.6889,33.6889,33.6889,33.6889,0
2006-12-27,33.9913,33.9913,33.9913,33.9913,0
2006-12-28,34.0847,34.0847,34.0847,34.0847,0
2006-12-29,34.2448,34.2448,34.2448,34.2448,0
2007-01-03,34.2982,34.2982,34.2982,34.2982,0
2007-01-04,34.3427,34.3427,34.3427,34.3427,0
2007-01-05,33.7067,33.7067,33.7067,33.7067,0
2007-01-08,33.7556,33.7556,33.7556,33.7556,0
2007-01-09,34.1826,34.1826,34.1826,34.1826,0
2007-01-10,34.6229,34.6229,34.6229,34.6229,0
2007-01-11,35.072,35.072,35.072,35.072,0
2007-01-12,35.1832,35.1832,35.1832,35.1832,0
2007-01-16,35.6813,35.6813,35.6813,35.6813,0
2007-01-17,35.668,35.668,35.668,35.668,0
2007-01-18,35.6235,35.6235,35.6235,35.6235,0
2007-01-19,35.9793,35.9793,35.9793,35.9793,0
2007-01-22,35.6769,35.6769,35.6769,35.6769,0
2007-01-23,35.8459,35.8459,35.8459,35.8459,0
2007-01-24,36.3129,36.3129,36.3129,36.3129,0
2007-01-25,36.5352,36.5352,36.5352,36.5352,0
2007-01-26,36.6553,36.6553,36.6553,36.6553,0
2007-01-29,36.7754,36.7754,36.7754,36.7754,0
2007-01-30,36.9577,36.9577,36.9577,36.9577,0
2007-01-31,37.2512,37.2512,37.2512,37.2512,0
2007-02-01,37.398,37.398,37.398,37.398,0
2007-02-02,37.4647,37.4647,37.4647,37.4647,0
2007-02-05,37.4647,37.4647,37.4647,37.4647,0
2007-02-06,38.0162,38.0162,38.0162,38.0162,0
2007-02-07,38.8123,38.8123,38.8123,38.8123,0
2007-02-08,38.5143,38.5143,38.5143,38.5143,0
2007-02-09,38.0696,38.0696,38.0696,38.0696,0
2007-02-12,37.3802,37.3802,37.3802,37.3802,0
2007-02-13,38.1052,38.1052,38.1052,38.1052,0
2007-02-14,37.8339,37.8339,37.8339,37.8339,0
2007-02-15,38.114,38.114,38.114,38.114,0
2007-02-16,38.0162,38.0162,38.0162,38.0162,0
2007-02-20,38.3097,38.3097,38.3097,38.3097,0
2007-02-21,38.1852,38.1852,38.1852,38.1852,0
2007-02-22,37.9806,37.9806,37.9806,37.9806,0
2007-02-23,37.318,37.318,37.318,37.318,0
2007-02-26,37.1312,37.1312,37.1312,37.1312,0
2007-02-27,35.9793,35.9793,35.9793,35.9793,0
2007-02-28,36.2462,36.2462,36.2462,36.2462,0
2007-03-01,35.8815,35.8815,35.8815,35.8815,0
2007-03-02,35.3122,35.3122,35.3122,35.3122,0
2007-03-05,33.9379,33.9379,33.9379,33.9379,0
2007-03-06,35.1832,35.1832,35.1832,35.1832,0
2007-03-07,34.6896,34.6896,34.6896,34.6896,0
2007-03-08,35.2455,35.2455,35.2455,35.2455,0
2007-03-09,35.7125,35.7125,35.7125,35.7125,0
2007-03-12,35.8904,35.8904,35.8904,35.8904,0
2007-03-13,35.0454,35.0454,35.0454,35.0454,0
2007-03-14,35.2143,35.2143,35.2143,35.2143,0
2007-03-15,35.5301,35.5301,35.5301,35.5301,0
2007-03-16,35.1343,35.1343,35.1343,35.1343,0
2007-03-19,35.4856,35.4856,35.4856,35.4856,0
2007-03-20,35.6279,35.6279,35.6279,35.6279,0
2007-03-21,36.0593,36.0593,36.0593,36.0593,0
2007-03-22,36.0949,36.0949,36.0949,36.0949,0
2007-03-23,36.1172,36.1172,36.1172,36.1172,0
2007-03-26,35.5388,35.5388,35.5388,35.5388,0
2007-03-27,35.1675,35.1675,35.1675,35.1675,0
2007-03-28,34.9349,34.9349,34.9349,34.9349,0
2007-03-29,34.9931,34.9931,34.9931,34.9931,0
2007-03-30,35.4941,35.4941,35.4941,35.4941,0
2007-04-02,35.7177,35.7177,35.7177,35.7177,0
2007-04-03,36.0308,36.0308,36.0308,36.0308,0
2007-04-04,35.8519,35.8519,35.8519,35.8519,0
2007-04-05,35.8161,35.8161,35.8161,35.8161,0
2007-04-09,35.8832,35.8832,35.8832,35.8832,0
2007-04-10,36.0308,36.0308,36.0308,36.0308,0
2007-04-11,35.4941,35.4941,35.4941,35.4941,0
2007-04-12,35.2525,35.2525,35.2525,35.2525,0
2007-04-13,35.6506,35.6506,35.6506,35.6506,0
2007-04-16,35.6954,35.6954,35.6954,35.6954,0
2007-04-17,36.1606,36.1606,36.1606,36.1606,0
2007-04-18,35.9369,35.9369,35.9369,35.9369,0
2007-04-19,35.6954,35.6954,35.6954,35.6954,0
2007-04-20,35.9637,35.9637,35.9637,35.9637,0
2007-04-23,36.3663,36.3663,36.3663,36.3663,0
2007-04-24,36.1203,36.1203,36.1203,36.1203,0
2007-04-25,36.0979,36.0979,36.0979,36.0979,0
2007-04-26,36.1203,36.1203,36.1203,36.1203,0
2007-04-27,36.0308,36.0308,36.0308,36.0308,0
2007-04-30,35.4493,35.4493,35.4493,35.4493,0
2007-05-01,35.1407,35.1407,35.1407,35.1407,0
2007-05-02,35.418,35.418,35.418,35.418,0
2007-05-03,35.512,35.512,35.512,35.512,0
2007-05-04,35.2033,35.2033,35.2033,35.2033,0
2007-05-07,35.3017,35.3017,35.3017,35.3017,0
2007-05-08,35.0691,35.0691,35.0691,35.0691,0
2007-05-09,35.4493,35.4493,35.4493,35.4493,0
2007-05-10,34.9752,34.9752,34.9752,34.9752,0
2007-05-11,35.4493,35.4493,35.4493,35.4493,0
2007-05-14,35.248,35.248,35.248,35.248,0
2007-05-15,34.7113,34.7113,34.7113,34.7113,0
2007-05-16,34.2818,34.2818,34.2818,34.2818,0
2007-05-17,33.6869,33.6869,33.6869,33.6869,0
2007-05-18,33.347,33.347,33.347,33.347,0
2007-05-21,33.4812,33.4812,33.4812,33.4812,0
2007-05-22,33.9777,33.9777,33.9777,33.9777,0
2007-05-23,33.7182,33.7182,33.7182,33.7182,0
2007-05-24,33.1546,33.1546,33.1546,33.1546,0
2007-05-25,33.3425,33.3425,33.3425,33.3425,0
2007-05-29,34.5323,34.5323,34.5323,34.5323,0
2007-05-30,35.4583,35.4583,35.4583,35.4583,0
2007-05-31,35.3151,35.3151,35.3151,35.3151,0
2007-06-01,35.3643,35.3643,35.3643,35.3643,0
2007-06-04,35.5075,35.5075,35.5075,35.5075,0
2007-06-05,34.9439,34.9439,34.9439,34.9439,0
2007-06-06,34.7068,34.7068,34.7068,34.7068,0
2007-06-07,33.6154,33.6154,33.6154,33.6154,0
2007-06-08,34.0179,34.0179,34.0179,34.0179,0
2007-06-11,33.508,33.508,33.508,33.508,0
2007-06-12,32.9265,32.9265,32.9265,32.9265,0
2007-06-13,33.6556,33.6556,33.6556,33.6556,0
2007-06-14,33.2933,33.2933,33.2933,33.2933,0
2007-06-15,33.6601,33.6601,33.6601,33.6601,0
2007-06-18,33.1412,33.1412,33.1412,33.1412,0
2007-06-19,33.2038,33.2038,33.2038,33.2038,0
2007-06-20,32.2063,32.2063,32.2063,32.2063,0
2007-06-21,32.3853,32.3853,32.3853,32.3853,0
2007-06-22,32.2645,32.2645,32.2645,32.2645,0
2007-06-25,31.7355,31.7355,31.7355,31.7355,0
2007-06-26,31.6132,31.6132,31.6132,31.6132,0
2007-06-27,32.4239,32.4239,32.4239,32.4239,0
2007-06-28,32.2563,32.2563,32.2563,32.2563,0
2007-06-29,32.1341,32.1341,32.1341,32.1341,0
2007-07-02,32.8768,32.8768,32.8768,32.8768,0
2007-07-03,32.7862,32.7862,32.7862,32.7862,0
2007-07-05,33.2799,33.2799,33.2799,33.2799,0
2007-07-06,33.2391,33.2391,33.2391,33.2391,0
2007-07-09,33.2165,33.2165,33.2165,33.2165,0
2007-07-10,32.3741,32.3741,32.3741,32.3741,0
2007-07-11,32.3107,32.3107,32.3107,32.3107,0
2007-07-12,32.7274,32.7274,32.7274,32.7274,0
2007-07-13,33.0399,33.0399,33.0399,33.0399,0
2007-07-16,32.7636,32.7636,32.7636,32.7636,0
2007-07-17,32.6458,32.6458,32.6458,32.6458,0
2007-07-18,32.5734,32.5734,32.5734,32.5734,0
2007-07-19,32.6956,32.6956,32.6956,32.6956,0
2007-07-20,32.125,32.125,32.125,32.125,0
2007-07-23,31.5679,31.5679,31.5679,31.5679,0
2007-07-24,30.9293,30.9293,30.9293,30.9293,0
2007-07-25,30.5941,30.5941,30.5941,30.5941,0
2007-07-26,30.0325,30.0325,30.0325,30.0325,0
2007-07-27,29.0361,29.0361,29.0361,29.0361,0
2007-07-30,29.5977,29.5977,29.5977,29.5977,0
2007-07-31,29.48,29.48,29.48,29.48,0
2007-08-01,29.8695,29.8695,29.8695,29.8695,0
2007-08-02,30.3632,30.3632,30.3632,30.3632,0
2007-08-03,29.1901,29.1901,29.1901,29.1901,0
2007-08-06,30.2092,30.2092,30.2092,30.2092,0
2007-08-07,30.3768,30.3768,30.3768,30.3768,0
2007-08-08,31.577,31.577,31.577,31.577,0
2007-08-09,31.2282,31.2282,31.2282,31.2282,0
2007-08-10,30.2862,30.2862,30.2862,30.2862,0
2007-08-13,30.1412,30.1412,30.1412,30.1412,0
2007-08-14,29.2762,29.2762,29.2762,29.2762,0
2007-08-15,28.7825,28.7825,28.7825,28.7825,0
2007-08-16,29.9374,29.9374,29.9374,29.9374,0
2007-08-17,30.6168,30.6168,30.6168,30.6168,0
2007-08-20,31.1784,31.1784,31.1784,31.1784,0
2007-08-21,31.3233,31.3233,31.3233,31.3233,0
2007-08-22,31.7038,31.7038,31.7038,31.7038,0
2007-08-23,31.1603,31.1603,31.1603,31.1603,0
2007-08-24,31.3279,31.3279,31.3279,31.3279,0
2007-08-27,30.6485,30.6485,30.6485,30.6485,0
2007-08-28,29.711,29.711,29.711,29.711,0
2007-08-29,30.798,30.798,30.798,30.798,0
2007-08-30,30.9565,30.9565,30.9565,30.9565,0
2007-08-31,31.4683,31.4683,31.4683,31.4683,0
2007-09-04,31.885,31.885,31.885,31.885,0
2007-09-05,31.1195,31.1195,31.1195,31.1195,0
2007-09-06,31.3958,31.3958,31.3958,31.3958,0
2007-09-07,30.6394,30.6394,30.6394,30.6394,0
2007-09-10,30.3224,30.3224,30.3224,30.3224,0
2007-09-11,30.9519,30.9519,30.9519,30.9519,0
2007-09-12,30.7708,30.7708,30.7708,30.7708,0
2007-09-13,31.4637,31.4637,31.4637,31.4637,0
2007-09-14,31.6675,31.6675,31.6675,31.6675,0
2007-09-17,31.4366,31.4366,31.4366,31.4366,0
2007-09-18,32.5552,32.5552,32.5552,32.5552,0
2007-09-19,33.1667,33.1667,33.1667,33.1667,0
2007-09-20,32.3062,32.3062,32.3062,32.3062,0
2007-09-21,32.5371,32.5371,32.5371,32.5371,0
2007-09-24,33.154,33.154,33.154,33.154,0
2007-09-25,32.3303,32.3303,32.3303,32.3303,0
2007-09-26,32.8016,32.8016,32.8016,32.8016,0
2007-09-27,33.0533,33.0533,33.0533,33.0533,0
2007-09-28,32.701,32.701,32.701,32.701,0
2007-10-01,33.4972,33.4972,33.4972,33.4972,0
2007-10-02,34.1058,34.1058,34.1058,34.1058,0
2007-10-03,33.9411,33.9411,33.9411,33.9411,0
2007-10-04,34.2889,34.2889,34.2889,34.2889,0
2007-10-05,35.0943,35.0943,35.0943,35.0943,0
2007-10-08,34.4307,34.4307,34.4307,34.4307,0
2007-10-09,34.8151,34.8151,34.8151,34.8151,0
2007-10-10,34.5726,34.5726,34.5726,34.5726,0
2007-10-11,34.4353,34.4353,34.4353,34.4353,0
2007-10-12,34.1104,34.1104,34.1104,34.1104,0
2007-10-15,33.4697,33.4697,33.4697,33.4697,0
2007-10-16,33.0625,33.0625,33.0625,33.0625,0
2007-10-17,33.0121,33.0121,33.0121,33.0121,0
2007-10-18,33.0213,33.0213,33.0213,33.0213,0
2007-10-19,31.6164,31.6164,31.6164,31.6164,0
2007-10-22,32.4447,32.4447,32.4447,32.4447,0
2007-10-23,32.7879,32.7879,32.7879,32.7879,0
2007-10-24,32.2388,32.2388,32.2388,32.2388,0
2007-10-25,32.3074,32.3074,32.3074,32.3074,0
2007-10-26,32.7971,32.7971,32.7971,32.7971,0
2007-10-29,32.2616,32.2616,32.2616,32.2616,0
2007-10-30,32.7055,32.7055,32.7055,32.7055,0
2007-10-31,33.3874,33.3874,33.3874,33.3874,0
2007-11-01,31.8269,31.8269,31.8269,31.8269,0
2007-11-02,31.3739,31.3739,31.3739,31.3739,0
2007-11-05,30.9209,30.9209,30.9209,30.9209,0
2007-11-06,31.3098,31.3098,31.3098,31.3098,0
2007-11-07,30.3351,30.3351,30.3351,30.3351,0
2007-11-08,30.4266,30.4266,30.4266,30.4266,0
2007-11-09,30.1795,30.1795,30.1795,30.1795,0
2007-11-12,30.5273,30.5273,30.5273,30.5273,0
2007-11-13,31.5386,31.5386,31.5386,31.5386,0
2007-11-14,30.898,30.898,30.898,30.898,0
2007-11-15,30.843,30.843,30.843,30.843,0
2007-11-16,30.2665,30.2665,30.2665,30.2665,0
2007-11-19,29.6075,29.6075,29.6075,29.6075,0
2007-11-20,29.0355,29.0355,29.0355,29.0355,0
2007-11-21,28.8341,28.8341,28.8341,28.8341,0
2007-11-23,29.4016,29.4016,29.4016,29.4016,0
2007-11-26,27.9921,27.9921,27.9921,27.9921,0
2007-11-27,28.6465,28.6465,28.6465,28.6465,0
2007-11-28,29.9049,29.9049,29.9049,29.9049,0
2007-11-29,29.4245,29.4245,29.4245,29.4245,0
2007-11-30,30.2253,30.2253,30.2253,30.2253,0
2007-12-03,29.9004,29.9004,29.9004,29.9004,0
2007-12-04,29.095,29.095,29.095,29.095,0
2007-12-05,30.0743,30.0743,30.0743,30.0743,0
2007-12-06,31.0307,31.0307,31.0307,31.0307,0
2007-12-07,30.9209,30.9209,30.9209,30.9209,0
2007-12-10,31.5844,31.5844,31.5844,31.5844,0
2007-12-11,29.9187,29.9187,29.9187,29.9187,0
2007-12-12,29.818,29.818,29.818,29.818,0
2007-12-13,29.4794,29.4794,29.4794,29.4794,0
2007-12-14,28.738,28.738,28.738,28.738,0
2007-12-17,27.8503,27.8503,27.8503,27.8503,0
2007-12-18,28.2804,28.2804,28.2804,28.2804,0
2007-12-19,28.5687,28.5687,28.5687,28.5687,0
2007-12-20,28.4496,28.4496,28.4496,28.4496,0
2007-12-21,29.0078,29.0078,29.0078,29.0078,0
2007-12-24,29.9475,29.9475,29.9475,29.9475,0
2007-12-26,29.4497,29.4497,29.4497,29.4497,0
2007-12-27,28.8636,28.8636,28.8636,28.8636,0
2007-12-28,28.3566,28.3566,28.3566,28.3566,0
2007-12-31,28.5892,28.5892,28.5892,28.5892,0
2008-01-02,28.5008,28.5008,28.5008,28.5008,0
2008-01-03,27.6123,27.6123,27.6123,27.6123,0
2008-01-04,26.4913,26.4913,26.4913,26.4913,0
2008-01-07,26.7378,26.7378,26.7378,26.7378,0
2008-01-08,25.8121,25.8121,25.8121,25.8121,0
2008-01-09,26.268,26.268,26.268,26.268,0
2008-01-10,26.6727,26.6727,26.6727,26.6727,0
2008-01-11,26.6774,26.6774,26.6774,26.6774,0
2008-01-14,26.5657,26.5657,26.5657,26.5657,0
2008-01-15,26.0261,26.0261,26.0261,26.0261,0
2008-01-16,26.3238,26.3238,26.3238,26.3238,0
2008-01-17,25.9656,25.9656,25.9656,25.9656,0
2008-01-18,25.6214,25.6214,25.6214,25.6214,0
2008-01-22,26.2354,26.2354,26.2354,26.2354,0
2008-01-23,28.7241,28.7241,28.7241,28.7241,0
2008-01-24,28.0496,28.0496,28.0496,28.0496,0
2008-01-25,27.8868,27.8868,27.8868,27.8868,0
2008-01-28,28.8311,28.8311,28.8311,28.8311,0
2008-01-29,28.5706,28.5706,28.5706,28.5706,0
2008-01-30,27.8077,27.8077,27.8077,27.8077,0
2008-01-31,28.3659,28.3659,28.3659,28.3659,0
2008-02-01,29.5521,29.5521,29.5521,29.5521,0
2008-02-04,29.2451,29.2451,29.2451,29.2451,0
2008-02-05,28.2124,28.2124,28.2124,28.2124,0
2008-02-06,27.7519,27.7519,27.7519,27.7519,0
2008-02-07,28.4078,28.4078,28.4078,28.4078,0
2008-02-08,27.5007,27.5007,27.5007,27.5007,0
2008-02-11,26.9425,26.9425,26.9425,26.9425,0
2008-02-12,27.71,27.71,27.71,27.71,0
2008-02-13,27.9286,27.9286,27.9286,27.9286,0
2008-02-14,27.4077,27.4077,27.4077,27.4077,0
2008-02-15,27.6309,27.6309,27.6309,27.6309,0
2008-02-19,27.5612,27.5612,27.5612,27.5612,0
2008-02-20,27.7333,27.7333,27.7333,27.7333,0
2008-02-21,26.9797,26.9797,26.9797,26.9797,0
2008-02-22,27.7426,27.7426,27.7426,27.7426,0
2008-02-25,28.5892,28.5892,28.5892,28.5892,0
2008-02-26,28.5845,28.5845,28.5845,28.5845,0
2008-02-27,28.4496,28.4496,28.4496,28.4496,0
2008-02-28,27.8635,27.8635,27.8635,27.8635,0
2008-02-29,27.4635,27.4635,27.4635,27.4635,0
2008-03-03,27.6542,27.6542,27.6542,27.6542,0
2008-03-04,27.3937,27.3937,27.3937,27.3937,0
2008-03-05,27.7705,27.7705,27.7705,27.7705,0
2008-03-06,26.5052,26.5052,26.5052,26.5052,0
2008-03-07,26.9379,26.9379,26.9379,26.9379,0
2008-03-10,26.5564,26.5564,26.5564,26.5564,0
2008-03-11,28.2822,28.2822,28.2822,28.2822,0
2008-03-12,27.6868,27.6868,27.6868,27.6868,0
2008-03-13,28.0124,28.0124,28.0124,28.0124,0
2008-03-14,27.4449,27.4449,27.4449,27.4449,0
2008-03-17,27.6123,27.6123,27.6123,27.6123,0
2008-03-18,28.8264,28.8264,28.8264,28.8264,0
2008-03-19,28.6078,28.6078,28.6078,28.6078,0
2008-03-20,29.5614,29.5614,29.5614,29.5614,0
2008-03-24,30.2266,30.2266,30.2266,30.2266,0
2008-03-25,30.3039,30.3039,30.3039,30.3039,0
2008-03-26,29.7227,29.7227,29.7227,29.7227,0
2008-03-27,29.4789,29.4789,29.4789,29.4789,0
2008-03-28,29.1321,29.1321,29.1321,29.1321,0
2008-03-31,29.2446,29.2446,29.2446,29.2446,0
2008-04-01,30.9086,30.9086,30.9086,30.9086,0
2008-04-02,30.7586,30.7586,30.7586,30.7586,0
2008-04-03,31.4617,31.4617,31.4617,31.4617,0
2008-04-04,30.9648,30.9648,30.9648,30.9648,0
2008-04-07,30.6789,30.6789,30.6789,30.6789,0
2008-04-08,30.6367,30.6367,30.6367,30.6367,0
2008-04-09,29.868,29.868,29.868,29.868,0
2008-04-10,30.1586,30.1586,30.1586,30.1586,0
2008-04-11,29.7883,29.7883,29.7883,29.7883,0
2008-04-14,29.6149,29.6149,29.6149,29.6149,0
2008-04-15,29.9149,29.9149,29.9149,29.9149,0
2008-04-16,31.1289,31.1289,31.1289,31.1289,0
2008-04-17,31.2414,31.2414,31.2414,31.2414,0
2008-04-18,31.0633,31.0633,31.0633,31.0633,0
2008-04-21,30.8336,30.8336,30.8336,30.8336,0
2008-04-22,30.7586,30.7586,30.7586,30.7586,0
2008-04-23,31.143,31.143,31.143,31.143,0
2008-04-24,31.7617,31.7617,31.7617,31.7617,0
2008-04-25,31.9398,31.9398,31.9398,31.9398,0
2008-04-28,31.8976,31.8976,31.8976,31.8976,0
2008-04-29,31.5508,31.5508,31.5508,31.5508,0
2008-04-30,31.1101,31.1101,31.1101,31.1101,0
2008-05-01,31.7805,31.7805,31.7805,31.7805,0
2008-05-02,31.7523,31.7523,31.7523,31.7523,0
2008-05-05,31.6633,31.6633,31.6633,31.6633,0
2008-05-06,31.8836,31.8836,31.8836,31.8836,0
2008-05-07,31.0164,31.0164,31.0164,31.0164,0
2008-05-08,30.8289,30.8289,30.8289,30.8289,0
2008-05-09,30.6602,30.6602,30.6602,30.6602,0
2008-05-12,31.3961,31.3961,31.3961,31.3961,0
2008-05-13,31.5226,31.5226,31.5226,31.5226,0
2008-05-14,31.7195,31.7195,31.7195,31.7195,0
2008-05-15,32.1039,32.1039,32.1039,32.1039,0
2008-05-16,31.9351,31.9351,31.9351,31.9351,0
2008-05-19,31.9867,31.9867,31.9867,31.9867,0
2008-05-20,31.5554,31.5554,31.5554,31.5554,0
2008-05-21,30.7961,30.7961,30.7961,30.7961,0
2008-05-22,30.5336,30.5336,30.5336,30.5336,0
2008-05-23,30.3883,30.3883,30.3883,30.3883,0
2008-05-27,30.8055,30.8055,30.8055,30.8055,0
2008-05-28,30.857,30.857,30.857,30.857,0
2008-05-29,31.1898,31.1898,31.1898,31.1898,0
2008-05-30,31.0445,31.0445,31.0445,31.0445,0
2008-06-02,30.5242,30.5242,30.5242,30.5242,0
2008-06-03,30.7258,30.7258,30.7258,30.7258,0
2008-06-04,30.8852,30.8852,30.8852,30.8852,0
2008-06-05,31.593,31.593,31.593,31.593,0
2008-06-06,30.2711,30.2711,30.2711,30.2711,0
2008-06-09,29.6711,29.6711,29.6711,29.6711,0
2008-06-10,29.6852,29.6852,29.6852,29.6852,0
2008-06-11,29.2352,29.2352,29.2352,29.2352,0
2008-06-12,29.5352,29.5352,29.5352,29.5352,0
2008-06-13,30.0274,30.0274,30.0274,30.0274,0
2008-06-16,30.4258,30.4258,30.4258,30.4258,0
2008-06-17,29.5633,29.5633,29.5633,29.5633,0
2008-06-18,29.1274,29.1274,29.1274,29.1274,0
2008-06-19,29.8024,29.8024,29.8024,29.8024,0
2008-06-20,29.1321,29.1321,29.1321,29.1321,0
2008-06-23,28.4102,28.4102,28.4102,28.4102,0
2008-06-24,28.4283,28.4283,28.4283,28.4283,0
2008-06-25,28.8938,28.8938,28.8938,28.8938,0
2008-06-26,27.9295,27.9295,27.9295,27.9295,0
2008-06-27,27.711,27.711,27.711,27.711,0
2008-06-30,27.749,27.749,27.749,27.749,0
2008-07-01,27.7253,27.7253,27.7253,27.7253,0
2008-07-02,27.3833,27.3833,27.3833,27.3833,0
2008-07-03,27.103,27.103,27.103,27.103,0
2008-07-07,26.495,26.495,26.495,26.495,0
2008-07-08,28.471,28.471,28.471,28.471,0
2008-07-09,26.5283,26.5283,26.5283,26.5283,0
2008-07-10,27.0413,27.0413,27.0413,27.0413,0
2008-07-11,26.9083,26.9083,26.9083,26.9083,0
2008-07-14,25.9726,25.9726,25.9726,25.9726,0
2008-07-15,25.7208,25.7208,25.7208,25.7208,0
2008-07-16,27.597,27.597,27.597,27.597,0
2008-07-17,27.9295,27.9295,27.9295,27.9295,0
2008-07-18,27.977,27.977,27.977,27.977,0
2008-07-21,28.186,28.186,28.186,28.186,0
2008-07-22,28.9413,28.9413,28.9413,28.9413,0
2008-07-23,29.7582,29.7582,29.7582,29.7582,0
2008-07-24,27.787,27.787,27.787,27.787,0
2008-07-25,28.243,28.243,28.243,28.243,0
2008-07-28,27.7823,27.7823,27.7823,27.7823,0
2008-07-29,29.0743,29.0743,29.0743,29.0743,0
2008-07-30,28.9745,28.9745,28.9745,28.9745,0
2008-07-31,28.6135,28.6135,28.6135,28.6135,0
2008-08-01,28.6373,28.6373,28.6373,28.6373,0
2008-08-04,28.2193,28.2193,28.2193,28.2193,0
2008-08-05,29.4875,29.4875,29.4875,29.4875,0
2008-08-06,29.345,29.345,29.345,29.345,0
2008-08-07,28.5708,28.5708,28.5708,28.5708,0
2008-08-08,29.402,29.402,29.402,29.402,0
2008-08-11,30.352,30.352,30.352,30.352,0
2008-08-12,29.6727,29.6727,29.6727,29.6727,0
2008-08-13,29.2405,29.2405,29.2405,29.2405,0
2008-08-14,29.7107,29.7107,29.7107,29.7107,0
2008-08-15,29.668,29.668,29.668,29.668,0
2008-08-18,29.2595,29.2595,29.2595,29.2595,0
2008-08-19,28.5375,28.5375,28.5375,28.5375,0
2008-08-20,28.5803,28.5803,28.5803,28.5803,0
2008-08-21,28.072,28.072,28.072,28.072,0
2008-08-22,29.0268,29.0268,29.0268,29.0268,0
2008-08-25,28.148,28.148,28.148,28.148,0
2008-08-26,28.4805,28.4805,28.4805,28.4805,0
2008-08-27,28.7655,28.7655,28.7655,28.7655,0
2008-08-28,29.497,29.497,29.497,29.497,0
2008-08-29,29.2928,29.2928,29.2928,29.2928,0
2008-09-02,29.4828,29.4828,29.4828,29.4828,0
2008-09-03,29.9483,29.9483,29.9483,29.9483,0
2008-09-04,29.1075,29.1075,29.1075,29.1075,0
2008-09-05,29.1122,29.1122,29.1122,29.1122,0
2008-09-08,30.371,30.371,30.371,30.371,0
2008-09-09,29.2358,29.2358,29.2358,29.2358,0
2008-09-10,29.288,29.288,29.288,29.288,0
2008-09-11,29.7345,29.7345,29.7345,29.7345,0
2008-09-12,29.6395,29.6395,29.6395,29.6395,0
2008-09-15,27.9295,27.9295,27.9295,27.9295,0
2008-09-16,29.307,29.307,29.307,29.307,0
2008-09-17,27.6208,27.6208,27.6208,27.6208,0
2008-09-18,29.9672,29.9672,29.9672,29.9672,0
2008-09-19,30.8602,30.8602,30.8602,30.8602,0
2008-09-22,28.2668,28.2668,28.2668,28.2668,0
2008-09-23,28.4568,28.4568,28.4568,28.4568,0
2008-09-24,28.2604,28.2604,28.2604,28.2604,0
2008-09-25,28.6117,28.6117,28.6117,28.6117,0
2008-09-26,29.4971,29.4971,29.4971,29.4971,0
2008-09-29,27.2932,27.2932,27.2932,27.2932,0
2008-09-30,29.2565,29.2565,29.2565,29.2565,0
2008-10-01,28.5492,28.5492,28.5492,28.5492,0
2008-10-02,26.7062,26.7062,26.7062,26.7062,0
2008-10-03,25.5513,25.5513,25.5513,25.5513,0
2008-10-06,24.7862,24.7862,24.7862,24.7862,0
2008-10-07,22.6594,22.6594,22.6594,22.6594,0
2008-10-08,22.3466,22.3466,22.3466,22.3466,0
2008-10-09,20.5758,20.5758,20.5758,20.5758,0
2008-10-10,22.5439,22.5439,22.5439,22.5439,0
2008-10-13,23.9778,23.9778,23.9778,23.9778,0
2008-10-14,22.3466,22.3466,22.3466,22.3466,0
2008-10-15,19.4787,19.4787,19.4787,19.4787,0
2008-10-16,20.6095,20.6095,20.6095,20.6095,0
2008-10-17,20.3881,20.3881,20.3881,20.3881,0
2008-10-20,20.5373,20.5373,20.5373,20.5373,0
2008-10-21,19.8348,19.8348,19.8348,19.8348,0
2008-10-22,18.4345,18.4345,18.4345,18.4345,0
2008-10-23,17.9533,17.9533,17.9533,17.9533,0
2008-10-24,16.9332,16.9332,16.9332,16.9332,0
2008-10-27,15.9708,15.9708,15.9708,15.9708,0
2008-10-28,18.4682,18.4682,18.4682,18.4682,0
2008-10-29,17.8137,17.8137,17.8137,17.8137,0
2008-10-30,18.7665,18.7665,18.7665,18.7665,0
2008-10-31,19.9743,19.9743,19.9743,19.9743,0
2008-11-03,19.3199,19.3199,19.3199,19.3199,0
2008-11-04,20.4026,20.4026,20.4026,20.4026,0
2008-11-05,18.396,18.396,18.396,18.396,0
2008-11-06,17.5347,17.5347,17.5347,17.5347,0
2008-11-07,18.6462,18.6462,18.6462,18.6462,0
2008-11-10,16.9765,16.9765,16.9765,16.9765,0
2008-11-11,16.7407,16.7407,16.7407,16.7407,0
2008-11-12,15.5425,15.5425,15.5425,15.5425,0
2008-11-13,17.2508,17.2508,17.2508,17.2508,0
2008-11-14,15.3067,15.3067,15.3067,15.3067,0
2008-11-17,14.7534,14.7534,14.7534,14.7534,0
2008-11-18,14.6138,14.6138,14.6138,14.6138,0
2008-11-19,12.6506,12.6506,12.6506,12.6506,0
2008-11-20,11.6497,11.6497,11.6497,11.6497,0
2008-11-21,12.5062,12.5062,12.5062,12.5062,0
2008-11-24,14.6331,14.6331,14.6331,14.6331,0
2008-11-25,14.864,14.864,14.864,14.864,0
2008-11-26,15.6676,15.6676,15.6676,15.6676,0
2008-11-28,15.4367,15.4367,15.4367,15.4367,0
2008-12-01,12.4244,12.4244,12.4244,12.4244,0
2008-12-02,14.0749,14.0749,14.0749,14.0749,0
2008-12-03,14.864,14.864,14.864,14.864,0
2008-12-04,14.455,14.455,14.455,14.455,0
2008-12-05,15.9852,15.9852,15.9852,15.9852,0
2008-12-08,17.4769,17.4769,17.4769,17.4769,0
2008-12-09,15.9612,15.9612,15.9612,15.9612,0
2008-12-10,17.3326,17.3326,17.3326,17.3326,0
2008-12-11,14.8592,14.8592,14.8592,14.8592,0
2008-12-12,16.4135,16.4135,16.4135,16.4135,0
2008-12-15,15.8409,15.8409,15.8409,15.8409,0
2008-12-16,17.7801,17.7801,17.7801,17.7801,0
2008-12-17,18.1073,18.1073,18.1073,18.1073,0
2008-12-18,16.6011,16.6011,16.6011,16.6011,0
2008-12-19,17.7656,17.7656,17.7656,17.7656,0
2008-12-22,17.0968,17.0968,17.0968,17.0968,0
2008-12-23,17.0005,17.0005,17.0005,17.0005,0
2008-12-24,17.2007,17.2007,17.2007,17.2007,0
2008-12-26,17.4479,17.4479,17.4479,17.4479,0
2008-12-29,16.4445,16.4445,16.4445,16.4445,0
2008-12-30,17.1019,17.1019,17.1019,17.1019,0
2008-12-31,18.0163,18.0163,18.0163,18.0163,0
2009-01-02,17.4429,17.4429,17.4429,17.4429,0
2009-01-05,17.1216,17.1216,17.1216,17.1216,0
2009-01-06,17.9767,17.9767,17.9767,17.9767,0
2009-01-07,17.3737,17.3737,17.3737,17.3737,0
2009-01-08,17.2452,17.2452,17.2452,17.2452,0
2009-01-09,16.3604,16.3604,16.3604,16.3604,0
2009-01-12,15.4016,15.4016,15.4016,15.4016,0
2009-01-13,15.8662,15.8662,15.8662,15.8662,0
2009-01-14,15.0358,15.0358,15.0358,15.0358,0
2009-01-15,15.5301,15.5301,15.5301,15.5301,0
2009-01-16,16.1183,16.1183,16.1183,16.1183,0
2009-01-20,14.3142,14.3142,14.3142,14.3142,0
2009-01-21,15.8118,15.8118,15.8118,15.8118,0
2009-01-22,14.9468,14.9468,14.9468,14.9468,0
2009-01-23,15.4016,15.4016,15.4016,15.4016,0
2009-01-26,15.3126,15.3126,15.3126,15.3126,0
2009-01-27,15.5301,15.5301,15.5301,15.5301,0
2009-01-28,16.8745,16.8745,16.8745,16.8745,0
2009-01-29,15.4955,15.4955,15.4955,15.4955,0
2009-01-30,14.8579,14.8579,14.8579,14.8579,0
2009-02-02,15.2187,15.2187,15.2187,15.2187,0
2009-02-03,15.0655,15.0655,15.0655,15.0655,0
2009-02-04,14.6997,14.6997,14.6997,14.6997,0
2009-02-05,14.3883,14.3883,14.3883,14.3883,0
2009-02-06,15.3867,15.3867,15.3867,15.3867,0
2009-02-09,15.6141,15.6141,15.6141,15.6141,0
2009-02-10,14.2252,14.2252,14.2252,14.2252,0
2009-02-11,14.497,14.497,14.497,14.497,0
2009-02-12,14.2499,14.2499,14.2499,14.2499,0
2009-02-13,13.375,13.375,13.375,13.375,0
2009-02-17,12.426,12.426,12.426,12.426,0
2009-02-18,12.604,12.604,12.604,12.604,0
2009-02-19,12.0603,12.0603,12.0603,12.0603,0
2009-02-20,12.8215,12.8215,12.8215,12.8215,0
2009-02-23,11.8576,11.8576,11.8576,11.8576,0
2009-02-24,12.861,12.861,12.861,12.861,0
2009-02-25,12.6139,12.6139,12.6139,12.6139,0
2009-02-26,11.9664,11.9664,11.9664,11.9664,0
2009-02-27,11.8082,11.8082,11.8082,11.8082,0
2009-03-02,11.0717,11.0717,11.0717,11.0717,0
2009-03-03,11.1162,11.1162,11.1162,11.1162,0
2009-03-04,11.2942,11.2942,11.2942,11.2942,0
2009-03-05,10.5972,10.5972,10.5972,10.5972,0
2009-03-06,10.4539,10.4539,10.4539,10.4539,0
2009-03-09,10.6862,10.6862,10.6862,10.6862,0
2009-03-10,12.174,12.174,12.174,12.174,0
2009-03-11,11.9762,11.9762,11.9762,11.9762,0
2009-03-12,12.9549,12.9549,12.9549,12.9549,0
2009-03-13,12.6781,12.6781,12.6781,12.6781,0
2009-03-16,11.6797,11.6797,11.6797,11.6797,0
2009-03-17,12.5644,12.5644,12.5644,12.5644,0
2009-03-18,13.2515,13.2515,13.2515,13.2515,0
2009-03-19,12.4409,12.4409,12.4409,12.4409,0
2009-03-20,11.3683,11.3683,11.3683,11.3683,0
2009-03-23,13.207,13.207,13.207,13.207,0
2009-03-24,12.1888,12.1888,12.1888,12.1888,0
2009-03-25,12.3894,12.3894,12.3894,12.3894,0
2009-03-26,12.6666,12.6666,12.6666,12.6666,0
2009-03-27,12.1021,12.1021,12.1021,12.1021,0
2009-03-30,11.4418,11.4418,11.4418,11.4418,0
2009-03-31,12.2382,12.2382,12.2382,12.2382,0
2009-04-01,12.1727,12.1727,12.1727,12.1727,0
2009-04-02,13.0547,13.0547,13.0547,13.0547,0
2009-04-03,14.1787,14.1787,14.1787,14.1787,0
2009-04-06,14.0175,14.0175,14.0175,14.0175,0
2009-04-07,12.969,12.969,12.969,12.969,0
2009-04-08,13.1606,13.1606,13.1606,13.1606,0
2009-04-09,14.9247,14.9247,14.9247,14.9247,0
2009-04-13,14.9701,14.9701,14.9701,14.9701,0
2009-04-14,13.6999,13.6999,13.6999,13.6999,0
2009-04-15,14.8894,14.8894,14.8894,14.8894,0
2009-04-16,15.3884,15.3884,15.3884,15.3884,0
2009-04-17,15.6657,15.6657,15.6657,15.6657,0
2009-04-20,14.0527,14.0527,14.0527,14.0527,0
2009-04-21,15.2977,15.2977,15.2977,15.2977,0
2009-04-22,14.7634,14.7634,14.7634,14.7634,0
2009-04-23,15.4288,15.4288,15.4288,15.4288,0
2009-04-24,16.1596,16.1596,16.1596,16.1596,0
2009-04-27,15.1919,15.1919,15.1919,15.1919,0
2009-04-28,15.3935,15.3935,15.3935,15.3935,0
2009-04-29,16.0639,16.0639,16.0639,16.0639,0
2009-04-30,15.9933,15.9933,15.9933,15.9933,0
2009-05-01,15.4691,15.4691,15.4691,15.4691,0
2009-05-04,16.7443,16.7443,16.7443,16.7443,0
2009-05-05,16.1193,16.1193,16.1193,16.1193,0
2009-05-06,16.7342,16.7342,16.7342,16.7342,0
2009-05-07,15.7766,15.7766,15.7766,15.7766,0
2009-05-08,16.83,16.83,16.83,16.83,0
2009-05-11,16.1899,16.1899,16.1899,16.1899,0
2009-05-12,16.1445,16.1445,16.1445,16.1445,0
2009-05-13,15.086,15.086,15.086,15.086,0
2009-05-14,15.4439,15.4439,15.4439,15.4439,0
2009-05-15,14.9247,14.9247,14.9247,14.9247,0
2009-05-18,16.1244,16.1244,16.1244,16.1244,0
2009-05-19,15.8169,15.8169,15.8169,15.8169,0
2009-05-20,15.6909,15.6909,15.6909,15.6909,0
2009-05-21,15.7362,15.7362,15.7362,15.7362,0
2009-05-22,15.3481,15.3481,15.3481,15.3481,0
2009-05-26,16.2604,16.2604,16.2604,16.2604,0
2009-05-27,15.6707,15.6707,15.6707,15.6707,0
2009-05-28,15.8875,15.8875,15.8875,15.8875,0
2009-05-29,16.4117,16.4117,16.4117,16.4117,0
2009-06-01,17.2534,17.2534,17.2534,17.2534,0
2009-06-02,16.8955,16.8955,16.8955,16.8955,0
2009-06-03,16.8653,16.8653,16.8653,16.8653,0
2009-06-04,17.4046,17.4046,17.4046,17.4046,0
2009-06-05,17.3593,17.3593,17.3593,17.3593,0
2009-06-08,17.0417,17.0417,17.0417,17.0417,0
2009-06-09,17.0417,17.0417,17.0417,17.0417,0
2009-06-10,16.7443,16.7443,16.7443,16.7443,0
2009-06-11,16.4016,16.4016,16.4016,16.4016,0
2009-06-12,16.9964,16.9964,16.9964,16.9964,0
2009-06-15,16.1899,16.1899,16.1899,16.1899,0
2009-06-16,15.8925,15.8925,15.8925,15.8925,0
2009-06-17,15.5901,15.5901,15.5901,15.5901,0
2009-06-18,15.6959,15.6959,15.6959,15.6959,0
2009-06-19,15.8522,15.8522,15.8522,15.8522,0
2009-06-22,15.0255,15.0255,15.0255,15.0255,0
2009-06-23,15.1364,15.1364,15.1364,15.1364,0
2009-06-24,15.4669,15.4669,15.4669,15.4669,0
2009-06-25,15.6718,15.6718,15.6718,15.6718,0
2009-06-26,15.805,15.805,15.805,15.805,0
2009-06-29,15.7948,15.7948,15.7948,15.7948,0
2009-06-30,15.887,15.887,15.887,15.887,0
2009-07-01,16.1636,16.1636,16.1636,16.1636,0
2009-07-02,15.3081,15.3081,15.3081,15.3081,0
2009-07-06,15.6923,15.6923,15.6923,15.6923,0
2009-07-07,15.0826,15.0826,15.0826,15.0826,0
2009-07-08,14.9392,14.9392,14.9392,14.9392,0
2009-07-09,14.6574,14.6574,14.6574,14.6574,0
2009-07-10,14.6369,14.6369,14.6369,14.6369,0
2009-07-13,15.1902,15.1902,15.1902,15.1902,0
2009-07-14,15.3747,15.3747,15.3747,15.3747,0
2009-07-15,15.9433,15.9433,15.9433,15.9433,0
2009-07-16,16.1278,16.1278,16.1278,16.1278,0
2009-07-17,15.6974,15.6974,15.6974,15.6974,0
2009-07-20,16.2507,16.2507,16.2507,16.2507,0
2009-07-21,16.2046,16.2046,16.2046,16.2046,0
2009-07-22,16.2251,16.2251,16.2251,16.2251,0
2009-07-23,16.8706,16.8706,16.8706,16.8706,0
2009-07-24,16.9885,16.9885,16.9885,16.9885,0
2009-07-27,17.2344,17.2344,17.2344,17.2344,0
2009-07-28,17.219,17.219,17.219,17.219,0
2009-07-29,17.0038,17.0038,17.0038,17.0038,0
2009-07-30,17.6135,17.6135,17.6135,17.6135,0
2009-07-31,17.5981,17.5981,17.5981,17.5981,0
2009-08-03,17.9158,17.9158,17.9158,17.9158,0
2009-08-04,18.8943,18.8943,18.8943,18.8943,0
2009-08-05,19.6166,19.6166,19.6166,19.6166,0
2009-08-06,19.4681,19.4681,19.4681,19.4681,0
2009-08-07,20.5542,20.5542,20.5542,20.5542,0
2009-08-10,20.1136,20.1136,20.1136,20.1136,0
2009-08-11,19.5296,19.5296,19.5296,19.5296,0
2009-08-12,19.673,19.673,19.673,19.673,0
2009-08-13,19.7755,19.7755,19.7755,19.7755,0
2009-08-14,19.6115,19.6115,19.6115,19.6115,0
2009-08-17,18.5664,18.5664,18.5664,18.5664,0
2009-08-18,18.7508,18.7508,18.7508,18.7508,0
2009-08-19,18.6023,18.6023,18.6023,18.6023,0
2009-08-20,19.3451,19.3451,19.3451,19.3451,0
2009-08-21,19.8523,19.8523,19.8523,19.8523,0
2009-08-24,19.7857,19.7857,19.7857,19.7857,0
2009-08-25,20.006,20.006,20.006,20.006,0
2009-08-26,20.0675,20.0675,20.0675,20.0675,0
2009-08-27,20.2622,20.2622,20.2622,20.2622,0
2009-08-28,20.4415,20.4415,20.4415,20.4415,0
2009-08-31,20.1187,20.1187,20.1187,20.1187,0
2009-09-01,19.0429,19.0429,19.0429,19.0429,0
2009-09-02,18.6586,18.6586,18.6586,18.6586,0
2009-09-03,19.0326,19.0326,19.0326,19.0326,0
2009-09-04,19.2529,19.2529,19.2529,19.2529,0
2009-09-08,19.924,19.924,19.924,19.924,0
2009-09-09,20.3134,20.3134,20.3134,20.3134,0
2009-09-10,20.6157,20.6157,20.6157,20.6157,0
2009-09-11,20.5798,20.5798,20.5798,20.5798,0
2009-09-14,21.1895,21.1895,21.1895,21.1895,0
2009-09-15,21.5276,21.5276,21.5276,21.5276,0
2009-09-16,22.4036,22.4036,22.4036,22.4036,0
2009-09-17,22.3063,22.3063,22.3063,22.3063,0
2009-09-18,22.3371,22.3371,22.3371,22.3371,0
2009-09-21,21.9887,21.9887,21.9887,21.9887,0
2009-09-22,22.6854,22.6854,22.6854,22.6854,0
2009-09-23,21.8657,21.8657,21.8657,21.8657,0
2009-09-24,21.0674,21.0674,21.0674,21.0674,0
2009-09-25,21.1347,21.1347,21.1347,21.1347,0
2009-09-28,22.009,22.009,22.009,22.009,0
2009-09-29,21.652,21.652,21.652,21.652,0
2009-09-30,21.4451,21.4451,21.4451,21.4451,0
2009-10-01,20.4828,20.4828,20.4828,20.4828,0
2009-10-02,20.3379,20.3379,20.3379,20.3379,0
2009-10-05,20.8967,20.8967,20.8967,20.8967,0
2009-10-06,20.8398,20.8398,20.8398,20.8398,0
2009-10-07,20.8242,20.8242,20.8242,20.8242,0
2009-10-08,21.2226,21.2226,21.2226,21.2226,0
2009-10-09,21.4037,21.4037,21.4037,21.4037,0
2009-10-12,21.3727,21.3727,21.3727,21.3727,0
2009-10-13,21.0726,21.0726,21.0726,21.0726,0
2009-10-14,21.8435,21.8435,21.8435,21.8435,0
2009-10-15,21.6572,21.6572,21.6572,21.6572,0
2009-10-16,21.0881,21.0881,21.0881,21.0881,0
2009-10-19,21.5434,21.5434,21.5434,21.5434,0
2009-10-20,21.145,21.145,21.145,21.145,0
2009-10-21,20.876,20.876,20.876,20.876,0
2009-10-22,21.4244,21.4244,21.4244,21.4244,0
2009-10-23,21.1709,21.1709,21.1709,21.1709,0
2009-10-26,21.1192,21.1192,21.1192,21.1192,0
2009-10-27,20.8139,20.8139,20.8139,20.8139,0
2009-10-28,19.9395,19.9395,19.9395,19.9395,0
2009-10-29,20.8501,20.8501,20.8501,20.8501,0
2009-10-30,20.488,20.488,20.488,20.488,0
2009-11-02,20.4828,20.4828,20.4828,20.4828,0
2009-11-03,20.7829,20.7829,20.7829,20.7829,0
2009-11-04,20.3379,20.3379,20.3379,20.3379,0
2009-11-05,20.7984,20.7984,20.7984,20.7984,0
2009-11-06,20.4569,20.4569,20.4569,20.4569,0
2009-11-09,21.4658,21.4658,21.4658,21.4658,0
2009-11-10,21.3054,21.3054,21.3054,21.3054,0
2009-11-11,21.7038,21.7038,21.7038,21.7038,0
2009-11-12,21.4813,21.4813,21.4813,21.4813,0
2009-11-13,21.771,21.771,21.771,21.771,0
2009-11-16,22.2988,22.2988,22.2988,22.2988,0
2009-11-17,21.9107,21.9107,21.9107,21.9107,0
2009-11-18,22.3091,22.3091,22.3091,22.3091,0
2009-11-19,21.7969,21.7969,21.7969,21.7969,0
2009-11-20,21.6417,21.6417,21.6417,21.6417,0
2009-11-23,21.9159,21.9159,21.9159,21.9159,0
2009-11-24,21.59,21.59,21.59,21.59,0
2009-11-25,21.6779,21.6779,21.6779,21.6779,0
2009-11-27,21.0467,21.0467,21.0467,21.0467,0
2009-11-30,21.8331,21.8331,21.8331,21.8331,0
2009-12-01,22.1539,22.1539,22.1539,22.1539,0
2009-12-02,22.5161,22.5161,22.5161,22.5161,0
2009-12-03,22.2625,22.2625,22.2625,22.2625,0
2009-12-04,22.9196,22.9196,22.9196,22.9196,0
2009-12-07,22.4385,22.4385,22.4385,22.4385,0
2009-12-08,22.3091,22.3091,22.3091,22.3091,0
2009-12-09,22.2625,22.2625,22.2625,22.2625,0
2009-12-10,22.1746,22.1746,22.1746,22.1746,0
2009-12-11,22.5316,22.5316,22.5316,22.5316,0
2009-12-14,22.9403,22.9403,22.9403,22.9403,0
2009-12-15,22.7127,22.7127,22.7127,22.7127,0
2009-12-16,22.8782,22.8782,22.8782,22.8782,0
2009-12-17,22.7385,22.7385,22.7385,22.7385,0
2009-12-18,22.8886,22.8886,22.8886,22.8886,0
2009-12-21,23.199,23.199,23.199,23.199,0
2009-12-22,23.4422,23.4422,23.4422,23.4422,0
2009-12-23,23.7215,23.7215,23.7215,23.7215,0
2009-12-24,24.0643,24.0643,24.0643,24.0643,0
2009-12-28,24.1796,24.1796,24.1796,24.1796,0
2009-12-29,23.818,23.818,23.818,23.818,0
2009-12-30,23.8547,23.8547,23.8547,23.8547,0
2009-12-31,23.4459,23.4459,23.4459,23.4459,0
2010-01-04,23.3463,23.3463,23.3463,23.3463,0
2010-01-05,23.3201,23.3201,23.3201,23.3201,0
2010-01-06,23.2782,23.2782,23.2782,23.2782,0
2010-01-07,23.5297,23.5297,23.5297,23.5297,0
2010-01-08,23.3568,23.3568,23.3568,23.3568,0
2010-01-11,23.4931,23.4931,23.4931,23.4931,0
2010-01-12,23.1,23.1,23.1,23.1,0
2010-01-13,23.5664,23.5664,23.5664,23.5664,0
2010-01-14,23.5455,23.5455,23.5455,23.5455,0
2010-01-15,23.3673,23.3673,23.3673,23.3673,0
2010-01-19,23.8442,23.8442,23.8442,23.8442,0
2010-01-20,23.5769,23.5769,23.5769,23.5769,0
2010-01-21,22.9009,22.9009,22.9009,22.9009,0
2010-01-22,22.3244,22.3244,22.3244,22.3244,0
2010-01-25,22.4816,22.4816,22.4816,22.4816,0
2010-01-26,22.272,22.272,22.272,22.272,0
2010-01-27,22.4712,22.4712,22.4712,22.4712,0
2010-01-28,22.2773,22.2773,22.2773,22.2773,0
2010-01-29,22.1515,22.1515,22.1515,22.1515,0
2010-02-01,22.555,22.555,22.555,22.555,0
2010-02-02,22.8642,22.8642,22.8642,22.8642,0
2010-02-03,22.4921,22.4921,22.4921,22.4921,0
2010-02-04,21.6589,21.6589,21.6589,21.6589,0
2010-02-05,22.0572,22.0572,22.0572,22.0572,0
2010-02-08,21.575,21.575,21.575,21.575,0
2010-02-09,21.5069,21.5069,21.5069,21.5069,0
2010-02-10,21.5488,21.5488,21.5488,21.5488,0
2010-02-11,21.7532,21.7532,21.7532,21.7532,0
2010-02-12,22.01,22.01,22.01,22.01,0
2010-02-16,22.6336,22.6336,22.6336,22.6336,0
2010-02-17,22.838,22.838,22.838,22.838,0
2010-02-18,23.1786,23.1786,23.1786,23.1786,0
2010-02-19,23.1943,23.1943,23.1943,23.1943,0
2010-02-22,23.252,23.252,23.252,23.252,0
2010-02-23,23.0738,23.0738,23.0738,23.0738,0
2010-02-24,23.3096,23.3096,23.3096,23.3096,0
2010-02-25,23.3987,23.3987,23.3987,23.3987,0
2010-02-26,23.3882,23.3882,23.3882,23.3882,0
2010-03-01,23.5874,23.5874,23.5874,23.5874,0
2010-03-02,23.5979,23.5979,23.5979,23.5979,0
2010-03-03,23.535,23.535,23.535,23.535,0
2010-03-04,23.6817,23.6817,23.6817,23.6817,0
2010-03-05,24.3263,24.3263,24.3263,24.3263,0
2010-03-08,24.5726,24.5726,24.5726,24.5726,0
2010-03-09,24.6302,24.6302,24.6302,24.6302,0
2010-03-10,24.8503,24.8503,24.8503,24.8503,0
2010-03-11,24.9971,24.9971,24.9971,24.9971,0
2010-03-12,25.1962,25.1962,25.1962,25.1962,0
2010-03-15,25.1386,25.1386,25.1386,25.1386,0
2010-03-16,25.7465,25.7465,25.7465,25.7465,0
2010-03-17,26.129,26.129,26.129,26.129,0
2010-03-18,25.9875,25.9875,25.9875,25.9875,0
2010-03-19,25.7045,25.7045,25.7045,25.7045,0
2010-03-22,26.0294,26.0294,26.0294,26.0294,0
2010-03-23,25.9561,25.9561,25.9561,25.9561,0
2010-03-24,26.0976,26.0976,26.0976,26.0976,0
2010-03-25,26.1615,26.1615,26.1615,26.1615,0
2010-03-26,26.0242,26.0242,26.0242,26.0242,0
2010-03-29,26.1034,26.1034,26.1034,26.1034,0
2010-03-30,26.0664,26.0664,26.0664,26.0664,0
2010-03-31,25.7708,25.7708,25.7708,25.7708,0
2010-04-01,25.9028,25.9028,25.9028,25.9028,0
2010-04-05,26.473,26.473,26.473,26.473,0
2010-04-06,27.0801,27.0801,27.0801,27.0801,0
2010-04-07,26.4835,26.4835,26.4835,26.4835,0
2010-04-08,26.5152,26.5152,26.5152,26.5152,0
2010-04-09,26.8901,26.8901,26.8901,26.8901,0
2010-04-12,26.7211,26.7211,26.7211,26.7211,0
2010-04-13,27.3758,27.3758,27.3758,27.3758,0
2010-04-14,27.4181,27.4181,27.4181,27.4181,0
2010-04-15,26.6683,26.6683,26.6683,26.6683,0
2010-04-16,26.0559,26.0559,26.0559,26.0559,0
2010-04-19,26.172,26.172,26.172,26.172,0
2010-04-20,26.6155,26.6155,26.6155,26.6155,0
2010-04-21,27.0801,27.0801,27.0801,27.0801,0
2010-04-22,27.4973,27.4973,27.4973,27.4973,0
2010-04-23,27.8616,27.8616,27.8616,27.8616,0
2010-04-26,28.0833,28.0833,28.0833,28.0833,0
2010-04-27,27.1857,27.1857,27.1857,27.1857,0
2010-04-28,27.2702,27.2702,27.2702,27.2702,0
2010-04-29,28.5004,28.5004,28.5004,28.5004,0
2010-04-30,27.6134,27.6134,27.6134,27.6134,0
2010-05-03,28.5321,28.5321,28.5321,28.5321,0
2010-05-04,27.8827,27.8827,27.8827,27.8827,0
2010-05-05,27.5078,27.5078,27.5078,27.5078,0
2010-05-06,26.3779,26.3779,26.3779,26.3779,0
2010-05-07,25.9344,25.9344,25.9344,25.9344,0
2010-05-10,27.6451,27.6451,27.6451,27.6451,0
2010-05-11,27.8088,27.8088,27.8088,27.8088,0
2010-05-12,28.2576,28.2576,28.2576,28.2576,0
2010-05-13,27.7982,27.7982,27.7982,27.7982,0
2010-05-14,26.9165,26.9165,26.9165,26.9165,0
2010-05-17,26.9534,26.9534,26.9534,26.9534,0
2010-05-18,26.2723,26.2723,26.2723,26.2723,0
2010-05-19,26.0295,26.0295,26.0295,26.0295,0
2010-05-20,24.6937,24.6937,24.6937,24.6937,0
2010-05-21,25.5226,25.5226,25.5226,25.5226,0
2010-05-24,24.9524,24.9524,24.9524,24.9524,0
2010-05-25,25.153,25.153,25.153,25.153,0
2010-05-26,25.1002,25.1002,25.1002,25.1002,0
2010-05-27,26.4783,26.4783,26.4783,26.4783,0
2010-05-28,26.1403,26.1403,26.1403,26.1403,0
2010-06-01,25.5965,25.5965,25.5965,25.5965,0
2010-06-02,26.0981,26.0981,26.0981,26.0981,0
2010-06-03,26.0242,26.0242,26.0242,26.0242,0
2010-06-04,24.5511,24.5511,24.5511,24.5511,0
2010-06-07,24.4191,24.4191,24.4191,24.4191,0
2010-06-08,24.8573,24.8573,24.8573,24.8573,0
2010-06-09,25.0052,25.0052,25.0052,25.0052,0
2010-06-10,26.0875,26.0875,26.0875,26.0875,0
2010-06-11,26.399,26.399,26.399,26.399,0
2010-06-14,26.7264,26.7264,26.7264,26.7264,0
2010-06-15,27.323,27.323,27.323,27.323,0
2010-06-16,27.0749,27.0749,27.0749,27.0749,0
2010-06-17,27.1329,27.1329,27.1329,27.1329,0
2010-06-18,27.0485,27.0485,27.0485,27.0485,0
2010-06-21,26.8373,26.8373,26.8373,26.8373,0
2010-06-22,26.04,26.04,26.04,26.04,0
2010-06-23,26.1087,26.1087,26.1087,26.1087,0
2010-06-24,25.556,25.556,25.556,25.556,0
2010-06-25,26.2009,26.2009,26.2009,26.2009,0
2010-06-28,25.8917,25.8917,25.8917,25.8917,0
2010-06-29,25.0443,25.0443,25.0443,25.0443,0
2010-06-30,24.7778,24.7778,24.7778,24.7778,0
2010-07-01,24.6926,24.6926,24.6926,24.6926,0
2010-07-02,24.2182,24.2182,24.2182,24.2182,0
2010-07-06,23.6799,23.6799,23.6799,23.6799,0
2010-07-07,24.8311,24.8311,24.8311,24.8311,0
2010-07-08,25.1403,25.1403,25.1403,25.1403,0
2010-07-09,25.46,25.46,25.46,25.46,0
2010-07-12,25.54,25.54,25.54,25.54,0
2010-07-13,26.1689,26.1689,26.1689,26.1689,0
2010-07-14,26.0143,26.0143,26.0143,26.0143,0
2010-07-15,25.9291,25.9291,25.9291,25.9291,0
2010-07-16,25.087,25.087,25.087,25.087,0
2010-07-19,25.3961,25.3961,25.3961,25.3961,0
2010-07-20,25.8704,25.8704,25.8704,25.8704,0
2010-07-21,25.3321,25.3321,25.3321,25.3321,0
2010-07-22,26.2808,26.2808,26.2808,26.2808,0
2010-07-23,26.6166,26.6166,26.6166,26.6166,0
2010-07-26,27.2828,27.2828,27.2828,27.2828,0
2010-07-27,27.2775,27.2775,27.2775,27.2775,0
2010-07-28,27.2242,27.2242,27.2242,27.2242,0
2010-07-29,26.995,26.995,26.995,26.995,0
2010-07-30,27.1549,27.1549,27.1549,27.1549,0
2010-08-02,28.0663,28.0663,28.0663,28.0663,0
2010-08-03,27.7944,27.7944,27.7944,27.7944,0
2010-08-04,27.9916,27.9916,27.9916,27.9916,0
2010-08-05,27.6399,27.6399,27.6399,27.6399,0
2010-08-06,27.512,27.512,27.512,27.512,0
2010-08-09,27.8264,27.8264,27.8264,27.8264,0
2010-08-10,27.5546,27.5546,27.5546,27.5546,0
2010-08-11,26.8671,26.8671,26.8671,26.8671,0
2010-08-12,26.5313,26.5313,26.5313,26.5313,0
2010-08-13,26.5313,26.5313,26.5313,26.5313,0
2010-08-16,26.51,26.51,26.51,26.51,0
2010-08-17,27.1176,27.1176,27.1176,27.1176,0
2010-08-18,27.1442,27.1442,27.1442,27.1442,0
2010-08-19,26.4514,26.4514,26.4514,26.4514,0
2010-08-20,26.3661,26.3661,26.3661,26.3661,0
2010-08-23,26.2275,26.2275,26.2275,26.2275,0
2010-08-24,26.1209,26.1209,26.1209,26.1209,0
2010-08-25,26.5366,26.5366,26.5366,26.5366,0
2010-08-26,26.3767,26.3767,26.3767,26.3767,0
2010-08-27,26.8138,26.8138,26.8138,26.8138,0
2010-08-30,26.6059,26.6059,26.6059,26.6059,0
2010-08-31,26.8085,26.8085,26.8085,26.8085,0
2010-09-01,27.6825,27.6825,27.6825,27.6825,0
2010-09-02,28.0343,28.0343,28.0343,28.0343,0
2010-09-03,28.4447,28.4447,28.4447,28.4447,0
2010-09-07,28.0076,28.0076,28.0076,28.0076,0
2010-09-08,28.0663,28.0663,28.0663,28.0663,0
2010-09-09,27.7411,27.7411,27.7411,27.7411,0
2010-09-10,27.8904,27.8904,27.8904,27.8904,0
2010-09-13,28.3487,28.3487,28.3487,28.3487,0
2010-09-14,28.2421,28.2421,28.2421,28.2421,0
2010-09-15,28.4873,28.4873,28.4873,28.4873,0
2010-09-16,28.3381,28.3381,28.3381,28.3381,0
2010-09-17,28.4234,28.4234,28.4234,28.4234,0
2010-09-20,29.1162,29.1162,29.1162,29.1162,0
2010-09-21,28.6898,28.6898,28.6898,28.6898,0
2010-09-22,28.3008,28.3008,28.3008,28.3008,0
2010-09-23,27.6026,27.6026,27.6026,27.6026,0
2010-09-24,28.3834,28.3834,28.3834,28.3834,0
2010-09-27,28.0339,28.0339,28.0339,28.0339,0
2010-09-28,28.1468,28.1468,28.1468,28.1468,0
2010-09-29,27.9263,27.9263,27.9263,27.9263,0
2010-09-30,28.007,28.007,28.007,28.007,0
2010-10-01,28.1468,28.1468,28.1468,28.1468,0
2010-10-04,28.4049,28.4049,28.4049,28.4049,0
2010-10-05,28.8567,28.8567,28.8567,28.8567,0
2010-10-06,28.7007,28.7007,28.7007,28.7007,0
2010-10-07,28.7814,28.7814,28.7814,28.7814,0
2010-10-08,28.862,28.862,28.862,28.862,0
2010-10-11,28.8567,28.8567,28.8567,28.8567,0
2010-10-12,29.061,29.061,29.061,29.061,0
2010-10-13,29.3622,29.3622,29.3622,29.3622,0
2010-10-14,29.2869,29.2869,29.2869,29.2869,0
2010-10-15,29.2492,29.2492,29.2492,29.2492,0
2010-10-18,29.6257,29.6257,29.6257,29.6257,0
2010-10-19,29.26,29.26,29.26,29.26,0
2010-10-20,29.8999,29.8999,29.8999,29.8999,0
2010-10-21,29.8677,29.8677,29.8677,29.8677,0
2010-10-22,29.8838,29.8838,29.8838,29.8838,0
2010-10-25,29.9376,29.9376,29.9376,29.9376,0
2010-10-26,29.7225,29.7225,29.7225,29.7225,0
2010-10-27,29.5127,29.5127,29.5127,29.5127,0
2010-10-28,29.3299,29.3299,29.3299,29.3299,0
2010-10-29,29.3353,29.3353,29.3353,29.3353,0
2010-11-01,29.588,29.588,29.588,29.588,0
2010-11-02,29.7924,29.7924,29.7924,29.7924,0
2010-11-03,29.7924,29.7924,29.7924,29.7924,0
2010-11-04,30.4807,30.4807,30.4807,30.4807,0
2010-11-05,30.8088,30.8088,30.8088,30.8088,0
2010-11-08,30.6421,30.6421,30.6421,30.6421,0
2010-11-09,29.3998,29.3998,29.3998,29.3998,0
2010-11-10,29.7655,29.7655,29.7655,29.7655,0
2010-11-11,29.5289,29.5289,29.5289,29.5289,0
2010-11-12,29.2546,29.2546,29.2546,29.2546,0
2010-11-15,28.975,28.975,28.975,28.975,0
2010-11-16,27.9801,27.9801,27.9801,27.9801,0
2010-11-17,28.1952,28.1952,28.1952,28.1952,0
2010-11-18,28.448,28.448,28.448,28.448,0
2010-11-19,28.5985,28.5985,28.5985,28.5985,0
2010-11-22,28.6738,28.6738,28.6738,28.6738,0
2010-11-23,28.448,28.448,28.448,28.448,0
2010-11-24,28.9965,28.9965,28.9965,28.9965,0
2010-11-26,28.9373,28.9373,28.9373,28.9373,0
2010-11-29,28.9212,28.9212,28.9212,28.9212,0
2010-11-30,28.7921,28.7921,28.7921,28.7921,0
2010-12-01,28.9588,28.9588,28.9588,28.9588,0
2010-12-02,29.4052,29.4052,29.4052,29.4052,0
2010-12-03,29.3998,29.3998,29.3998,29.3998,0
2010-12-06,29.459,29.459,29.459,29.459,0
2010-12-07,29.5235,29.5235,29.5235,29.5235,0
2010-12-08,29.0879,29.0879,29.0879,29.0879,0
2010-12-09,28.8298,28.8298,28.8298,28.8298,0
2010-12-10,29.018,29.018,29.018,29.018,0
2010-12-13,29.0664,29.0664,29.0664,29.0664,0
2010-12-14,28.7814,28.7814,28.7814,28.7814,0
2010-12-15,28.5071,28.5071,28.5071,28.5071,0
2010-12-16,28.5555,28.5555,28.5555,28.5555,0
2010-12-17,28.7921,28.7921,28.7921,28.7921,0
2010-12-20,29.1363,29.1363,29.1363,29.1363,0
2010-12-21,29.4428,29.4428,29.4428,29.4428,0
2010-12-22,29.6687,29.6687,29.6687,29.6687,0
2010-12-23,29.5342,29.5342,29.5342,29.5342,0
2010-12-27,29.9012,29.9012,29.9012,29.9012,0
2010-12-28,30.0208,30.0208,30.0208,30.0208,0
2010-12-29,30.0806,30.0806,30.0806,30.0806,0
2010-12-30,30.1622,30.1622,30.1622,30.1622,0
2010-12-31,30.1024,30.1024,30.1024,30.1024,0
2011-01-03,30.6623,30.6623,30.6623,30.6623,0
2011-01-04,30.0752,30.0752,30.0752,30.0752,0
2011-01-05,30.1839,30.1839,30.1839,30.1839,0
2011-01-06,29.9012,29.9012,29.9012,29.9012,0
2011-01-07,29.9121,29.9121,29.9121,29.9121,0
2011-01-10,29.9066,29.9066,29.9066,29.9066,0
2011-01-11,29.8414,29.8414,29.8414,29.8414,0
2011-01-12,29.9664,29.9664,29.9664,29.9664,0
2011-01-13,30.0643,30.0643,30.0643,30.0643,0
2011-01-14,30.2655,30.2655,30.2655,30.2655,0
2011-01-18,30.5264,30.5264,30.5264,30.5264,0
2011-01-19,30.1241,30.1241,30.1241,30.1241,0
2011-01-20,30.1296,30.1296,30.1296,30.1296,0
2011-01-21,30.1513,30.1513,30.1513,30.1513,0
2011-01-24,30.3035,30.3035,30.3035,30.3035,0
2011-01-25,30.6569,30.6569,30.6569,30.6569,0
2011-01-26,30.7058,30.7058,30.7058,30.7058,0
2011-01-27,31.1897,31.1897,31.1897,31.1897,0
2011-01-28,30.6732,30.6732,30.6732,30.6732,0
2011-01-31,31.0809,31.0809,31.0809,31.0809,0
2011-02-01,31.1571,31.1571,31.1571,31.1571,0
2011-02-02,31.1571,31.1571,31.1571,31.1571,0
2011-02-03,31.2441,31.2441,31.2441,31.2441,0
2011-02-04,31.0157,31.0157,31.0157,31.0157,0
2011-02-07,31.3202,31.3202,31.3202,31.3202,0
2011-02-08,31.4561,31.4561,31.4561,31.4561,0
2011-02-09,31.4778,31.4778,31.4778,31.4778,0
2011-02-10,31.6083,31.6083,31.6083,31.6083,0
2011-02-11,31.8149,31.8149,31.8149,31.8149,0
2011-02-14,31.8203,31.8203,31.8203,31.8203,0
2011-02-15,31.7007,31.7007,31.7007,31.7007,0
2011-02-16,31.7714,31.7714,31.7714,31.7714,0
2011-02-17,31.804,31.804,31.804,31.804,0
2011-02-18,31.9291,31.9291,31.9291,31.9291,0
2011-02-22,31.6518,31.6518,31.6518,31.6518,0
2011-02-23,31.3854,31.3854,31.3854,31.3854,0
2011-02-24,31.1462,31.1462,31.1462,31.1462,0
2011-02-25,31.7551,31.7551,31.7551,31.7551,0
2011-02-28,32.5434,32.5434,32.5434,32.5434,0
2011-03-01,31.5757,31.5757,31.5757,31.5757,0
2011-03-02,31.2875,31.2875,31.2875,31.2875,0
2011-03-03,31.7388,31.7388,31.7388,31.7388,0
2011-03-04,31.4343,31.4343,31.4343,31.4343,0
2011-03-07,31.206,31.206,31.206,31.206,0
2011-03-08,31.6464,31.6464,31.6464,31.6464,0
2011-03-09,31.6137,31.6137,31.6137,31.6137,0
2011-03-10,31.1299,31.1299,31.1299,31.1299,0
2011-03-11,31.4452,31.4452,31.4452,31.4452,0
2011-03-14,31.1299,31.1299,31.1299,31.1299,0
2011-03-15,30.9668,30.9668,30.9668,30.9668,0
2011-03-16,30.5101,30.5101,30.5101,30.5101,0
2011-03-17,30.7439,30.7439,30.7439,30.7439,0
2011-03-18,31.0538,31.0538,31.0538,31.0538,0
2011-03-21,31.3908,31.3908,31.3908,31.3908,0
2011-03-22,31.1897,31.1897,31.1897,31.1897,0
2011-03-23,30.8472,30.8472,30.8472,30.8472,0
2011-03-24,30.9776,30.9776,30.9776,30.9776,0
2011-03-25,31.2197,31.2197,31.2197,31.2197,0
2011-03-28,31.1814,31.1814,31.1814,31.1814,0
2011-03-29,31.3073,31.3073,31.3073,31.3073,0
2011-03-30,31.7619,31.7619,31.7619,31.7619,0
2011-03-31,32.0192,32.0192,32.0192,32.0192,0
2011-04-01,32.0685,32.0685,32.0685,32.0685,0
2011-04-04,32.0466,32.0466,32.0466,32.0466,0
2011-04-05,32.0795,32.0795,32.0795,32.0795,0
2011-04-06,32.0959,32.0959,32.0959,32.0959,0
2011-04-07,31.7399,31.7399,31.7399,31.7399,0
2011-04-08,31.5099,31.5099,31.5099,31.5099,0
2011-04-11,31.5318,31.5318,31.5318,31.5318,0
2011-04-12,31.4771,31.4771,31.4771,31.4771,0
2011-04-13,31.4278,31.4278,31.4278,31.4278,0
2011-04-14,31.8823,31.8823,31.8823,31.8823,0
2011-04-15,32.293,32.293,32.293,32.293,0
2011-04-18,32.0028,32.0028,32.0028,32.0028,0
2011-04-19,32.2547,32.2547,32.2547,32.2547,0
2011-04-20,32.6326,32.6326,32.6326,32.6326,0
2011-04-21,32.8516,32.8516,32.8516,32.8516,0
2011-04-25,33.0707,33.0707,33.0707,33.0707,0
2011-04-26,33.3609,33.3609,33.3609,33.3609,0
2011-04-27,33.6073,33.6073,33.6073,33.6073,0
2011-04-28,34.0564,34.0564,34.0564,34.0564,0
2011-04-29,33.8592,33.8592,33.8592,33.8592,0
2011-05-02,33.9085,33.9085,33.9085,33.9085,0
2011-05-03,33.6183,33.6183,33.6183,33.6183,0
2011-05-04,33.4266,33.4266,33.4266,33.4266,0
2011-05-05,33.4047,33.4047,33.4047,33.4047,0
2011-05-06,33.109,33.109,33.109,33.109,0
2011-05-09,33.2787,33.2787,33.2787,33.2787,0
2011-05-10,33.8045,33.8045,33.8045,33.8045,0
2011-05-11,33.4485,33.4485,33.4485,33.4485,0
2011-05-12,33.5033,33.5033,33.5033,33.5033,0
2011-05-13,33.1473,33.1473,33.1473,33.1473,0
2011-05-16,33.1966,33.1966,33.1966,33.1966,0
2011-05-17,33.1856,33.1856,33.1856,33.1856,0
2011-05-18,33.5087,33.5087,33.5087,33.5087,0
2011-05-19,33.6511,33.6511,33.6511,33.6511,0
2011-05-20,33.2404,33.2404,33.2404,33.2404,0
2011-05-23,32.9009,32.9009,32.9009,32.9009,0
2011-05-24,32.9995,32.9995,32.9995,32.9995,0
2011-05-25,33.1528,33.1528,33.1528,33.1528,0
2011-05-26,33.5964,33.5964,33.5964,33.5964,0
2011-05-27,33.788,33.788,33.788,33.788,0
2011-05-31,34.3247,34.3247,34.3247,34.3247,0
2011-06-01,33.339,33.339,33.339,33.339,0
2011-06-02,33.098,33.098,33.098,33.098,0
2011-06-03,33.2295,33.2295,33.2295,33.2295,0
2011-06-06,32.7421,32.7421,32.7421,32.7421,0
2011-06-07,33.0871,33.0871,33.0871,33.0871,0
2011-06-08,32.994,32.994,32.994,32.994,0
2011-06-09,32.638,32.638,32.638,32.638,0
2011-06-10,31.8166,31.8166,31.8166,31.8166,0
2011-06-13,31.948,31.948,31.948,31.948,0
2011-06-14,32.4245,32.4245,32.4245,32.4245,0
2011-06-15,31.9042,31.9042,31.9042,31.9042,0
2011-06-16,32.1561,32.1561,32.1561,32.1561,0
2011-06-17,32.4628,32.4628,32.4628,32.4628,0
2011-06-20,32.8571,32.8571,32.8571,32.8571,0
2011-06-21,33.1145,33.1145,33.1145,33.1145,0
2011-06-22,33.0159,33.0159,33.0159,33.0159,0
2011-06-23,32.3478,32.3478,32.3478,32.3478,0
2011-06-24,32.3528,32.3528,32.3528,32.3528,0
2011-06-27,32.4908,32.4908,32.4908,32.4908,0
2011-06-28,32.7615,32.7615,32.7615,32.7615,0
2011-06-29,33.1039,33.1039,33.1039,33.1039,0
2011-06-30,33.1922,33.1922,33.1922,33.1922,0
2011-07-01,33.7611,33.7611,33.7611,33.7611,0
2011-07-05,34.0207,34.0207,34.0207,34.0207,0
2011-07-06,34.2747,34.2747,34.2747,34.2747,0
2011-07-07,34.7055,34.7055,34.7055,34.7055,0
2011-07-08,34.6613,34.6613,34.6613,34.6613,0
2011-07-11,34.0593,34.0593,34.0593,34.0593,0
2011-07-12,34.1753,34.1753,34.1753,34.1753,0
2011-07-13,33.8384,33.8384,33.8384,33.8384,0
2011-07-14,33.5236,33.5236,33.5236,33.5236,0
2011-07-15,33.8936,33.8936,33.8936,33.8936,0
2011-07-18,33.6562,33.6562,33.6562,33.6562,0
2011-07-19,34.1974,34.1974,34.1974,34.1974,0
2011-07-20,34.4459,34.4459,34.4459,34.4459,0
2011-07-21,34.7221,34.7221,34.7221,34.7221,0
2011-07-22,34.8933,34.8933,34.8933,34.8933,0
2011-07-25,34.5674,34.5674,34.5674,34.5674,0
2011-07-26,34.6447,34.6447,34.6447,34.6447,0
2011-07-27,33.6727,33.6727,33.6727,33.6727,0
2011-07-28,33.7059,33.7059,33.7059,33.7059,0
2011-07-29,33.7114,33.7114,33.7114,33.7114,0
2011-08-01,33.2033,33.2033,33.2033,33.2033,0
2011-08-02,32.1429,32.1429,32.1429,32.1429,0
2011-08-03,31.8778,31.8778,31.8778,31.8778,0
2011-08-04,30.3204,30.3204,30.3204,30.3204,0
2011-08-05,29.5637,29.5637,29.5637,29.5637,0
2011-08-08,26.9956,26.9956,26.9956,26.9956,0
2011-08-09,29.4533,29.4533,29.4533,29.4533,0
2011-08-10,28.774,28.774,28.774,28.774,0
2011-08-11,30.2651,30.2651,30.2651,30.2651,0
2011-08-12,30.2596,30.2596,30.2596,30.2596,0
2011-08-15,31.3642,31.3642,31.3642,31.3642,0
2011-08-16,31.2703,31.2703,31.2703,31.2703,0
2011-08-17,31.3587,31.3587,31.3587,31.3587,0
2011-08-18,29.9614,29.9614,29.9614,29.9614,0
2011-08-19,29.387,29.387,29.387,29.387,0
2011-08-22,29.4201,29.4201,29.4201,29.4201,0
2011-08-23,30.1436,30.1436,30.1436,30.1436,0
2011-08-24,30.5413,30.5413,30.5413,30.5413,0
2011-08-25,29.9724,29.9724,29.9724,29.9724,0
2011-08-26,30.3369,30.3369,30.3369,30.3369,0
2011-08-29,31.3752,31.3752,31.3752,31.3752,0
2011-08-30,31.4636,31.4636,31.4636,31.4636,0
2011-08-31,31.817,31.817,31.817,31.817,0
2011-09-01,31.3587,31.3587,31.3587,31.3587,0
2011-09-02,30.6186,30.6186,30.6186,30.6186,0
2011-09-06,30.4861,30.4861,30.4861,30.4861,0
2011-09-07,31.6348,31.6348,31.6348,31.6348,0
2011-09-08,31.3918,31.3918,31.3918,31.3918,0
2011-09-09,30.4087,30.4087,30.4087,30.4087,0
2011-09-12,30.5081,30.5081,30.5081,30.5081,0
2011-09-13,30.5799,30.5799,30.5799,30.5799,0
2011-09-14,30.7788,30.7788,30.7788,30.7788,0
2011-09-15,31.2869,31.2869,31.2869,31.2869,0
2011-09-16,31.5906,31.5906,31.5906,31.5906,0
2011-09-19,30.9003,30.9003,30.9003,30.9003,0
2011-09-20,30.8837,30.8837,30.8837,30.8837,0
2011-09-21,29.2545,29.2545,29.2545,29.2545,0
2011-09-22,28.542,28.542,28.542,28.542,0
2011-09-23,28.7523,28.7523,28.7523,28.7523,0
2011-09-26,29.1537,29.1537,29.1537,29.1537,0
2011-09-27,29.4437,29.4437,29.4437,29.4437,0
2011-09-28,28.6965,28.6965,28.6965,28.6965,0
2011-09-29,29.1426,29.1426,29.1426,29.1426,0
2011-09-30,28.3675,28.3675,28.3675,28.3675,0
2011-10-03,27.0291,27.0291,27.0291,27.0291,0
2011-10-04,28.0942,28.0942,28.0942,28.0942,0
2011-10-05,27.8544,27.8544,27.8544,27.8544,0
2011-10-06,28.6184,28.6184,28.6184,28.6184,0
2011-10-07,27.821,27.821,27.821,27.821,0
2011-10-10,29.2095,29.2095,29.2095,29.2095,0
2011-10-11,28.6296,28.6296,28.6296,28.6296,0
2011-10-12,29.098,29.098,29.098,29.098,0
2011-10-13,28.9084,28.9084,28.9084,28.9084,0
2011-10-14,29.5776,29.5776,29.5776,29.5776,0
2011-10-17,28.9363,28.9363,28.9363,28.9363,0
2011-10-18,29.9568,29.9568,29.9568,29.9568,0
2011-10-19,29.611,29.611,29.611,29.611,0
2011-10-20,29.7783,29.7783,29.7783,29.7783,0
2011-10-21,30.7598,30.7598,30.7598,30.7598,0
2011-10-24,31.5237,31.5237,31.5237,31.5237,0
2011-10-25,31.0107,31.0107,31.0107,31.0107,0
2011-10-26,31.2393,31.2393,31.2393,31.2393,0
2011-10-27,32.7227,32.7227,32.7227,32.7227,0
2011-10-28,32.7896,32.7896,32.7896,32.7896,0
2011-10-31,32.4216,32.4216,32.4216,32.4216,0
2011-11-01,31.3787,31.3787,31.3787,31.3787,0
2011-11-02,31.981,31.981,31.981,31.981,0
2011-11-03,32.4216,32.4216,32.4216,32.4216,0
2011-11-04,32.1595,32.1595,32.1595,32.1595,0
2011-11-07,32.165,32.165,32.165,32.165,0
2011-11-08,32.5833,32.5833,32.5833,32.5833,0
2011-11-09,31.0944,31.0944,31.0944,31.0944,0
2011-11-10,31.0888,31.0888,31.0888,31.0888,0
2011-11-11,31.9253,31.9253,31.9253,31.9253,0
2011-11-14,31.3342,31.3342,31.3342,31.3342,0
2011-11-15,31.5683,31.5683,31.5683,31.5683,0
2011-11-16,31.2672,31.2672,31.2672,31.2672,0
2011-11-17,30.6929,30.6929,30.6929,30.6929,0
2011-11-18,30.888,30.888,30.888,30.888,0
2011-11-21,30.1073,30.1073,30.1073,30.1073,0
2011-11-22,29.9679,29.9679,29.9679,29.9679,0
2011-11-23,29.0645,29.0645,29.0645,29.0645,0
2011-11-25,29.1928,29.1928,29.1928,29.1928,0
2011-11-28,29.8452,29.8452,29.8452,29.8452,0
2011-11-29,29.8006,29.8006,29.8006,29.8006,0
2011-11-30,31.1892,31.1892,31.1892,31.1892,0
2011-12-01,30.9326,30.9326,30.9326,30.9326,0
2011-12-02,30.9048,30.9048,30.9048,30.9048,0
2011-12-05,31.1669,31.1669,31.1669,31.1669,0
2011-12-06,31.1167,31.1167,31.1167,31.1167,0
2011-12-07,31.4568,31.4568,31.4568,31.4568,0
2011-12-08,30.743,30.743,30.743,30.743,0
2011-12-09,31.4178,31.4178,31.4178,31.4178,0
2011-12-12,30.8601,30.8601,30.8601,30.8601,0
2011-12-13,30.4977,30.4977,30.4977,30.4977,0
2011-12-14,30.6761,30.6761,30.6761,30.6761,0
2011-12-15,31.1892,31.1892,31.1892,31.1892,0
2011-12-16,31.5349,31.5349,31.5349,31.5349,0
2011-12-19,31.2617,31.2617,31.2617,31.2617,0
2011-12-20,32.2096,32.2096,32.2096,32.2096,0
2011-12-21,32.1985,32.1985,32.1985,32.1985,0
2011-12-22,32.6613,32.6613,32.6613,32.6613,0
2011-12-23,32.8034,32.8034,32.8034,32.8034,0
2011-12-27,32.95,32.95,32.95,32.95,0
2011-12-28,32.5553,32.5553,32.5553,32.5553,0
2011-12-29,32.8429,32.8429,32.8429,32.8429,0
2011-12-30,32.7019,32.7019,32.7019,32.7019,0
2012-01-03,32.9782,32.9782,32.9782,32.9782,0
2012-01-04,32.4144,32.4144,32.4144,32.4144,0
2012-01-05,32.7189,32.7189,32.7189,32.7189,0
2012-01-06,32.6117,32.6117,32.6117,32.6117,0
2012-01-09,32.499,32.499,32.499,32.499,0
2012-01-10,32.8598,32.8598,32.8598,32.8598,0
2012-01-11,33.091,33.091,33.091,33.091,0
2012-01-12,32.8485,32.8485,32.8485,32.8485,0
2012-01-13,32.9218,32.9218,32.9218,32.9218,0
2012-01-17,33.1925,33.1925,33.1925,33.1925,0
2012-01-18,33.4236,33.4236,33.4236,33.4236,0
2012-01-19,33.5533,33.5533,33.5533,33.5533,0
2012-01-20,33.7619,33.7619,33.7619,33.7619,0
2012-01-23,33.9254,33.9254,33.9254,33.9254,0
2012-01-24,34.1848,34.1848,34.1848,34.1848,0
2012-01-25,34.6246,34.6246,34.6246,34.6246,0
2012-01-26,34.867,34.867,34.867,34.867,0
2012-01-27,34.8783,34.8783,34.8783,34.8783,0
2012-01-30,34.6189,34.6189,34.6189,34.6189,0
2012-01-31,34.7881,34.7881,34.7881,34.7881,0
2012-02-01,35.132,35.132,35.132,35.132,0
2012-02-02,35.211,35.211,35.211,35.211,0
2012-02-03,35.7015,35.7015,35.7015,35.7015,0
2012-02-06,35.5887,35.5887,35.5887,35.5887,0
2012-02-07,35.4985,35.4985,35.4985,35.4985,0
2012-02-08,35.5605,35.5605,35.5605,35.5605,0
2012-02-09,35.3012,35.3012,35.3012,35.3012,0
2012-02-10,34.9742,34.9742,34.9742,34.9742,0
2012-02-13,35.3294,35.3294,35.3294,35.3294,0
2012-02-14,34.9685,34.9685,34.9685,34.9685,0
2012-02-15,34.7599,34.7599,34.7599,34.7599,0
2012-02-16,35.1264,35.1264,35.1264,35.1264,0
2012-02-17,35.1546,35.1546,35.1546,35.1546,0
2012-02-21,34.6077,34.6077,34.6077,34.6077,0
2012-02-22,34.3145,34.3145,34.3145,34.3145,0
2012-02-23,34.743,34.743,34.743,34.743,0
2012-02-24,34.7881,34.7881,34.7881,34.7881,0
2012-02-27,34.7317,34.7317,34.7317,34.7317,0
2012-02-28,34.5287,34.5287,34.5287,34.5287,0
2012-02-29,34.3878,34.3878,34.3878,34.3878,0
2012-03-01,34.5964,34.5964,34.5964,34.5964,0
2012-03-02,34.5456,34.5456,34.5456,34.5456,0
2012-03-05,34.8952,34.8952,34.8952,34.8952,0
2012-03-06,34.4329,34.4329,34.4329,34.4329,0
2012-03-07,34.6189,34.6189,34.6189,34.6189,0
2012-03-08,34.4385,34.4385,34.4385,34.4385,0
2012-03-09,34.6077,34.6077,34.6077,34.6077,0
2012-03-12,34.8614,34.8614,34.8614,34.8614,0
2012-03-13,35.5662,35.5662,35.5662,35.5662,0
2012-03-14,35.4703,35.4703,35.4703,35.4703,0
2012-03-15,35.4196,35.4196,35.4196,35.4196,0
2012-03-16,35.6226,35.6226,35.6226,35.6226,0
2012-03-19,35.8706,35.8706,35.8706,35.8706,0
2012-03-20,35.8199,35.8199,35.8199,35.8199,0
2012-03-21,35.7692,35.7692,35.7692,35.7692,0
2012-03-22,35.2786,35.2786,35.2786,35.2786,0
2012-03-23,35.4985,35.4985,35.4985,35.4985,0
2012-03-26,35.9145,35.9145,35.9145,35.9145,0
2012-03-27,35.9202,35.9202,35.9202,35.9202,0
2012-03-28,35.8634,35.8634,35.8634,35.8634,0
2012-03-29,35.8805,35.8805,35.8805,35.8805,0
2012-03-30,36.176,36.176,36.176,36.176,0
2012-04-02,36.4318,36.4318,36.4318,36.4318,0
2012-04-03,36.2897,36.2897,36.2897,36.2897,0
2012-04-04,35.8918,35.8918,35.8918,35.8918,0
2012-04-05,35.7554,35.7554,35.7554,35.7554,0
2012-04-09,35.3746,35.3746,35.3746,35.3746,0
2012-04-10,34.613,34.613,34.613,34.613,0
2012-04-11,35.0563,35.0563,35.0563,35.0563,0
2012-04-12,35.5394,35.5394,35.5394,35.5394,0
2012-04-13,35.3917,35.3917,35.3917,35.3917,0
2012-04-16,35.8748,35.8748,35.8748,35.8748,0
2012-04-17,36.1817,36.1817,36.1817,36.1817,0
2012-04-18,35.9373,35.9373,35.9373,35.9373,0
2012-04-19,35.9373,35.9373,35.9373,35.9373,0
2012-04-20,36.3749,36.3749,36.3749,36.3749,0
2012-04-23,35.9998,35.9998,35.9998,35.9998,0
2012-04-24,36.5397,36.5397,36.5397,36.5397,0
2012-04-25,36.9603,36.9603,36.9603,36.9603,0
2012-04-26,37.0513,37.0513,37.0513,37.0513,0
2012-04-27,37.307,37.307,37.307,37.307,0
2012-04-30,37.2104,37.2104,37.2104,37.2104,0
2012-05-01,37.6139,37.6139,37.6139,37.6139,0
2012-05-02,37.5571,37.5571,37.5571,37.5571,0
2012-05-03,37.4264,37.4264,37.4264,37.4264,0
2012-05-04,37.0967,37.0967,37.0967,37.0967,0
2012-05-07,37.3582,37.3582,37.3582,37.3582,0
2012-05-08,37.29,37.29,37.29,37.29,0
2012-05-09,37.1706,37.1706,37.1706,37.1706,0
2012-05-10,37.1991,37.1991,37.1991,37.1991,0
2012-05-11,37.2786,37.2786,37.2786,37.2786,0
2012-05-14,36.8069,36.8069,36.8069,36.8069,0
2012-05-15,36.6136,36.6136,36.6136,36.6136,0
2012-05-16,36.2101,36.2101,36.2101,36.2101,0
2012-05-17,35.1529,35.1529,35.1529,35.1529,0
2012-05-18,34.7267,34.7267,34.7267,34.7267,0
2012-05-21,35.4826,35.4826,35.4826,35.4826,0
2012-05-22,35.5508,35.5508,35.5508,35.5508,0
2012-05-23,35.602,35.602,35.602,35.602,0
2012-05-24,35.7611,35.7611,35.7611,35.7611,0
2012-05-25,35.619,35.619,35.619,35.619,0
2012-05-29,36.1249,36.1249,36.1249,36.1249,0
2012-05-30,35.2666,35.2666,35.2666,35.2666,0
2012-05-31,35.5338,35.5338,35.5338,35.5338,0
2012-06-01,34.6642,34.6642,34.6642,34.6642,0
2012-06-04,34.4255,34.4255,34.4255,34.4255,0
2012-06-05,35.1359,35.1359,35.1359,35.1359,0
2012-06-06,35.9145,35.9145,35.9145,35.9145,0
2012-06-07,35.6588,35.6588,35.6588,35.6588,0
2012-06-08,36.1646,36.1646,36.1646,36.1646,0
2012-06-11,35.3519,35.3519,35.3519,35.3519,0
2012-06-12,35.6872,35.6872,35.6872,35.6872,0
2012-06-13,35.5053,35.5053,35.5053,35.5053,0
2012-06-14,36.0225,36.0225,36.0225,36.0225,0
2012-06-15,36.2442,36.2442,36.2442,36.2442,0
2012-06-18,36.5454,36.5454,36.5454,36.5454,0
2012-06-19,36.6932,36.6932,36.6932,36.6932,0
2012-06-20,36.6762,36.6762,36.6762,36.6762,0
2012-06-21,36.0794,36.0794,36.0794,36.0794,0
2012-06-22,36.0851,36.0851,36.0851,36.0851,0
2012-06-25,35.9011,35.9011,35.9011,35.9011,0
2012-06-26,36.0215,36.0215,36.0215,36.0215,0
2012-06-27,36.1647,36.1647,36.1647,36.1647,0
2012-06-28,36.5601,36.5601,36.5601,36.5601,0
2012-06-29,37.4942,37.4942,37.4942,37.4942,0
2012-07-02,37.9068,37.9068,37.9068,37.9068,0
2012-07-03,38.1302,38.1302,38.1302,38.1302,0
2012-07-05,37.8953,37.8953,37.8953,37.8953,0
2012-07-06,37.987,37.987,37.987,37.987,0
2012-07-09,38.0271,38.0271,38.0271,38.0271,0
2012-07-10,37.6202,37.6202,37.6202,37.6202,0
2012-07-11,37.6604,37.6604,37.6604,37.6604,0
2012-07-12,37.775,37.775,37.775,37.775,0
2012-07-13,38.2391,38.2391,38.2391,38.2391,0
2012-07-16,38.3136,38.3136,38.3136,38.3136,0
2012-07-17,38.6804,38.6804,38.6804,38.6804,0
2012-07-18,38.4512,38.4512,38.4512,38.4512,0
2012-07-19,38.05,38.05,38.05,38.05,0
2012-07-20,37.8495,37.8495,37.8495,37.8495,0
2012-07-23,37.5744,37.5744,37.5744,37.5744,0
2012-07-24,37.4483,37.4483,37.4483,37.4483,0
2012-07-25,37.4311,37.4311,37.4311,37.4311,0
2012-07-26,37.7635,37.7635,37.7635,37.7635,0
2012-07-27,38.1245,38.1245,38.1245,38.1245,0
2012-07-30,38.3022,38.3022,38.3022,38.3022,0
2012-07-31,38.2449,38.2449,38.2449,38.2449,0
2012-08-01,38.0615,38.0615,38.0615,38.0615,0
2012-08-02,38.1704,38.1704,38.1704,38.1704,0
2012-08-03,38.4684,38.4684,38.4684,38.4684,0
2012-08-06,38.4282,38.4282,38.4282,38.4282,0
2012-08-07,37.9755,37.9755,37.9755,37.9755,0
2012-08-08,37.7177,37.7177,37.7177,37.7177,0
2012-08-09,37.5973,37.5973,37.5973,37.5973,0
2012-08-10,37.6489,37.6489,37.6489,37.6489,0
2012-08-13,37.6202,37.6202,37.6202,37.6202,0
2012-08-14,37.54,37.54,37.54,37.54,0
2012-08-15,37.7119,37.7119,37.7119,37.7119,0
2012-08-16,37.9985,37.9985,37.9985,37.9985,0
2012-08-17,38.0099,38.0099,38.0099,38.0099,0
2012-08-20,37.901,37.901,37.901,37.901,0
2012-08-21,37.9813,37.9813,37.9813,37.9813,0
2012-08-22,37.9583,37.9583,37.9583,37.9583,0
2012-08-23,37.8437,37.8437,37.8437,37.8437,0
2012-08-24,37.9698,37.9698,37.9698,37.9698,0
2012-08-27,38.0844,38.0844,38.0844,38.0844,0
2012-08-28,38.2162,38.2162,38.2162,38.2162,0
2012-08-29,38.2048,38.2048,38.2048,38.2048,0
2012-08-30,38.1188,38.1188,38.1188,38.1188,0
2012-08-31,38.2391,38.2391,38.2391,38.2391,0
2012-09-04,38.5085,38.5085,38.5085,38.5085,0
2012-09-05,38.4397,38.4397,38.4397,38.4397,0
2012-09-06,38.7835,38.7835,38.7835,38.7835,0
2012-09-07,38.8179,38.8179,38.8179,38.8179,0
2012-09-10,38.5142,38.5142,38.5142,38.5142,0
2012-09-11,38.6288,38.6288,38.6288,38.6288,0
2012-09-12,38.709,38.709,38.709,38.709,0
2012-09-13,39.1846,39.1846,39.1846,39.1846,0
2012-09-14,39.4024,39.4024,39.4024,39.4024,0
2012-09-17,39.2878,39.2878,39.2878,39.2878,0
2012-09-18,38.9153,38.9153,38.9153,38.9153,0
2012-09-19,38.6976,38.6976,38.6976,38.6976,0
2012-09-20,38.1245,38.1245,38.1245,38.1245,0
2012-09-21,38.1302,38.1302,38.1302,38.1302,0
2012-09-24,37.9887,37.9887,37.9887,37.9887,0
2012-09-25,37.4285,37.4285,37.4285,37.4285,0
2012-09-26,37.4227,37.4227,37.4227,37.4227,0
2012-09-27,37.5844,37.5844,37.5844,37.5844,0
2012-09-28,37.5267,37.5267,37.5267,37.5267,0
2012-10-01,37.2494,37.2494,37.2494,37.2494,0
2012-10-02,37.5324,37.5324,37.5324,37.5324,0
2012-10-03,37.6075,37.6075,37.6075,37.6075,0
2012-10-04,37.596,37.596,37.596,37.596,0
2012-10-05,37.6422,37.6422,37.6422,37.6422,0
2012-10-08,37.5613,37.5613,37.5613,37.5613,0
2012-10-09,37.4227,37.4227,37.4227,37.4227,0
2012-10-10,37.5729,37.5729,37.5729,37.5729,0
2012-10-11,37.544,37.544,37.544,37.544,0
2012-10-12,37.4111,37.4111,37.4111,37.4111,0
2012-10-15,37.6595,37.6595,37.6595,37.6595,0
2012-10-16,37.8905,37.8905,37.8905,37.8905,0
2012-10-17,37.7866,37.7866,37.7866,37.7866,0
2012-10-18,38.1736,38.1736,38.1736,38.1736,0
2012-10-19,37.8559,37.8559,37.8559,37.8559,0
2012-10-22,37.6653,37.6653,37.6653,37.6653,0
2012-10-23,37.2841,37.2841,37.2841,37.2841,0
2012-10-24,37.2552,37.2552,37.2552,37.2552,0
2012-10-25,37.1512,37.1512,37.1512,37.1512,0
2012-10-26,36.8278,36.8278,36.8278,36.8278,0
2012-10-31,37.1859,37.1859,37.1859,37.1859,0
2012-11-01,37.365,37.365,37.365,37.365,0
2012-11-02,37.6133,37.6133,37.6133,37.6133,0
2012-11-05,37.365,37.365,37.365,37.365,0
2012-11-06,37.5267,37.5267,37.5267,37.5267,0
2012-11-07,37.3592,37.3592,37.3592,37.3592,0
2012-11-08,36.9144,36.9144,36.9144,36.9144,0
2012-11-09,36.8162,36.8162,36.8162,36.8162,0
2012-11-12,36.7296,36.7296,36.7296,36.7296,0
2012-11-13,36.7007,36.7007,36.7007,36.7007,0
2012-11-14,36.0134,36.0134,36.0134,36.0134,0
2012-11-15,35.8458,35.8458,35.8458,35.8458,0
2012-11-16,36.0653,36.0653,36.0653,36.0653,0
2012-11-19,36.5101,36.5101,36.5101,36.5101,0
2012-11-20,36.7816,36.7816,36.7816,36.7816,0
2012-11-21,36.718,36.718,36.718,36.718,0
2012-11-23,36.9895,36.9895,36.9895,36.9895,0
2012-11-26,37.0646,37.0646,37.0646,37.0646,0
2012-11-27,36.8566,36.8566,36.8566,36.8566,0
2012-11-28,36.8104,36.8104,36.8104,36.8104,0
2012-11-29,37.0126,37.0126,37.0126,37.0126,0
2012-11-30,37.0877,37.0877,37.0877,37.0877,0
2012-12-03,37.2379,37.2379,37.2379,37.2379,0
2012-12-04,37.2956,37.2956,37.2956,37.2956,0
2012-12-05,37.1801,37.1801,37.1801,37.1801,0
2012-12-06,37.5267,37.5267,37.5267,37.5267,0
2012-12-07,37.6653,37.6653,37.6653,37.6653,0
2012-12-10,37.648,37.648,37.648,37.648,0
2012-12-11,37.7404,37.7404,37.7404,37.7404,0
2012-12-12,37.6364,37.6364,37.6364,37.6364,0
2012-12-13,37.3476,37.3476,37.3476,37.3476,0
2012-12-14,37.3418,37.3418,37.3418,37.3418,0
2012-12-17,37.5382,37.5382,37.5382,37.5382,0
2012-12-18,37.9252,37.9252,37.9252,37.9252,0
2012-12-19,37.8732,37.8732,37.8732,37.8732,0
2012-12-20,38.37,38.37,38.37,38.37,0
2012-12-21,38.3064,38.3064,38.3064,38.3064,0
2012-12-24,38.3573,38.3573,38.3573,38.3573,0
2012-12-26,38.176,38.176,38.176,38.176,0
2012-12-27,38.3164,38.3164,38.3164,38.3164,0
2012-12-28,38.065,38.065,38.065,38.065,0
2012-12-31,38.4684,38.4684,38.4684,38.4684,0
2013-01-02,38.9478,38.9478,38.9478,38.9478,0
2013-01-03,38.9419,38.9419,38.9419,38.9419,0
2013-01-04,39.1231,39.1231,39.1231,39.1231,0
2013-01-07,39.2108,39.2108,39.2108,39.2108,0
2013-01-08,39.1348,39.1348,39.1348,39.1348,0
2013-01-09,39.2459,39.2459,39.2459,39.2459,0
2013-01-10,39.2868,39.2868,39.2868,39.2868,0
2013-01-11,39.2634,39.2634,39.2634,39.2634,0
2013-01-14,39.3745,39.3745,39.3745,39.3745,0
2013-01-15,39.5616,39.5616,39.5616,39.5616,0
2013-01-16,39.5148,39.5148,39.5148,39.5148,0
2013-01-17,39.6376,39.6376,39.6376,39.6376,0
2013-01-18,39.8072,39.8072,39.8072,39.8072,0
2013-01-22,40.0118,40.0118,40.0118,40.0118,0
2013-01-23,40.0001,40.0001,40.0001,40.0001,0
2013-01-24,40.0819,40.0819,40.0819,40.0819,0
2013-01-25,40.3099,40.3099,40.3099,40.3099,0
2013-01-28,40.4152,40.4152,40.4152,40.4152,0
2013-01-29,40.5321,40.5321,40.5321,40.5321,0
2013-01-30,40.1462,40.1462,40.1462,40.1462,0
2013-01-31,39.9065,39.9065,39.9065,39.9065,0
2013-02-01,40.1404,40.1404,40.1404,40.1404,0
2013-02-04,40.0468,40.0468,40.0468,40.0468,0
2013-02-05,39.9533,39.9533,39.9533,39.9533,0
2013-02-06,40.0936,40.0936,40.0936,40.0936,0
2013-02-07,39.9241,39.9241,39.9241,39.9241,0
2013-02-08,40.2924,40.2924,40.2924,40.2924,0
2013-02-11,40.3508,40.3508,40.3508,40.3508,0
2013-02-12,40.6549,40.6549,40.6549,40.6549,0
2013-02-13,40.6315,40.6315,40.6315,40.6315,0
2013-02-14,40.4619,40.4619,40.4619,40.4619,0
2013-02-15,40.4795,40.4795,40.4795,40.4795,0
2013-02-19,40.801,40.801,40.801,40.801,0
2013-02-20,40.5379,40.5379,40.5379,40.5379,0
2013-02-21,40.2339,40.2339,40.2339,40.2339,0
2013-02-22,40.6373,40.6373,40.6373,40.6373,0
2013-02-25,39.8656,39.8656,39.8656,39.8656,0
2013-02-26,40.1404,40.1404,40.1404,40.1404,0
2013-02-27,40.4327,40.4327,40.4327,40.4327,0
2013-02-28,40.3918,40.3918,40.3918,40.3918,0
2013-03-01,40.5262,40.5262,40.5262,40.5262,0
2013-03-04,40.8302,40.8302,40.8302,40.8302,0
2013-03-05,41.1518,41.1518,41.1518,41.1518,0
2013-03-06,41.029,41.029,41.029,41.029,0
2013-03-07,40.8361,40.8361,40.8361,40.8361,0
2013-03-08,40.9063,40.9063,40.9063,40.9063,0
2013-03-11,40.9413,40.9413,40.9413,40.9413,0
2013-03-12,40.7893,40.7893,40.7893,40.7893,0
2013-03-13,40.8302,40.8302,40.8302,40.8302,0
2013-03-14,41.0875,41.0875,41.0875,41.0875,0
2013-03-15,41.181,41.181,41.181,41.181,0
2013-03-18,40.953,40.953,40.953,40.953,0
2013-03-19,40.7542,40.7542,40.7542,40.7542,0
2013-03-20,40.8829,40.8829,40.8829,40.8829,0
2013-03-21,40.7601,40.7601,40.7601,40.7601,0
2013-03-22,40.9745,40.9745,40.9745,40.9745,0
2013-03-25,40.9804,40.9804,40.9804,40.9804,0
2013-03-26,41.3339,41.3339,41.3339,41.3339,0
2013-03-27,41.4105,41.4105,41.4105,41.4105,0
2013-03-28,41.5519,41.5519,41.5519,41.5519,0
2013-04-01,41.6756,41.6756,41.6756,41.6756,0
2013-04-02,41.8052,41.8052,41.8052,41.8052,0
2013-04-03,41.6579,41.6579,41.6579,41.6579,0
2013-04-04,42.3355,42.3355,42.3355,42.3355,0
2013-04-05,42.5652,42.5652,42.5652,42.5652,0
2013-04-08,42.9069,42.9069,42.9069,42.9069,0
2013-04-09,42.9128,42.9128,42.9128,42.9128,0
2013-04-10,43.1779,43.1779,43.1779,43.1779,0
2013-04-11,43.4313,43.4313,43.4313,43.4313,0
2013-04-12,43.5373,43.5373,43.5373,43.5373,0
2013-04-15,42.6359,42.6359,42.6359,42.6359,0
2013-04-16,43.3429,43.3429,43.3429,43.3429,0
2013-04-17,42.8833,42.8833,42.8833,42.8833,0
2013-04-18,42.8185,42.8185,42.8185,42.8185,0
2013-04-19,43.4784,43.4784,43.4784,43.4784,0
2013-04-22,43.4195,43.4195,43.4195,43.4195,0
2013-04-23,43.661,43.661,43.661,43.661,0
2013-04-24,43.7553,43.7553,43.7553,43.7553,0
2013-04-25,43.608,43.608,43.608,43.608,0
2013-04-26,43.4666,43.4666,43.4666,43.4666,0
2013-04-29,43.8378,43.8378,43.8378,43.8378,0
2013-04-30,44.3503,44.3503,44.3503,44.3503,0
2013-05-01,43.9968,43.9968,43.9968,43.9968,0
2013-05-02,44.2855,44.2855,44.2855,44.2855,0
2013-05-03,44.4622,44.4622,44.4622,44.4622,0
2013-05-06,44.692,44.692,44.692,44.692,0
2013-05-07,44.9394,44.9394,44.9394,44.9394,0
2013-05-08,44.963,44.963,44.963,44.963,0
2013-05-09,44.6684,44.6684,44.6684,44.6684,0
2013-05-10,44.8334,44.8334,44.8334,44.8334,0
2013-05-13,45.0455,45.0455,45.0455,45.0455,0
2013-05-14,45.2104,45.2104,45.2104,45.2104,0
2013-05-15,45.6582,45.6582,45.6582,45.6582,0
2013-05-16,45.4225,45.4225,45.4225,45.4225,0
2013-05-17,45.6759,45.6759,45.6759,45.6759,0
2013-05-20,45.7819,45.7819,45.7819,45.7819,0
2013-05-21,46.0411,46.0411,46.0411,46.0411,0
2013-05-22,44.9218,44.9218,44.9218,44.9218,0
2013-05-23,44.0793,44.0793,44.0793,44.0793,0
2013-05-24,43.9674,43.9674,43.9674,43.9674,0
2013-05-28,43.5903,43.5903,43.5903,43.5903,0
2013-05-29,42.6654,42.6654,42.6654,42.6654,0
2013-05-30,42.2647,42.2647,42.2647,42.2647,0
2013-05-31,41.6992,41.6992,41.6992,41.6992,0
2013-06-03,41.9348,41.9348,41.9348,41.9348,0
2013-06-04,41.3516,41.3516,41.3516,41.3516,0
2013-06-05,41.0099,41.0099,41.0099,41.0099,0
2013-06-06,41.6697,41.6697,41.6697,41.6697,0
2013-06-07,41.6756,41.6756,41.6756,41.6756,0
2013-06-10,41.3162,41.3162,41.3162,41.3162,0
2013-06-11,40.7035,40.7035,40.7035,40.7035,0
2013-06-12,40.1498,40.1498,40.1498,40.1498,0
2013-06-13,41.1925,41.1925,41.1925,41.1925,0
2013-06-14,41.3457,41.3457,41.3457,41.3457,0
2013-06-17,41.4635,41.4635,41.4635,41.4635,0
2013-06-18,41.6756,41.6756,41.6756,41.6756,0
2013-06-19,40.3972,40.3972,40.3972,40.3972,0
2013-06-20,38.7181,38.7181,38.7181,38.7181,0
2013-06-21,39.2425,39.2425,39.2425,39.2425,0
2013-06-24,39.0646,39.0646,39.0646,39.0646,0
2013-06-25,39.7189,39.7189,39.7189,39.7189,0
2013-06-26,40.3196,40.3196,40.3196,40.3196,0
2013-06-27,41.1285,41.1285,41.1285,41.1285,0
2013-06-28,40.8727,40.8727,40.8727,40.8727,0
2013-07-01,40.7835,40.7835,40.7835,40.7835,0
2013-07-02,41.408,41.408,41.408,41.408,0
2013-07-03,41.1344,41.1344,41.1344,41.1344,0
2013-07-05,40.9382,40.9382,40.9382,40.9382,0
2013-07-08,40.9798,40.9798,40.9798,40.9798,0
2013-07-09,41.5627,41.5627,41.5627,41.5627,0
2013-07-10,41.5805,41.5805,41.5805,41.5805,0
2013-07-11,42.5857,42.5857,42.5857,42.5857,0
2013-07-12,42.324,42.324,42.324,42.324,0
2013-07-15,42.5024,42.5024,42.5024,42.5024,0
2013-07-16,42.5322,42.5322,42.5322,42.5322,0
2013-07-17,42.6868,42.6868,42.6868,42.6868,0
2013-07-18,43.0496,43.0496,43.0496,43.0496,0
2013-07-19,43.0199,43.0199,43.0199,43.0199,0
2013-07-22,43.1507,43.1507,43.1507,43.1507,0
2013-07-23,43.1031,43.1031,43.1031,43.1031,0
2013-07-24,42.2645,42.2645,42.2645,42.2645,0
2013-07-25,42.3299,42.3299,42.3299,42.3299,0
2013-07-26,42.3656,42.3656,42.3656,42.3656,0
2013-07-29,42.0504,42.0504,42.0504,42.0504,0
2013-07-30,41.9255,41.9255,41.9255,41.9255,0
2013-07-31,41.2415,41.2415,41.2415,41.2415,0
2013-08-01,41.0809,41.0809,41.0809,41.0809,0
2013-08-02,40.8787,40.8787,40.8787,40.8787,0
2013-08-05,40.849,40.849,40.849,40.849,0
2013-08-06,40.7062,40.7062,40.7062,40.7062,0
2013-08-07,40.5991,40.5991,40.5991,40.5991,0
2013-08-08,40.617,40.617,40.617,40.617,0
2013-08-09,40.9739,40.9739,40.9739,40.9739,0
2013-08-12,40.6824,40.6824,40.6824,40.6824,0
2013-08-13,40.1233,40.1233,40.1233,40.1233,0
2013-08-14,39.9687,39.9687,39.9687,39.9687,0
2013-08-15,39.2371,39.2371,39.2371,39.2371,0
2013-08-16,38.2736,38.2736,38.2736,38.2736,0
2013-08-19,37.768,37.768,37.768,37.768,0
2013-08-20,38.6245,38.6245,38.6245,38.6245,0
2013-08-21,38.5353,38.5353,38.5353,38.5353,0
2013-08-22,38.7673,38.7673,38.7673,38.7673,0
2013-08-23,39.1717,39.1717,39.1717,39.1717,0
2013-08-26,39.0587,39.0587,39.0587,39.0587,0
2013-08-27,38.8684,38.8684,38.8684,38.8684,0
2013-08-28,38.6305,38.6305,38.6305,38.6305,0
2013-08-29,38.6899,38.6899,38.6899,38.6899,0
2013-08-30,38.3628,38.3628,38.3628,38.3628,0
2013-09-03,38.0297,38.0297,38.0297,38.0297,0
2013-09-04,38.3569,38.3569,38.3569,38.3569,0
2013-09-05,37.9524,37.9524,37.9524,37.9524,0
2013-09-06,38.5412,38.5412,38.5412,38.5412,0
2013-09-09,39.3442,39.3442,39.3442,39.3442,0
2013-09-10,39.3144,39.3144,39.3144,39.3144,0
2013-09-11,39.6297,39.6297,39.6297,39.6297,0
2013-09-12,39.3739,39.3739,39.3739,39.3739,0
2013-09-13,39.4869,39.4869,39.4869,39.4869,0
2013-09-16,39.8795,39.8795,39.8795,39.8795,0
2013-09-17,39.8557,39.8557,39.8557,39.8557,0
2013-09-18,41.2058,41.2058,41.2058,41.2058,0
2013-09-19,41.1701,41.1701,41.1701,41.1701,0
2013-09-20,40.498,40.498,40.498,40.498,0
2013-09-23,40.2207,40.2207,40.2207,40.2207,0
2013-09-24,39.9146,39.9146,39.9146,39.9146,0
2013-09-25,40.0467,40.0467,40.0467,40.0467,0
2013-09-26,40.2928,40.2928,40.2928,40.2928,0
2013-09-27,40.1247,40.1247,40.1247,40.1247,0
2013-09-30,39.6985,39.6985,39.6985,39.6985,0
2013-10-01,40.2748,40.2748,40.2748,40.2748,0
2013-10-02,40.3348,40.3348,40.3348,40.3348,0
2013-10-03,39.6325,39.6325,39.6325,39.6325,0
2013-10-04,39.5545,39.5545,39.5545,39.5545,0
2013-10-07,39.7346,39.7346,39.7346,39.7346,0
2013-10-08,39.3024,39.3024,39.3024,39.3024,0
2013-10-09,39.3084,39.3084,39.3084,39.3084,0
2013-10-10,40.3108,40.3108,40.3108,40.3108,0
2013-10-11,40.7129,40.7129,40.7129,40.7129,0
2013-10-14,40.7369,40.7369,40.7369,40.7369,0
2013-10-15,40.5869,40.5869,40.5869,40.5869,0
2013-10-16,41.3491,41.3491,41.3491,41.3491,0
2013-10-17,41.9734,41.9734,41.9734,41.9734,0
2013-10-18,41.9314,41.9314,41.9314,41.9314,0
2013-10-21,41.6793,41.6793,41.6793,41.6793,0
2013-10-22,42.0634,42.0634,42.0634,42.0634,0
2013-10-23,42.1414,42.1414,42.1414,42.1414,0
2013-10-24,42.1294,42.1294,42.1294,42.1294,0
2013-10-25,42.6456,42.6456,42.6456,42.6456,0
2013-10-28,42.3395,42.3395,42.3395,42.3395,0
2013-10-29,42.0934,42.0934,42.0934,42.0934,0
2013-10-30,41.7393,41.7393,41.7393,41.7393,0
2013-10-31,41.4932,41.4932,41.4932,41.4932,0
2013-11-01,41.7093,41.7093,41.7093,41.7093,0
2013-11-04,41.7873,41.7873,41.7873,41.7873,0
2013-11-05,41.1031,41.1031,41.1031,41.1031,0
2013-11-06,41.043,41.043,41.043,41.043,0
2013-11-07,40.5329,40.5329,40.5329,40.5329,0
2013-11-08,39.9866,39.9866,39.9866,39.9866,0
2013-11-11,40.0287,40.0287,40.0287,40.0287,0
2013-11-12,39.8486,39.8486,39.8486,39.8486,0
2013-11-13,40.1067,40.1067,40.1067,40.1067,0
2013-11-14,40.3888,40.3888,40.3888,40.3888,0
2013-11-15,40.5389,40.5389,40.5389,40.5389,0
2013-11-18,40.2868,40.2868,40.2868,40.2868,0
2013-11-19,40.0047,40.0047,40.0047,40.0047,0
2013-11-20,39.5185,39.5185,39.5185,39.5185,0
2013-11-21,39.8246,39.8246,39.8246,39.8246,0
2013-11-22,39.6685,39.6685,39.6685,39.6685,0
2013-11-25,39.4825,39.4825,39.4825,39.4825,0
2013-11-26,39.3444,39.3444,39.3444,39.3444,0
2013-11-27,39.6805,39.6805,39.6805,39.6805,0
2013-11-29,39.3144,39.3144,39.3144,39.3144,0
2013-12-02,39.0863,39.0863,39.0863,39.0863,0
2013-12-03,39.0083,39.0083,39.0083,39.0083,0
2013-12-04,39.1523,39.1523,39.1523,39.1523,0
2013-12-05,39.2904,39.2904,39.2904,39.2904,0
2013-12-06,39.5725,39.5725,39.5725,39.5725,0
2013-12-09,39.7646,39.7646,39.7646,39.7646,0
2013-12-10,39.6625,39.6625,39.6625,39.6625,0
2013-12-11,38.7502,38.7502,38.7502,38.7502,0
2013-12-12,38.5341,38.5341,38.5341,38.5341,0
2013-12-13,38.6301,38.6301,38.6301,38.6301,0
2013-12-16,38.7622,38.7622,38.7622,38.7622,0
2013-12-17,38.9423,38.9423,38.9423,38.9423,0
2013-12-18,39.6325,39.6325,39.6325,39.6325,0
2013-12-19,39.0863,39.0863,39.0863,39.0863,0
2013-12-20,39.3264,39.3264,39.3264,39.3264,0
2013-12-23,39.4044,39.4044,39.4044,39.4044,0
2013-12-24,39.4398,39.4398,39.4398,39.4398,0
2013-12-26,39.4703,39.4703,39.4703,39.4703,0
2013-12-27,39.5556,39.5556,39.5556,39.5556,0
2013-12-30,39.5678,39.5678,39.5678,39.5678,0
2013-12-31,39.3545,39.3545,39.3545,39.3545,0
2014-01-02,39.3605,39.3605,39.3605,39.3605,0
2014-01-03,39.58,39.58,39.58,39.58,0
2014-01-06,39.7812,39.7812,39.7812,39.7812,0
2014-01-07,39.9579,39.9579,39.9579,39.9579,0
2014-01-08,39.7629,39.7629,39.7629,39.7629,0
2014-01-09,39.7629,39.7629,39.7629,39.7629,0
2014-01-10,40.3054,40.3054,40.3054,40.3054,0
2014-01-13,40.0372,40.0372,40.0372,40.0372,0
2014-01-14,40.3298,40.3298,40.3298,40.3298,0
2014-01-15,40.6346,40.6346,40.6346,40.6346,0
2014-01-16,40.7077,40.7077,40.7077,40.7077,0
2014-01-17,40.47,40.47,40.47,40.47,0
2014-01-21,40.8357,40.8357,40.8357,40.8357,0
2014-01-22,41.0125,41.0125,41.0125,41.0125,0
2014-01-23,40.915,40.915,40.915,40.915,0
2014-01-24,40.4029,40.4029,40.4029,40.4029,0
2014-01-27,40.092,40.092,40.092,40.092,0
2014-01-28,40.4273,40.4273,40.4273,40.4273,0
2014-01-29,40.2079,40.2079,40.2079,40.2079,0
2014-01-30,40.8174,40.8174,40.8174,40.8174,0
2014-01-31,41.0369,41.0369,41.0369,41.0369,0
2014-02-03,40.3846,40.3846,40.3846,40.3846,0
2014-02-04,40.8723,40.8723,40.8723,40.8723,0
2014-02-05,40.787,40.787,40.787,40.787,0
2014-02-06,41.0856,41.0856,41.0856,41.0856,0
2014-02-07,41.3966,41.3966,41.3966,41.3966,0
2014-02-10,41.7867,41.7867,41.7867,41.7867,0
2014-02-11,41.9513,41.9513,41.9513,41.9513,0
2014-02-12,41.9756,41.9756,41.9756,41.9756,0
2014-02-13,42.1341,42.1341,42.1341,42.1341,0
2014-02-14,42.2987,42.2987,42.2987,42.2987,0
2014-02-18,42.506,42.506,42.506,42.506,0
2014-02-19,42.4816,42.4816,42.4816,42.4816,0
2014-02-20,42.3902,42.3902,42.3902,42.3902,0
2014-02-21,42.4938,42.4938,42.4938,42.4938,0
2014-02-24,42.5974,42.5974,42.5974,42.5974,0
2014-02-25,42.7376,42.7376,42.7376,42.7376,0
2014-02-26,42.8351,42.8351,42.8351,42.8351,0
2014-02-27,42.7193,42.7193,42.7193,42.7193,0
2014-02-28,43.1156,43.1156,43.1156,43.1156,0
2014-03-03,43.1399,43.1399,43.1399,43.1399,0
2014-03-04,43.7617,43.7617,43.7617,43.7617,0
2014-03-05,43.7068,43.7068,43.7068,43.7068,0
2014-03-06,43.3411,43.3411,43.3411,43.3411,0
2014-03-07,42.8717,42.8717,42.8717,42.8717,0
2014-03-10,42.6462,42.6462,42.6462,42.6462,0
2014-03-11,42.9144,42.9144,42.9144,42.9144,0
2014-03-12,43.0424,43.0424,43.0424,43.0424,0
2014-03-13,42.8412,42.8412,42.8412,42.8412,0
2014-03-14,42.951,42.951,42.951,42.951,0
2014-03-17,43.0424,43.0424,43.0424,43.0424,0
2014-03-18,43.1704,43.1704,43.1704,43.1704,0
2014-03-19,42.3536,42.3536,42.3536,42.3536,0
2014-03-20,42.4267,42.4267,42.4267,42.4267,0
2014-03-21,42.8169,42.8169,42.8169,42.8169,0
2014-03-24,42.5364,42.5364,42.5364,42.5364,0
2014-03-25,42.9248,42.9248,42.9248,42.9248,0
2014-03-26,42.4401,42.4401,42.4401,42.4401,0
2014-03-27,42.7101,42.7101,42.7101,42.7101,0
2014-03-28,42.9678,42.9678,42.9678,42.9678,0
2014-03-31,43.3298,43.3298,43.3298,43.3298,0
2014-04-01,43.5261,43.5261,43.5261,43.5261,0
2014-04-02,43.563,43.563,43.563,43.563,0
2014-04-03,43.4709,43.4709,43.4709,43.4709,0
2014-04-04,43.6182,43.6182,43.6182,43.6182,0
2014-04-07,43.7593,43.7593,43.7593,43.7593,0
2014-04-08,44.0293,44.0293,44.0293,44.0293,0
2014-04-09,43.9188,43.9188,43.9188,43.9188,0
2014-04-10,43.5016,43.5016,43.5016,43.5016,0
2014-04-11,43.2377,43.2377,43.2377,43.2377,0
2014-04-14,43.4954,43.4954,43.4954,43.4954,0
2014-04-15,44.0109,44.0109,44.0109,44.0109,0
2014-04-16,44.2931,44.2931,44.2931,44.2931,0
2014-04-17,44.0354,44.0354,44.0354,44.0354,0
2014-04-21,44.287,44.287,44.287,44.287,0
2014-04-22,44.3851,44.3851,44.3851,44.3851,0
2014-04-23,44.2072,44.2072,44.2072,44.2072,0
2014-04-24,44.3913,44.3913,44.3913,44.3913,0
2014-04-25,44.2195,44.2195,44.2195,44.2195,0
2014-04-28,44.5631,44.5631,44.5631,44.5631,0
2014-04-29,44.5937,44.5937,44.5937,44.5937,0
2014-04-30,44.7533,44.7533,44.7533,44.7533,0
2014-05-01,44.9435,44.9435,44.9435,44.9435,0
2014-05-02,44.9312,44.9312,44.9312,44.9312,0
2014-05-05,45.0232,45.0232,45.0232,45.0232,0
2014-05-06,44.8637,44.8637,44.8637,44.8637,0
2014-05-07,45.4036,45.4036,45.4036,45.4036,0
2014-05-08,45.5079,45.5079,45.5079,45.5079,0
2014-05-09,45.5386,45.5386,45.5386,45.5386,0
2014-05-12,45.6797,45.6797,45.6797,45.6797,0
2014-05-13,45.3852,45.3852,45.3852,45.3852,0
2014-05-14,45.4036,45.4036,45.4036,45.4036,0
2014-05-15,45.3791,45.3791,45.3791,45.3791,0
2014-05-16,45.7963,45.7963,45.7963,45.7963,0
2014-05-19,45.6122,45.6122,45.6122,45.6122,0
2014-05-20,45.4711,45.4711,45.4711,45.4711,0
2014-05-21,45.1705,45.1705,45.1705,45.1705,0
2014-05-22,45.0907,45.0907,45.0907,45.0907,0
2014-05-23,45.4895,45.4895,45.4895,45.4895,0
2014-05-27,45.8147,45.8147,45.8147,45.8147,0
2014-05-28,45.5264,45.5264,45.5264,45.5264,0
2014-05-29,45.6184,45.6184,45.6184,45.6184,0
2014-05-30,45.827,45.827,45.827,45.827,0
2014-06-02,45.9681,45.9681,45.9681,45.9681,0
2014-06-03,45.9436,45.9436,45.9436,45.9436,0
2014-06-04,46.0356,46.0356,46.0356,46.0356,0
2014-06-05,46.8823,46.8823,46.8823,46.8823,0
2014-06-06,46.686,46.686,46.686,46.686,0
2014-06-09,46.1215,46.1215,46.1215,46.1215,0
2014-06-10,45.7779,45.7779,45.7779,45.7779,0
2014-06-11,45.6552,45.6552,45.6552,45.6552,0
2014-06-12,45.5386,45.5386,45.5386,45.5386,0
2014-06-13,45.6552,45.6552,45.6552,45.6552,0
2014-06-16,45.4221,45.4221,45.4221,45.4221,0
2014-06-17,45.5386,45.5386,45.5386,45.5386,0
2014-06-18,45.8577,45.8577,45.8577,45.8577,0
2014-06-19,46.2381,46.2381,46.2381,46.2381,0
2014-06-20,46.3976,46.3976,46.3976,46.3976,0
2014-06-23,46.2074,46.2074,46.2074,46.2074,0
2014-06-24,46.2415,46.2415,46.2415,46.2415,0
2014-06-25,46.1486,46.1486,46.1486,46.1486,0
2014-06-26,46.1052,46.1052,46.1052,46.1052,0
2014-06-27,46.4582,46.4582,46.4582,46.4582,0
2014-06-30,46.3467,46.3467,46.3467,46.3467,0
2014-07-01,46.5944,46.5944,46.5944,46.5944,0
2014-07-02,46.483,46.483,46.483,46.483,0
2014-07-03,46.2167,46.2167,46.2167,46.2167,0
2014-07-07,46.3529,46.3529,46.3529,46.3529,0
2014-07-08,46.4892,46.4892,46.4892,46.4892,0
2014-07-09,46.5635,46.5635,46.5635,46.5635,0
2014-07-10,46.774,46.774,46.774,46.774,0
2014-07-11,46.7802,46.7802,46.7802,46.7802,0
2014-07-14,47.0094,47.0094,47.0094,47.0094,0
2014-07-15,47.0403,47.0403,47.0403,47.0403,0
2014-07-16,47.189,47.189,47.189,47.189,0
2014-07-17,46.9474,46.9474,46.9474,46.9474,0
2014-07-18,47.4119,47.4119,47.4119,47.4119,0
2014-07-21,47.2385,47.2385,47.2385,47.2385,0
2014-07-22,47.3871,47.3871,47.3871,47.3871,0
2014-07-23,47.4738,47.4738,47.4738,47.4738,0
2014-07-24,47.4119,47.4119,47.4119,47.4119,0
2014-07-25,47.0837,47.0837,47.0837,47.0837,0
2014-07-28,47.4119,47.4119,47.4119,47.4119,0
2014-07-29,47.1828,47.1828,47.1828,47.1828,0
2014-07-30,47.0837,47.0837,47.0837,47.0837,0
2014-07-31,46.3839,46.3839,46.3839,46.3839,0
2014-08-01,46.2724,46.2724,46.2724,46.2724,0
2014-08-04,46.5944,46.5944,46.5944,46.5944,0
2014-08-05,46.1176,46.1176,46.1176,46.1176,0
2014-08-06,46.099,46.099,46.099,46.099,0
2014-08-07,46.1238,46.1238,46.1238,46.1238,0
2014-08-08,46.3963,46.3963,46.3963,46.3963,0
2014-08-11,46.6873,46.6873,46.6873,46.6873,0
2014-08-12,46.613,46.613,46.613,46.613,0
2014-08-13,47.288,47.288,47.288,47.288,0
2014-08-14,47.2571,47.2571,47.2571,47.2571,0
2014-08-15,47.2075,47.2075,47.2075,47.2075,0
2014-08-18,47.672,47.672,47.672,47.672,0
2014-08-19,47.7711,47.7711,47.7711,47.7711,0
2014-08-20,47.9878,47.9878,47.9878,47.9878,0
2014-08-21,47.9135,47.9135,47.9135,47.9135,0
2014-08-22,47.5296,47.5296,47.5296,47.5296,0
2014-08-25,47.4243,47.4243,47.4243,47.4243,0
2014-08-26,47.5172,47.5172,47.5172,47.5172,0
2014-08-27,47.5481,47.5481,47.5481,47.5481,0
2014-08-28,47.5419,47.5419,47.5419,47.5419,0
2014-08-29,47.7958,47.7958,47.7958,47.7958,0
2014-09-02,47.802,47.802,47.802,47.802,0
2014-09-03,47.9259,47.9259,47.9259,47.9259,0
2014-09-04,47.7463,47.7463,47.7463,47.7463,0
2014-09-05,48.2541,48.2541,48.2541,48.2541,0
2014-09-08,48.2046,48.2046,48.2046,48.2046,0
2014-09-09,47.9073,47.9073,47.9073,47.9073,0
2014-09-10,47.1518,47.1518,47.1518,47.1518,0
2014-09-11,47.189,47.189,47.189,47.189,0
2014-09-12,45.7399,45.7399,45.7399,45.7399,0
2014-09-15,45.5169,45.5169,45.5169,45.5169,0
2014-09-16,45.9628,45.9628,45.9628,45.9628,0
2014-09-17,45.9504,45.9504,45.9504,45.9504,0
2014-09-18,45.5479,45.5479,45.5479,45.5479,0
2014-09-19,45.6036,45.6036,45.6036,45.6036,0
2014-09-22,45.2444,45.2444,45.2444,45.2444,0
2014-09-23,44.9162,44.9162,44.9162,44.9162,0
2014-09-24,44.7962,44.7962,44.7962,44.7962,0
2014-09-25,44.5962,44.5962,44.5962,44.5962,0
2014-09-26,45.1962,45.1962,45.1962,45.1962,0
2014-09-29,45.1337,45.1337,45.1337,45.1337,0
2014-09-30,44.9087,44.9087,44.9087,44.9087,0
2014-10-01,44.9462,44.9462,44.9462,44.9462,0
2014-10-02,44.8712,44.8712,44.8712,44.8712,0
2014-10-03,45.1525,45.1525,45.1525,45.1525,0
2014-10-06,45.2712,45.2712,45.2712,45.2712,0
2014-10-07,44.915,44.915,44.915,44.915,0
2014-10-08,45.89,45.89,45.89,45.89,0
2014-10-09,45.89,45.89,45.89,45.89,0
2014-10-10,45.9338,45.9338,45.9338,45.9338,0
2014-10-13,45.9775,45.9775,45.9775,45.9775,0
2014-10-14,46.7213,46.7213,46.7213,46.7213,0
2014-10-15,46.54,46.54,46.54,46.54,0
2014-10-16,46.615,46.615,46.615,46.615,0
2014-10-17,46.6713,46.6713,46.6713,46.6713,0
2014-10-20,47.3838,47.3838,47.3838,47.3838,0
2014-10-21,47.8151,47.8151,47.8151,47.8151,0
2014-10-22,47.8276,47.8276,47.8276,47.8276,0
2014-10-23,48.1964,48.1964,48.1964,48.1964,0
2014-10-24,48.1589,48.1589,48.1589,48.1589,0
2014-10-27,48.5151,48.5151,48.5151,48.5151,0
2014-10-28,48.7277,48.7277,48.7277,48.7277,0
2014-10-29,48.4527,48.4527,48.4527,48.4527,0
2014-10-30,48.7589,48.7589,48.7589,48.7589,0
2014-10-31,49.3714,49.3714,49.3714,49.3714,0
2014-11-03,49.8027,49.8027,49.8027,49.8027,0
2014-11-04,49.884,49.884,49.884,49.884,0
2014-11-05,49.7777,49.7777,49.7777,49.7777,0
2014-11-06,49.3965,49.3965,49.3965,49.3965,0
2014-11-07,49.334,49.334,49.334,49.334,0
2014-11-10,49.7402,49.7402,49.7402,49.7402,0
2014-11-11,49.5465,49.5465,49.5465,49.5465,0
2014-11-12,49.1714,49.1714,49.1714,49.1714,0
2014-11-13,49.4402,49.4402,49.4402,49.4402,0
2014-11-14,49.0339,49.0339,49.0339,49.0339,0
2014-11-17,49.2527,49.2527,49.2527,49.2527,0
2014-11-18,49.4652,49.4652,49.4652,49.4652,0
2014-11-19,49.0214,49.0214,49.0214,49.0214,0
2014-11-20,49.1839,49.1839,49.1839,49.1839,0
2014-11-21,49.4902,49.4902,49.4902,49.4902,0
2014-11-24,49.6652,49.6652,49.6652,49.6652,0
2014-11-25,49.7527,49.7527,49.7527,49.7527,0
2014-11-26,50.234,50.234,50.234,50.234,0
2014-11-28,50.359,50.359,50.359,50.359,0
2014-12-01,50.234,50.234,50.234,50.234,0
2014-12-02,50.5465,50.5465,50.5465,50.5465,0
2014-12-03,50.4965,50.4965,50.4965,50.4965,0
2014-12-04,50.6278,50.6278,50.6278,50.6278,0
2014-12-05,50.3715,50.3715,50.3715,50.3715,0
2014-12-08,50.6903,50.6903,50.6903,50.6903,0
2014-12-09,50.9215,50.9215,50.9215,50.9215,0
2014-12-10,50.8715,50.8715,50.8715,50.8715,0
2014-12-11,50.9653,50.9653,50.9653,50.9653,0
2014-12-12,50.5215,50.5215,50.5215,50.5215,0
2014-12-15,49.8652,49.8652,49.8652,49.8652,0
2014-12-16,49.7965,49.7965,49.7965,49.7965,0
2014-12-17,50.9403,50.9403,50.9403,50.9403,0
2014-12-18,51.2966,51.2966,51.2966,51.2966,0
2014-12-19,51.2716,51.2716,51.2716,51.2716,0
2014-12-22,52.1288,52.1288,52.1288,52.1288,0
2014-12-23,51.983,51.983,51.983,51.983,0
2014-12-24,51.7676,51.7676,51.7676,51.7676,0
2014-12-26,51.9514,51.9514,51.9514,51.9514,0
2014-12-29,52.2364,52.2364,52.2364,52.2364,0
2014-12-30,52.1984,52.1984,52.1984,52.1984,0
2014-12-31,51.3178,51.3178,51.3178,51.3178,0
2015-01-02,52.0908,52.0908,52.0908,52.0908,0
2015-01-05,52.3758,52.3758,52.3758,52.3758,0
2015-01-06,52.8954,52.8954,52.8954,52.8954,0
2015-01-07,53.7063,53.7063,53.7063,53.7063,0
2015-01-08,53.909,53.909,53.909,53.909,0
2015-01-09,53.9344,53.9344,53.9344,53.9344,0
2015-01-12,54.3462,54.3462,54.3462,54.3462,0
2015-01-13,54.2638,54.2638,54.2638,54.2638,0
2015-01-14,54.7327,54.7327,54.7327,54.7327,0
2015-01-15,54.8594,54.8594,54.8594,54.8594,0
2015-01-16,55.3345,55.3345,55.3345,55.3345,0
2015-01-20,54.8974,54.8974,54.8974,54.8974,0
2015-01-21,54.8594,54.8594,54.8594,54.8594,0
2015-01-22,55.835,55.835,55.835,55.835,0
2015-01-23,55.6767,55.6767,55.6767,55.6767,0
2015-01-26,56.1455,56.1455,56.1455,56.1455,0
2015-01-27,56.1645,56.1645,56.1645,56.1645,0
2015-01-28,55.7907,55.7907,55.7907,55.7907,0
2015-01-29,55.9871,55.9871,55.9871,55.9871,0
2015-01-30,54.834,54.834,54.834,54.834,0
2015-02-02,54.6883,54.6883,54.6883,54.6883,0
2015-02-03,55.1635,55.1635,55.1635,55.1635,0
2015-02-04,54.9354,54.9354,54.9354,54.9354,0
2015-02-05,55.5943,55.5943,55.5943,55.5943,0
2015-02-06,53.9787,53.9787,53.9787,53.9787,0
2015-02-09,53.5986,53.5986,53.5986,53.5986,0
2015-02-10,53.7696,53.7696,53.7696,53.7696,0
2015-02-11,53.6113,53.6113,53.6113,53.6113,0
2015-02-12,54.2512,54.2512,54.2512,54.2512,0
2015-02-13,53.89,53.89,53.89,53.89,0
2015-02-17,53.757,53.757,53.757,53.757,0
2015-02-18,54.2575,54.2575,54.2575,54.2575,0
2015-02-19,53.0918,53.0918,53.0918,53.0918,0
2015-02-20,53.6049,53.6049,53.6049,53.6049,0
2015-02-23,54.0357,54.0357,54.0357,54.0357,0
2015-02-24,52.9714,52.9714,52.9714,52.9714,0
2015-02-25,52.984,52.984,52.984,52.984,0
2015-02-26,52.4075,52.4075,52.4075,52.4075,0
2015-02-27,52.8193,52.8193,52.8193,52.8193,0
2015-03-02,53.1234,53.1234,53.1234,53.1234,0
2015-03-03,53.0221,53.0221,53.0221,53.0221,0
2015-03-04,52.5152,52.5152,52.5152,52.5152,0
2015-03-05,52.6673,52.6673,52.6673,52.6673,0
2015-03-06,50.9187,50.9187,50.9187,50.9187,0
2015-03-09,51.3242,51.3242,51.3242,51.3242,0
2015-03-10,51.2861,51.2861,51.2861,51.2861,0
2015-03-11,51.3305,51.3305,51.3305,51.3305,0
2015-03-12,52.2238,52.2238,52.2238,52.2238,0
2015-03-13,52.1921,52.1921,52.1921,52.1921,0
2015-03-16,52.7306,52.7306,52.7306,52.7306,0
2015-03-17,52.7116,52.7116,52.7116,52.7116,0
2015-03-18,53.814,53.814,53.814,53.814,0
2015-03-19,53.7887,53.7887,53.7887,53.7887,0
2015-03-20,55.1381,55.1381,55.1381,55.1381,0
2015-03-23,55.0684,55.0684,55.0684,55.0684,0
2015-03-24,54.5996,54.5996,54.5996,54.5996,0
2015-03-25,53.6576,53.6576,53.6576,53.6576,0
2015-03-26,53.3772,53.3772,53.3772,53.3772,0
2015-03-27,53.4473,53.4473,53.4473,53.4473,0
2015-03-30,54.2121,54.2121,54.2121,54.2121,0
2015-03-31,53.7341,53.7341,53.7341,53.7341,0
2015-04-01,53.6576,53.6576,53.6576,53.6576,0
2015-04-02,54.0655,54.0655,54.0655,54.0655,0
2015-04-06,54.6264,54.6264,54.6264,54.6264,0
2015-04-07,53.664,53.664,53.664,53.664,0
2015-04-08,53.7468,53.7468,53.7468,53.7468,0
2015-04-09,52.6315,52.6315,52.6315,52.6315,0
2015-04-10,52.5933,52.5933,52.5933,52.5933,0
2015-04-13,52.453,52.453,52.453,52.453,0
2015-04-14,52.6379,52.6379,52.6379,52.6379,0
2015-04-15,52.2427,52.2427,52.2427,52.2427,0
2015-04-16,52.3766,52.3766,52.3766,52.3766,0
2015-04-17,52.1344,52.1344,52.1344,52.1344,0
2015-04-20,52.2109,52.2109,52.2109,52.2109,0
2015-04-21,52.3001,52.3001,52.3001,52.3001,0
2015-04-22,52.4084,52.4084,52.4084,52.4084,0
2015-04-23,52.5487,52.5487,52.5487,52.5487,0
2015-04-24,52.657,52.657,52.657,52.657,0
2015-04-27,52.5869,52.5869,52.5869,52.5869,0
2015-04-28,52.4849,52.4849,52.4849,52.4849,0
2015-04-29,51.4269,51.4269,51.4269,51.4269,0
2015-04-30,50.592,50.592,50.592,50.592,0
2015-05-01,50.9744,50.9744,50.9744,50.9744,0
2015-05-04,51.0254,51.0254,51.0254,51.0254,0
2015-05-05,49.9164,49.9164,49.9164,49.9164,0
2015-05-06,49.8208,49.8208,49.8208,49.8208,0
2015-05-07,50.5857,50.5857,50.5857,50.5857,0
2015-05-08,51.2931,51.2931,51.2931,51.2931,0
2015-05-11,50.5219,50.5219,50.5219,50.5219,0
2015-05-12,50.6749,50.6749,50.6749,50.6749,0
2015-05-13,50.1905,50.1905,50.1905,50.1905,0
2015-05-14,51.1592,51.1592,51.1592,51.1592,0
2015-05-15,51.6819,51.6819,51.6819,51.6819,0
2015-05-18,51.548,51.548,51.548,51.548,0
2015-05-19,51.3696,51.3696,51.3696,51.3696,0
2015-05-20,51.325,51.325,51.325,51.325,0
2015-05-21,51.0828,51.0828,51.0828,51.0828,0
2015-05-22,51.0191,51.0191,51.0191,51.0191,0
2015-05-26,50.6303,50.6303,50.6303,50.6303,0
2015-05-27,51.1274,51.1274,51.1274,51.1274,0
2015-05-28,51.0254,51.0254,51.0254,51.0254,0
2015-05-29,50.4391,50.4391,50.4391,50.4391,0
2015-06-01,51.0573,51.0573,51.0573,51.0573,0
2015-06-02,50.5857,50.5857,50.5857,50.5857,0
2015-06-03,49.8591,49.8591,49.8591,49.8591,0
2015-06-04,49.7635,49.7635,49.7635,49.7635,0
2015-06-05,49.209,49.209,49.209,49.209,0
2015-06-08,49.1198,49.1198,49.1198,49.1198,0
2015-06-09,48.7629,48.7629,48.7629,48.7629,0
2015-06-10,49.107,49.107,49.107,49.107,0
2015-06-11,49.4066,49.4066,49.4066,49.4066,0
2015-06-12,49.3619,49.3619,49.3619,49.3619,0
2015-06-15,49.0943,49.0943,49.0943,49.0943,0
2015-06-16,49.4894,49.4894,49.4894,49.4894,0
2015-06-17,49.9101,49.9101,49.9101,49.9101,0
2015-06-18,50.5984,50.5984,50.5984,50.5984,0
2015-06-19,50.2096,50.2096,50.2096,50.2096,0
2015-06-22,49.6934,49.6934,49.6934,49.6934,0
2015-06-23,49.2791,49.2791,49.2791,49.2791,0
2015-06-24,49.0114,49.0114,49.0114,49.0114,0
2015-06-25,48.5143,48.5143,48.5143,48.5143,0
2015-06-26,48.8632,48.8632,48.8632,48.8632,0
2015-06-29,48.1035,48.1035,48.1035,48.1035,0
2015-06-30,48.0842,48.0842,48.0842,48.0842,0
2015-07-01,48.8761,48.8761,48.8761,48.8761,0
2015-07-02,48.9984,48.9984,48.9984,48.9984,0
2015-07-06,49.3074,49.3074,49.3074,49.3074,0
2015-07-07,50.08,50.08,50.08,50.08,0
2015-07-08,49.8868,49.8868,49.8868,49.8868,0
2015-07-09,49.6486,49.6486,49.6486,49.6486,0
2015-07-10,50.0607,50.0607,50.0607,50.0607,0
2015-07-13,50.1315,50.1315,50.1315,50.1315,0
2015-07-14,50.2345,50.2345,50.2345,50.2345,0
2015-07-15,50.3182,50.3182,50.3182,50.3182,0
2015-07-16,50.7238,50.7238,50.7238,50.7238,0
2015-07-17,50.5435,50.5435,50.5435,50.5435,0
2015-07-20,50.6015,50.6015,50.6015,50.6015,0
2015-07-21,50.4598,50.4598,50.4598,50.4598,0
2015-07-22,50.6787,50.6787,50.6787,50.6787,0
2015-07-23,50.0478,50.0478,50.0478,50.0478,0
2015-07-24,50.2602,50.2602,50.2602,50.2602,0
2015-07-27,50.3504,50.3504,50.3504,50.3504,0
2015-07-28,50.3825,50.3825,50.3825,50.3825,0
2015-07-29,50.7109,50.7109,50.7109,50.7109,0
2015-07-30,50.4598,50.4598,50.4598,50.4598,0
2015-07-31,50.859,50.859,50.859,50.859,0
2015-08-03,51.1744,51.1744,51.1744,51.1744,0
2015-08-04,50.801,50.801,50.801,50.801,0
2015-08-05,50.4663,50.4663,50.4663,50.4663,0
2015-08-06,50.5371,50.5371,50.5371,50.5371,0
2015-08-07,50.7238,50.7238,50.7238,50.7238,0
2015-08-10,50.5628,50.5628,50.5628,50.5628,0
2015-08-11,50.8976,50.8976,50.8976,50.8976,0
2015-08-12,51.0585,51.0585,51.0585,51.0585,0
2015-08-13,51.1165,51.1165,51.1165,51.1165,0
2015-08-14,51.3933,51.3933,51.3933,51.3933,0
2015-08-17,51.8311,51.8311,51.8311,51.8311,0
2015-08-18,51.9727,51.9727,51.9727,51.9727,0
2015-08-19,51.6637,51.6637,51.6637,51.6637,0
2015-08-20,51.2839,51.2839,51.2839,51.2839,0
2015-08-21,50.3311,50.3311,50.3311,50.3311,0
2015-08-24,47.9748,47.9748,47.9748,47.9748,0
2015-08-25,46.6551,46.6551,46.6551,46.6551,0
2015-08-26,47.9169,47.9169,47.9169,47.9169,0
2015-08-27,48.8439,48.8439,48.8439,48.8439,0
2015-08-28,48.7731,48.7731,48.7731,48.7731,0
2015-08-31,47.6593,47.6593,47.6593,47.6593,0
2015-09-01,46.7516,46.7516,46.7516,46.7516,0
2015-09-02,47.2344,47.2344,47.2344,47.2344,0
2015-09-03,47.3632,47.3632,47.3632,47.3632,0
2015-09-04,46.4812,46.4812,46.4812,46.4812,0
2015-09-08,47.1829,47.1829,47.1829,47.1829,0
2015-09-09,46.6422,46.6422,46.6422,46.6422,0
2015-09-10,46.7452,46.7452,46.7452,46.7452,0
2015-09-11,47.64,47.64,47.64,47.64,0
2015-09-14,47.6658,47.6658,47.6658,47.6658,0
2015-09-15,48.1357,48.1357,48.1357,48.1357,0
2015-09-16,48.6508,48.6508,48.6508,48.6508,0
2015-09-17,49.2044,49.2044,49.2044,49.2044,0
2015-09-18,49.1207,49.1207,49.1207,49.1207,0
2015-09-21,49.5392,49.5392,49.5392,49.5392,0
2015-09-22,48.9147,48.9147,48.9147,48.9147,0
2015-09-23,49.2216,49.2216,49.2216,49.2216,0
2015-09-24,48.76,48.76,48.76,48.76,0
2015-09-25,48.955,48.955,48.955,48.955,0
2015-09-28,48.1943,48.1943,48.1943,48.1943,0
2015-09-29,48.708,48.708,48.708,48.708,0
2015-09-30,49.1176,49.1176,49.1176,49.1176,0
2015-10-01,49.3582,49.3582,49.3582,49.3582,0
2015-10-02,49.7158,49.7158,49.7158,49.7158,0
2015-10-05,50.5546,50.5546,50.5546,50.5546,0
2015-10-06,50.4375,50.4375,50.4375,50.4375,0
2015-10-07,51.0162,51.0162,51.0162,51.0162,0
2015-10-08,51.4454,51.4454,51.4454,51.4454,0
2015-10-09,51.3608,51.3608,51.3608,51.3608,0
2015-10-12,51.725,51.725,51.725,51.725,0
2015-10-13,51.3218,51.3218,51.3218,51.3218,0
2015-10-14,50.9382,50.9382,50.9382,50.9382,0
2015-10-15,51.6339,51.6339,51.6339,51.6339,0
2015-10-16,52.0241,52.0241,52.0241,52.0241,0
2015-10-19,52.7523,52.7523,52.7523,52.7523,0
2015-10-20,52.7328,52.7328,52.7328,52.7328,0
2015-10-21,52.5378,52.5378,52.5378,52.5378,0
2015-10-22,52.9994,52.9994,52.9994,52.9994,0
2015-10-23,52.4857,52.4857,52.4857,52.4857,0
2015-10-26,52.4727,52.4727,52.4727,52.4727,0
2015-10-27,52.4532,52.4532,52.4532,52.4532,0
2015-10-28,52.4987,52.4987,52.4987,52.4987,0
2015-10-29,52.4272,52.4272,52.4272,52.4272,0
2015-10-30,51.946,51.946,51.946,51.946,0
2015-11-02,53.0514,53.0514,53.0514,53.0514,0
2015-11-03,52.5182,52.5182,52.5182,52.5182,0
2015-11-04,52.2842,52.2842,52.2842,52.2842,0
2015-11-05,52.4922,52.4922,52.4922,52.4922,0
2015-11-06,50.8602,50.8602,50.8602,50.8602,0
2015-11-09,49.9889,49.9889,49.9889,49.9889,0
2015-11-10,50.5611,50.5611,50.5611,50.5611,0
2015-11-11,50.6196,50.6196,50.6196,50.6196,0
2015-11-12,50.275,50.275,50.275,50.275,0
2015-11-13,49.7028,49.7028,49.7028,49.7028,0
2015-11-16,50.275,50.275,50.275,50.275,0
2015-11-17,50.275,50.275,50.275,50.275,0
2015-11-18,50.7171,50.7171,50.7171,50.7171,0
2015-11-19,50.8732,50.8732,50.8732,50.8732,0
2015-11-20,51.5104,51.5104,51.5104,51.5104,0
2015-11-23,51.6209,51.6209,51.6209,51.6209,0
2015-11-24,51.3479,51.3479,51.3479,51.3479,0
2015-11-25,51.5559,51.5559,51.5559,51.5559,0
2015-11-27,52.0046,52.0046,52.0046,52.0046,0
2015-11-30,51.6209,51.6209,51.6209,51.6209,0
2015-12-01,52.3362,52.3362,52.3362,52.3362,0
2015-12-02,51.2698,51.2698,51.2698,51.2698,0
2015-12-03,50.4636,50.4636,50.4636,50.4636,0
2015-12-04,51.4259,51.4259,51.4259,51.4259,0
2015-12-07,51.2828,51.2828,51.2828,51.2828,0
2015-12-08,51.2373,51.2373,51.2373,51.2373,0
2015-12-09,50.9512,50.9512,50.9512,50.9512,0
2015-12-10,50.5871,50.5871,50.5871,50.5871,0
2015-12-11,50.4961,50.4961,50.4961,50.4961,0
2015-12-14,50.7301,50.7301,50.7301,50.7301,0
2015-12-15,51.2828,51.2828,51.2828,51.2828,0
2015-12-16,52.2842,52.2842,52.2842,52.2842,0
2015-12-17,52.0241,52.0241,52.0241,52.0241,0
2015-12-18,51.4194,51.4194,51.4194,51.4194,0
2015-12-21,51.6209,51.6209,51.6209,51.6209,0
2015-12-22,51.829,51.829,51.829,51.829,0
2015-12-23,52.3617,52.3617,52.3617,52.3617,0
2015-12-24,52.3617,52.3617,52.3617,52.3617,0
2015-12-28,52.6518,52.6518,52.6518,52.6518,0
2015-12-29,53.2122,53.2122,53.2122,53.2122,0
2015-12-30,53.0276,53.0276,53.0276,53.0276,0
2015-12-31,52.5661,52.5661,52.5661,52.5661,0
2016-01-04,51.9332,51.9332,51.9332,51.9332,0
2016-01-05,52.9353,52.9353,52.9353,52.9353,0
2016-01-06,52.7903,52.7903,52.7903,52.7903,0
2016-01-07,51.7618,51.7618,51.7618,51.7618,0
2016-01-08,51.0695,51.0695,51.0695,51.0695,0
2016-01-11,51.3596,51.3596,51.3596,51.3596,0
2016-01-12,51.0167,51.0167,51.0167,51.0167,0
2016-01-13,50.2849,50.2849,50.2849,50.2849,0
2016-01-14,50.1662,50.1662,50.1662,50.1662,0
2016-01-15,49.8234,49.8234,49.8234,49.8234,0
2016-01-19,50.0871,50.0871,50.0871,50.0871,0
2016-01-20,48.7422,48.7422,48.7422,48.7422,0
2016-01-21,49.0125,49.0125,49.0125,49.0125,0
2016-01-22,50.3772,50.3772,50.3772,50.3772,0
2016-01-25,50.0608,50.0608,50.0608,50.0608,0
2016-01-26,51.1091,51.1091,51.1091,51.1091,0
2016-01-27,50.1201,50.1201,50.1201,50.1201,0
2016-01-28,49.7377,49.7377,49.7377,49.7377,0
2016-01-29,50.7596,50.7596,50.7596,50.7596,0
2016-02-01,50.8453,50.8453,50.8453,50.8453,0
2016-02-02,50.3838,50.3838,50.3838,50.3838,0
2016-02-03,50.7201,50.7201,50.7201,50.7201,0
2016-02-04,50.7464,50.7464,50.7464,50.7464,0
2016-02-05,49.7839,49.7839,49.7839,49.7839,0
2016-02-08,48.3598,48.3598,48.3598,48.3598,0
2016-02-09,47.4697,47.4697,47.4697,47.4697,0
2016-02-10,47.7994,47.7994,47.7994,47.7994,0
2016-02-11,47.1203,47.1203,47.1203,47.1203,0
2016-02-12,47.6609,47.6609,47.6609,47.6609,0
2016-02-16,48.5378,48.5378,48.5378,48.5378,0
2016-02-17,48.9531,48.9531,48.9531,48.9531,0
2016-02-18,49.4476,49.4476,49.4476,49.4476,0
2016-02-19,49.7311,49.7311,49.7311,49.7311,0
2016-02-22,50.2058,50.2058,50.2058,50.2058,0
2016-02-23,50.0739,50.0739,50.0739,50.0739,0
2016-02-24,50.0146,50.0146,50.0146,50.0146,0
2016-02-25,51.0365,51.0365,51.0365,51.0365,0
2016-02-26,50.7728,50.7728,50.7728,50.7728,0
2016-02-29,50.575,50.575,50.575,50.575,0
2016-03-01,51.9991,51.9991,51.9991,51.9991,0
2016-03-02,52.3749,52.3749,52.3749,52.3749,0
2016-03-03,52.6518,52.6518,52.6518,52.6518,0
2016-03-04,52.6584,52.6584,52.6584,52.6584,0
2016-03-07,52.7969,52.7969,52.7969,52.7969,0
2016-03-08,52.2562,52.2562,52.2562,52.2562,0
2016-03-09,52.5463,52.5463,52.5463,52.5463,0
2016-03-10,52.3551,52.3551,52.3551,52.3551,0
2016-03-11,53.5287,53.5287,53.5287,53.5287,0
2016-03-14,53.5353,53.5353,53.5353,53.5353,0
2016-03-15,53.5617,53.5617,53.5617,53.5617,0
2016-03-16,54.2078,54.2078,54.2078,54.2078,0
2016-03-17,54.9726,54.9726,54.9726,54.9726,0
2016-03-18,54.7352,54.7352,54.7352,54.7352,0
2016-03-21,54.2412,54.2412,54.2412,54.2412,0
2016-03-22,54.2412,54.2412,54.2412,54.2412,0
2016-03-23,53.9478,53.9478,53.9478,53.9478,0
2016-03-24,53.9679,53.9679,53.9679,53.9679,0
2016-03-28,54.4545,54.4545,54.4545,54.4545,0
2016-03-29,55.6346,55.6346,55.6346,55.6346,0
2016-03-30,55.5279,55.5279,55.5279,55.5279,0
2016-03-31,55.8679,55.8679,55.8679,55.8679,0
2016-04-01,55.7946,55.7946,55.7946,55.7946,0
2016-04-04,55.7146,55.7146,55.7146,55.7146,0
2016-04-05,55.3479,55.3479,55.3479,55.3479,0
2016-04-06,55.4812,55.4812,55.4812,55.4812,0
2016-04-07,55.1345,55.1345,55.1345,55.1345,0
2016-04-08,55.4412,55.4412,55.4412,55.4412,0
2016-04-11,55.3279,55.3279,55.3279,55.3279,0
2016-04-12,55.7279,55.7279,55.7279,55.7279,0
2016-04-13,55.4812,55.4812,55.4812,55.4812,0
2016-04-14,55.1746,55.1746,55.1746,55.1746,0
2016-04-15,55.5879,55.5879,55.5879,55.5879,0
2016-04-18,55.8546,55.8546,55.8546,55.8546,0
2016-04-19,55.8812,55.8812,55.8812,55.8812,0
2016-04-20,54.9345,54.9345,54.9345,54.9345,0
2016-04-21,53.9545,53.9545,53.9545,53.9545,0
2016-04-22,54.5412,54.5412,54.5412,54.5412,0
2016-04-25,54.9945,54.9945,54.9945,54.9945,0
2016-04-26,55.2079,55.2079,55.2079,55.2079,0
2016-04-27,55.1746,55.1746,55.1746,55.1746,0
2016-04-28,55.0612,55.0612,55.0612,55.0612,0
2016-04-29,54.5546,54.5546,54.5546,54.5546,0
2016-05-02,55.4012,55.4012,55.4012,55.4012,0
2016-05-03,55.4879,55.4879,55.4879,55.4879,0
2016-05-04,56.2812,56.2812,56.2812,56.2812,0
2016-05-05,56.4412,56.4412,56.4412,56.4412,0
2016-05-06,57.0613,57.0613,57.0613,57.0613,0
2016-05-09,57.688,57.688,57.688,57.688,0
2016-05-10,57.6813,57.6813,57.6813,57.6813,0
2016-05-11,56.4479,56.4479,56.4479,56.4479,0
2016-05-12,56.7746,56.7746,56.7746,56.7746,0
2016-05-13,56.2679,56.2679,56.2679,56.2679,0
2016-05-16,56.8013,56.8013,56.8013,56.8013,0
2016-05-17,55.7479,55.7479,55.7479,55.7479,0
2016-05-18,54.8745,54.8745,54.8745,54.8745,0
2016-05-19,54.2612,54.2612,54.2612,54.2612,0
2016-05-20,54.6945,54.6945,54.6945,54.6945,0
2016-05-23,54.7012,54.7012,54.7012,54.7012,0
2016-05-24,55.3812,55.3812,55.3812,55.3812,0
2016-05-25,55.3812,55.3812,55.3812,55.3812,0
2016-05-26,55.4879,55.4879,55.4879,55.4879,0
2016-05-27,55.7879,55.7879,55.7879,55.7879,0
2016-05-31,55.7812,55.7812,55.7812,55.7812,0
2016-06-01,55.8279,55.8279,55.8279,55.8279,0
2016-06-02,56.1146,56.1146,56.1146,56.1146,0
2016-06-03,56.3412,56.3412,56.3412,56.3412,0
2016-06-06,55.9079,55.9079,55.9079,55.9079,0
2016-06-07,56.2479,56.2479,56.2479,56.2479,0
2016-06-08,56.6079,56.6079,56.6079,56.6079,0
2016-06-09,56.7346,56.7346,56.7346,56.7346,0
2016-06-10,56.4679,56.4679,56.4679,56.4679,0
2016-06-13,56.4813,56.4813,56.4813,56.4813,0
2016-06-14,56.3346,56.3346,56.3346,56.3346,0
2016-06-15,56.8679,56.8679,56.8679,56.8679,0
2016-06-16,57.1879,57.1879,57.1879,57.1879,0
2016-06-17,57.0946,57.0946,57.0946,57.0946,0
2016-06-20,57.1746,57.1746,57.1746,57.1746,0
2016-06-21,57.3925,57.3925,57.3925,57.3925,0
2016-06-22,57.3051,57.3051,57.3051,57.3051,0
2016-06-23,57.5944,57.5944,57.5944,57.5944,0
2016-06-24,57.0831,57.0831,57.0831,57.0831,0
2016-06-27,57.1235,57.1235,57.1235,57.1235,0
2016-06-28,58.3276,58.3276,58.3276,58.3276,0
2016-06-29,59.0339,59.0339,59.0339,59.0339,0
2016-06-30,59.646,59.646,59.646,59.646,0
2016-07-01,59.6662,59.6662,59.6662,59.6662,0
2016-07-05,60.3254,60.3254,60.3254,60.3254,0
2016-07-06,60.0631,60.0631,60.0631,60.0631,0
2016-07-07,59.4442,59.4442,59.4442,59.4442,0
2016-07-08,60.4061,60.4061,60.4061,60.4061,0
2016-07-11,60.8097,60.8097,60.8097,60.8097,0
2016-07-12,60.803,60.803,60.803,60.803,0
2016-07-13,61.1393,61.1393,61.1393,61.1393,0
2016-07-14,60.5945,60.5945,60.5945,60.5945,0
2016-07-15,60.6147,60.6147,60.6147,60.6147,0
2016-07-18,60.7761,60.7761,60.7761,60.7761,0
2016-07-19,61.0721,61.0721,61.0721,61.0721,0
2016-07-20,61.0788,61.0788,61.0788,61.0788,0
2016-07-21,61.1999,61.1999,61.1999,61.1999,0
2016-07-22,61.738,61.738,61.738,61.738,0
2016-07-25,61.6236,61.6236,61.6236,61.6236,0
2016-07-26,61.321,61.321,61.321,61.321,0
2016-07-27,60.8434,60.8434,60.8434,60.8434,0
2016-07-28,61.4084,61.4084,61.4084,61.4084,0
2016-07-29,62.1887,62.1887,62.1887,62.1887,0
2016-08-01,62.3232,62.3232,62.3232,62.3232,0
2016-08-02,61.3277,61.3277,61.3277,61.3277,0
2016-08-03,60.9712,60.9712,60.9712,60.9712,0
2016-08-04,60.7223,60.7223,60.7223,60.7223,0
2016-08-05,60.7626,60.7626,60.7626,60.7626,0
2016-08-08,60.8703,60.8703,60.8703,60.8703,0
2016-08-09,61.1999,61.1999,61.1999,61.1999,0
2016-08-10,61.1326,61.1326,61.1326,61.1326,0
2016-08-11,60.4397,60.4397,60.4397,60.4397,0
2016-08-12,60.6954,60.6954,60.6954,60.6954,0
2016-08-15,60.6348,60.6348,60.6348,60.6348,0
2016-08-16,59.9083,59.9083,59.9083,59.9083,0
2016-08-17,60.1505,60.1505,60.1505,60.1505,0
2016-08-18,59.9285,59.9285,59.9285,59.9285,0
2016-08-19,59.5451,59.5451,59.5451,59.5451,0
2016-08-22,59.868,59.868,59.868,59.868,0
2016-08-23,59.9016,59.9016,59.9016,59.9016,0
2016-08-24,59.6393,59.6393,59.6393,59.6393,0
2016-08-25,59.9083,59.9083,59.9083,59.9083,0
2016-08-26,59.3164,59.3164,59.3164,59.3164,0
2016-08-29,59.9016,59.9016,59.9016,59.9016,0
2016-08-30,59.7873,59.7873,59.7873,59.7873,0
2016-08-31,59.8478,59.8478,59.8478,59.8478,0
2016-09-01,59.6998,59.6998,59.6998,59.6998,0
2016-09-02,60.2178,60.2178,60.2178,60.2178,0
2016-09-06,60.6819,60.6819,60.6819,60.6819,0
2016-09-07,61.0452,61.0452,61.0452,61.0452,0
2016-09-08,60.2985,60.2985,60.2985,60.2985,0
2016-09-09,57.9105,57.9105,57.9105,57.9105,0
2016-09-12,58.5966,58.5966,58.5966,58.5966,0
2016-09-13,57.1255,57.1255,57.1255,57.1255,0
2016-09-14,57.3083,57.3083,57.3083,57.3083,0
2016-09-15,57.5251,57.5251,57.5251,57.5251,0
2016-09-16,57.5522,57.5522,57.5522,57.5522,0
2016-09-19,58.0737,58.0737,58.0737,58.0737,0
2016-09-20,57.9857,57.9857,57.9857,57.9857,0
2016-09-21,58.7307,58.7307,58.7307,58.7307,0
2016-09-22,59.7806,59.7806,59.7806,59.7806,0
2016-09-23,59.9635,59.9635,59.9635,59.9635,0
2016-09-26,60.1057,60.1057,60.1057,60.1057,0
2016-09-27,59.469,59.469,59.469,59.469,0
2016-09-28,59.9567,59.9567,59.9567,59.9567,0
2016-09-29,59.1575,59.1575,59.1575,59.1575,0
2016-09-30,58.7511,58.7511,58.7511,58.7511,0
2016-10-03,57.6538,57.6538,57.6538,57.6538,0
2016-10-04,56.8681,56.8681,56.8681,56.8681,0
2016-10-05,55.7167,55.7167,55.7167,55.7167,0
2016-10-06,55.737,55.737,55.737,55.737,0
2016-10-07,55.6422,55.6422,55.6422,55.6422,0
2016-10-10,55.9876,55.9876,55.9876,55.9876,0
2016-10-11,55.4457,55.4457,55.4457,55.4457,0
2016-10-12,56.0824,56.0824,56.0824,56.0824,0
2016-10-13,56.5227,56.5227,56.5227,56.5227,0
2016-10-14,56.2721,56.2721,56.2721,56.2721,0
2016-10-17,56.394,56.394,56.394,56.394,0
2016-10-18,56.753,56.753,56.753,56.753,0
2016-10-19,56.8749,56.8749,56.8749,56.8749,0
2016-10-20,56.7462,56.7462,56.7462,56.7462,0
2016-10-21,56.5362,56.5362,56.5362,56.5362,0
2016-10-24,56.6649,56.6649,56.6649,56.6649,0
2016-10-25,56.5633,56.5633,56.5633,56.5633,0
2016-10-26,55.825,55.825,55.825,55.825,0
2016-10-27,54.362,54.362,54.362,54.362,0
2016-10-28,54.4907,54.4907,54.4907,54.4907,0
2016-10-31,55.378,55.378,55.378,55.378,0
2016-11-01,54.1724,54.1724,54.1724,54.1724,0
2016-11-02,53.3799,53.3799,53.3799,53.3799,0
2016-11-03,52.9667,52.9667,52.9667,52.9667,0
2016-11-04,53.3866,53.3866,53.3866,53.3866,0
2016-11-07,54.3214,54.3214,54.3214,54.3214,0
2016-11-08,54.6058,54.6058,54.6058,54.6058,0
2016-11-09,53.7795,53.7795,53.7795,53.7795,0
2016-11-10,52.8787,52.8787,52.8787,52.8787,0
2016-11-11,53.197,53.197,53.197,53.197,0
2016-11-14,54.4568,54.4568,54.4568,54.4568,0
2016-11-15,54.003,54.003,54.003,54.003,0
2016-11-16,53.8472,53.8472,53.8472,53.8472,0
2016-11-17,53.2986,53.2986,53.2986,53.2986,0
2016-11-18,53.4544,53.4544,53.4544,53.4544,0
2016-11-21,53.2918,53.2918,53.2918,53.2918,0
2016-11-22,54.2265,54.2265,54.2265,54.2265,0
2016-11-23,53.9962,53.9962,53.9962,53.9962,0
2016-11-25,54.3078,54.3078,54.3078,54.3078,0
2016-11-28,54.5584,54.5584,54.5584,54.5584,0
2016-11-29,55.0799,55.0799,55.0799,55.0799,0
2016-11-30,54.4501,54.4501,54.4501,54.4501,0
2016-12-01,53.6508,53.6508,53.6508,53.6508,0
2016-12-02,54.1859,54.1859,54.1859,54.1859,0
2016-12-05,54.5855,54.5855,54.5855,54.5855,0
2016-12-06,54.9377,54.9377,54.9377,54.9377,0
2016-12-07,56.035,56.035,56.035,56.035,0
2016-12-08,56.4211,56.4211,56.4211,56.4211,0
2016-12-09,56.3601,56.3601,56.3601,56.3601,0
2016-12-12,56.7326,56.7326,56.7326,56.7326,0
2016-12-13,56.7055,56.7055,56.7055,56.7055,0
2016-12-14,55.466,55.466,55.466,55.466,0
2016-12-15,55.1409,55.1409,55.1409,55.1409,0
2016-12-16,55.9673,55.9673,55.9673,55.9673,0
2016-12-19,56.5701,56.5701,56.5701,56.5701,0
2016-12-20,56.6988,56.6988,56.6988,56.6988,0
2016-12-21,55.8386,55.8386,55.8386,55.8386,0
2016-12-22,55.7452,55.7452,55.7452,55.7452,0
2016-12-23,55.8904,55.8904,55.8904,55.8904,0
2016-12-27,56.008,56.008,56.008,56.008,0
2016-12-28,55.6691,55.6691,55.6691,55.6691,0
2016-12-29,56.3607,56.3607,56.3607,56.3607,0
2016-12-30,57.073,57.073,57.073,57.073,0
2017-01-03,57.2597,57.2597,57.2597,57.2597,0
2017-01-04,58.0965,58.0965,58.0965,58.0965,0
2017-01-05,58.2832,58.2832,58.2832,58.2832,0
2017-01-06,58.2901,58.2901,58.2901,58.2901,0
2017-01-09,57.7645,57.7645,57.7645,57.7645,0
2017-01-10,57.2735,57.2735,57.2735,57.2735,0
2017-01-11,56.9208,56.9208,56.9208,56.9208,0
2017-01-12,57.2113,57.2113,57.2113,57.2113,0
2017-01-13,57.1283,57.1283,57.1283,57.1283,0
2017-01-17,57.5709,57.5709,57.5709,57.5709,0
2017-01-18,57.6677,57.6677,57.6677,57.6677,0
2017-01-19,57.0799,57.0799,57.0799,57.0799,0
2017-01-20,57.4948,57.4948,57.4948,57.4948,0
2017-01-23,57.9789,57.9789,57.9789,57.9789,0
2017-01-24,57.9927,57.9927,57.9927,57.9927,0
2017-01-25,57.6124,57.6124,57.6124,57.6124,0
2017-01-26,57.5017,57.5017,57.5017,57.5017,0
2017-01-27,56.9416,56.9416,56.9416,56.9416,0
2017-01-30,56.5543,56.5543,56.5543,56.5543,0
2017-01-31,56.9623,56.9623,56.9623,56.9623,0
2017-02-01,56.2777,56.2777,56.2777,56.2777,0
2017-02-02,56.9485,56.9485,56.9485,56.9485,0
2017-02-03,57.2597,57.2597,57.2597,57.2597,0
2017-02-06,57.1629,57.1629,57.1629,57.1629,0
2017-02-07,56.9623,56.9623,56.9623,56.9623,0
2017-02-08,57.4118,57.4118,57.4118,57.4118,0
2017-02-09,57.5501,57.5501,57.5501,57.5501,0
2017-02-10,57.9581,57.9581,57.9581,57.9581,0
2017-02-13,57.9789,57.9789,57.9789,57.9789,0
2017-02-14,57.6746,57.6746,57.6746,57.6746,0
2017-02-15,57.481,57.481,57.481,57.481,0
2017-02-16,57.8198,57.8198,57.8198,57.8198,0
2017-02-17,57.9305,57.9305,57.9305,57.9305,0
2017-02-21,58.6704,58.6704,58.6704,58.6704,0
2017-02-22,58.4768,58.4768,58.4768,58.4768,0
2017-02-23,58.7811,58.7811,58.7811,58.7811,0
2017-02-24,59.0577,59.0577,59.0577,59.0577,0
2017-02-27,59.3689,59.3689,59.3689,59.3689,0
2017-02-28,58.9609,58.9609,58.9609,58.9609,0
2017-03-01,58.7811,58.7811,58.7811,58.7811,0
2017-03-02,58.463,58.463,58.463,58.463,0
2017-03-03,58.2347,58.2347,58.2347,58.2347,0
2017-03-06,57.972,57.972,57.972,57.972,0
2017-03-07,57.6954,57.6954,57.6954,57.6954,0
2017-03-08,56.6304,56.6304,56.6304,56.6304,0
2017-03-09,55.7798,55.7798,55.7798,55.7798,0
2017-03-10,55.6069,55.6069,55.6069,55.6069,0
2017-03-13,55.7452,55.7452,55.7452,55.7452,0
2017-03-14,55.7314,55.7314,55.7314,55.7314,0
2017-03-15,56.8586,56.8586,56.8586,56.8586,0
2017-03-16,56.7479,56.7479,56.7479,56.7479,0
2017-03-17,57.0107,57.0107,57.0107,57.0107,0
2017-03-20,56.9623,56.9623,56.9623,56.9623,0
2017-03-21,56.7134,56.7134,56.7134,56.7134,0
2017-03-22,56.682,56.682,56.682,56.682,0
2017-03-23,57.1,57.1,57.1,57.1,0
2017-03-24,57.0373,57.0373,57.0373,57.0373,0
2017-03-27,56.5218,56.5218,56.5218,56.5218,0
2017-03-28,56.7656,56.7656,56.7656,56.7656,0
2017-03-29,57.086,57.086,57.086,57.086,0
2017-03-30,57.1905,57.1905,57.1905,57.1905,0
2017-03-31,57.5319,57.5319,57.5319,57.5319,0
2017-04-03,57.6991,57.6991,57.6991,57.6991,0
2017-04-04,57.6991,57.6991,57.6991,57.6991,0
2017-04-05,57.7826,57.7826,57.7826,57.7826,0
2017-04-06,58.0891,58.0891,58.0891,58.0891,0
2017-04-07,58.1727,58.1727,58.1727,58.1727,0
2017-04-10,58.535,58.535,58.535,58.535,0
2017-04-11,58.939,58.939,58.939,58.939,0
2017-04-12,58.8345,58.8345,58.8345,58.8345,0
2017-04-13,58.7021,58.7021,58.7021,58.7021,0
2017-04-17,59.4127,59.4127,59.4127,59.4127,0
2017-04-18,59.5729,59.5729,59.5729,59.5729,0
2017-04-19,59.4893,59.4893,59.4893,59.4893,0
2017-04-20,59.4963,59.4963,59.4963,59.4963,0
2017-04-21,59.2803,59.2803,59.2803,59.2803,0
2017-04-24,58.6255,58.6255,58.6255,58.6255,0
2017-04-25,58.8693,58.8693,58.8693,58.8693,0
2017-04-26,58.4305,58.4305,58.4305,58.4305,0
2017-04-27,58.2772,58.2772,58.2772,58.2772,0
2017-04-28,57.6712,57.6712,57.6712,57.6712,0
2017-05-01,58.0125,58.0125,58.0125,58.0125,0
2017-05-02,57.915,57.915,57.915,57.915,0
2017-05-03,57.1418,57.1418,57.1418,57.1418,0
2017-05-04,56.8631,56.8631,56.8631,56.8631,0
2017-05-05,57.3995,57.3995,57.3995,57.3995,0
2017-05-08,56.9955,56.9955,56.9955,56.9955,0
2017-05-09,56.689,56.689,56.689,56.689,0
2017-05-10,57.1348,57.1348,57.1348,57.1348,0
2017-05-11,56.8492,56.8492,56.8492,56.8492,0
2017-05-12,56.6193,56.6193,56.6193,56.6193,0
2017-05-15,56.7865,56.7865,56.7865,56.7865,0
2017-05-16,56.4034,56.4034,56.4034,56.4034,0
2017-05-17,56.6333,56.6333,56.6333,56.6333,0
2017-05-18,56.9467,56.9467,56.9467,56.9467,0
2017-05-19,57.2532,57.2532,57.2532,57.2532,0
2017-05-22,57.4761,57.4761,57.4761,57.4761,0
2017-05-23,57.5249,57.5249,57.5249,57.5249,0
2017-05-24,57.9916,57.9916,57.9916,57.9916,0
2017-05-25,57.9986,57.9986,57.9986,57.9986,0
2017-05-26,57.5806,57.5806,57.5806,57.5806,0
2017-05-30,57.2184,57.2184,57.2184,57.2184,0
2017-05-31,57.2532,57.2532,57.2532,57.2532,0
2017-06-01,57.5528,57.5528,57.5528,57.5528,0
2017-06-02,58.1449,58.1449,58.1449,58.1449,0
2017-06-05,57.8941,57.8941,57.8941,57.8941,0
2017-06-06,57.6155,57.6155,57.6155,57.6155,0
2017-06-07,58.0195,58.0195,58.0195,58.0195,0
2017-06-08,57.8802,57.8802,57.8802,57.8802,0
2017-06-09,58.2842,58.2842,58.2842,58.2842,0
2017-06-12,58.8066,58.8066,58.8066,58.8066,0
2017-06-13,58.939,58.939,58.939,58.939,0
2017-06-14,59.0226,59.0226,59.0226,59.0226,0
2017-06-15,59.3221,59.3221,59.3221,59.3221,0
2017-06-16,59.1689,59.1689,59.1689,59.1689,0
2017-06-19,59.1758,59.1758,59.1758,59.1758,0
2017-06-20,59.0365,59.0365,59.0365,59.0365,0
2017-06-21,58.9181,58.9181,58.9181,58.9181,0
2017-06-22,58.9738,58.9738,58.9738,58.9738,0
2017-06-23,59.1785,59.1785,59.1785,59.1785,0
2017-06-26,59.6004,59.6004,59.6004,59.6004,0
2017-06-27,59.066,59.066,59.066,59.066,0
2017-06-28,59.2066,59.2066,59.2066,59.2066,0
2017-06-29,58.5315,58.5315,58.5315,58.5315,0
2017-06-30,58.5315,58.5315,58.5315,58.5315,0
2017-07-03,59.2769,59.2769,59.2769,59.2769,0
2017-07-05,58.4401,58.4401,58.4401,58.4401,0
2017-07-06,57.343,57.343,57.343,57.343,0
2017-07-07,57.6665,57.6665,57.6665,57.6665,0
2017-07-10,57.139,57.139,57.139,57.139,0
2017-07-11,57.0758,57.0758,57.0758,57.0758,0
2017-07-12,57.779,57.779,57.779,57.779,0
2017-07-13,57.8704,57.8704,57.8704,57.8704,0
2017-07-14,58.426,58.426,58.426,58.426,0
2017-07-17,58.8972,58.8972,58.8972,58.8972,0
2017-07-18,58.7706,58.7706,58.7706,58.7706,0
2017-07-19,59.2136,59.2136,59.2136,59.2136,0
2017-07-20,58.9394,58.9394,58.9394,58.9394,0
2017-07-21,58.8972,58.8972,58.8972,58.8972,0
2017-07-24,58.7847,58.7847,58.7847,58.7847,0
2017-07-25,58.862,58.862,58.862,58.862,0
2017-07-26,59.2699,59.2699,59.2699,59.2699,0
2017-07-27,59.3402,59.3402,59.3402,59.3402,0
2017-07-28,59.1785,59.1785,59.1785,59.1785,0
2017-07-31,59.2558,59.2558,59.2558,59.2558,0
2017-08-01,59.5231,59.5231,59.5231,59.5231,0
2017-08-02,58.9815,58.9815,58.9815,58.9815,0
2017-08-03,58.862,58.862,58.862,58.862,0
2017-08-04,59.0589,59.0589,59.0589,59.0589,0
2017-08-07,58.9956,58.9956,58.9956,58.9956,0
2017-08-08,58.7143,58.7143,58.7143,58.7143,0
2017-08-09,58.5174,58.5174,58.5174,58.5174,0
2017-08-10,58.0955,58.0955,58.0955,58.0955,0
2017-08-11,57.7368,57.7368,57.7368,57.7368,0
2017-08-14,58.7003,58.7003,58.7003,58.7003,0
2017-08-15,58.5245,58.5245,58.5245,58.5245,0
2017-08-16,58.7565,58.7565,58.7565,58.7565,0
2017-08-17,58.3908,58.3908,58.3908,58.3908,0
2017-08-18,57.8001,57.8001,57.8001,57.8001,0
2017-08-21,58.419,58.419,58.419,58.419,0
2017-08-22,58.2502,58.2502,58.2502,58.2502,0
2017-08-23,58.8479,58.8479,58.8479,58.8479,0
2017-08-24,58.6651,58.6651,58.6651,58.6651,0
2017-08-25,58.9464,58.9464,58.9464,58.9464,0
2017-08-28,58.4963,58.4963,58.4963,58.4963,0
2017-08-29,58.433,58.433,58.433,58.433,0
2017-08-30,58.7635,58.7635,58.7635,58.7635,0
2017-08-31,59.1011,59.1011,59.1011,59.1011,0
2017-09-01,59.305,59.305,59.305,59.305,0
2017-09-05,59.1433,59.1433,59.1433,59.1433,0
2017-09-06,59.298,59.298,59.298,59.298,0
2017-09-07,59.6778,59.6778,59.6778,59.6778,0
2017-09-08,59.727,59.727,59.727,59.727,0
2017-09-11,60.2755,60.2755,60.2755,60.2755,0
2017-09-12,59.5652,59.5652,59.5652,59.5652,0
2017-09-13,59.4106,59.4106,59.4106,59.4106,0
2017-09-14,59.9028,59.9028,59.9028,59.9028,0
2017-09-15,60.0153,60.0153,60.0153,60.0153,0
2017-09-18,59.6918,59.6918,59.6918,59.6918,0
2017-09-19,59.298,59.298,59.298,59.298,0
2017-09-20,59.1363,59.1363,59.1363,59.1363,0
2017-09-21,59.0238,59.0238,59.0238,59.0238,0
2017-09-22,58.6074,58.6074,58.6074,58.6074,0
2017-09-25,58.9484,58.9484,58.9484,58.9484,0
2017-09-26,59.0479,59.0479,59.0479,59.0479,0
2017-09-27,58.515,58.515,58.515,58.515,0
2017-09-28,58.9129,58.9129,58.9129,58.9129,0
2017-09-29,59.0337,59.0337,59.0337,59.0337,0
2017-10-02,58.9484,58.9484,58.9484,58.9484,0
2017-10-03,58.8632,58.8632,58.8632,58.8632,0
2017-10-04,59.1616,59.1616,59.1616,59.1616,0
2017-10-05,59.3747,59.3747,59.3747,59.3747,0
2017-10-06,59.1829,59.1829,59.1829,59.1829,0
2017-10-09,59.325,59.325,59.325,59.325,0
2017-10-10,59.5026,59.5026,59.5026,59.5026,0
2017-10-11,59.7015,59.7015,59.7015,59.7015,0
2017-10-12,60.0852,60.0852,60.0852,60.0852,0
2017-10-13,60.2415,60.2415,60.2415,60.2415,0
2017-10-16,59.9431,59.9431,59.9431,59.9431,0
2017-10-17,60.0142,60.0142,60.0142,60.0142,0
2017-10-18,59.9502,59.9502,59.9502,59.9502,0
2017-10-19,59.7726,59.7726,59.7726,59.7726,0
2017-10-20,59.4316,59.4316,59.4316,59.4316,0
2017-10-23,59.2042,59.2042,59.2042,59.2042,0
2017-10-24,58.849,58.849,58.849,58.849,0
2017-10-25,58.6785,58.6785,58.6785,58.6785,0
2017-10-26,58.1953,58.1953,58.1953,58.1953,0
2017-10-27,58.4582,58.4582,58.4582,58.4582,0
2017-10-30,58.4085,58.4085,58.4085,58.4085,0
2017-10-31,58.4014,58.4014,58.4014,58.4014,0
2017-11-01,58.6856,58.6856,58.6856,58.6856,0
2017-11-02,59.1829,59.1829,59.1829,59.1829,0
2017-11-03,59.0337,59.0337,59.0337,59.0337,0
2017-11-06,59.4316,59.4316,59.4316,59.4316,0
2017-11-07,59.9147,59.9147,59.9147,59.9147,0
2017-11-08,60.2131,60.2131,60.2131,60.2131,0
2017-11-09,60.277,60.277,60.277,60.277,0
2017-11-10,60.341,60.341,60.341,60.341,0
2017-11-13,60.6465,60.6465,60.6465,60.6465,0
2017-11-14,60.5186,60.5186,60.5186,60.5186,0
2017-11-15,59.9076,59.9076,59.9076,59.9076,0
2017-11-16,60.4049,60.4049,60.4049,60.4049,0
2017-11-17,60.142,60.142,60.142,60.142,0
2017-11-20,59.9644,59.9644,59.9644,59.9644,0
2017-11-21,60.412,60.412,60.412,60.412,0
2017-11-22,60.277,60.277,60.277,60.277,0
2017-11-24,60.3552,60.3552,60.3552,60.3552,0
2017-11-27,60.071,60.071,60.071,60.071,0
2017-11-28,59.8436,59.8436,59.8436,59.8436,0
2017-11-29,59.865,59.865,59.865,59.865,0
2017-11-30,59.9573,59.9573,59.9573,59.9573,0
2017-12-01,60.0994,60.0994,60.0994,60.0994,0
2017-12-04,59.801,59.801,59.801,59.801,0
2017-12-05,59.3037,59.3037,59.3037,59.3037,0
2017-12-06,59.2468,59.2468,59.2468,59.2468,0
2017-12-07,59.396,59.396,59.396,59.396,0
2017-12-08,59.7015,59.7015,59.7015,59.7015,0
2017-12-11,59.6944,59.6944,59.6944,59.6944,0
2017-12-12,59.9857,59.9857,59.9857,59.9857,0
2017-12-13,60.0852,60.0852,60.0852,60.0852,0
2017-12-14,60.071,60.071,60.071,60.071,0
2017-12-15,60.4475,60.4475,60.4475,60.4475,0
2017-12-18,60.8454,60.8454,60.8454,60.8454,0
2017-12-19,59.5523,59.5523,59.5523,59.5523,0
2017-12-20,58.8632,58.8632,58.8632,58.8632,0
2017-12-21,58.6352,58.6352,58.6352,58.6352,0
2017-12-22,59.0392,59.0392,59.0392,59.0392,0
2017-12-26,59.335,59.335,59.335,59.335,0
2017-12-27,59.5298,59.5298,59.5298,59.5298,0
2017-12-28,59.8473,59.8473,59.8473,59.8473,0
2017-12-29,59.8689,59.8689,59.8689,59.8689,0
2018-01-02,59.6453,59.6453,59.6453,59.6453,0
2018-01-03,59.4721,59.4721,59.4721,59.4721,0
2018-01-04,58.4476,58.4476,58.4476,58.4476,0
2018-01-05,58.4765,58.4765,58.4765,58.4765,0
2018-01-08,58.7795,58.7795,58.7795,58.7795,0
2018-01-09,58.0219,58.0219,58.0219,58.0219,0
2018-01-10,57.3726,57.3726,57.3726,57.3726,0
2018-01-11,57.1778,57.1778,57.1778,57.1778,0
2018-01-12,56.716,56.716,56.716,56.716,0
2018-01-16,56.8243,56.8243,56.8243,56.8243,0
2018-01-17,57.2211,57.2211,57.2211,57.2211,0
2018-01-18,56.4852,56.4852,56.4852,56.4852,0
2018-01-19,56.7882,56.7882,56.7882,56.7882,0
2018-01-22,57.3077,57.3077,57.3077,57.3077,0
2018-01-23,58.1013,58.1013,58.1013,58.1013,0
2018-01-24,57.7983,57.7983,57.7983,57.7983,0
2018-01-25,57.6973,57.6973,57.6973,57.6973,0
2018-01-26,57.4953,57.4953,57.4953,57.4953,0
2018-01-29,56.7233,56.7233,56.7233,56.7233,0
2018-01-30,56.312,56.312,56.312,56.312,0
2018-01-31,57.3221,57.3221,57.3221,57.3221,0
2018-02-01,56.0883,56.0883,56.0883,56.0883,0
2018-02-02,55.6122,55.6122,55.6122,55.6122,0
2018-02-05,53.96,53.96,53.96,53.96,0
2018-02-06,53.9672,53.9672,53.9672,53.9672,0
2018-02-07,53.7363,53.7363,53.7363,53.7363,0
2018-02-08,52.1923,52.1923,52.1923,52.1923,0
2018-02-09,53.4982,53.4982,53.4982,53.4982,0
2018-02-12,53.5198,53.5198,53.5198,53.5198,0
2018-02-13,53.895,53.895,53.895,53.895,0
2018-02-14,53.5054,53.5054,53.5054,53.5054,0
2018-02-15,54.0249,54.0249,54.0249,54.0249,0
2018-02-16,54.3207,54.3207,54.3207,54.3207,0
2018-02-20,53.6786,53.6786,53.6786,53.6786,0
2018-02-21,52.618,52.618,52.618,52.618,0
2018-02-22,53.2168,53.2168,53.2168,53.2168,0
2018-02-23,54.0682,54.0682,54.0682,54.0682,0
2018-02-26,54.2197,54.2197,54.2197,54.2197,0
2018-02-27,52.9571,52.9571,52.9571,52.9571,0
2018-02-28,52.921,52.921,52.921,52.921,0
2018-03-01,52.9715,52.9715,52.9715,52.9715,0
2018-03-02,52.9499,52.9499,52.9499,52.9499,0
2018-03-05,53.5487,53.5487,53.5487,53.5487,0
2018-03-06,53.8012,53.8012,53.8012,53.8012,0
2018-03-07,54.1331,54.1331,54.1331,54.1331,0
2018-03-08,54.2341,54.2341,54.2341,54.2341,0
2018-03-09,54.5299,54.5299,54.5299,54.5299,0
2018-03-12,54.768,54.768,54.768,54.768,0
2018-03-13,54.8185,54.8185,54.8185,54.8185,0
2018-03-14,54.869,54.869,54.869,54.869,0
2018-03-15,54.8546,54.8546,54.8546,54.8546,0
2018-03-16,55.237,55.237,55.237,55.237,0
2018-03-19,54.7608,54.7608,54.7608,54.7608,0
2018-03-20,54.5732,54.5732,54.5732,54.5732,0
2018-03-21,54.1692,54.1692,54.1692,54.1692,0
2018-03-22,53.8517,53.8517,53.8517,53.8517,0
2018-03-23,52.8922,52.8922,52.8922,52.8922,0
2018-03-26,53.4939,53.4939,53.4939,53.4939,0
2018-03-27,53.6979,53.6979,53.6979,53.6979,0
2018-03-28,55.0456,55.0456,55.0456,55.0456,0
2018-03-29,54.9801,54.9801,54.9801,54.9801,0
2018-04-02,54.237,54.237,54.237,54.237,0
2018-04-03,54.6959,54.6959,54.6959,54.6959,0
2018-04-04,55.2714,55.2714,55.2714,55.2714,0
2018-04-05,55.2496,55.2496,55.2496,55.2496,0
2018-04-06,54.8343,54.8343,54.8343,54.8343,0
2018-04-09,54.6595,54.6595,54.6595,54.6595,0
2018-04-10,54.6012,54.6012,54.6012,54.6012,0
2018-04-11,54.7178,54.7178,54.7178,54.7178,0
2018-04-12,54.1058,54.1058,54.1058,54.1058,0
2018-04-13,54.39,54.39,54.39,54.39,0
2018-04-16,54.7251,54.7251,54.7251,54.7251,0
2018-04-17,55.3661,55.3661,55.3661,55.3661,0
2018-04-18,55.2496,55.2496,55.2496,55.2496,0
2018-04-19,54.4482,54.4482,54.4482,54.4482,0
2018-04-20,53.9456,53.9456,53.9456,53.9456,0
2018-04-23,53.9019,53.9019,53.9019,53.9019,0
2018-04-24,54.1058,54.1058,54.1058,54.1058,0
2018-04-25,54.0038,54.0038,54.0038,54.0038,0
2018-04-26,54.7105,54.7105,54.7105,54.7105,0
2018-04-27,55.6503,55.6503,55.6503,55.6503,0
2018-04-30,55.4317,55.4317,55.4317,55.4317,0
2018-05-01,55.9344,55.9344,55.9344,55.9344,0
2018-05-02,55.7304,55.7304,55.7304,55.7304,0
2018-05-03,55.694,55.694,55.694,55.694,0
2018-05-04,56.3059,56.3059,56.3059,56.3059,0
2018-05-07,56.6848,56.6848,56.6848,56.6848,0
2018-05-08,56.4006,56.4006,56.4006,56.4006,0
2018-05-09,56.7794,56.7794,56.7794,56.7794,0
2018-05-10,57.2238,57.2238,57.2238,57.2238,0
2018-05-11,57.0271,57.0271,57.0271,57.0271,0
2018-05-14,56.539,56.539,56.539,56.539,0
2018-05-15,55.6211,55.6211,55.6211,55.6211,0
2018-05-16,55.4536,55.4536,55.4536,55.4536,0
2018-05-17,55.1767,55.1767,55.1767,55.1767,0
2018-05-18,55.2496,55.2496,55.2496,55.2496,0
2018-05-21,55.9052,55.9052,55.9052,55.9052,0
2018-05-22,55.9854,55.9854,55.9854,55.9854,0
2018-05-23,56.5463,56.5463,56.5463,56.5463,0
2018-05-24,56.4298,56.4298,56.4298,56.4298,0
2018-05-25,56.6265,56.6265,56.6265,56.6265,0
2018-05-29,56.896,56.896,56.896,56.896,0
2018-05-30,57.6682,57.6682,57.6682,57.6682,0
2018-05-31,57.4715,57.4715,57.4715,57.4715,0
2018-06-01,57.7265,57.7265,57.7265,57.7265,0
2018-06-04,58.2292,58.2292,58.2292,58.2292,0
2018-06-05,58.0762,58.0762,58.0762,58.0762,0
2018-06-06,58.2146,58.2146,58.2146,58.2146,0
2018-06-07,58.2146,58.2146,58.2146,58.2146,0
2018-06-08,58.4259,58.4259,58.4259,58.4259,0
2018-06-11,58.3385,58.3385,58.3385,58.3385,0
2018-06-12,58.6881,58.6881,58.6881,58.6881,0
2018-06-13,57.5444,57.5444,57.5444,57.5444,0
2018-06-14,58.0908,58.0908,58.0908,58.0908,0
2018-06-15,58.0543,58.0543,58.0543,58.0543,0
2018-06-18,58.0705,58.0705,58.0705,58.0705,0
2018-06-19,58.0117,58.0117,58.0117,58.0117,0
2018-06-20,58.6587,58.6587,58.6587,58.6587,0
2018-06-21,58.9381,58.9381,58.9381,58.9381,0
2018-06-22,59.4013,59.4013,59.4013,59.4013,0
2018-06-25,59.2469,59.2469,59.2469,59.2469,0
2018-06-26,59.4381,59.4381,59.4381,59.4381,0
2018-06-27,59.2102,59.2102,59.2102,59.2102,0
2018-06-28,59.7395,59.7395,59.7395,59.7395,0
2018-06-29,59.8866,59.8866,59.8866,59.8866,0
2018-07-02,59.5557,59.5557,59.5557,59.5557,0
2018-07-03,60.0042,60.0042,60.0042,60.0042,0
2018-07-05,60.7174,60.7174,60.7174,60.7174,0
2018-07-06,61.0409,61.0409,61.0409,61.0409,0
2018-07-09,60.5557,60.5557,60.5557,60.5557,0
2018-07-10,60.6807,60.6807,60.6807,60.6807,0
2018-07-11,60.4822,60.4822,60.4822,60.4822,0
2018-07-12,60.666,60.666,60.666,60.666,0
2018-07-13,60.4822,60.4822,60.4822,60.4822,0
2018-07-16,60.1586,60.1586,60.1586,60.1586,0
2018-07-17,59.7616,59.7616,59.7616,59.7616,0
2018-07-18,59.4969,59.4969,59.4969,59.4969,0
2018-07-19,60.1954,60.1954,60.1954,60.1954,0
2018-07-20,59.6146,59.6146,59.6146,59.6146,0
2018-07-23,59.4895,59.4895,59.4895,59.4895,0
2018-07-24,59.1881,59.1881,59.1881,59.1881,0
2018-07-25,59.6587,59.6587,59.6587,59.6587,0
2018-07-26,59.8572,59.8572,59.8572,59.8572,0
2018-07-27,59.2175,59.2175,59.2175,59.2175,0
2018-07-30,59.2543,59.2543,59.2543,59.2543,0
2018-07-31,60.2469,60.2469,60.2469,60.2469,0
2018-08-01,60.6733,60.6733,60.6733,60.6733,0
2018-08-02,60.4307,60.4307,60.4307,60.4307,0
2018-08-03,61.0851,61.0851,61.0851,61.0851,0
2018-08-06,61.0042,61.0042,61.0042,61.0042,0
2018-08-07,60.8939,60.8939,60.8939,60.8939,0
2018-08-08,60.541,60.541,60.541,60.541,0
2018-08-09,60.5704,60.5704,60.5704,60.5704,0
2018-08-10,60.1072,60.1072,60.1072,60.1072,0
2018-08-13,59.9895,59.9895,59.9895,59.9895,0
2018-08-14,60.2836,60.2836,60.2836,60.2836,0
2018-08-15,60.7468,60.7468,60.7468,60.7468,0
2018-08-16,61.2394,61.2394,61.2394,61.2394,0
2018-08-17,61.8056,61.8056,61.8056,61.8056,0
2018-08-20,61.8497,61.8497,61.8497,61.8497,0
2018-08-21,61.4747,61.4747,61.4747,61.4747,0
2018-08-22,61.1292,61.1292,61.1292,61.1292,0
2018-08-23,60.9748,60.9748,60.9748,60.9748,0
2018-08-24,61.3351,61.3351,61.3351,61.3351,0
2018-08-27,61.1145,61.1145,61.1145,61.1145,0
2018-08-28,61.9379,61.9379,61.9379,61.9379,0
2018-08-29,61.9526,61.9526,61.9526,61.9526,0
2018-08-30,61.5556,61.5556,61.5556,61.5556,0
2018-08-31,61.7983,61.7983,61.7983,61.7983,0
2018-09-04,61.063,61.063,61.063,61.063,0
2018-09-05,61.4159,61.4159,61.4159,61.4159,0
2018-09-06,61.5924,61.5924,61.5924,61.5924,0
2018-09-07,60.9233,60.9233,60.9233,60.9233,0
2018-09-10,61.1953,61.1953,61.1953,61.1953,0
2018-09-11,61.188,61.188,61.188,61.188,0
2018-09-12,61.2174,61.2174,61.2174,61.2174,0
2018-09-13,61.5189,61.5189,61.5189,61.5189,0
2018-09-14,61.1292,61.1292,61.1292,61.1292,0
2018-09-17,61.3277,61.3277,61.3277,61.3277,0
2018-09-18,61.0336,61.0336,61.0336,61.0336,0
2018-09-19,60.3204,60.3204,60.3204,60.3204,0
2018-09-20,60.8865,60.8865,60.8865,60.8865,0
2018-09-21,60.8645,60.8645,60.8645,60.8645,0
2018-09-24,59.7715,59.7715,59.7715,59.7715,0
2018-09-25,59.7789,59.7789,59.7789,59.7789,0
2018-09-26,59.0632,59.0632,59.0632,59.0632,0
2018-09-27,59.3465,59.3465,59.3465,59.3465,0
2018-09-28,60.1517,60.1517,60.1517,60.1517,0
2018-10-01,59.5925,59.5925,59.5925,59.5925,0
2018-10-02,59.4583,59.4583,59.4583,59.4583,0
2018-10-03,58.8246,58.8246,58.8246,58.8246,0
2018-10-04,58.3326,58.3326,58.3326,58.3326,0
2018-10-05,58.3027,58.3027,58.3027,58.3027,0
2018-10-08,59.1452,59.1452,59.1452,59.1452,0
2018-10-09,59.2272,59.2272,59.2272,59.2272,0
2018-10-10,58.3475,58.3475,58.3475,58.3475,0
2018-10-11,56.6774,56.6774,56.6774,56.6774,0
2018-10-12,56.5283,56.5283,56.5283,56.5283,0
2018-10-15,56.9085,56.9085,56.9085,56.9085,0
2018-10-16,58.0791,58.0791,58.0791,58.0791,0
2018-10-17,57.8554,57.8554,57.8554,57.8554,0
2018-10-18,57.7436,57.7436,57.7436,57.7436,0
2018-10-19,58.2431,58.2431,58.2431,58.2431,0
2018-10-22,57.4304,57.4304,57.4304,57.4304,0
2018-10-23,57.6839,57.6839,57.6839,57.6839,0
2018-10-24,58.2282,58.2282,58.2282,58.2282,0
2018-10-25,58.9737,58.9737,58.9737,58.9737,0
2018-10-26,57.5572,57.5572,57.5572,57.5572,0
2018-10-29,58.2878,58.2878,58.2878,58.2878,0
2018-10-30,59.0856,59.0856,59.0856,59.0856,0
2018-10-31,58.3922,58.3922,58.3922,58.3922,0
2018-11-01,58.6681,58.6681,58.6681,58.6681,0
2018-11-02,58.1835,58.1835,58.1835,58.1835,0
2018-11-05,59.0483,59.0483,59.0483,59.0483,0
2018-11-06,59.3465,59.3465,59.3465,59.3465,0
2018-11-07,60.0548,60.0548,60.0548,60.0548,0
2018-11-08,60.0995,60.0995,60.0995,60.0995,0
2018-11-09,60.0921,60.0921,60.0921,60.0921,0
2018-11-12,60.2114,60.2114,60.2114,60.2114,0
2018-11-13,60.1517,60.1517,60.1517,60.1517,0
2018-11-14,60.0026,60.0026,60.0026,60.0026,0
2018-11-15,59.5925,59.5925,59.5925,59.5925,0
2018-11-16,60.2337,60.2337,60.2337,60.2337,0
2018-11-19,60.3158,60.3158,60.3158,60.3158,0
2018-11-20,59.6969,59.6969,59.6969,59.6969,0
2018-11-21,59.7491,59.7491,59.7491,59.7491,0
2018-11-23,59.6298,59.6298,59.6298,59.6298,0
2018-11-26,59.7417,59.7417,59.7417,59.7417,0
2018-11-27,59.9951,59.9951,59.9951,59.9951,0
2018-11-28,60.5319,60.5319,60.5319,60.5319,0
2018-11-29,60.5469,60.5469,60.5469,60.5469,0
2018-11-30,61.1209,61.1209,61.1209,61.1209,0
2018-12-03,61.449,61.449,61.449,61.449,0
2018-12-04,60.5394,60.5394,60.5394,60.5394,0
2018-12-06,62.038,62.038,62.038,62.038,0
2018-12-07,61.2253,61.2253,61.2253,61.2253,0
2018-12-10,60.8302,60.8302,60.8302,60.8302,0
2018-12-11,60.86,60.86,60.86,60.86,0
2018-12-12,59.9206,59.9206,59.9206,59.9206,0
2018-12-13,60.2669,60.2669,60.2669,60.2669,0
2018-12-14,60.0934,60.0934,60.0934,60.0934,0
2018-12-17,57.83,57.83,57.83,57.83,0
2018-12-18,58.426,58.426,58.426,58.426,0
2018-12-19,57.7847,57.7847,57.7847,57.7847,0
2018-12-20,56.9171,56.9171,56.9171,56.9171,0
2018-12-21,56.1249,56.1249,56.1249,56.1249,0
2018-12-24,54.1255,54.1255,54.1255,54.1255,0
2018-12-26,55.9362,55.9362,55.9362,55.9362,0
2018-12-27,55.9287,55.9287,55.9287,55.9287,0
2018-12-28,56.1098,56.1098,56.1098,56.1098,0
2018-12-31,56.2607,56.2607,56.2607,56.2607,0
2019-01-02,55.0384,55.0384,55.0384,55.0384,0
2019-01-03,55.4232,55.4232,55.4232,55.4232,0
2019-01-04,56.0721,56.0721,56.0721,56.0721,0
2019-01-07,56.6228,56.6228,56.6228,56.6228,0
2019-01-08,57.7922,57.7922,57.7922,57.7922,0
2019-01-09,57.7092,57.7092,57.7092,57.7092,0
2019-01-10,58.4939,58.4939,58.4939,58.4939,0
2019-01-11,58.6599,58.6599,58.6599,58.6599,0
2019-01-14,58.4637,58.4637,58.4637,58.4637,0
2019-01-15,59.022,59.022,59.022,59.022,0
2019-01-16,59.437,59.437,59.437,59.437,0
2019-01-17,59.7237,59.7237,59.7237,59.7237,0
2019-01-18,59.9274,59.9274,59.9274,59.9274,0
2019-01-22,59.7463,59.7463,59.7463,59.7463,0
2019-01-23,59.7539,59.7539,59.7539,59.7539,0
2019-01-24,59.9576,59.9576,59.9576,59.9576,0
2019-01-25,60.7045,60.7045,60.7045,60.7045,0
2019-01-28,61.3005,61.3005,61.3005,61.3005,0
2019-01-29,61.7834,61.7834,61.7834,61.7834,0
2019-01-30,62.2813,62.2813,62.2813,62.2813,0
2019-01-31,62.9302,62.9302,62.9302,62.9302,0
2019-02-01,62.5303,62.5303,62.5303,62.5303,0
2019-02-04,62.9981,62.9981,62.9981,62.9981,0
2019-02-05,63.3602,63.3602,63.3602,63.3602,0
2019-02-06,62.9452,62.9452,62.9452,62.9452,0
2019-02-07,63.4658,63.4658,63.4658,63.4658,0
2019-02-08,63.4658,63.4658,63.4658,63.4658,0
2019-02-11,63.6394,63.6394,63.6394,63.6394,0
2019-02-12,63.2395,63.2395,63.2395,63.2395,0
2019-02-13,63.5639,63.5639,63.5639,63.5639,0
2019-02-14,63.7676,63.7676,63.7676,63.7676,0
2019-02-15,64.1977,64.1977,64.1977,64.1977,0
2019-02-19,64.1826,64.1826,64.1826,64.1826,0
2019-02-20,63.7827,63.7827,63.7827,63.7827,0
2019-02-21,63.8431,63.8431,63.8431,63.8431,0
2019-02-22,64.2203,64.2203,64.2203,64.2203,0
2019-02-25,63.7148,63.7148,63.7148,63.7148,0
2019-02-26,63.5187,63.5187,63.5187,63.5187,0
2019-02-27,63.2018,63.2018,63.2018,63.2018,0
2019-02-28,63.3678,63.3678,63.3678,63.3678,0
2019-03-01,63.1716,63.1716,63.1716,63.1716,0
2019-03-04,63.4583,63.4583,63.4583,63.4583,0
2019-03-05,63.6318,63.6318,63.6318,63.6318,0
2019-03-06,63.3376,63.3376,63.3376,63.3376,0
2019-03-07,63.2018,63.2018,63.2018,63.2018,0
2019-03-08,63.2697,63.2697,63.2697,63.2697,0
2019-03-11,64.1977,64.1977,64.1977,64.1977,0
2019-03-12,64.4919,64.4919,64.4919,64.4919,0
2019-03-13,64.8088,64.8088,64.8088,64.8088,0
2019-03-14,64.9069,64.9069,64.9069,64.9069,0
2019-03-15,64.7032,64.7032,64.7032,64.7032,0
2019-03-18,64.3788,64.3788,64.3788,64.3788,0
2019-03-19,64.1826,64.1826,64.1826,64.1826,0
2019-03-20,64.3788,64.3788,64.3788,64.3788,0
2019-03-21,65.5255,65.5255,65.5255,65.5255,0
2019-03-22,65.0502,65.0502,65.0502,65.0502,0
2019-03-25,65.1332,65.1332,65.1332,65.1332,0
2019-03-26,65.6538,65.6538,65.6538,65.6538,0
2019-03-27,65.4652,65.4652,65.4652,65.4652,0
2019-03-28,66.1004,66.1004,66.1004,66.1004,0
2019-03-29,66.0396,66.0396,66.0396,66.0396,0
2019-04-01,66.0016,66.0016,66.0016,66.0016,0
2019-04-02,66.4652,66.4652,66.4652,66.4652,0
2019-04-03,66.3892,66.3892,66.3892,66.3892,0
2019-04-04,66.2828,66.2828,66.2828,66.2828,0
2019-04-05,66.7463,66.7463,66.7463,66.7463,0
2019-04-08,66.374,66.374,66.374,66.374,0
2019-04-09,66.0244,66.0244,66.0244,66.0244,0
2019-04-10,66.6323,66.6323,66.6323,66.6323,0
2019-04-11,66.5867,66.5867,66.5867,66.5867,0
2019-04-12,66.9059,66.9059,66.9059,66.9059,0
2019-04-15,66.5639,66.5639,66.5639,66.5639,0
2019-04-16,65.0594,65.0594,65.0594,65.0594,0
2019-04-17,64.4667,64.4667,64.4667,64.4667,0
2019-04-18,64.9606,64.9606,64.9606,64.9606,0
2019-04-22,64.2464,64.2464,64.2464,64.2464,0
2019-04-23,65.0974,65.0974,65.0974,65.0974,0
2019-04-24,65.5761,65.5761,65.5761,65.5761,0
2019-04-25,65.4394,65.4394,65.4394,65.4394,0
2019-04-26,65.9561,65.9561,65.9561,65.9561,0
2019-04-29,65.3102,65.3102,65.3102,65.3102,0
2019-04-30,65.9332,65.9332,65.9332,65.9332,0
2019-05-01,65.9865,65.9865,65.9865,65.9865,0
2019-05-02,66.0548,66.0548,66.0548,66.0548,0
2019-05-03,66.6171,66.6171,66.6171,66.6171,0
2019-05-06,66.4044,66.4044,66.4044,66.4044,0
2019-05-07,65.2038,65.2038,65.2038,65.2038,0
2019-05-08,65.1354,65.1354,65.1354,65.1354,0
2019-05-09,65.3026,65.3026,65.3026,65.3026,0
2019-05-10,66.0016,66.0016,66.0016,66.0016,0
2019-05-13,65.9332,65.9332,65.9332,65.9332,0
2019-05-14,66.1764,66.1764,66.1764,66.1764,0
2019-05-15,66.6247,66.6247,66.6247,66.6247,0
2019-05-16,66.8907,66.8907,66.8907,66.8907,0
2019-05-17,66.7615,66.7615,66.7615,66.7615,0
2019-05-20,65.7965,65.7965,65.7965,65.7965,0
2019-05-21,66.3588,66.3588,66.3588,66.3588,0
2019-05-22,66.5563,66.5563,66.5563,66.5563,0
2019-05-23,66.7083,66.7083,66.7083,66.7083,0
2019-05-24,66.9135,66.9135,66.9135,66.9135,0
2019-05-28,66.2524,66.2524,66.2524,66.2524,0
2019-05-29,65.371,65.371,65.371,65.371,0
2019-05-30,65.6445,65.6445,65.6445,65.6445,0
2019-05-31,66.0244,66.0244,66.0244,66.0244,0
2019-06-03,66.184,66.184,66.184,66.184,0
2019-06-04,65.8876,65.8876,65.8876,65.8876,0
2019-06-05,67.263,67.263,67.263,67.263,0
2019-06-06,67.3922,67.3922,67.3922,67.3922,0
2019-06-07,67.6429,67.6429,67.6429,67.6429,0
2019-06-10,67.4226,67.4226,67.4226,67.4226,0
2019-06-11,67.6049,67.6049,67.6049,67.6049,0
2019-06-12,67.8329,67.8329,67.8329,67.8329,0
2019-06-13,68.1217,68.1217,68.1217,68.1217,0
2019-06-14,68.1597,68.1597,68.1597,68.1597,0
2019-06-17,68.8891,68.8891,68.8891,68.8891,0
2019-06-18,68.8207,68.8207,68.8207,68.8207,0
2019-06-19,69.1931,69.1931,69.1931,69.1931,0
2019-06-20,69.5426,69.5426,69.5426,69.5426,0
2019-06-21,68.5624,68.5624,68.5624,68.5624,0
2019-06-24,68.3268,68.3268,68.3268,68.3268,0
2019-06-25,67.3162,67.3162,67.3162,67.3162,0
2019-06-26,65.9712,65.9712,65.9712,65.9712,0
2019-06-27,66.8205,66.8205,66.8205,66.8205,0
2019-06-28,67.0507,67.0507,67.0507,67.0507,0
2019-07-01,67.02,67.02,67.02,67.02,0
2019-07-02,68.1861,68.1861,68.1861,68.1861,0
2019-07-03,68.9993,68.9993,68.9993,68.9993,0
2019-07-05,68.7538,68.7538,68.7538,68.7538,0
2019-07-08,68.9993,68.9993,68.9993,68.9993,0
2019-07-09,69.2294,69.2294,69.2294,69.2294,0
2019-07-10,69.6283,69.6283,69.6283,69.6283,0
2019-07-11,68.7231,68.7231,68.7231,68.7231,0
2019-07-12,68.631,68.631,68.631,68.631,0
2019-07-15,68.5773,68.5773,68.5773,68.5773,0
2019-07-16,68.4162,68.4162,68.4162,68.4162,0
2019-07-17,68.1861,68.1861,68.1861,68.1861,0
2019-07-18,68.1861,68.1861,68.1861,68.1861,0
2019-07-19,67.0737,67.0737,67.0737,67.0737,0
2019-07-22,67.0123,67.0123,67.0123,67.0123,0
2019-07-23,67.7718,67.7718,67.7718,67.7718,0
2019-07-24,67.8255,67.8255,67.8255,67.8255,0
2019-07-25,67.4266,67.4266,67.4266,67.4266,0
2019-07-26,67.7334,67.7334,67.7334,67.7334,0
2019-07-29,67.9176,67.9176,67.9176,67.9176,0
2019-07-30,68.4622,68.4622,68.4622,68.4622,0
2019-07-31,68.1938,68.1938,68.1938,68.1938,0
2019-08-01,68.1938,68.1938,68.1938,68.1938,0
2019-08-02,68.5236,68.5236,68.5236,68.5236,0
2019-08-05,67.1734,67.1734,67.1734,67.1734,0
2019-08-06,67.9176,67.9176,67.9176,67.9176,0
2019-08-07,68.5773,68.5773,68.5773,68.5773,0
2019-08-08,69.7818,69.7818,69.7818,69.7818,0
2019-08-09,69.6974,69.6974,69.6974,69.6974,0
2019-08-12,69.5133,69.5133,69.5133,69.5133,0
2019-08-13,69.613,69.613,69.613,69.613,0
2019-08-14,68.5543,68.5543,68.5543,68.5543,0
2019-08-15,69.2371,69.2371,69.2371,69.2371,0
2019-08-16,69.9506,69.9506,69.9506,69.9506,0
2019-08-19,70.4569,70.4569,70.4569,70.4569,0
2019-08-20,69.9582,69.9582,69.9582,69.9582,0
2019-08-21,70.2497,70.2497,70.2497,70.2497,0
2019-08-22,70.572,70.572,70.572,70.572,0
2019-08-23,69.5823,69.5823,69.5823,69.5823,0
2019-08-26,70.1193,70.1193,70.1193,70.1193,0
2019-08-27,69.9199,69.9199,69.9199,69.9199,0
2019-08-28,70.15,70.15,70.15,70.15,0
2019-08-29,70.6947,70.6947,70.6947,70.6947,0
2019-08-30,70.7484,70.7484,70.7484,70.7484,0
2019-09-03,71.4542,71.4542,71.4542,71.4542,0
2019-09-04,72.0526,72.0526,72.0526,72.0526,0
2019-09-05,71.5309,71.5309,71.5309,71.5309,0
2019-09-06,71.692,71.692,71.692,71.692,0
2019-09-09,71.3468,71.3468,71.3468,71.3468,0
2019-09-10,70.6103,70.6103,70.6103,70.6103,0
2019-09-11,70.687,70.687,70.687,70.687,0
2019-09-12,71.063,71.063,71.063,71.063,0
2019-09-13,70.3034,70.3034,70.3034,70.3034,0
2019-09-16,70.9172,70.9172,70.9172,70.9172,0
2019-09-17,71.6843,71.6843,71.6843,71.6843,0
2019-09-18,71.4389,71.4389,71.4389,71.4389,0
2019-09-19,71.692,71.692,71.692,71.692,0
2019-09-20,71.692,71.692,71.692,71.692,0
2019-09-23,71.8071,71.8071,71.8071,71.8071,0
2019-09-24,71.6478,71.6478,71.6478,71.6478,0
2019-09-25,71.787,71.787,71.787,71.787,0
2019-09-26,72.3902,72.3902,72.3902,72.3902,0
2019-09-27,71.9881,71.9881,71.9881,71.9881,0
2019-09-30,72.1118,72.1118,72.1118,72.1118,0
2019-10-01,71.4313,71.4313,71.4313,71.4313,0
2019-10-02,71.1297,71.1297,71.1297,71.1297,0
2019-10-03,71.8179,71.8179,71.8179,71.8179,0
2019-10-04,72.251,72.251,72.251,72.251,0
2019-10-07,72.0963,72.0963,72.0963,72.0963,0
2019-10-08,71.7174,71.7174,71.7174,71.7174,0
2019-10-09,71.8566,71.8566,71.8566,71.8566,0
2019-10-10,71.9726,71.9726,71.9726,71.9726,0
2019-10-11,71.9417,71.9417,71.9417,71.9417,0
2019-10-14,71.9726,71.9726,71.9726,71.9726,0
2019-10-15,72.0654,72.0654,72.0654,72.0654,0
2019-10-16,72.0731,72.0731,72.0731,72.0731,0
2019-10-17,72.5449,72.5449,72.5449,72.5449,0
2019-10-18,73.1016,73.1016,73.1016,73.1016,0
2019-10-21,73.6584,73.6584,73.6584,73.6584,0
2019-10-22,73.4419,73.4419,73.4419,73.4419,0
2019-10-23,73.6043,73.6043,73.6043,73.6043,0
2019-10-24,73.4187,73.4187,73.4187,73.4187,0
2019-10-25,72.7923,72.7923,72.7923,72.7923,0
2019-10-28,72.3515,72.3515,72.3515,72.3515,0
2019-10-29,72.7923,72.7923,72.7923,72.7923,0
2019-10-30,73.0553,73.0553,73.0553,73.0553,0
2019-10-31,72.9238,72.9238,72.9238,72.9238,0
2019-11-01,72.9083,72.9083,72.9083,72.9083,0
2019-11-04,72.3979,72.3979,72.3979,72.3979,0
2019-11-05,71.1683,71.1683,71.1683,71.1683,0
2019-11-06,71.323,71.323,71.323,71.323,0
2019-11-07,70.6116,70.6116,70.6116,70.6116,0
2019-11-08,70.4414,70.4414,70.4414,70.4414,0
2019-11-11,70.5961,70.5961,70.5961,70.5961,0
2019-11-12,70.0625,70.0625,70.0625,70.0625,0
2019-11-13,70.7044,70.7044,70.7044,70.7044,0
2019-11-14,71.2534,71.2534,71.2534,71.2534,0
2019-11-15,71.6401,71.6401,71.6401,71.6401,0
2019-11-18,71.9881,71.9881,71.9881,71.9881,0
2019-11-19,72.1118,72.1118,72.1118,72.1118,0
2019-11-20,72.0731,72.0731,72.0731,72.0731,0
2019-11-21,71.0601,71.0601,71.0601,71.0601,0
2019-11-22,70.7972,70.7972,70.7972,70.7972,0
2019-11-25,71.0214,71.0214,71.0214,71.0214,0
2019-11-26,71.9649,71.9649,71.9649,71.9649,0
2019-11-27,72.3051,72.3051,72.3051,72.3051,0
2019-11-29,71.9726,71.9726,71.9726,71.9726,0
2019-12-02,70.8822,70.8822,70.8822,70.8822,0
2019-12-03,71.3385,71.3385,71.3385,71.3385,0
2019-12-04,71.6323,71.6323,71.6323,71.6323,0
2019-12-05,71.671,71.671,71.671,71.671,0
2019-12-06,71.8179,71.8179,71.8179,71.8179,0
2019-12-09,71.9572,71.9572,71.9572,71.9572,0
2019-12-10,71.5396,71.5396,71.5396,71.5396,0
2019-12-11,70.8126,70.8126,70.8126,70.8126,0
2019-12-12,69.8537,69.8537,69.8537,69.8537,0
2019-12-13,69.8692,69.8692,69.8692,69.8692,0
2019-12-16,70.3718,70.3718,70.3718,70.3718,0
2019-12-17,69.7068,69.7068,69.7068,69.7068,0
2019-12-18,70.5564,70.5564,70.5564,70.5564,0
2019-12-19,71.1817,71.1817,71.1817,71.1817,0
2019-12-20,71.5725,71.5725,71.5725,71.5725,0
2019-12-23,71.213,71.213,71.213,71.213,0
2019-12-24,71.4005,71.4005,71.4005,71.4005,0
2019-12-26,71.7132,71.7132,71.7132,71.7132,0
2019-12-27,71.9399,71.9399,71.9399,71.9399,0
2019-12-30,72.0102,72.0102,72.0102,72.0102,0
2019-12-31,72.5261,72.5261,72.5261,72.5261,0
2020-01-02,71.6741,71.6741,71.6741,71.6741,0
2020-01-03,72.1196,72.1196,72.1196,72.1196,0
2020-01-06,72.2056,72.2056,72.2056,72.2056,0
2020-01-07,71.4005,71.4005,71.4005,71.4005,0
2020-01-08,71.6194,71.6194,71.6194,71.6194,0
2020-01-09,71.5803,71.5803,71.5803,71.5803,0
2020-01-10,72.1274,72.1274,72.1274,72.1274,0
2020-01-13,72.995,72.995,72.995,72.995,0
2020-01-14,72.7215,72.7215,72.7215,72.7215,0
2020-01-15,73.378,73.378,73.378,73.378,0
2020-01-16,73.9642,73.9642,73.9642,73.9642,0
2020-01-17,74.0346,74.0346,74.0346,74.0346,0
2020-01-21,74.738,74.738,74.738,74.738,0
2020-01-22,74.2378,74.2378,74.2378,74.2378,0
2020-01-23,74.8631,74.8631,74.8631,74.8631,0
2020-01-24,74.6052,74.6052,74.6052,74.6052,0
2020-01-27,74.2456,74.2456,74.2456,74.2456,0
2020-01-28,74.5427,74.5427,74.5427,74.5427,0
2020-01-29,74.2691,74.2691,74.2691,74.2691,0
2020-01-30,74.3238,74.3238,74.3238,74.3238,0
2020-01-31,73.4171,73.4171,73.4171,73.4171,0
2020-02-03,73.6594,73.6594,73.6594,73.6594,0
2020-02-04,74.4176,74.4176,74.4176,74.4176,0
2020-02-05,74.4645,74.4645,74.4645,74.4645,0
2020-02-06,74.7146,74.7146,74.7146,74.7146,0
2020-02-07,74.699,74.699,74.699,74.699,0
2020-02-10,75.5353,75.5353,75.5353,75.5353,0
2020-02-11,76.1059,76.1059,76.1059,76.1059,0
2020-02-12,76.5592,76.5592,76.5592,76.5592,0
2020-02-13,77.0203,77.0203,77.0203,77.0203,0
2020-02-14,77.8176,77.8176,77.8176,77.8176,0
2020-02-18,77.7316,77.7316,77.7316,77.7316,0
2020-02-19,76.6843,76.6843,76.6843,76.6843,0
2020-02-20,77.5987,77.5987,77.5987,77.5987,0
2020-02-21,77.8254,77.8254,77.8254,77.8254,0
2020-02-24,76.7624,76.7624,76.7624,76.7624,0
2020-02-25,74.6833,74.6833,74.6833,74.6833,0
2020-02-26,73.8783,73.8783,73.8783,73.8783,0
2020-02-27,69.9467,69.9467,69.9467,69.9467,0
2020-02-28,68.2584,68.2584,68.2584,68.2584,0
2020-03-02,71.1739,71.1739,71.1739,71.1739,0
2020-03-03,71.0097,71.0097,71.0097,71.0097,0
2020-03-04,73.6907,73.6907,73.6907,73.6907,0
2020-03-05,72.1118,72.1118,72.1118,72.1118,0
2020-03-06,70.869,70.869,70.869,70.869,0
2020-03-09,65.4056,65.4056,65.4056,65.4056,0
2020-03-10,68.1689,68.1689,68.1689,68.1689,0
2020-03-11,64.0728,64.0728,64.0728,64.0728,0
2020-03-12,57.582,57.582,57.582,57.582,0
2020-03-13,62.6076,62.6076,62.6076,62.6076,0
2020-03-16,51.5087,51.5087,51.5087,51.5087,0
2020-03-17,54.4862,54.4862,54.4862,54.4862,0
2020-03-18,49.3031,49.3031,49.3031,49.3031,0
2020-03-19,49.4764,49.4764,49.4764,49.4764,0
2020-03-20,47.0108,47.0108,47.0108,47.0108,0
2020-03-23,44.8289,44.8289,44.8289,44.8289,0
2020-03-24,48.862,48.862,48.862,48.862,0
2020-03-25,51.4929,51.4929,51.4929,51.4929,0
2020-03-26,55.1243,55.1243,55.1243,55.1243,0
2020-03-27,55.1794,55.1794,55.1794,55.1794,0
2020-03-30,56.3846,56.3846,56.3846,56.3846,0
2020-03-31,55.0219,55.0219,55.0219,55.0219,0
2020-04-01,51.4063,51.4063,51.4063,51.4063,0
2020-04-02,51.5796,51.5796,51.5796,51.5796,0
2020-04-03,50.8313,50.8313,50.8313,50.8313,0
2020-04-06,54.5965,54.5965,54.5965,54.5965,0
2020-04-07,55.1007,55.1007,55.1007,55.1007,0
2020-04-08,58.8581,58.8581,58.8581,58.8581,0
2020-04-09,62.1586,62.1586,62.1586,62.1586,0
2020-04-13,59.5434,59.5434,59.5434,59.5434,0
2020-04-14,61.2133,61.2133,61.2133,61.2133,0
2020-04-15,58.7872,58.7872,58.7872,58.7872,0
2020-04-16,58.1176,58.1176,58.1176,58.1176,0
2020-04-17,59.953,59.953,59.953,59.953,0
2020-04-20,57.7238,57.7238,57.7238,57.7238,0
2020-04-21,56.6761,56.6761,56.6761,56.6761,0
2020-04-22,57.5426,57.5426,57.5426,57.5426,0
2020-04-23,57.0621,57.0621,57.0621,57.0621,0
2020-04-24,57.3063,57.3063,57.3063,57.3063,0
2020-04-27,59.2677,59.2677,59.2677,59.2677,0
2020-04-28,59.7561,59.7561,59.7561,59.7561,0
2020-04-29,60.654,60.654,60.654,60.654,0
2020-04-30,59.953,59.953,59.953,59.953,0
2020-05-01,57.9286,57.9286,57.9286,57.9286,0
2020-05-04,57.645,57.645,57.645,57.645,0
2020-05-05,57.9286,57.9286,57.9286,57.9286,0
2020-05-06,56.8888,56.8888,56.8888,56.8888,0
2020-05-07,57.7001,57.7001,57.7001,57.7001,0
2020-05-08,59.0708,59.0708,59.0708,59.0708,0
2020-05-11,58.2121,58.2121,58.2121,58.2121,0
2020-05-12,55.5654,55.5654,55.5654,55.5654,0
2020-05-13,54.2184,54.2184,54.2184,54.2184,0
2020-05-14,54.4075,54.4075,54.4075,54.4075,0
2020-05-15,54.1948,54.1948,54.1948,54.1948,0
2020-05-18,57.4008,57.4008,57.4008,57.4008,0
2020-05-19,56.6288,56.6288,56.6288,56.6288,0
2020-05-20,57.133,57.133,57.133,57.133,0
2020-05-21,57.1802,57.1802,57.1802,57.1802,0
2020-05-22,57.9522,57.9522,57.9522,57.9522,0
2020-05-26,60.1184,60.1184,60.1184,60.1184,0
2020-05-27,61.3157,61.3157,61.3157,61.3157,0
2020-05-28,61.6072,61.6072,61.6072,61.6072,0
2020-05-29,60.9928,60.9928,60.9928,60.9928,0
2020-06-01,62.4028,62.4028,62.4028,62.4028,0
2020-06-02,62.9069,62.9069,62.9069,62.9069,0
2020-06-03,64.9235,64.9235,64.9235,64.9235,0
2020-06-04,64.2775,64.2775,64.2775,64.2775,0
2020-06-05,66.7116,66.7116,66.7116,66.7116,0
2020-06-08,68.3658,68.3658,68.3658,68.3658,0
2020-06-09,67.2315,67.2315,67.2315,67.2315,0
2020-06-10,65.5221,65.5221,65.5221,65.5221,0
2020-06-11,61.3157,61.3157,61.3157,61.3157,0
2020-06-12,63.5135,63.5135,63.5135,63.5135,0
2020-06-15,64.4115,64.4115,64.4115,64.4115,0
2020-06-16,65.6797,65.6797,65.6797,65.6797,0
2020-06-17,64.7266,64.7266,64.7266,64.7266,0
2020-06-18,64.0176,64.0176,64.0176,64.0176,0
2020-06-19,63.0881,63.0881,63.0881,63.0881,0
2020-06-22,63.0251,63.0251,63.0251,63.0251,0
2020-06-23,62.7651,62.7651,62.7651,62.7651,0
2020-06-24,60.977,60.977,60.977,60.977,0
2020-06-25,61.7558,61.7558,61.7558,61.7558,0
2020-06-26,60.5705,60.5705,60.5705,60.5705,0
2020-06-29,61.7399,61.7399,61.7399,61.7399,0
2020-06-30,62.4718,62.4718,62.4718,62.4718,0
2020-07-01,63.9117,63.9117,63.9117,63.9117,0
2020-07-02,63.7287,63.7287,63.7287,63.7287,0
2020-07-06,63.6969,63.6969,63.6969,63.6969,0
2020-07-07,62.432,62.432,62.432,62.432,0
2020-07-08,62.3445,62.3445,62.3445,62.3445,0
2020-07-09,61.9547,61.9547,61.9547,61.9547,0
2020-07-10,62.1456,62.1456,62.1456,62.1456,0
2020-07-13,61.4058,61.4058,61.4058,61.4058,0
2020-07-14,61.9229,61.9229,61.9229,61.9229,0
2020-07-15,62.5275,62.5275,62.5275,62.5275,0
2020-07-16,61.7797,61.7797,61.7797,61.7797,0
2020-07-17,62.5832,62.5832,62.5832,62.5832,0
2020-07-20,61.8354,61.8354,61.8354,61.8354,0
2020-07-21,61.9865,61.9865,61.9865,61.9865,0
2020-07-22,62.9332,62.9332,62.9332,62.9332,0
2020-07-23,62.6707,62.6707,62.6707,62.6707,0
2020-07-24,62.2093,62.2093,62.2093,62.2093,0
2020-07-27,62.798,62.798,62.798,62.798,0
2020-07-28,64.0469,64.0469,64.0469,64.0469,0
2020-07-29,65.2879,65.2879,65.2879,65.2879,0
2020-07-30,64.8663,64.8663,64.8663,64.8663,0
2020-07-31,64.747,64.747,64.747,64.747,0
2020-08-03,63.8878,63.8878,63.8878,63.8878,0
2020-08-04,64.8424,64.8424,64.8424,64.8424,0
2020-08-05,64.5163,64.5163,64.5163,64.5163,0
2020-08-06,64.6197,64.6197,64.6197,64.6197,0
2020-08-07,65.5425,65.5425,65.5425,65.5425,0
2020-08-10,65.6459,65.6459,65.6459,65.6459,0
2020-08-11,64.6992,64.6992,64.6992,64.6992,0
2020-08-12,65.3515,65.3515,65.3515,65.3515,0
2020-08-13,64.5481,64.5481,64.5481,64.5481,0
2020-08-14,64.556,64.556,64.556,64.556,0
2020-08-17,65.0811,65.0811,65.0811,65.0811,0
2020-08-18,64.7708,64.7708,64.7708,64.7708,0
2020-08-19,63.6332,63.6332,63.6332,63.6332,0
2020-08-20,64.2378,64.2378,64.2378,64.2378,0
2020-08-21,64.3412,64.3412,64.3412,64.3412,0
2020-08-24,64.7549,64.7549,64.7549,64.7549,0
2020-08-25,64.922,64.922,64.922,64.922,0
2020-08-26,64.3253,64.3253,64.3253,64.3253,0
2020-08-27,65.272,65.272,65.272,65.272,0
2020-08-28,65.7016,65.7016,65.7016,65.7016,0
2020-08-31,65.0333,65.0333,65.0333,65.0333,0
2020-09-01,65.0811,65.0811,65.0811,65.0811,0
2020-09-02,66.2903,66.2903,66.2903,66.2903,0
2020-09-03,65.4948,65.4948,65.4948,65.4948,0
2020-09-04,65.1527,65.1527,65.1527,65.1527,0
2020-09-08,64.3572,64.3572,64.3572,64.3572,0
2020-09-09,64.9936,64.9936,64.9936,64.9936,0
2020-09-10,64.1981,64.1981,64.1981,64.1981,0
2020-09-11,63.8401,63.8401,63.8401,63.8401,0
2020-09-14,65.3993,65.3993,65.3993,65.3993,0
2020-09-15,66.1869,66.1869,66.1869,66.1869,0
2020-09-16,66.5369,66.5369,66.5369,66.5369,0
2020-09-17,65.2402,65.2402,65.2402,65.2402,0
2020-09-18,63.7685,63.7685,63.7685,63.7685,0
2020-09-21,61.8513,61.8513,61.8513,61.8513,0
2020-09-22,62.5911,62.5911,62.5911,62.5911,0
2020-09-23,60.7058,60.7058,60.7058,60.7058,0
2020-09-24,61.0319,61.0319,61.0319,61.0319,0
2020-09-25,62.2906,62.2906,62.2906,62.2906,0
2020-09-28,63.5652,63.5652,63.5652,63.5652,0
2020-09-29,63.1083,63.1083,63.1083,63.1083,0
2020-09-30,63.3007,63.3007,63.3007,63.3007,0
2020-10-01,64.5673,64.5673,64.5673,64.5673,0
2020-10-02,65.6817,65.6817,65.6817,65.6817,0
2020-10-05,66.0584,66.0584,66.0584,66.0584,0
2020-10-06,65.6255,65.6255,65.6255,65.6255,0
2020-10-07,65.7218,65.7218,65.7218,65.7218,0
2020-10-08,66.82,66.82,66.82,66.82,0
2020-10-09,66.5555,66.5555,66.5555,66.5555,0
2020-10-12,66.8681,66.8681,66.8681,66.8681,0
2020-10-13,65.7218,65.7218,65.7218,65.7218,0
2020-10-14,64.9201,64.9201,64.9201,64.9201,0
2020-10-15,65.2568,65.2568,65.2568,65.2568,0
2020-10-16,64.7918,64.7918,64.7918,64.7918,0
2020-10-19,63.7817,63.7817,63.7817,63.7817,0
2020-10-20,64.2386,64.2386,64.2386,64.2386,0
2020-10-21,64.0462,64.0462,64.0462,64.0462,0
2020-10-22,64.0382,64.0382,64.0382,64.0382,0
2020-10-23,64.423,64.423,64.423,64.423,0
2020-10-26,63.5011,63.5011,63.5011,63.5011,0
2020-10-27,62.483,62.483,62.483,62.483,0
2020-10-28,60.9918,60.9918,60.9918,60.9918,0
2020-10-29,61.8095,61.8095,61.8095,61.8095,0
2020-10-30,61.4007,61.4007,61.4007,61.4007,0
2020-11-02,62.8678,62.8678,62.8678,62.8678,0
2020-11-03,64.0783,64.0783,64.0783,64.0783,0
2020-11-04,64.1906,64.1906,64.1906,64.1906,0
2020-11-05,64.4952,64.4952,64.4952,64.4952,0
2020-11-06,64.0542,64.0542,64.0542,64.0542,0
2020-11-09,66.323,66.323,66.323,66.323,0
2020-11-10,67.293,67.293,67.293,67.293,0
2020-11-11,67.5496,67.5496,67.5496,67.5496,0
2020-11-12,66.6677,66.6677,66.6677,66.6677,0
2020-11-13,68.4475,68.4475,68.4475,68.4475,0
2020-11-16,69.2171,69.2171,69.2171,69.2171,0
2020-11-17,69.2812,69.2812,69.2812,69.2812,0
2020-11-18,67.9344,67.9344,67.9344,67.9344,0
2020-11-19,68.1989,68.1989,68.1989,68.1989,0
2020-11-20,67.8302,67.8302,67.8302,67.8302,0
2020-11-23,67.9584,67.9584,67.9584,67.9584,0
2020-11-24,68.3192,68.3192,68.3192,68.3192,0
2020-11-25,68.3593,68.3593,68.3593,68.3593,0
2020-11-27,68.0546,68.0546,68.0546,68.0546,0
2020-11-30,67.3411,67.3411,67.3411,67.3411,0
2020-12-01,68.2069,68.2069,68.2069,68.2069,0
2020-12-02,67.6698,67.6698,67.6698,67.6698,0
2020-12-03,68.239,68.239,68.239,68.239,0
2020-12-04,69.2812,69.2812,69.2812,69.2812,0
2020-12-07,68.6799,68.6799,68.6799,68.6799,0
2020-12-08,68.4394,68.4394,68.4394,68.4394,0
2020-12-09,68.0145,68.0145,68.0145,68.0145,0
2020-12-10,67.7179,67.7179,67.7179,67.7179,0
2020-12-11,67.6538,67.6538,67.6538,67.6538,0
2020-12-14,67.3572,67.3572,67.3572,67.3572,0
2020-12-15,68.7361,68.7361,68.7361,68.7361,0
2020-12-16,68.8162,68.8162,68.8162,68.8162,0
2020-12-17,69.4816,69.4816,69.4816,69.4816,0
2020-12-18,68.0867,68.0867,68.0867,68.0867,0
2020-12-21,67.7019,67.7019,67.7019,67.7019,0
2020-12-22,68.1749,68.1749,68.1749,68.1749,0
2020-12-23,67.734,67.734,67.734,67.734,0
2020-12-24,68.327,68.327,68.327,68.327,0
2020-12-28,68.7343,68.7343,68.7343,68.7343,0
2020-12-29,68.1478,68.1478,68.1478,68.1478,0
2020-12-30,68.5225,68.5225,68.5225,68.5225,0
2020-12-31,69.1823,69.1823,69.1823,69.1823,0
2021-01-04,66.934,66.934,66.934,66.934,0
2021-01-05,67.0318,67.0318,67.0318,67.0318,0
2021-01-06,67.1458,67.1458,67.1458,67.1458,0
2021-01-07,67.0155,67.0155,67.0155,67.0155,0
2021-01-08,67.6672,67.6672,67.6672,67.6672,0
2021-01-11,66.7711,66.7711,66.7711,66.7711,0
2021-01-12,66.9259,66.9259,66.9259,66.9259,0
2021-01-13,67.7405,67.7405,67.7405,67.7405,0
2021-01-14,68.1396,68.1396,68.1396,68.1396,0
2021-01-15,68.9216,68.9216,68.9216,68.9216,0
2021-01-19,68.7261,68.7261,68.7261,68.7261,0
2021-01-20,70.0376,70.0376,70.0376,70.0376,0
2021-01-21,69.7036,69.7036,69.7036,69.7036,0
2021-01-22,69.8665,69.8665,69.8665,69.8665,0
2021-01-25,70.396,70.396,70.396,70.396,0
2021-01-26,70.8929,70.8929,70.8929,70.8929,0
2021-01-27,69.6384,69.6384,69.6384,69.6384,0
2021-01-28,70.0132,70.0132,70.0132,70.0132,0
2021-01-29,69.2067,69.2067,69.2067,69.2067,0
2021-02-01,70.787,70.787,70.787,70.787,0
2021-02-02,71.2106,71.2106,71.2106,71.2106,0
2021-02-03,71.0314,71.0314,71.0314,71.0314,0
2021-02-04,71.5201,71.5201,71.5201,71.5201,0
2021-02-05,71.7726,71.7726,71.7726,71.7726,0
2021-02-08,72.1636,72.1636,72.1636,72.1636,0
2021-02-09,72.4162,72.4162,72.4162,72.4162,0
2021-02-10,72.8072,72.8072,72.8072,72.8072,0
2021-02-11,72.9619,72.9619,72.9619,72.9619,0
2021-02-12,72.9782,72.9782,72.9782,72.9782,0
2021-02-16,72.4162,72.4162,72.4162,72.4162,0
2021-02-17,72.3266,72.3266,72.3266,72.3266,0
2021-02-18,72.017,72.017,72.017,72.017,0
2021-02-19,72.4324,72.4324,72.4324,72.4324,0
2021-02-22,73.0352,73.0352,73.0352,73.0352,0
2021-02-23,73.4914,73.4914,73.4914,73.4914,0
2021-02-24,74.0535,74.0535,74.0535,74.0535,0
2021-02-25,72.6361,72.6361,72.6361,72.6361,0
2021-02-26,71.5771,71.5771,71.5771,71.5771,0
2021-03-01,71.8948,71.8948,71.8948,71.8948,0
2021-03-02,71.2025,71.2025,71.2025,71.2025,0
2021-03-03,70.7951,70.7951,70.7951,70.7951,0
2021-03-04,69.9887,69.9887,69.9887,69.9887,0
2021-03-05,70.7544,70.7544,70.7544,70.7544,0
2021-03-08,71.3654,71.3654,71.3654,71.3654,0
2021-03-09,71.8378,71.8378,71.8378,71.8378,0
2021-03-10,72.5546,72.5546,72.5546,72.5546,0
2021-03-11,73.4018,73.4018,73.4018,73.4018,0
2021-03-12,74.6318,74.6318,74.6318,74.6318,0
2021-03-15,75.7397,75.7397,75.7397,75.7397,0
2021-03-16,75.4301,75.4301,75.4301,75.4301,0
2021-03-17,75.4953,75.4953,75.4953,75.4953,0
2021-03-18,74.7296,74.7296,74.7296,74.7296,0
2021-03-19,73.7113,73.7113,73.7113,73.7113,0
2021-03-22,74.2327,74.2327,74.2327,74.2327,0
2021-03-23,74.1268,74.1268,74.1268,74.1268,0
2021-03-24,73.7113,73.7113,73.7113,73.7113,0
2021-03-25,74.4619,74.4619,74.4619,74.4619,0
2021-03-26,76.0678,76.0678,76.0678,76.0678,0
2021-03-29,75.6253,75.6253,75.6253,75.6253,0
2021-03-30,75.7237,75.7237,75.7237,75.7237,0
2021-03-31,75.2648,75.2648,75.2648,75.2648,0
2021-04-01,76.6331,76.6331,76.6331,76.6331,0
2021-04-05,76.9281,76.9281,76.9281,76.9281,0
2021-04-06,77.1247,77.1247,77.1247,77.1247,0
2021-04-07,77.1821,77.1821,77.1821,77.1821,0
2021-04-08,76.8953,76.8953,76.8953,76.8953,0
2021-04-09,76.8052,76.8052,76.8052,76.8052,0
2021-04-12,77.2558,77.2558,77.2558,77.2558,0
2021-04-13,77.6409,77.6409,77.6409,77.6409,0
2021-04-14,77.2313,77.2313,77.2313,77.2313,0
2021-04-15,78.5832,78.5832,78.5832,78.5832,0
2021-04-16,78.7552,78.7552,78.7552,78.7552,0
2021-04-19,78.9109,78.9109,78.9109,78.9109,0
2021-04-20,79.5582,79.5582,79.5582,79.5582,0
2021-04-21,80.0826,80.0826,80.0826,80.0826,0
2021-04-22,79.6483,79.6483,79.6483,79.6483,0
2021-04-23,80.1153,80.1153,80.1153,80.1153,0
2021-04-26,80.3529,80.3529,80.3529,80.3529,0
2021-04-27,80.3448,80.3448,80.3448,80.3448,0
2021-04-28,80.1727,80.1727,80.1727,80.1727,0
2021-04-29,80.8609,80.8609,80.8609,80.8609,0
2021-04-30,81.1805,81.1805,81.1805,81.1805,0
2021-05-03,81.0248,81.0248,81.0248,81.0248,0
2021-05-04,80.5004,80.5004,80.5004,80.5004,0
2021-05-05,79.1649,79.1649,79.1649,79.1649,0
2021-05-06,79.6074,79.6074,79.6074,79.6074,0
2021-05-07,80.6561,80.6561,80.6561,80.6561,0
2021-05-10,80.6315,80.6315,80.6315,80.6315,0
2021-05-11,79.6155,79.6155,79.6155,79.6155,0
2021-05-12,77.5999,77.5999,77.5999,77.5999,0
2021-05-13,78.6077,78.6077,78.6077,78.6077,0
2021-05-14,79.5418,79.5418,79.5418,79.5418,0
2021-05-17,79.6237,79.6237,79.6237,79.6237,0
2021-05-18,79.6401,79.6401,79.6401,79.6401,0
2021-05-19,79.3861,79.3861,79.3861,79.3861,0
2021-05-20,80.2792,80.2792,80.2792,80.2792,0
2021-05-21,80.1973,80.1973,80.1973,80.1973,0
2021-05-24,81.1969,81.1969,81.1969,81.1969,0
2021-05-25,81.1723,81.1723,81.1723,81.1723,0
2021-05-26,81.5328,81.5328,81.5328,81.5328,0
2021-05-27,81.3443,81.3443,81.3443,81.3443,0
2021-05-28,81.8359,81.8359,81.8359,81.8359,0
2021-06-01,83.3108,83.3108,83.3108,83.3108,0
2021-06-02,84.2858,84.2858,84.2858,84.2858,0
2021-06-03,83.9744,83.9744,83.9744,83.9744,0
2021-06-04,84.0154,84.0154,84.0154,84.0154,0
2021-06-07,85.0068,85.0068,85.0068,85.0068,0
2021-06-08,85.7114,85.7114,85.7114,85.7114,0
2021-06-09,85.8262,85.8262,85.8262,85.8262,0
2021-06-10,86.4407,86.4407,86.4407,86.4407,0
2021-06-11,86.0965,86.0965,86.0965,86.0965,0
2021-06-14,86.4325,86.4325,86.4325,86.4325,0
2021-06-15,85.5066,85.5066,85.5066,85.5066,0
2021-06-16,84.9494,84.9494,84.9494,84.9494,0
2021-06-17,84.8429,84.8429,84.8429,84.8429,0
2021-06-18,83.4009,83.4009,83.4009,83.4009,0
2021-06-21,85.1215,85.1215,85.1215,85.1215,0
2021-06-22,84.6791,84.6791,84.6791,84.6791,0
2021-06-23,84.5316,84.5316,84.5316,84.5316,0
2021-06-24,84.3492,84.3492,84.3492,84.3492,0
2021-06-25,84.9186,84.9186,84.9186,84.9186,0
2021-06-28,84.6711,84.6711,84.6711,84.6711,0
2021-06-29,84.44,84.44,84.44,84.44,0
2021-06-30,83.9944,83.9944,83.9944,83.9944,0
2021-07-01,84.3575,84.3575,84.3575,84.3575,0
2021-07-02,84.6133,84.6133,84.6133,84.6133,0
2021-07-06,85.2322,85.2322,85.2322,85.2322,0
2021-07-07,85.5292,85.5292,85.5292,85.5292,0
2021-07-08,85.2899,85.2899,85.2899,85.2899,0
2021-07-09,86.6927,86.6927,86.6927,86.6927,0
2021-07-12,87.4354,87.4354,87.4354,87.4354,0
2021-07-13,86.2141,86.2141,86.2141,86.2141,0
2021-07-14,86.8165,86.8165,86.8165,86.8165,0
2021-07-15,86.9568,86.9568,86.9568,86.9568,0
2021-07-16,86.899,86.899,86.899,86.899,0
2021-07-19,85.3147,85.3147,85.3147,85.3147,0
2021-07-20,87.3281,87.3281,87.3281,87.3281,0
2021-07-21,87.3198,87.3198,87.3198,87.3198,0
2021-07-22,86.6267,86.6267,86.6267,86.6267,0
2021-07-23,87.3446,87.3446,87.3446,87.3446,0
2021-07-26,87.3859,87.3859,87.3859,87.3859,0
2021-07-27,87.881,87.881,87.881,87.881,0
2021-07-28,87.5757,87.5757,87.5757,87.5757,0
2021-07-29,87.5922,87.5922,87.5922,87.5922,0
2021-07-30,87.7077,87.7077,87.7077,87.7077,0
2021-08-02,87.5179,87.5179,87.5179,87.5179,0
2021-08-03,87.6252,87.6252,87.6252,87.6252,0
2021-08-04,87.3528,87.3528,87.3528,87.3528,0
2021-08-05,88.3761,88.3761,88.3761,88.3761,0
2021-08-06,88.2193,88.2193,88.2193,88.2193,0
2021-08-09,87.749,87.749,87.749,87.749,0
2021-08-10,86.9155,86.9155,86.9155,86.9155,0
2021-08-11,87.4271,87.4271,87.4271,87.4271,0
2021-08-12,87.6169,87.6169,87.6169,87.6169,0
2021-08-13,88.0955,88.0955,88.0955,88.0955,0
2021-08-16,87.9882,87.9882,87.9882,87.9882,0
2021-08-17,87.8975,87.8975,87.8975,87.8975,0
2021-08-18,87.097,87.097,87.097,87.097,0
2021-08-19,87.5179,87.5179,87.5179,87.5179,0
2021-08-20,87.9552,87.9552,87.9552,87.9552,0
2021-08-23,87.7902,87.7902,87.7902,87.7902,0
2021-08-24,87.4024,87.4024,87.4024,87.4024,0
2021-08-25,87.3446,87.3446,87.3446,87.3446,0
2021-08-26,87.3776,87.3776,87.3776,87.3776,0
2021-08-27,88.2936,88.2936,88.2936,88.2936,0
2021-08-30,89.1765,89.1765,89.1765,89.1765,0
2021-08-31,89.5973,89.5973,89.5973,89.5973,0
2021-09-01,91.0331,91.0331,91.0331,91.0331,0
2021-09-02,91.5117,91.5117,91.5117,91.5117,0
2021-09-03,91.5282,91.5282,91.5282,91.5282,0
2021-09-07,90.4968,90.4968,90.4968,90.4968,0
2021-09-08,90.9506,90.9506,90.9506,90.9506,0
2021-09-09,89.1022,89.1022,89.1022,89.1022,0
2021-09-10,87.7985,87.7985,87.7985,87.7985,0
2021-09-13,88.3926,88.3926,88.3926,88.3926,0
2021-09-14,88.2358,88.2358,88.2358,88.2358,0
2021-09-15,88.5164,88.5164,88.5164,88.5164,0
2021-09-16,88.5906,88.5906,88.5906,88.5906,0
2021-09-17,87.7985,87.7985,87.7985,87.7985,0
2021-09-20,87.2621,87.2621,87.2621,87.2621,0
2021-09-21,87.3033,87.3033,87.3033,87.3033,0
2021-09-22,88.1533,88.1533,88.1533,88.1533,0
2021-09-23,87.98,87.98,87.98,87.98,0
2021-09-24,87.0393,87.0393,87.0393,87.0393,0
2021-09-27,85.8686,85.8686,85.8686,85.8686,0
2021-09-28,85.2874,85.2874,85.2874,85.2874,0
2021-09-29,85.9267,85.9267,85.9267,85.9267,0
2021-09-30,84.5069,84.5069,84.5069,84.5069,0
2021-10-01,85.7025,85.7025,85.7025,85.7025,0
2021-10-04,85.7191,85.7191,85.7191,85.7191,0
2021-10-05,85.1296,85.1296,85.1296,85.1296,0
2021-10-06,85.9433,85.9433,85.9433,85.9433,0
2021-10-07,86.1758,86.1758,86.1758,86.1758,0
2021-10-08,85.3621,85.3621,85.3621,85.3621,0
2021-10-11,85.578,85.578,85.578,85.578,0
2021-10-12,86.6989,86.6989,86.6989,86.6989,0
2021-10-13,87.3299,87.3299,87.3299,87.3299,0
2021-10-14,88.3926,88.3926,88.3926,88.3926,0
2021-10-15,88.3262,88.3262,88.3262,88.3262,0
2021-10-18,88.5504,88.5504,88.5504,88.5504,0
2021-10-19,88.5919,88.5919,88.5919,88.5919,0
2021-10-20,89.9868,89.9868,89.9868,89.9868,0
2021-10-21,90.1113,90.1113,90.1113,90.1113,0
2021-10-22,90.5348,90.5348,90.5348,90.5348,0
2021-10-25,90.8254,90.8254,90.8254,90.8254,0
2021-10-26,91.0745,91.0745,91.0745,91.0745,0
2021-10-27,90.3023,90.3023,90.3023,90.3023,0
2021-10-28,91.5643,91.5643,91.5643,91.5643,0
2021-10-29,90.5348,90.5348,90.5348,90.5348,0
2021-11-01,90.9831,90.9831,90.9831,90.9831,0
2021-11-02,91.4149,91.4149,91.4149,91.4149,0
2021-11-03,91.7221,91.7221,91.7221,91.7221,0
2021-11-04,90.8503,90.8503,90.8503,90.8503,0
2021-11-05,91.3153,91.3153,91.3153,91.3153,0
2021-11-08,91.2405,91.2405,91.2405,91.2405,0
2021-11-09,91.3983,91.3983,91.3983,91.3983,0
2021-11-10,90.9749,90.9749,90.9749,90.9749,0
2021-11-11,91.1243,91.1243,91.1243,91.1243,0
2021-11-12,91.0579,91.0579,91.0579,91.0579,0
2021-11-15,91.6972,91.6972,91.6972,91.6972,0
2021-11-16,91.0911,91.0911,91.0911,91.0911,0
2021-11-17,91.3734,91.3734,91.3734,91.3734,0
2021-11-18,91.39,91.39,91.39,91.39,0
2021-11-19,90.8503,90.8503,90.8503,90.8503,0
2021-11-22,90.4019,90.4019,90.4019,90.4019,0
2021-11-23,91.1326,91.1326,91.1326,91.1326,0
2021-11-24,92.2369,92.2369,92.2369,92.2369,0
2021-11-26,89.6713,89.6713,89.6713,89.6713,0
2021-11-29,90.3355,90.3355,90.3355,90.3355,0
2021-11-30,88.6251,88.6251,88.6251,88.6251,0
2021-12-01,87.1638,87.1638,87.1638,87.1638,0
2021-12-02,89.7792,89.7792,89.7792,89.7792,0
2021-12-03,89.4803,89.4803,89.4803,89.4803,0
2021-12-06,91.0496,91.0496,91.0496,91.0496,0
2021-12-07,92.3614,92.3614,92.3614,92.3614,0
2021-12-08,93.0257,93.0257,93.0257,93.0257,0
2021-12-09,91.6806,91.6806,91.6806,91.6806,0
2021-12-10,91.9629,91.9629,91.9629,91.9629,0
2021-12-13,92.8264,92.8264,92.8264,92.8264,0
2021-12-14,91.6391,91.6391,91.6391,91.6391,0
2021-12-15,92.926,92.926,92.926,92.926,0
2021-12-16,92.8928,92.8928,92.8928,92.8928,0
2021-12-17,92.7766,92.7766,92.7766,92.7766,0
2021-12-20,92.0542,92.0542,92.0542,92.0542,0
2021-12-21,93.0921,93.0921,93.0921,93.0921,0
2021-12-22,94.0469,94.0469,94.0469,94.0469,0
2021-12-23,93.9473,93.9473,93.9473,93.9473,0
2021-12-27,95.5422,95.5422,95.5422,95.5422,0
2021-12-28,95.8942,95.8942,95.8942,95.8942,0
2021-12-29,96.5395,96.5395,96.5395,96.5395,0
2021-12-30,96.9585,96.9585,96.9585,96.9585,0
2021-12-31,97.2267,97.2267,97.2267,97.2267,0
2022-01-03,96.4641,96.4641,96.4641,96.4641,0
2022-01-04,96.3467,96.3467,96.3467,96.3467,0
2022-01-05,93.5894,93.5894,93.5894,93.5894,0
2022-01-06,93.6732,93.6732,93.6732,93.6732,0
2022-01-07,93.053,93.053,93.053,93.053,0
2022-01-10,92.5167,92.5167,92.5167,92.5167,0
2022-01-11,92.6591,92.6591,92.6591,92.6591,0
2022-01-12,92.7681,92.7681,92.7681,92.7681,0
2022-01-13,92.5837,92.5837,92.5837,92.5837,0
2022-01-14,91.7456,91.7456,91.7456,91.7456,0
2022-01-18,90.7818,90.7818,90.7818,90.7818,0
2022-01-19,89.5582,89.5582,89.5582,89.5582,0
2022-01-20,88.41,88.41,88.41,88.41,0
2022-01-21,88.1921,88.1921,88.1921,88.1921,0
2022-01-24,88.3597,88.3597,88.3597,88.3597,0
2022-01-25,88.0077,88.0077,88.0077,88.0077,0
2022-01-26,86.6333,86.6333,86.6333,86.6333,0
2022-01-27,85.2001,85.2001,85.2001,85.2001,0
2022-01-28,87.9575,87.9575,87.9575,87.9575,0
2022-01-31,89.0386,89.0386,89.0386,89.0386,0
2022-02-01,88.7201,88.7201,88.7201,88.7201,0
2022-02-02,89.8515,89.8515,89.8515,89.8515,0
2022-02-03,88.8961,88.8961,88.8961,88.8961,0
2022-02-04,88.0161,88.0161,88.0161,88.0161,0
2022-02-07,87.8904,87.8904,87.8904,87.8904,0
2022-02-08,87.4797,87.4797,87.4797,87.4797,0
2022-02-09,89.4576,89.4576,89.4576,89.4576,0
2022-02-10,87.3456,87.3456,87.3456,87.3456,0
2022-02-11,86.5495,86.5495,86.5495,86.5495,0
2022-02-14,85.7617,85.7617,85.7617,85.7617,0
2022-02-15,86.5327,86.5327,86.5327,86.5327,0
2022-02-16,86.935,86.935,86.935,86.935,0
2022-02-17,86.0131,86.0131,86.0131,86.0131,0
2022-02-18,85.4935,85.4935,85.4935,85.4935,0
2022-02-22,85.1834,85.1834,85.1834,85.1834,0
2022-02-23,83.7754,83.7754,83.7754,83.7754,0
2022-02-24,85.1834,85.1834,85.1834,85.1834,0
2022-02-25,87.2367,87.2367,87.2367,87.2367,0
2022-02-28,85.9377,85.9377,85.9377,85.9377,0
2022-03-01,85.4851,85.4851,85.4851,85.4851,0
2022-03-02,87.0859,87.0859,87.0859,87.0859,0
2022-03-03,87.7982,87.7982,87.7982,87.7982,0
2022-03-04,88.2005,88.2005,88.2005,88.2005,0
2022-03-07,86.4573,86.4573,86.4573,86.4573,0
2022-03-08,86.0382,86.0382,86.0382,86.0382,0
2022-03-09,87.3624,87.3624,87.3624,87.3624,0
2022-03-10,87.5803,87.5803,87.5803,87.5803,0
2022-03-11,86.8847,86.8847,86.8847,86.8847,0
2022-03-14,86.2059,86.2059,86.2059,86.2059,0
2022-03-15,86.7841,86.7841,86.7841,86.7841,0
2022-03-16,87.815,87.815,87.815,87.815,0
2022-03-17,89.1727,89.1727,89.1727,89.1727,0
2022-03-18,89.1727,89.1727,89.1727,89.1727,0
2022-03-21,88.6279,88.6279,88.6279,88.6279,0
2022-03-22,88.8542,88.8542,88.8542,88.8542,0
2022-03-23,87.8573,87.8573,87.8573,87.8573,0
2022-03-24,88.4135,88.4135,88.4135,88.4135,0
2022-03-25,89.5174,89.5174,89.5174,89.5174,0
2022-03-28,90.4696,90.4696,90.4696,90.4696,0
2022-03-29,93.1241,93.1241,93.1241,93.1241,0
2022-03-30,92.4499,92.4499,92.4499,92.4499,0
2022-03-31,91.3207,91.3207,91.3207,91.3207,0
2022-04-01,93.0988,93.0988,93.0988,93.0988,0
2022-04-04,92.6437,92.6437,92.6437,92.6437,0
2022-04-05,92.1887,92.1887,92.1887,92.1887,0
2022-04-06,93.2841,93.2841,93.2841,93.2841,0
2022-04-07,92.3572,92.3572,92.3572,92.3572,0
2022-04-08,92.5089,92.5089,92.5089,92.5089,0
2022-04-11,91.5145,91.5145,91.5145,91.5145,0
2022-04-12,91.3797,91.3797,91.3797,91.3797,0
2022-04-13,92.0286,92.0286,92.0286,92.0286,0
2022-04-14,91.6325,91.6325,91.6325,91.6325,0
2022-04-18,91.2617,91.2617,91.2617,91.2617,0
2022-04-19,93.2505,93.2505,93.2505,93.2505,0
2022-04-20,94.801,94.801,94.801,94.801,0
2022-04-21,94.1437,94.1437,94.1437,94.1437,0
2022-04-22,92.492,92.492,92.492,92.492,0
2022-04-25,92.2561,92.2561,92.2561,92.2561,0
2022-04-26,90.7393,90.7393,90.7393,90.7393,0
2022-04-27,90.141,90.141,90.141,90.141,0
2022-04-28,91.8011,91.8011,91.8011,91.8011,0
2022-04-29,87.5877,87.5877,87.5877,87.5877,0
2022-05-02,85.4726,85.4726,85.4726,85.4726,0
2022-05-03,86.5343,86.5343,86.5343,86.5343,0
2022-05-04,87.5287,87.5287,87.5287,87.5287,0
2022-05-05,85.1945,85.1945,85.1945,85.1945,0
2022-05-06,84.1833,84.1833,84.1833,84.1833,0
2022-05-09,80.4755,80.4755,80.4755,80.4755,0
2022-05-10,79.0092,79.0092,79.0092,79.0092,0
2022-05-11,78.8407,78.8407,78.8407,78.8407,0
2022-05-12,79.4558,79.4558,79.4558,79.4558,0
2022-05-13,81.5541,81.5541,81.5541,81.5541,0
2022-05-16,81.0401,81.0401,81.0401,81.0401,0
2022-05-17,82.144,82.144,82.144,82.144,0
2022-05-18,79.7592,79.7592,79.7592,79.7592,0
2022-05-19,79.4053,79.4053,79.4053,79.4053,0
2022-05-20,79.9109,79.9109,79.9109,79.9109,0
2022-05-23,80.8378,80.8378,80.8378,80.8378,0
2022-05-24,81.5204,81.5204,81.5204,81.5204,0
2022-05-25,82.2114,82.2114,82.2114,82.2114,0
2022-05-26,82.3125,82.3125,82.3125,82.3125,0
2022-05-27,84.5203,84.5203,84.5203,84.5203,0
2022-05-31,83.4839,83.4839,83.4839,83.4839,0
2022-06-01,82.7928,82.7928,82.7928,82.7928,0
2022-06-02,83.9305,83.9305,83.9305,83.9305,0
2022-06-03,82.8097,82.8097,82.8097,82.8097,0
2022-06-06,82.5485,82.5485,82.5485,82.5485,0
2022-06-07,83.6861,83.6861,83.6861,83.6861,0
2022-06-08,81.7563,81.7563,81.7563,81.7563,0
2022-06-09,79.8182,79.8182,79.8182,79.8182,0
2022-06-10,78.0486,78.0486,78.0486,78.0486,0
2022-06-13,74.147,74.147,74.147,74.147,0
2022-06-14,73.5824,73.5824,73.5824,73.5824,0
2022-06-15,75.3267,75.3267,75.3267,75.3267,0
2022-06-16,73.3465,73.3465,73.3465,73.3465,0
2022-06-17,73.9026,73.9026,73.9026,73.9026,0
2022-06-21,74.9307,74.9307,74.9307,74.9307,0
2022-06-22,75.8829,75.8829,75.8829,75.8829,0
2022-06-23,77.3246,77.3246,77.3246,77.3246,0
2022-06-24,78.9698,78.9698,78.9698,78.9698,0
2022-06-27,78.8511,78.8511,78.8511,78.8511,0
2022-06-28,77.8928,77.8928,77.8928,77.8928,0
2022-06-29,77.4094,77.4094,77.4094,77.4094,0
2022-06-30,77.2652,77.2652,77.2652,77.2652,0
2022-07-01,78.656,78.656,78.656,78.656,0
2022-07-05,78.4355,78.4355,78.4355,78.4355,0
2022-07-06,78.2914,78.2914,78.2914,78.2914,0
2022-07-07,78.5034,78.5034,78.5034,78.5034,0
2022-07-08,78.0878,78.0878,78.0878,78.0878,0
2022-07-11,77.9182,77.9182,77.9182,77.9182,0
2022-07-12,77.6129,77.6129,77.6129,77.6129,0
2022-07-13,77.2398,77.2398,77.2398,77.2398,0
2022-07-14,76.5444,76.5444,76.5444,76.5444,0
2022-07-15,77.8419,77.8419,77.8419,77.8419,0
2022-07-18,77.2907,77.2907,77.2907,77.2907,0
2022-07-19,79.292,79.292,79.292,79.292,0
2022-07-20,79.1055,79.1055,79.1055,79.1055,0
2022-07-21,79.733,79.733,79.733,79.733,0
2022-07-22,80.1486,80.1486,80.1486,80.1486,0
2022-07-25,80.2843,80.2843,80.2843,80.2843,0
2022-07-26,80.3691,80.3691,80.3691,80.3691,0
2022-07-27,80.8524,80.8524,80.8524,80.8524,0
2022-07-28,83.4729,83.4729,83.4729,83.4729,0
2022-07-29,83.9224,83.9224,83.9224,83.9224,0
2022-08-01,83.2439,83.2439,83.2439,83.2439,0
2022-08-02,82.1754,82.1754,82.1754,82.1754,0
2022-08-03,82.4383,82.4383,82.4383,82.4383,0
2022-08-04,82.3111,82.3111,82.3111,82.3111,0
2022-08-05,82.54,82.54,82.54,82.54,0
2022-08-08,83.2778,83.2778,83.2778,83.2778,0
2022-08-09,83.7358,83.7358,83.7358,83.7358,0
2022-08-10,85.0079,85.0079,85.0079,85.0079,0
2022-08-11,84.8043,84.8043,84.8043,84.8043,0
2022-08-12,86.263,86.263,86.263,86.263,0
2022-08-15,86.6107,86.6107,86.6107,86.6107,0
2022-08-16,86.3817,86.3817,86.3817,86.3817,0
2022-08-17,85.8644,85.8644,85.8644,85.8644,0
2022-08-18,85.2962,85.2962,85.2962,85.2962,0
2022-08-19,84.3973,84.3973,84.3973,84.3973,0
2022-08-22,82.557,82.557,82.557,82.557,0
2022-08-23,81.4969,81.4969,81.4969,81.4969,0
2022-08-24,81.9634,81.9634,81.9634,81.9634,0
2022-08-25,83.1846,83.1846,83.1846,83.1846,0
2022-08-26,81.0899,81.0899,81.0899,81.0899,0
2022-08-29,80.3606,80.3606,80.3606,80.3606,0
2022-08-30,79.2496,79.2496,79.2496,79.2496,0
2022-08-31,78.8765,78.8765,78.8765,78.8765,0
2022-09-01,79.0207,79.0207,79.0207,79.0207,0
2022-09-02,77.9182,77.9182,77.9182,77.9182,0
2022-09-06,78.6221,78.6221,78.6221,78.6221,0
2022-09-07,80.1571,80.1571,80.1571,80.1571,0
2022-09-08,80.3776,80.3776,80.3776,80.3776,0
2022-09-09,81.251,81.251,81.251,81.251,0
2022-09-12,82.0397,82.0397,82.0397,82.0397,0
2022-09-13,78.9019,78.9019,78.9019,78.9019,0
2022-09-14,78.003,78.003,78.003,78.003,0
2022-09-15,76.5613,76.5613,76.5613,76.5613,0
2022-09-16,76.5698,76.5698,76.5698,76.5698,0
2022-09-19,76.4596,76.4596,76.4596,76.4596,0
2022-09-20,74.6024,74.6024,74.6024,74.6024,0
2022-09-21,73.4236,73.4236,73.4236,73.4236,0
2022-09-22,72.4907,72.4907,72.4907,72.4907,0
2022-09-23,71.5272,71.5272,71.5272,71.5272,0
2022-09-26,69.5213,69.5213,69.5213,69.5213,0
2022-09-27,68.5955,68.5955,68.5955,68.5955,0
2022-09-28,70.0185,70.0185,70.0185,70.0185,0
2022-09-29,67.9611,67.9611,67.9611,67.9611,0
2022-09-30,68.7241,68.7241,68.7241,68.7241,0
2022-10-03,69.9499,69.9499,69.9499,69.9499,0
2022-10-04,71.3643,71.3643,71.3643,71.3643,0
2022-10-05,69.9671,69.9671,69.9671,69.9671,0
2022-10-06,68.0211,68.0211,68.0211,68.0211,0
2022-10-07,66.3838,66.3838,66.3838,66.3838,0
2022-10-10,65.7581,65.7581,65.7581,65.7581,0
2022-10-11,66.4267,66.4267,66.4267,66.4267,0
2022-10-12,65.7323,65.7323,65.7323,65.7323,0
2022-10-13,66.9325,66.9325,66.9325,66.9325,0
2022-10-14,65.2694,65.2694,65.2694,65.2694,0
2022-10-17,67.7297,67.7297,67.7297,67.7297,0
2022-10-18,68.4669,68.4669,68.4669,68.4669,0
2022-10-19,66.761,66.761,66.761,66.761,0
2022-10-20,66.4696,66.4696,66.4696,66.4696,0
2022-10-21,66.9925,66.9925,66.9925,66.9925,0
2022-10-24,66.9839,66.9839,66.9839,66.9839,0
2022-10-25,69.6156,69.6156,69.6156,69.6156,0
2022-10-26,69.5727,69.5727,69.5727,69.5727,0
2022-10-27,69.6756,69.6756,69.6756,69.6756,0
2022-10-28,71.21,71.21,71.21,71.21,0
2022-10-31,71.1329,71.1329,71.1329,71.1329,0
2022-11-01,71.1072,71.1072,71.1072,71.1072,0
2022-11-02,69.1527,69.1527,69.1527,69.1527,0
2022-11-03,69.0584,69.0584,69.0584,69.0584,0
2022-11-04,70.0014,70.0014,70.0014,70.0014,0
2022-11-07,70.0014,70.0014,70.0014,70.0014,0
2022-11-08,70.2157,70.2157,70.2157,70.2157,0
2022-11-09,69.4956,69.4956,69.4956,69.4956,0
2022-11-10,74.579,74.579,74.579,74.579,0
2022-11-11,74.5704,74.5704,74.5704,74.5704,0
2022-11-14,72.7531,72.7531,72.7531,72.7531,0
2022-11-15,73.5417,73.5417,73.5417,73.5417,0
2022-11-16,72.8731,72.8731,72.8731,72.8731,0
2022-11-17,72.3759,72.3759,72.3759,72.3759,0
2022-11-18,73.2931,73.2931,73.2931,73.2931,0
2022-11-21,73.6789,73.6789,73.6789,73.6789,0
2022-11-22,74.0818,74.0818,74.0818,74.0818,0
2022-11-23,74.1418,74.1418,74.1418,74.1418,0
2022-11-25,74.6132,74.6132,74.6132,74.6132,0
2022-11-28,72.6159,72.6159,72.6159,72.6159,0
2022-11-29,73.816,73.816,73.816,73.816,0
2022-11-30,75.5048,75.5048,75.5048,75.5048,0
2022-12-01,75.3419,75.3419,75.3419,75.3419,0
2022-12-02,75.119,75.119,75.119,75.119,0
2022-12-05,73.7474,73.7474,73.7474,73.7474,0
2022-12-06,73.0531,73.0531,73.0531,73.0531,0
2022-12-07,73.1988,73.1988,73.1988,73.1988,0
2022-12-08,73.7132,73.7132,73.7132,73.7132,0
2022-12-09,73.576,73.576,73.576,73.576,0
2022-12-12,74.1418,74.1418,74.1418,74.1418,0
2022-12-13,75.5133,75.5133,75.5133,75.5133,0
2022-12-14,74.999,74.999,74.999,74.999,0
2022-12-15,73.996,73.996,73.996,73.996,0
2022-12-16,72.0844,72.0844,72.0844,72.0844,0
2022-12-19,71.1672,71.1672,71.1672,71.1672,0
2022-12-20,70.9872,70.9872,70.9872,70.9872,0
2022-12-21,71.5958,71.5958,71.5958,71.5958,0
2022-12-22,71.295,71.295,71.295,71.295,0
2022-12-23,71.9296,71.9296,71.9296,71.9296,0
2022-12-27,71.9035,71.9035,71.9035,71.9035,0
2022-12-28,70.6778,70.6778,70.6778,70.6778,0
2022-12-29,72.2252,72.2252,72.2252,72.2252,0
2022-12-30,71.7036,71.7036,71.7036,71.7036,0
2023-01-03,71.7731,71.7731,71.7731,71.7731,0
2023-01-04,73.3988,73.3988,73.3988,73.3988,0
2023-01-05,71.4254,71.4254,71.4254,71.4254,0
2023-01-06,73.3467,73.3467,73.3467,73.3467,0
2023-01-09,73.3727,73.3727,73.3727,73.3727,0
2023-01-10,73.5379,73.5379,73.5379,73.5379,0
2023-01-11,76.172,76.172,76.172,76.172,0
2023-01-12,77.137,77.137,77.137,77.137,0
2023-01-13,76.6589,76.6589,76.6589,76.6589,0
2023-01-17,76.8762,76.8762,76.8762,76.8762,0
2023-01-18,75.7547,75.7547,75.7547,75.7547,0
2023-01-19,75.3375,75.3375,75.3375,75.3375,0
2023-01-20,76.2329,76.2329,76.2329,76.2329,0
2023-01-23,76.5806,76.5806,76.5806,76.5806,0
2023-01-24,76.7719,76.7719,76.7719,76.7719,0
2023-01-25,76.8066,76.8066,76.8066,76.8066,0
2023-01-26,77.6673,77.6673,77.6673,77.6673,0
2023-01-27,78.5366,78.5366,78.5366,78.5366,0
2023-01-30,77.5369,77.5369,77.5369,77.5369,0
2023-01-31,79.1626,79.1626,79.1626,79.1626,0
2023-02-01,79.6494,79.6494,79.6494,79.6494,0
2023-02-02,81.4576,81.4576,81.4576,81.4576,0
2023-02-03,79.9276,79.9276,79.9276,79.9276,0
2023-02-06,79.3452,79.3452,79.3452,79.3452,0
2023-02-07,79.1713,79.1713,79.1713,79.1713,0
2023-02-08,78.7974,78.7974,78.7974,78.7974,0
2023-02-09,77.9368,77.9368,77.9368,77.9368,0
2023-02-10,78.2063,78.2063,78.2063,78.2063,0
2023-02-13,78.9018,78.9018,78.9018,78.9018,0
2023-02-14,78.2758,78.2758,78.2758,78.2758,0
2023-02-15,78.5888,78.5888,78.5888,78.5888,0
2023-02-16,77.8238,77.8238,77.8238,77.8238,0
2023-02-17,77.5195,77.5195,77.5195,77.5195,0
2023-02-21,75.9634,75.9634,75.9634,75.9634,0
2023-02-22,75.2766,75.2766,75.2766,75.2766,0
2023-02-23,75.8417,75.8417,75.8417,75.8417,0
2023-02-24,74.5116,74.5116,74.5116,74.5116,0
2023-02-27,74.6246,74.6246,74.6246,74.6246,0
2023-02-28,74.5203,74.5203,74.5203,74.5203,0
2023-03-01,73.5814,73.5814,73.5814,73.5814,0
2023-03-02,74.442,74.442,74.442,74.442,0
2023-03-03,75.5722,75.5722,75.5722,75.5722,0
2023-03-06,75.2766,75.2766,75.2766,75.2766,0
2023-03-07,73.5205,73.5205,73.5205,73.5205,0
2023-03-08,74.3638,74.3638,74.3638,74.3638,0
2023-03-09,72.6599,72.6599,72.6599,72.6599,0
2023-03-10,70.2518,70.2518,70.2518,70.2518,0
2023-03-13,71.1733,71.1733,71.1733,71.1733,0
2023-03-14,71.8601,71.8601,71.8601,71.8601,0
2023-03-15,71.8079,71.8079,71.8079,71.8079,0
2023-03-16,71.6514,71.6514,71.6514,71.6514,0
2023-03-17,70.0258,70.0258,70.0258,70.0258,0
2023-03-20,70.8256,70.8256,70.8256,70.8256,0
2023-03-21,70.5126,70.5126,70.5126,70.5126,0
2023-03-22,67.8785,67.8785,67.8785,67.8785,0
2023-03-23,67.4525,67.4525,67.4525,67.4525,0
2023-03-24,69.1823,69.1823,69.1823,69.1823,0
2023-03-27,69.1032,69.1032,69.1032,69.1032,0
2023-03-28,68.9364,68.9364,68.9364,68.9364,0
2023-03-29,70.4642,70.4642,70.4642,70.4642,0
2023-03-30,71.3862,71.3862,71.3862,71.3862,0
2023-03-31,72.914,72.914,72.914,72.914,0
2023-04-03,72.3345,72.3345,72.3345,72.3345,0
2023-04-04,72.2379,72.2379,72.2379,72.2379,0
2023-04-05,71.8516,71.8516,71.8516,71.8516,0
2023-04-06,72.3433,72.3433,72.3433,72.3433,0
2023-04-10,72.6769,72.6769,72.6769,72.6769,0
2023-04-11,72.9843,72.9843,72.9843,72.9843,0
2023-04-12,72.633,72.633,72.633,72.633,0
2023-04-13,72.4135,72.4135,72.4135,72.4135,0
2023-04-14,71.2896,71.2896,71.2896,71.2896,0
2023-04-17,72.7735,72.7735,72.7735,72.7735,0
2023-04-18,72.6067,72.6067,72.6067,72.6067,0
2023-04-19,73.0369,73.0369,73.0369,73.0369,0
2023-04-20,72.3169,72.3169,72.3169,72.3169,0
2023-04-21,72.3257,72.3257,72.3257,72.3257,0
2023-04-24,72.0535,72.0535,72.0535,72.0535,0
2023-04-25,71.3423,71.3423,71.3423,71.3423,0
2023-04-26,70.6574,70.6574,70.6574,70.6574,0
2023-04-27,72.2555,72.2555,72.2555,72.2555,0
2023-04-28,73.1423,73.1423,73.1423,73.1423,0
2023-05-01,72.5979,72.5979,72.5979,72.5979,0
2023-05-02,71.3686,71.3686,71.3686,71.3686,0
2023-05-03,71.0877,71.0877,71.0877,71.0877,0
2023-05-04,71.6759,71.6759,71.6759,71.6759,0
2023-05-05,72.8701,72.8701,72.8701,72.8701,0
2023-05-08,72.4486,72.4486,72.4486,72.4486,0
2023-05-09,72.1413,72.1413,72.1413,72.1413,0
2023-05-10,72.835,72.835,72.835,72.835,0
2023-05-11,72.036,72.036,72.036,72.036,0
2023-05-12,72.0272,72.0272,72.0272,72.0272,0
2023-05-15,71.9043,71.9043,71.9043,71.9043,0
2023-05-16,70.1042,70.1042,70.1042,70.1042,0
2023-05-17,71.0525,71.0525,71.0525,71.0525,0
2023-05-18,70.7101,70.7101,70.7101,70.7101,0
2023-05-19,70.596,70.596,70.596,70.596,0
2023-05-22,71.0262,71.0262,71.0262,71.0262,0
2023-05-23,70.3589,70.3589,70.3589,70.3589,0
2023-05-24,68.8486,68.8486,68.8486,68.8486,0
2023-05-25,68.8398,68.8398,68.8398,68.8398,0
2023-05-26,69.6301,69.6301,69.6301,69.6301,0
2023-05-30,69.8935,69.8935,69.8935,69.8935,0
2023-05-31,70.2447,70.2447,70.2447,70.2447,0
2023-06-01,70.2535,70.2535,70.2535,70.2535,0
2023-06-02,71.9657,71.9657,71.9657,71.9657,0
2023-06-05,71.4652,71.4652,71.4652,71.4652,0
2023-06-06,72.1501,72.1501,72.1501,72.1501,0
2023-06-07,73.476,73.476,73.476,73.476,0
2023-06-08,73.0194,73.0194,73.0194,73.0194,0
2023-06-09,72.5979,72.5979,72.5979,72.5979,0
2023-06-12,72.6155,72.6155,72.6155,72.6155,0
2023-06-13,73.0809,73.0809,73.0809,73.0809,0
2023-06-14,73.3531,73.3531,73.3531,73.3531,0
2023-06-15,73.7394,73.7394,73.7394,73.7394,0
2023-06-16,73.6867,73.6867,73.6867,73.6867,0
2023-06-20,72.8174,72.8174,72.8174,72.8174,0
2023-06-21,72.3784,72.3784,72.3784,72.3784,0
2023-06-22,71.3423,71.3423,71.3423,71.3423,0
2023-06-23,70.3589,70.3589,70.3589,70.3589,0
2023-06-26,71.9833,71.9833,71.9833,71.9833,0
2023-06-27,72.8701,72.8701,72.8701,72.8701,0
2023-06-28,72.9755,72.9755,72.9755,72.9755,0
2023-06-29,73.7906,73.7906,73.7906,73.7906,0
2023-06-30,74.1991,74.1991,74.1991,74.1991,0
2023-07-03,74.9272,74.9272,74.9272,74.9272,0
2023-07-05,75.096,75.096,75.096,75.096,0
2023-07-06,74.5188,74.5188,74.5188,74.5188,0
2023-07-07,74.3501,74.3501,74.3501,74.3501,0
2023-07-10,74.6697,74.6697,74.6697,74.6697,0
2023-07-11,75.7353,75.7353,75.7353,75.7353,0
2023-07-12,76.1438,76.1438,76.1438,76.1438,0
2023-07-13,76.6322,76.6322,76.6322,76.6322,0
2023-07-14,76.4812,76.4812,76.4812,76.4812,0
2023-07-17,75.9839,75.9839,75.9839,75.9839,0
2023-07-18,75.5666,75.5666,75.5666,75.5666,0
2023-07-19,76.419,76.419,76.419,76.419,0
2023-07-20,76.1704,76.1704,76.1704,76.1704,0
2023-07-21,76.5256,76.5256,76.5256,76.5256,0
2023-07-24,77.1561,77.1561,77.1561,77.1561,0
2023-07-25,76.6055,76.6055,76.6055,76.6055,0
2023-07-26,76.9518,76.9518,76.9518,76.9518,0
2023-07-27,75.2824,75.2824,75.2824,75.2824,0
2023-07-28,75.2203,75.2203,75.2203,75.2203,0
2023-07-31,75.7087,75.7087,75.7087,75.7087,0
2023-08-01,75.5844,75.5844,75.5844,75.5844,0
2023-08-02,75.1492,75.1492,75.1492,75.1492,0
2023-08-03,74.3323,74.3323,74.3323,74.3323,0
2023-08-04,73.7285,73.7285,73.7285,73.7285,0
2023-08-07,74.652,74.652,74.652,74.652,0
2023-08-08,74.1725,74.1725,74.1725,74.1725,0
2023-08-09,74.1636,74.1636,74.1636,74.1636,0
2023-08-10,73.8794,73.8794,73.8794,73.8794,0
2023-08-11,73.9949,73.9949,73.9949,73.9949,0
2023-08-14,73.5065,73.5065,73.5065,73.5065,0
2023-08-15,72.6807,72.6807,72.6807,72.6807,0
2023-08-16,71.7838,71.7838,71.7838,71.7838,0
2023-08-17,71.2066,71.2066,71.2066,71.2066,0
2023-08-18,71.4286,71.4286,71.4286,71.4286,0
2023-08-21,70.7715,70.7715,70.7715,70.7715,0
2023-08-22,70.9758,70.9758,70.9758,70.9758,0
2023-08-23,72.0946,72.0946,72.0946,72.0946,0
2023-08-24,71.8193,71.8193,71.8193,71.8193,0
2023-08-25,71.8726,71.8726,71.8726,71.8726,0
2023-08-28,72.5475,72.5475,72.5475,72.5475,0
2023-08-29,73.4266,73.4266,73.4266,73.4266,0
2023-08-30,73.693,73.693,73.693,73.693,0
2023-08-31,73.1513,73.1513,73.1513,73.1513,0
2023-09-01,73.2756,73.2756,73.2756,73.2756,0
2023-09-05,72.4232,72.4232,72.4232,72.4232,0
2023-09-06,72.2722,72.2722,72.2722,72.2722,0
2023-09-07,72.7251,72.7251,72.7251,72.7251,0
2023-09-08,72.4409,72.4409,72.4409,72.4409,0
2023-09-11,72.4498,72.4498,72.4498,72.4498,0
2023-09-12,72.4143,72.4143,72.4143,72.4143,0
2023-09-13,71.624,71.624,71.624,71.624,0
2023-09-14,72.9204,72.9204,72.9204,72.9204,0
2023-09-15,72.6451,72.6451,72.6451,72.6451,0
2023-09-18,71.9969,71.9969,71.9969,71.9969,0
2023-09-19,71.6684,71.6684,71.6684,71.6684,0
2023-09-20,71.7305,71.7305,71.7305,71.7305,0
2023-09-21,69.2886,69.2886,69.2886,69.2886,0
2023-09-22,68.7647,68.7647,68.7647,68.7647,0
2023-09-25,68.7026,68.7026,68.7026,68.7026,0
2023-09-26,67.4505,67.4505,67.4505,67.4505,0
2023-09-27,66.9976,66.9976,66.9976,66.9976,0
2023-09-28,67.6405,67.6405,67.6405,67.6405,0
2023-09-29,67.8378,67.8378,67.8378,67.8378,0
2023-10-02,66.5915,66.5915,66.5915,66.5915,0
2023-10-03,65.2914,65.2914,65.2914,65.2914,0
2023-10-04,66.0894,66.0894,66.0894,66.0894,0
2023-10-05,66.457,66.457,66.457,66.457,0
2023-10-06,66.6363,66.6363,66.6363,66.6363,0
2023-10-09,67.3626,67.3626,67.3626,67.3626,0
2023-10-10,67.6853,67.6853,67.6853,67.6853,0
2023-10-11,68.8599,68.8599,68.8599,68.8599,0
2023-10-12,67.8557,67.8557,67.8557,67.8557,0
2023-10-13,67.6853,67.6853,67.6853,67.6853,0
2023-10-16,68.4923,68.4923,68.4923,68.4923,0
2023-10-17,68.3937,68.3937,68.3937,68.3937,0
2023-10-18,66.9411,66.9411,66.9411,66.9411,0
2023-10-19,65.3541,65.3541,65.3541,65.3541,0
2023-10-20,64.9148,64.9148,64.9148,64.9148,0
2023-10-23,64.2782,64.2782,64.2782,64.2782,0
2023-10-24,65.1031,65.1031,65.1031,65.1031,0
2023-10-25,63.7044,63.7044,63.7044,63.7044,0
2023-10-26,64.9238,64.9238,64.9238,64.9238,0
2023-10-27,63.8837,63.8837,63.8837,63.8837,0
2023-10-30,64.2872,64.2872,64.2872,64.2872,0
2023-10-31,65.381,65.381,65.381,65.381,0
2023-11-01,65.7845,65.7845,65.7845,65.7845,0
2023-11-02,67.9454,67.9454,67.9454,67.9454,0
2023-11-03,69.5682,69.5682,69.5682,69.5682,0
2023-11-06,68.564,68.564,68.564,68.564,0
2023-11-07,67.9992,67.9992,67.9992,67.9992,0
2023-11-08,68.2233,68.2233,68.2233,68.2233,0
2023-11-09,67.1474,67.1474,67.1474,67.1474,0
2023-11-10,67.775,67.775,67.775,67.775,0
2023-11-13,67.2101,67.2101,67.2101,67.2101,0
2023-11-14,70.9401,70.9401,70.9401,70.9401,0
2023-11-15,71.1463,71.1463,71.1463,71.1463,0
2023-11-16,70.9938,70.9938,70.9938,70.9938,0
2023-11-17,70.9401,70.9401,70.9401,70.9401,0
2023-11-20,71.4601,71.4601,71.4601,71.4601,0
2023-11-21,70.958,70.958,70.958,70.958,0
2023-11-22,71.3076,71.3076,71.3076,71.3076,0
2023-11-24,71.5139,71.5139,71.5139,71.5139,0
2023-11-27,71.7739,71.7739,71.7739,71.7739,0
2023-11-28,72.2491,72.2491,72.2491,72.2491,0
2023-11-29,72.7512,72.7512,72.7512,72.7512,0
2023-11-30,73.2802,73.2802,73.2802,73.2802,0
2023-12-01,75.0824,75.0824,75.0824,75.0824,0
2023-12-04,75.6293,75.6293,75.6293,75.6293,0
2023-12-05,75.1272,75.1272,75.1272,75.1272,0
2023-12-06,74.9031,74.9031,74.9031,74.9031,0
2023-12-07,75.1183,75.1183,75.1183,75.1183,0
2023-12-08,74.9927,74.9927,74.9927,74.9927,0
2023-12-11,75.199,75.199,75.199,75.199,0
2023-12-12,75.1541,75.1541,75.1541,75.1541,0
2023-12-13,78.0323,78.0323,78.0323,78.0323,0
2023-12-14,80.2828,80.2828,80.2828,80.2828,0
2023-12-15,79.153,79.153,79.153,79.153,0
2023-12-18,78.9737,78.9737,78.9737,78.9737,0
2023-12-19,79.5744,79.5744,79.5744,79.5744,0
2023-12-20,78.6061,78.6061,78.6061,78.6061,0
2023-12-21,79.3032,79.3032,79.3032,79.3032,0
2023-12-22,79.6118,79.6118,79.6118,79.6118,0
2023-12-26,80.2018,80.2018,80.2018,80.2018,0
2023-12-27,80.5921,80.5921,80.5921,80.5921,0
2023-12-28,81.1639,81.1639,81.1639,81.1639,0
2023-12-29,80.2018,80.2018,80.2018,80.2018,0
2024-01-02,80.8916,80.8916,80.8916,80.8916,0
2024-01-03,78.9583,78.9583,78.9583,78.9583,0
2024-01-04,78.813,78.813,78.813,78.813,0
2024-01-05,78.6133,78.6133,78.6133,78.6133,0
2024-01-08,79.7389,79.7389,79.7389,79.7389,0
2024-01-09,79.2033,79.2033,79.2033,79.2033,0
2024-01-10,79.2941,79.2941,79.2941,79.2941,0
2024-01-11,78.5589,78.5589,78.5589,78.5589,0
2024-01-12,79.0309,79.0309,79.0309,79.0309,0
2024-01-16,78.45,78.45,78.45,78.45,0
2024-01-17,77.0159,77.0159,77.0159,77.0159,0
2024-01-18,76.5983,76.5983,76.5983,76.5983,0
2024-01-19,77.5151,77.5151,77.5151,77.5151,0
2024-01-22,77.978,77.978,77.978,77.978,0
2024-01-23,77.4425,77.4425,77.4425,77.4425,0
2024-01-24,76.3351,76.3351,76.3351,76.3351,0
2024-01-25,77.3154,77.3154,77.3154,77.3154,0
2024-01-26,77.0975,77.0975,77.0975,77.0975,0
2024-01-29,77.6059,77.6059,77.6059,77.6059,0
2024-01-30,76.8797,76.8797,76.8797,76.8797,0
2024-01-31,76.1445,76.1445,76.1445,76.1445,0
2024-02-01,77.5242,77.5242,77.5242,77.5242,0
2024-02-02,76.562,76.562,76.562,76.562,0
2024-02-05,74.9554,74.9554,74.9554,74.9554,0
2024-02-06,75.963,75.963,75.963,75.963,0
2024-02-07,75.854,75.854,75.854,75.854,0
2024-02-08,76.4713,76.4713,76.4713,76.4713,0
2024-02-09,76.5892,76.5892,76.5892,76.5892,0
2024-02-12,76.6074,76.6074,76.6074,76.6074,0
2024-02-13,75.0281,75.0281,75.0281,75.0281,0
2024-02-14,75.618,75.618,75.618,75.618,0
2024-02-15,77.3789,77.3789,77.3789,77.3789,0
2024-02-16,76.5802,76.5802,76.5802,76.5802,0
2024-02-20,76.444,76.444,76.444,76.444,0
2024-02-21,76.8706,76.8706,76.8706,76.8706,0
2024-02-22,77.0159,77.0159,77.0159,77.0159,0
2024-02-23,76.9796,76.9796,76.9796,76.9796,0
2024-02-26,76.1354,76.1354,76.1354,76.1354,0
2024-02-27,76.2262,76.2262,76.2262,76.2262,0
2024-02-28,76.9977,76.9977,76.9977,76.9977,0
2024-02-29,77.6512,77.6512,77.6512,77.6512,0
2024-03-01,78.577,78.577,78.577,78.577,0
2024-03-04,79.3123,79.3123,79.3123,79.3123,0
2024-03-05,78.3501,78.3501,78.3501,78.3501,0
2024-03-06,78.7404,78.7404,78.7404,78.7404,0
2024-03-07,78.7223,78.7223,78.7223,78.7223,0
2024-03-08,79.63,79.63,79.63,79.63,0
2024-03-11,79.2487,79.2487,79.2487,79.2487,0
2024-03-12,79.0763,79.0763,79.0763,79.0763,0
2024-03-13,78.6769,78.6769,78.6769,78.6769,0
2024-03-14,77.4969,77.4969,77.4969,77.4969,0
2024-03-15,77.3245,77.3245,77.3245,77.3245,0
2024-03-18,77.3608,77.3608,77.3608,77.3608,0
2024-03-19,77.3335,77.3335,77.3335,77.3335,0
2024-03-20,77.8418,77.8418,77.8418,77.8418,0
2024-03-21,78.4046,78.4046,78.4046,78.4046,0
2024-03-22,77.4178,77.4178,77.4178,77.4178,0
2024-03-25,76.9417,76.9417,76.9417,76.9417,0
2024-03-26,76.6305,76.6305,76.6305,76.6305,0
2024-03-27,78.6078,78.6078,78.6078,78.6078,0
2024-03-28,79.1662,79.1662,79.1662,79.1662,0
2024-04-01,77.8389,77.8389,77.8389,77.8389,0
2024-04-02,76.8593,76.8593,76.8593,76.8593,0
2024-04-03,76.9417,76.9417,76.9417,76.9417,0
2024-04-04,76.4474,76.4474,76.4474,76.4474,0
2024-04-05,76.8411,76.8411,76.8411,76.8411,0
2024-04-08,77.6649,77.6649,77.6649,77.6649,0
2024-04-09,78.6994,78.6994,78.6994,78.6994,0
2024-04-10,75.4404,75.4404,75.4404,75.4404,0
2024-04-11,75.6968,75.6968,75.6968,75.6968,0
2024-04-12,74.7996,74.7996,74.7996,74.7996,0
2024-04-15,73.5272,73.5272,73.5272,73.5272,0
2024-04-16,72.4928,72.4928,72.4928,72.4928,0
2024-04-17,71.9618,71.9618,71.9618,71.9618,0
2024-04-18,71.971,71.971,71.971,71.971,0
2024-04-19,72.3188,72.3188,72.3188,72.3188,0
2024-04-22,72.9596,72.9596,72.9596,72.9596,0
2024-04-23,73.6279,73.6279,73.6279,73.6279,0
2024-04-24,73.7652,73.7652,73.7652,73.7652,0
2024-04-25,73.3441,73.3441,73.3441,73.3441,0
2024-04-26,73.3807,73.3807,73.3807,73.3807,0
2024-04-29,74.1314,74.1314,74.1314,74.1314,0
2024-04-30,72.8772,72.8772,72.8772,72.8772,0
2024-05-01,72.9047,72.9047,72.9047,72.9047,0
2024-05-02,73.93,73.93,73.93,73.93,0
2024-05-03,74.4243,74.4243,74.4243,74.4243,0
2024-05-06,74.4884,74.4884,74.4884,74.4884,0
2024-05-07,75.1933,75.1933,75.1933,75.1933,0
2024-05-08,74.5616,74.5616,74.5616,74.5616,0
2024-05-09,76.0904,76.0904,76.0904,76.0904,0
2024-05-10,75.8798,75.8798,75.8798,75.8798,0
2024-05-13,76.127,76.127,76.127,76.127,0
2024-05-14,76.7129,76.7129,76.7129,76.7129,0
2024-05-15,77.7748,77.7748,77.7748,77.7748,0
2024-05-16,77.7198,77.7198,77.7198,77.7198,0
2024-05-17,77.7107,77.7107,77.7107,77.7107,0
2024-05-20,77.253,77.253,77.253,77.253,0
2024-05-21,77.2255,77.2255,77.2255,77.2255,0
2024-05-22,76.5298,76.5298,76.5298,76.5298,0
2024-05-23,74.882,74.882,74.882,74.882,0
2024-05-24,74.937,74.937,74.937,74.937,0
2024-05-28,74.4426,74.4426,74.4426,74.4426,0
2024-05-29,73.7194,73.7194,73.7194,73.7194,0
2024-05-30,74.7996,74.7996,74.7996,74.7996,0
2024-05-31,76.2002,76.2002,76.2002,76.2002,0
2024-06-03,76.0263,76.0263,76.0263,76.0263,0
2024-06-04,76.6122,76.6122,76.6122,76.6122,0
2024-06-05,76.5206,76.5206,76.5206,76.5206,0
2024-06-06,76.6671,76.6671,76.6671,76.6671,0
2024-06-07,75.9439,75.9439,75.9439,75.9439,0
2024-06-10,76.2002,76.2002,76.2002,76.2002,0
2024-06-11,75.9256,75.9256,75.9256,75.9256,0
2024-06-12,76.603,76.603,76.603,76.603,0
2024-06-13,76.9143,76.9143,76.9143,76.9143,0
2024-06-14,76.896,76.896,76.896,76.896,0
2024-06-17,76.5939,76.5939,76.5939,76.5939,0
2024-06-18,76.896,76.896,76.896,76.896,0
2024-06-20,76.6763,76.6763,76.6763,76.6763,0
2024-06-21,76.8685,76.8685,76.8685,76.8685,0
2024-06-24,77.4635,77.4635,77.4635,77.4635,0
2024-06-25,76.5115,76.5115,76.5115,76.5115,0
2024-06-26,76.2735,76.2735,76.2735,76.2735,0
2024-06-27,77.015,77.015,77.015,77.015,0
2024-06-28,77.6294,77.6294,77.6294,77.6294,0
2024-07-01,76.8973,76.8973,76.8973,76.8973,0
2024-07-02,77.2587,77.2587,77.2587,77.2587,0
2024-07-03,77.1846,77.1846,77.1846,77.1846,0
2024-07-05,77.3977,77.3977,77.3977,77.3977,0
2024-07-08,77.648,77.648,77.648,77.648,0
2024-07-09,77.6294,77.6294,77.6294,77.6294,0
2024-07-10,78.2041,78.2041,78.2041,78.2041,0
2024-07-11,80.4469,80.4469,80.4469,80.4469,0
2024-07-12,81.0586,81.0586,81.0586,81.0586,0
2024-07-15,81.6055,81.6055,81.6055,81.6055,0
2024-07-16,82.6064,82.6064,82.6064,82.6064,0
2024-07-17,83.1718,83.1718,83.1718,83.1718,0
2024-07-18,82.4396,82.4396,82.4396,82.4396,0
2024-07-19,82.2913,82.2913,82.2913,82.2913,0
2024-07-22,83.144,83.144,83.144,83.144,0
2024-07-23,83.0791,83.0791,83.0791,83.0791,0
2024-07-24,81.8557,81.8557,81.8557,81.8557,0
2024-07-25,81.5869,81.5869,81.5869,81.5869,0
2024-07-26,83.0142,83.0142,83.0142,83.0142,0
2024-07-29,83.4405,83.4405,83.4405,83.4405,0
2024-07-30,84.0893,84.0893,84.0893,84.0893,0
2024-07-31,83.7927,83.7927,83.7927,83.7927,0
2024-08-01,84.6361,84.6361,84.6361,84.6361,0
2024-08-02,84.5898,84.5898,84.5898,84.5898,0
2024-08-05,82.1708,82.1708,82.1708,82.1708,0
2024-08-06,83.7927,83.7927,83.7927,83.7927,0
2024-08-07,83.2181,83.2181,83.2181,83.2181,0
2024-08-08,84.0337,84.0337,84.0337,84.0337,0
2024-08-09,84.423,84.423,84.423,84.423,0
2024-08-12,83.802,83.802,83.802,83.802,0
2024-08-13,84.5342,84.5342,84.5342,84.5342,0
2024-08-14,84.7566,84.7566,84.7566,84.7566,0
2024-08-15,84.6917,84.6917,84.6917,84.6917,0
2024-08-16,84.6454,84.6454,84.6454,84.6454,0
2024-08-19,85.3498,85.3498,85.3498,85.3498,0
2024-08-20,85.2478,85.2478,85.2478,85.2478,0
2024-08-21,85.7019,85.7019,85.7019,85.7019,0
2024-08-22,85.9522,85.9522,85.9522,85.9522,0
2024-08-23,87.8429,87.8429,87.8429,87.8429,0
2024-08-26,87.8058,87.8058,87.8058,87.8058,0
2024-08-27,87.9355,87.9355,87.9355,87.9355,0
2024-08-28,87.5926,87.5926,87.5926,87.5926,0
2024-08-29,87.3238,87.3238,87.3238,87.3238,0
2024-08-30,88.1673,88.1673,88.1673,88.1673,0
2024-09-03,88.1209,88.1209,88.1209,88.1209,0
2024-09-04,88.3711,88.3711,88.3711,88.3711,0
2024-09-05,88.0838,88.0838,88.0838,88.0838,0
2024-09-06,88.0004,88.0004,88.0004,88.0004,0
2024-09-09,88.9828,88.9828,88.9828,88.9828,0
2024-09-10,90.2711,90.2711,90.2711,90.2711,0
2024-09-11,90.095,90.095,90.095,90.095,0
2024-09-12,90.475,90.475,90.475,90.475,0
2024-09-13,91.4203,91.4203,91.4203,91.4203,0
2024-09-16,91.7262,91.7262,91.7262,91.7262,0
2024-09-17,91.0867,91.0867,91.0867,91.0867,0
2024-09-18,90.9755,90.9755,90.9755,90.9755,0
2024-09-19,90.994,90.994,90.994,90.994,0
2024-09-20,90.6326,90.6326,90.6326,90.6326,0
2024-09-23,91.5316,91.5316,91.5316,91.5316,0
2024-09-24,91.6613,91.6613,91.6613,91.6613,0
2024-09-25,91.0496,91.0496,91.0496,91.0496,0
2024-09-26,90.2248,90.2248,90.2248,90.2248,0
2024-09-27,90.3397,90.3397,90.3397,90.3397,0
2024-09-30,91.05,91.05,91.05,91.05,0
2024-10-01,90.4612,90.4612,90.4612,90.4612,0
2024-10-02,90.1434,90.1434,90.1434,90.1434,0
2024-10-03,89.321,89.321,89.321,89.321,0
2024-10-04,88.8911,88.8911,88.8911,88.8911,0
2024-10-07,88.106,88.106,88.106,88.106,0
2024-10-08,88.2836,88.2836,88.2836,88.2836,0
2024-10-09,88.377,88.377,88.377,88.377,0
2024-10-10,87.592,87.592,87.592,87.592,0
2024-10-11,88.5826,88.5826,88.5826,88.5826,0
2024-10-14,89.1154,89.1154,89.1154,89.1154,0
2024-10-15,90.1902,90.1902,90.1902,90.1902,0
2024-10-16,91.1809,91.1809,91.1809,91.1809,0
2024-10-17,90.4612,90.4612,90.4612,90.4612,0
2024-10-18,91.1342,91.1342,91.1342,91.1342,0
2024-10-21,89.349,89.349,89.349,89.349,0
2024-10-22,89.4799,89.4799,89.4799,89.4799,0
2024-10-23,90.1341,90.1341,90.1341,90.1341,0
2024-10-24,90.3304,90.3304,90.3304,90.3304,0
2024-10-25,89.4799,89.4799,89.4799,89.4799,0
2024-10-28,89.7603,89.7603,89.7603,89.7603,0
2024-10-29,89.1154,89.1154,89.1154,89.1154,0
2024-10-30,89.5079,89.5079,89.5079,89.5079,0
2024-10-31,87.9938,87.9938,87.9938,87.9938,0
2024-11-01,87.0219,87.0219,87.0219,87.0219,0
2024-11-04,87.9752,87.9752,87.9752,87.9752,0
2024-11-05,89.1434,89.1434,89.1434,89.1434,0
2024-11-06,87.2462,87.2462,87.2462,87.2462,0
2024-11-07,88.2929,88.2929,88.2929,88.2929,0
2024-11-08,89.6107,89.6107,89.6107,89.6107,0
2024-11-11,89.1621,89.1621,89.1621,89.1621,0
2024-11-12,87.9284,87.9284,87.9284,87.9284,0
2024-11-13,88.4144,88.4144,88.4144,88.4144,0
2024-11-14,87.62,87.62,87.62,87.62,0
2024-11-15,87.6667,87.6667,87.6667,87.6667,0
2024-11-18,88.3023,88.3023,88.3023,88.3023,0
2024-11-19,88.7322,88.7322,88.7322,88.7322,0
2024-11-20,88.62,88.62,88.62,88.62,0
2024-11-21,89.2743,89.2743,89.2743,89.2743,0
2024-11-22,89.9472,89.9472,89.9472,89.9472,0
2024-11-25,91.1996,91.1996,91.1996,91.1996,0
2024-11-26,91.5641,91.5641,91.5641,91.5641,0
2024-11-27,92.1529,92.1529,92.1529,92.1529,0
2024-11-29,91.7416,91.7416,91.7416,91.7416,0
2024-12-02,90.4052,90.4052,90.4052,90.4052,0
2024-12-03,89.9472,89.9472,89.9472,89.9472,0
2024-12-04,89.7042,89.7042,89.7042,89.7042,0
2024-12-05,89.4892,89.4892,89.4892,89.4892,0
2024-12-06,89.3584,89.3584,89.3584,89.3584,0
2024-12-09,89.6107,89.6107,89.6107,89.6107,0
2024-12-10,88.3116,88.3116,88.3116,88.3116,0
2024-12-11,88.106,88.106,88.106,88.106,0
2024-12-12,87.9658,87.9658,87.9658,87.9658,0
2024-12-13,87.7135,87.7135,87.7135,87.7135,0
2024-12-16,87.405,87.405,87.405,87.405,0
2024-12-17,86.9845,86.9845,86.9845,86.9845,0
2024-12-18,83.3955,83.3955,83.3955,83.3955,0
2024-12-19,82.1058,82.1058,82.1058,82.1058,0
2024-12-20,83.489,83.489,83.489,83.489,0
2024-12-23,83.8155,83.8155,83.8155,83.8155,0
2024-12-24,84.3723,84.3723,84.3723,84.3723,0
2024-12-26,84.5987,84.5987,84.5987,84.5987,0
2024-12-27,83.7495,83.7495,83.7495,83.7495,0
2024-12-30,83.3342,83.3342,83.3342,83.3342,0
2024-12-31,84.0609,84.0609,84.0609,84.0609,0
2025-01-02,83.3154,83.3154,83.3154,83.3154,0
2025-01-03,84.41,84.41,84.41,84.41,0
2025-01-06,83.3248,83.3248,83.3248,83.3248,0
2025-01-07,82.5321,82.5321,82.5321,82.5321,0
2025-01-08,82.7492,82.7492,82.7492,82.7492,0
2025-01-10,80.7298,80.7298,80.7298,80.7298,0
2025-01-13,81.7206,81.7206,81.7206,81.7206,0
2025-01-14,82.4661,82.4661,82.4661,82.4661,0
2025-01-15,82.9379,82.9379,82.9379,82.9379,0
2025-01-16,84.6554,84.6554,84.6554,84.6554,0
2025-01-17,84.5987,84.5987,84.5987,84.5987,0
2025-01-21,86.1841,86.1841,86.1841,86.1841,0
2025-01-22,84.6837,84.6837,84.6837,84.6837,0
2025-01-23,85.3065,85.3065,85.3065,85.3065,0
2025-01-24,85.599,85.599,85.599,85.599,0
2025-01-27,86.7409,86.7409,86.7409,86.7409,0
2025-01-28,85.6934,85.6934,85.6934,85.6934,0
2025-01-29,84.561,84.561,84.561,84.561,0
2025-01-30,85.6368,85.6368,85.6368,85.6368,0
2025-01-31,85.448,85.448,85.448,85.448,0
2025-02-03,85.2687,85.2687,85.2687,85.2687,0
2025-02-04,85.3348,85.3348,85.3348,85.3348,0
2025-02-05,86.5332,86.5332,86.5332,86.5332,0
2025-02-06,86.7503,86.7503,86.7503,86.7503,0
2025-02-07,86.4672,86.4672,86.4672,86.4672,0
2025-02-10,86.4294,86.4294,86.4294,86.4294,0
2025-02-11,86.8069,86.8069,86.8069,86.8069,0
2025-02-12,86.0048,86.0048,86.0048,86.0048,0
2025-02-13,86.8635,86.8635,86.8635,86.8635,0
2025-02-14,86.4672,86.4672,86.4672,86.4672,0
2025-02-18,86.8541,86.8541,86.8541,86.8541,0
2025-02-19,86.9201,86.9201,86.9201,86.9201,0
2025-02-20,87.3354,87.3354,87.3354,87.3354,0
2025-02-21,86.4766,86.4766,86.4766,86.4766,0
2025-02-24,86.8163,86.8163,86.8163,86.8163,0
2025-02-25,87.8827,87.8827,87.8827,87.8827,0
2025-02-26,87.5146,87.5146,87.5146,87.5146,0
2025-02-27,87.8638,87.8638,87.8638,87.8638,0
2025-02-28,88.6093,88.6093,88.6093,88.6093,0
2025-03-03,89.0245,89.0245,89.0245,89.0245,0
2025-03-04,87.9959,87.9959,87.9959,87.9959,0
2025-03-05,88.9773,88.9773,88.9773,88.9773,0
2025-03-06,86.6937,86.6937,86.6937,86.6937,0
2025-03-07,87.2127,87.2127,87.2127,87.2127,0
2025-03-10,86.3728,86.3728,86.3728,86.3728,0
2025-03-11,85.3631,85.3631,85.3631,85.3631,0
2025-03-12,85.0989,85.0989,85.0989,85.0989,0
2025-03-13,83.4192,83.4192,83.4192,83.4192,0
2025-03-14,85.0895,85.0895,85.0895,85.0895,0
2025-03-17,86.5427,86.5427,86.5427,86.5427,0
2025-03-18,86.0897,86.0897,86.0897,86.0897,0
2025-03-19,86.1935,86.1935,86.1935,86.1935,0
2025-03-20,86.1369,86.1369,86.1369,86.1369,0
2025-03-21,85.1838,85.1838,85.1838,85.1838,0
2025-03-24,86.4955,86.4955,86.4955,86.4955,0
2025-03-25,85.525,85.525,85.525,85.525,0
2025-03-26,85.8587,85.8587,85.8587,85.8587,0
2025-03-27,85.6394,85.6394,85.6394,85.6394,0
2025-03-28,85.525,85.525,85.525,85.525,0
2025-03-31,86.3163,86.3163,86.3163,86.3163,0
2025-04-01,86.3544,86.3544,86.3544,86.3544,0
2025-04-02,86.8787,86.8787,86.8787,86.8787,0
2025-04-03,83.9138,83.9138,83.9138,83.9138,0
2025-04-04,80.272,80.272,80.272,80.272,0
2025-04-07,78.1651,78.1651,78.1651,78.1651,0
2025-04-08,76.0678,76.0678,76.0678,76.0678,0
2025-04-09,80.6057,80.6057,80.6057,80.6057,0
2025-04-10,78.7657,78.7657,78.7657,78.7657,0
2025-04-11,79.7286,79.7286,79.7286,79.7286,0
2025-04-14,81.3779,81.3779,81.3779,81.3779,0
2025-04-15,81.6258,81.6258,81.6258,81.6258,0
2025-04-16,81.5686,81.5686,81.5686,81.5686,0
2025-04-17,82.7889,82.7889,82.7889,82.7889,0
2025-04-21,81.0633,81.0633,81.0633,81.0633,0
2025-04-22,82.6363,82.6363,82.6363,82.6363,0
2025-04-23,82.7889,82.7889,82.7889,82.7889,0
2025-04-24,83.094,83.094,83.094,83.094,0
2025-04-25,82.9509,82.9509,82.9509,82.9509,0
2025-04-28,83.4658,83.4658,83.4658,83.4658,0
2025-04-29,83.9138,83.9138,83.9138,83.9138,0
2025-04-30,84.2094,84.2094,84.2094,84.2094,0
2025-05-01,84.4858,84.4858,84.4858,84.4858,0
2025-05-02,85.525,85.525,85.525,85.525,0
2025-05-05,85.3343,85.3343,85.3343,85.3343,0
2025-05-06,84.6765,84.6765,84.6765,84.6765,0
2025-05-07,84.7718,84.7718,84.7718,84.7718,0
2025-05-08,84.4382,84.4382,84.4382,84.4382,0
2025-05-09,85.0006,85.0006,85.0006,85.0006,0
2025-05-12,85.4201,85.4201,85.4201,85.4201,0
2025-05-13,84.3333,84.3333,84.3333,84.3333,0
2025-05-14,83.5039,83.5039,83.5039,83.5039,0
2025-05-15,85.0293,85.0293,85.0293,85.0293,0
2025-05-16,86.0875,86.0875,86.0875,86.0875,0
2025-05-19,86.1065,86.1065,86.1065,86.1065,0
2025-05-20,85.6013,85.6013,85.6013,85.6013,0
2025-05-21,83.3227,83.3227,83.3227,83.3227,0
2025-05-22,82.9414,82.9414,82.9414,82.9414,0
2025-05-23,83.0272,83.0272,83.0272,83.0272,0
2025-05-27,84.4763,84.4763,84.4763,84.4763,0
2025-05-28,84.3905,84.3905,84.3905,84.3905,0
2025-05-29,85.1532,85.1532,85.1532,85.1532,0
2025-05-30,85.1532,85.1532,85.1532,85.1532,0
2025-06-02,85.2676,85.2676,85.2676,85.2676,0
2025-06-03,85.096,85.096,85.096,85.096,0
2025-06-04,85.3343,85.3343,85.3343,85.3343,0
2025-06-05,85.2676,85.2676,85.2676,85.2676,0
2025-06-06,85.6775,85.6775,85.6775,85.6775,0
2025-06-09,85.7919,85.7919,85.7919,85.7919,0
2025-06-10,86.526,86.526,86.526,86.526,0
2025-06-11,86.0589,86.0589,86.0589,86.0589,0
2025-06-12,86.4783,86.4783,86.4783,86.4783,0
2025-06-13,85.6394,85.6394,85.6394,85.6394,0
2025-06-16,85.7061,85.7061,85.7061,85.7061,0
2025-06-17,85.4011,85.4011,85.4011,85.4011,0
2025-06-18,85.6966,85.6966,85.6966,85.6966,0
2025-06-20,85.6394,85.6394,85.6394,85.6394,0
2025-06-23,86.9264,86.9264,86.9264,86.9264,0
2025-06-24,87.1552,87.1552,87.1552,87.1552,0
2025-06-25,85.0579,85.0579,85.0579,85.0579,0
2025-06-26,84.9789,84.9789,84.9789,84.9789,0
2025-06-27,85.1907,85.1907,85.1907,85.1907,0
2025-06-30,85.7394,85.7394,85.7394,85.7394,0
2025-07-01,86.3652,86.3652,86.3652,86.3652,0
2025-07-02,86.5674,86.5674,86.5674,86.5674,0
2025-07-03,86.6637,86.6637,86.6637,86.6637,0
2025-07-07,85.9224,85.9224,85.9224,85.9224,0
2025-07-08,85.7972,85.7972,85.7972,85.7972,0
2025-07-09,85.8646,85.8646,85.8646,85.8646,0
2025-07-10,86.4037,86.4037,86.4037,86.4037,0
2025-07-11,86.4134,86.4134,86.4134,86.4134,0
2025-07-14,86.9717,86.9717,86.9717,86.9717,0
2025-07-15,85.6913,85.6913,85.6913,85.6913,0
2025-07-16,86.5,86.5,86.5,86.5,0
2025-07-17,86.4037,86.4037,86.4037,86.4037,0
2025-07-18,86.5866,86.5866,86.5866,86.5866,0
2025-07-21,86.9428,86.9428,86.9428,86.9428,0
2025-07-22,88.4351,88.4351,88.4351,88.4351,0
2025-07-23,88.6083,88.6083,88.6083,88.6083,0
2025-07-24,88.3003,88.3003,88.3003,88.3003,0
2025-07-25,88.3099,88.3099,88.3099,88.3099,0
2025-07-28,86.8947,86.8947,86.8947,86.8947,0
2025-07-29,88.2906,88.2906,88.2906,88.2906,0
2025-07-30,87.0391,87.0391,87.0391,87.0391,0
2025-07-31,85.8165,85.8165,85.8165,85.8165,0
2025-08-01,85.6047,85.6047,85.6047,85.6047,0
2025-08-04,86.4807,86.4807,86.4807,86.4807,0
2025-08-05,86.8755,86.8755,86.8755,86.8755,0
2025-08-06,86.2016,86.2016,86.2016,86.2016,0
2025-08-07,86.4519,86.4519,86.4519,86.4519,0
2025-08-08,85.7394,85.7394,85.7394,85.7394,0
2025-08-11,85.1715,85.1715,85.1715,85.1715,0
2025-08-12,85.6528,85.6528,85.6528,85.6528,0
2025-08-13,86.4519,86.4519,86.4519,86.4519,0
2025-08-14,85.8357,85.8357,85.8357,85.8357,0
2025-08-15,86.3267,86.3267,86.3267,86.3267,0
2025-08-18,85.5951,85.5951,85.5951,85.5951,0
2025-08-19,87.068,87.068,87.068,87.068,0
2025-08-20,87.3183,87.3183,87.3183,87.3183,0
2025-08-21,87.0584,87.0584,87.0584,87.0584,0
2025-08-22,88.7431,88.7431,88.7431,88.7431,0
2025-08-25,88.2329,88.2329,88.2329,88.2329,0
2025-08-26,88.0018,88.0018,88.0018,88.0018,0
2025-08-27,88.5506,88.5506,88.5506,88.5506,0
2025-08-28,88.3195,88.3195,88.3195,88.3195,0
2025-08-29,88.8009,88.8009,88.8009,88.8009,0
2025-09-02,87.3279,87.3279,87.3279,87.3279,0
2025-09-03,87.3761,87.3761,87.3761,87.3761,0
2025-09-04,88.0307,88.0307,88.0307,88.0307,0
2025-09-05,89.0223,89.0223,89.0223,89.0223,0
2025-09-08,88.5024,88.5024,88.5024,88.5024,0
2025-09-09,88.3003,88.3003,88.3003,88.3003,0
2025-09-10,88.1559,88.1559,88.1559,88.1559,0
2025-09-11,89.7636,89.7636,89.7636,89.7636,0
2025-09-12,89.3496,89.3496,89.3496,89.3496,0
2025-09-15,89.2052,89.2052,89.2052,89.2052,0
2025-09-16,88.7335,88.7335,88.7335,88.7335,0
2025-09-17,88.618,88.618,88.618,88.618,0
2025-09-18,88.8105,88.8105,88.8105,88.8105,0
2025-09-19,88.2329,88.2329,88.2329,88.2329,0
2025-09-22,88.2521,88.2521,88.2521,88.2521,0
2025-09-23,88.7335,88.7335,88.7335,88.7335,0
2025-09-24,87.8607,87.8607,87.8607,87.8607,0
2025-09-25,87.5983,87.5983,87.5983,87.5983,0
2025-09-26,88.4633,88.4633,88.4633,88.4633,0
2025-09-29,88.4925,88.4925,88.4925,88.4925,0
2025-09-30,88.8521,88.8521,88.8521,88.8521,0
2025-10-01,88.9881,88.9881,88.9881,88.9881,0
2025-10-02,88.5216,88.5216,88.5216,88.5216,0
2025-10-03,88.8521,88.8521,88.8521,88.8521,0
2025-10-06,88.0162,88.0162,88.0162,88.0162,0
2025-10-07,87.6955,87.6955,87.6955,87.6955,0
2025-10-08,87.2387,87.2387,87.2387,87.2387,0
2025-10-09,86.7625,86.7625,86.7625,86.7625,0
2025-10-10,85.6545,85.6545,85.6545,85.6545,0
2025-10-13,86.1988,86.1988,86.1988,86.1988,0
2025-10-14,87.0832,87.0832,87.0832,87.0832,0
2025-10-15,88.3467,88.3467,88.3467,88.3467,0
2025-10-16,88.0357,88.0357,88.0357,88.0357,0
2025-10-17,88.6091,88.6091,88.6091,88.6091,0
2025-10-20,89.5033,89.5033,89.5033,89.5033,0
2025-10-21,89.2506,89.2506,89.2506,89.2506,0
2025-10-22,89.6296,89.6296,89.6296,89.6296,0
2025-10-23,89.5713,89.5713,89.5713,89.5713,0
2025-10-24,89.8337,89.8337,89.8337,89.8337,0
2025-10-27,90.0864,90.0864,90.0864,90.0864,0
2025-10-28,88.3175,88.3175,88.3175,88.3175,0
2025-10-29,86.0433,86.0433,86.0433,86.0433,0
2025-10-30,86.4515,86.4515,86.4515,86.4515,0
2025-10-31,86.675,86.675,86.675,86.675,0
2025-11-03,86.5486,86.5486,86.5486,86.5486,0
2025-11-04,86.6944,86.6944,86.6944,86.6944,0
2025-11-05,86.7722,86.7722,86.7722,86.7722,0
2025-11-06,86.3543,86.3543,86.3543,86.3543,0
2025-11-07,87.6955,87.6955,87.6955,87.6955,0
2025-11-10,87.6469,87.6469,87.6469,87.6469,0
2025-11-11,88.6285,88.6285,88.6285,88.6285,0
2025-11-12,87.9676,87.9676,87.9676,87.9676,0
2025-11-13,86.8888,86.8888,86.8888,86.8888,0
2025-11-14,87.0735,87.0735,87.0735,87.0735,0
2025-11-17,86.3543,86.3543,86.3543,86.3543,0
2025-11-18,86.7042,86.7042,86.7042,86.7042,0
2025-11-19,86.0238,86.0238,86.0238,86.0238,0
2025-11-20,85.6642,85.6642,85.6642,85.6642,0
2025-11-21,87.054,87.054,87.054,87.054,0
2025-11-24,87.2873,87.2873,87.2873,87.2873,0
2025-11-25,88.094,88.094,88.094,88.094,0
2025-11-26,88.4827,88.4827,88.4827,88.4827,0
2025-11-28,88.7743,88.7743,88.7743,88.7743,0
2025-12-01,87.7538,87.7538,87.7538,87.7538,0
2025-12-02,87.4428,87.4428,87.4428,87.4428,0
2025-12-03,87.6663,87.6663,87.6663,87.6663,0
2025-12-04,87.4525,87.4525,87.4525,87.4525,0
2025-12-05,87.3553,87.3553,87.3553,87.3553,0
2025-12-08,86.6847,86.6847,86.6847,86.6847,0
2025-12-09,86.3543,86.3543,86.3543,86.3543,0
2025-12-10,86.6653,86.6653,86.6653,86.6653,0
2025-12-11,87.0443,87.0443,87.0443,87.0443,0
2025-12-12,86.9374,86.9374,86.9374,86.9374,0
2025-12-15,87.2095,87.2095,87.2095,87.2095,0
2025-12-16,86.5681,86.5681,86.5681,86.5681,0
2025-12-17,86.8888,86.8888,86.8888,86.8888,0
2025-12-18,86.432,86.432,86.432,86.432,0
2025-12-19,86.1016,86.1016,86.1016,86.1016,0
2025-12-22,86.5439,86.5439,86.5439,86.5439,0
2025-12-23,86.4851,86.4851,86.4851,86.4851,0
2025-12-24,87.0539,87.0539,87.0539,87.0539,0
2025-12-26,87.152,87.152,87.152,87.152,0
2025-12-29,87.3285,87.3285,87.3285,87.3285,0
2025-12-30,87.5051,87.5051,87.5051,87.5051,0
2025-12-31,86.7891,86.7891,86.7891,86.7891,0
2026-01-02,86.8185,86.8185,86.8185,86.8185,0
2026-01-05,87.0147,87.0147,87.0147,87.0147,0
2026-01-06,87.6522,87.6522,87.6522,87.6522,0
2026-01-07,86.7989,86.7989,86.7989,86.7989,0
2026-01-08,87.5737,87.5737,87.5737,87.5737,0
2026-01-09,87.7503,87.7503,87.7503,87.7503,0
2026-01-12,87.8679,87.8679,87.8679,87.8679,0
2026-01-13,88.3583,88.3583,88.3583,88.3583,0
2026-01-14,89.1233,89.1233,89.1233,89.1233,0
2026-01-15,89.7412,89.7412,89.7412,89.7412,0
2026-01-16,90.8397,90.8397,90.8397,90.8397,0
2026-01-20,89.1528,89.1528,89.1528,89.1528,0
2026-01-21,89.5059,89.5059,89.5059,89.5059,0
2026-01-22,88.6231,88.6231,88.6231,88.6231,0
2026-01-23,88.7997,88.7997,88.7997,88.7997,0
2026-01-26,88.682,88.682,88.682,88.682,0
2026-01-27,88.6526,88.6526,88.6526,88.6526,0
2026-01-28,87.7404,87.7404,87.7404,87.7404,0
2026-01-29,88.9664,88.9664,88.9664,88.9664,0
2026-01-30,89.0547,89.0547,89.0547,89.0547,0
2026-02-02,88.1328,88.1328,88.1328,88.1328,0
2026-02-03,87.9366,87.9366,87.9366,87.9366,0
2026-02-04,89.2018,89.2018,89.2018,89.2018,0
2026-02-05,89.0743,89.0743,89.0743,89.0743,0
2026-02-06,90.4768,90.4768,90.4768,90.4768,0
2026-02-09,90.8593,90.8593,90.8593,90.8593,0
2026-02-10,92.0755,92.0755,92.0755,92.0755,0
2026-02-11,91.5655,91.5655,91.5655,91.5655,0
2026-02-12,91.4576,91.4576,91.4576,91.4576,0
2026-02-13,92.7718,92.7718,92.7718,92.7718,0
2026-02-17,93.6545,93.6545,93.6545,93.6545,0
2026-02-18,92.5561,92.5561,92.5561,92.5561,0
2026-02-19,92.3599,92.3599,92.3599,92.3599,0
2026-02-20,93.0563,93.0563,93.0563,93.0563,0
2026-02-23,93.0661,93.0661,93.0661,93.0661,0
2026-02-24,93.3015,93.3015,93.3015,93.3015,0
2026-02-25,93.0465,93.0465,93.0465,93.0465,0
2026-02-26,93.684,93.684,93.684,93.684,0
2026-02-27,93.8507,93.8507,93.8507,93.8507,0
2026-03-02,94.0861,94.0861,94.0861,94.0861,0
2026-03-03,93.5859,93.5859,93.5859,93.5859,0
2026-03-04,93.7036,93.7036,93.7036,93.7036,0
2026-03-05,92.762,92.762,92.762,92.762,0
2026-03-06,91.7518,91.7518,91.7518,91.7518,0
2026-03-09,91.9578,91.9578,91.9578,91.9578,0
2026-03-10,91.8205,91.8205,91.8205,91.8205,0
2026-03-11,90.8691,90.8691,90.8691,90.8691,0
2026-03-12,90.2414,90.2414,90.2414,90.2414,0
2026-03-13,90.3886,90.3886,90.3886,90.3886,0
2026-03-16,91.1437,91.1437,91.1437,91.1437,0
2026-03-17,91.5459,91.5459,91.5459,91.5459,0
2026-03-18,90.1924,90.1924,90.1924,90.1924,0
2026-03-19,89.8295,89.8295,89.8295,89.8295,0
2026-03-20,87.0441,87.0441,87.0441,87.0441,0
2026-03-23,87.7208,87.7208,87.7208,87.7208,0
2026-03-24,87.1419,87.1419,87.1419,87.1419,0
2026-03-25,87.0725,87.0725,87.0725,87.0725,0
2026-03-26,86.9536,86.9536,86.9536,86.9536,0
2026-03-27,86.2399,86.2399,86.2399,86.2399,0
2026-03-30,86.567,86.567,86.567,86.567,0
2026-03-31,87.925,87.925,87.925,87.925,0
2026-04-01,88.2422,88.2422,88.2422,88.2422,0
2026-04-02,89.4417,89.4417,89.4417,89.4417,0
2026-04-06,89.5705,89.5705,89.5705,89.5705,0
2026-04-07,89.6994,89.6994,89.6994,89.6994,0
2026-04-08,91.3152,91.3152,91.3152,91.3152,0
2026-04-09,91.9694,91.9694,91.9694,91.9694,0
2026-04-10,92.1676,92.1676,92.1676,92.1676,0
2026-04-13,92.5146,92.5146,92.5146,92.5146,0
2026-04-14,93.3968,93.3968,93.3968,93.3968,0
2026-04-15,93.4662,93.4662,93.4662,93.4662,0
2026-04-16,94.3286,94.3286,94.3286,94.3286,0
2026-04-17,95.8353,95.8353,95.8353,95.8353,0
2026-04-20,96.1823,96.1823,96.1823,96.1823,0
2026-04-21,94.4773,94.4773,94.4773,94.4773,0
2026-04-22,93.6942,93.6942,93.6942,93.6942,0
2026-04-23,94.6557,94.6557,94.6557,94.6557,0
2026-04-24,94.4674,94.4674,94.4674,94.4674,0
2026-04-27,93.9519,93.9519,93.9519,93.9519,0
2026-04-28,94.8143,94.8143,94.8143,94.8143,0
2026-04-29,94.0709,94.0709,94.0709,94.0709,0
2026-04-30,95.4884,95.4884,95.4884,95.4884,0
2026-05-01,95.2207,95.2207,95.2207,95.2207,0
2026-05-04,94.626,94.626,94.626,94.626,0
2026-05-05,94.9233,94.9233,94.9233,94.9233,0
2026-05-06,96.2417,96.2417,96.2417,96.2417,0
2026-05-07,95.5478,95.5478,95.5478,95.5478,0
2026-05-08,95.7758,95.7758,95.7758,95.7758,0
2026-05-11,95.8452,95.8452,95.8452,95.8452,0
2026-05-12,95.8452,95.8452,95.8452,95.8452,0
2026-05-13,95.0522,95.0522,95.0522,95.0522,0
2026-05-14,94.4872,94.4872,94.4872,94.4872,0
2026-05-15,93.0895,93.0895,93.0895,93.0895,0
2026-05-18,94.1799,94.1799,94.1799,94.1799,0
2026-05-19,94.4475,94.4475,94.4475,94.4475,0
2026-05-20,95.647,95.647,95.647,95.647,0
2026-05-21,95.8254,95.8254,95.8254,95.8254,0
2026-05-22,95.9245,95.9245,95.9245,95.9245,0
2026-05-26,96.3706,96.3706,96.3706,96.3706,0
2026-05-27,96.0732,96.0732,96.0732,96.0732,0
2026-05-28,95.7065,95.7065,95.7065,95.7065,0
2026-05-29,94.8639,94.8639,94.8639,94.8639,0
2026-06-01,93.2679,93.2679,93.2679,93.2679,0
2026-06-02,93.6942,93.6942,93.6942,93.6942,0
2026-06-03,93.5851,93.5851,93.5851,93.5851,0
2026-06-04,95.2604,95.2604,95.2604,95.2604,0
2026-06-05,95.9444,95.9444,95.9444,95.9444,0
2026-06-08,94.6359,94.6359,94.6359,94.6359,0
2026-06-09,96.8167,96.8167,96.8167,96.8167,0
2026-06-10,96.8266,96.8266,96.8266,96.8266,0
2026-06-11,96.7572,96.7572,96.7572,96.7572,0
2026-06-12,97.6493,97.6493,97.6493,97.6493,0
2026-06-15,96.9653,96.9653,96.9653,96.9653,0
2026-06-16,97.2032,97.2032,97.2032,97.2032,0
2026-06-17,94.7747,94.7747,94.7747,94.7747,0
2026-06-18,94.7251,94.7251,94.7251,94.7251,0
2026-06-22,95.7461,95.7461,95.7461,95.7461,0
2026-06-23,97.005,97.005,97.005,97.005,0
2026-06-24,97.01,97.01,97.01,97.01,0
2026-06-25,97.19,97.19,97.19,97.19,0
2026-06-26,98.67,98.67,98.67,98.67,0
2026-06-29,98.15,98.15,98.15,98.15,0
2026-06-30,96.43,96.43,96.43,96.43,0
2026-07-01,96.82,96.82,96.82,96.82,0
2026-07-02,98.02,98.02,98.02,98.02,0
2026-07-06,97.24,97.24,97.24,97.24,0
2026-07-07,98.4,98.4,98.4,98.4,0
2026-07-08,96.8,96.8,96.8,96.8,0
2026-07-09,97.09,97.09,97.09,97.09,0
2026-07-10,97.32,97.32,97.32,97.32,0
2026-07-13,97.83,97.83,97.83,97.83,0
2026-07-14,97.57,97.57,97.57,97.57,0
2026-07-15,97.86,97.86,97.86,97.86,0
2026-07-16,100.07,100.07,100.07,100.07,0
2026-07-17,100.02,100.02,100.02,100.02,0
2026-07-20,99.48,99.48,99.48,99.48,0
2026-07-21,99.52,99.52,99.52,99.52,0
2026-07-22,99.02,99.02,99.02,99.02,0
2026-07-23,98.69,98.69,98.69,98.69,0
2026-07-24,100.81,100.81,100.81,100.81,0
2026-07-27,100.54,100.54,100.54,100.54,0
2026-07-28,100.95,100.95,100.95,100.95,0
2026-07-29,100.66,100.66,100.66,100.66,0
2026-07-30,99.49,99.49,99.49,99.49,0
2026-07-31,98.95,98.95,98.95,98.95,0
2026-08-03,99.07,99.07,99.07,99.07,0
2026-08-04,98.92,98.92,98.92,98.92,0
2026-08-05,98.92,98.92,98.92,98.92,0
2026-08-06,98.04,98.04,98.04,98.04,0
2026-08-07,98.43,98.43,98.43,98.43,0
2026-08-10,97.11,97.11,97.11,97.11,0
2026-08-11,96.38,96.38,96.38,96.38,0
2026-08-12,97.31,97.31,97.31,97.31,0
2026-08-13,98.58,98.58,98.58,98.58,0
2026-08-14,98.83,98.83,98.83,98.83,0
2026-08-17,97.98,97.98,97.98,97.98,0
2026-08-18,97.62,97.62,97.62,97.62,0
2026-08-19,98.61,98.61,98.61,98.61,0
2026-08-20,98.6,98.6,98.6,98.6,0
2026-08-21,98.5,98.5,98.5,98.5,0
2026-08-24,99.1,99.1,99.1,99.1,0
2026-08-25,99.25,99.25,99.25,99.25,0
2026-08-26,98.61,98.61,98.61,98.61,0
2026-08-27,97.65,97.65,97.65,97.65,0
