Date,close
2001-06-15,35.8121
2001-06-18,35.5837
2001-06-19,35.6835
2001-06-20,36.0598
2001-06-21,36.3493
2001-06-22,36.1177
2001-06-25,35.8855
2001-06-26,35.792
2001-06-27,35.7952
2001-06-28,36.2338
2001-06-29,36.4402
2001-07-02,36.5369
2001-07-03,36.5176
2001-07-05,36.1016
2001-07-06,35.1503
2001-07-09,35.376
2001-07-10,34.9084
2001-07-11,34.9536
2001-07-12,35.7823
2001-07-13,35.9532
2001-07-16,35.5373
2001-07-17,35.9565
2001-07-18,35.5824
2001-07-19,35.7823
2001-07-20,35.7856
2001-07-23,35.1664
2001-07-24,34.6795
2001-07-25,35.118
2001-07-26,35.5663
2001-07-27,35.6275
2001-07-30,35.5985
2001-07-31,35.7436
2001-08-01,35.8984
2001-08-02,36.0113
2001-08-03,35.8855
2001-08-06,35.4728
2001-08-07,35.5373
2001-08-08,34.8923
2001-08-09,34.9955
2001-08-10,35.1374
2001-08-13,35.1987
2001-08-14,35.1213
2001-08-15,34.8181
2001-08-16,34.9246
2001-08-17,34.3925
2001-08-20,34.6343
2001-08-21,34.1506
2001-08-22,34.4666
2001-08-23,34.4215
2001-08-24,35.0503
2001-08-27,34.9246
2001-08-28,34.3409
2001-08-29,34.0184
2001-08-30,33.5089
2001-08-31,33.6507
2001-09-04,33.4734
2001-09-05,33.425
2001-09-06,32.7478
2001-09-07,32.0867
2001-09-10,32.3286
2001-09-17,30.7936
2001-09-18,30.4002
2001-09-19,29.9906
2001-09-20,29.0232
2001-09-21,28.5556
2001-09-24,29.5766
2001-09-25,29.855
2001-09-26,29.6252
2001-09-27,29.9197
2001-09-28,30.7288
2001-10-01,30.4504
2001-10-02,30.8258
2001-10-03,31.3695
2001-10-04,31.4731
2001-10-05,31.4893
2001-10-08,31.2789
2001-10-09,31.0718
2001-10-10,31.8097
2001-10-11,32.3922
2001-10-12,32.1463
2001-10-15,32.1916
2001-10-16,32.3728
2001-10-17,31.7158
2001-10-18,31.5508
2001-10-19,31.6382
2001-10-22,32.1107
2001-10-23,31.9909
2001-10-24,31.9747
2001-10-25,32.4278
2001-10-26,32.6026
2001-10-29,31.8453
2001-10-30,31.321
2001-10-31,31.3598
2001-11-01,32.02
2001-11-02,32.0718
2001-11-05,32.5314
2001-11-06,33.0039
2001-11-07,32.9456
2001-11-08,32.965
2001-11-09,33.0362
2001-11-12,32.978
2001-11-13,33.5605
2001-11-14,33.7677
2001-11-15,33.6608
2001-11-16,33.6479
2001-11-19,33.9909
2001-11-20,33.7482
2001-11-21,33.5411
2001-11-23,33.9521
2001-11-26,34.1592
2001-11-27,34.0654
2001-11-28,33.3469
2001-11-29,33.8583
2001-11-30,33.7482
2001-12-03,33.5152
2001-12-04,33.9554
2001-12-05,34.7903
2001-12-06,34.7256
2001-12-07,34.6512
2001-12-10,33.9974
2001-12-11,33.91
2001-12-12,33.8906
2001-12-13,33.3858
2001-12-14,33.5379
2001-12-17,33.7838
2001-12-18,34.1333
2001-12-19,34.2887
2001-12-20,33.9812
2001-12-21,34.1625
2001-12-24,34.2382
2001-12-26,34.4071
2001-12-27,34.6052
2001-12-28,34.7092
2001-12-31,34.2349
2002-01-02,34.5143
2002-01-03,34.8846
2002-01-04,35.1152
2002-01-07,34.8878
2002-01-08,34.7872
2002-01-09,34.6702
2002-01-10,34.6442
2002-01-11,34.3551
2002-01-14,34.0855
2002-01-15,34.3194
2002-01-16,33.7509
2002-01-17,34.1017
2002-01-18,33.7866
2002-01-22,33.5235
2002-01-23,33.8126
2002-01-24,33.9621
2002-01-25,34.0173
2002-01-28,33.9913
2002-01-29,33.1467
2002-01-30,33.4586
2002-01-31,33.9361
2002-02-01,33.7379
2002-02-04,32.9226
2002-02-05,32.8056
2002-02-06,32.588
2002-02-07,32.4515
2002-02-08,32.9161
2002-02-11,33.3708
2002-02-12,33.2896
2002-02-13,33.5982
2002-02-14,33.5527
2002-02-15,33.1889
2002-02-19,32.5717
2002-02-20,32.9778
2002-02-21,32.4515
2002-02-22,32.6887
2002-02-25,33.2701
2002-02-26,33.3806
2002-02-27,33.2636
2002-02-28,33.3416
2002-03-01,34.0075
2002-03-04,34.6442
2002-03-05,34.4493
2002-03-06,34.9496
2002-03-07,34.8034
2002-03-08,35.0633
2002-03-11,35.177
2002-03-12,35.1087
2002-03-13,34.7807
2002-03-14,34.7514
2002-03-15,35.0568
2002-03-18,35.0827
2002-03-19,35.2451
2002-03-20,34.6767
2002-03-21,34.8294
2002-03-22,34.693
2002-03-25,34.1717
2002-03-26,34.4095
2002-03-27,34.6148
2002-03-28,34.5659
2002-04-01,34.5887
2002-04-02,34.3639
2002-04-03,33.9893
2002-04-04,34.0935
2002-04-05,34.0382
2002-04-08,34.1229
2002-04-09,33.9437
2002-04-10,34.3444
2002-04-11,33.5691
2002-04-12,33.8329
2002-04-15,33.631
2002-04-16,34.3346
2002-04-17,34.2825
2002-04-18,34.2499
2002-04-19,34.2629
2002-04-22,33.7776
2002-04-23,33.5984
2002-04-24,33.3248
2002-04-25,33.3802
2002-04-26,32.758
2002-04-29,32.6081
2002-04-30,33.0251
2002-05-01,33.2987
2002-05-02,33.1391
2002-05-03,32.8329
2002-05-06,32.214
2002-05-07,32.0674
2002-05-08,33.2564
2002-05-09,32.8133
2002-05-10,32.2498
2002-05-13,32.8589
2002-05-14,33.6049
2002-05-15,33.4193
2002-05-16,33.5528
2002-05-17,33.7906
2002-05-20,33.341
2002-05-21,32.9436
2002-05-22,33.0805
2002-05-23,33.4323
2002-05-24,33.0348
2002-05-28,32.8329
2002-05-29,32.6505
2002-05-30,32.5527
2002-05-31,32.5592
2002-06-03,31.7611
2002-06-04,31.7123
2002-06-05,32.0608
2002-06-06,31.4582
2002-06-07,31.5038
2002-06-10,31.5592
2002-06-11,31.0249
2002-06-12,31.178
2002-06-13,30.849
2002-06-14,30.7774
2002-06-17,31.6634
2002-06-18,31.696
2002-06-19,31.2041
2002-06-20,30.8067
2002-06-21,30.2985
2002-06-24,30.403
2002-06-25,29.8444
2002-06-26,29.7595
2002-06-27,30.2593
2002-06-28,30.3148
2002-07-01,29.557
2002-07-02,28.9494
2002-07-03,29.0931
2002-07-05,30.1809
2002-07-08,29.7203
2002-07-09,28.9853
2002-07-10,28.1
2002-07-11,28.3058
2002-07-12,28.2405
2002-07-15,27.9628
2002-07-16,27.61
2002-07-17,27.757
2002-07-18,26.9403
2002-07-19,26.0355
2002-07-22,25.2907
2002-07-23,24.5655
2002-07-24,26.0028
2002-07-25,25.7839
2002-07-26,26.1335
2002-07-29,27.5839
2002-07-30,27.7211
2002-07-31,27.7864
2002-08-01,27.0743
2002-08-02,26.4438
2002-08-05,25.5618
2002-08-06,26.3948
2002-08-07,26.8097
2002-08-08,27.6525
2002-08-09,27.7015
2002-08-12,27.6362
2002-08-13,27.0318
2002-08-14,28.0608
2002-08-15,28.3548
2002-08-16,28.3385
2002-08-19,29.0212
2002-08-20,28.6488
2002-08-21,29.0702
2002-08-22,29.3871
2002-08-23,28.7958
2002-08-26,28.9918
2002-08-27,28.5214
2002-08-28,28.0674
2002-08-29,28.0935
2002-08-30,27.9988
2002-09-03,26.9077
2002-09-04,27.3552
2002-09-05,27.0155
2002-09-06,27.5055
2002-09-09,27.7211
2002-09-10,27.9138
2002-09-11,27.8811
2002-09-12,27.2441
2002-09-13,27.3095
2002-09-16,27.3421
2002-09-17,26.8456
2002-09-18,26.6692
2002-09-19,25.9832
2002-09-20,25.9832
2002-09-23,25.7055
2002-09-24,25.3495
2002-09-25,25.8525
2002-09-26,26.2837
2002-09-27,25.4834
2002-09-30,25.1686
2002-10-01,26.113
2002-10-02,25.4965
2002-10-03,25.2178
2002-10-04,24.6997
2002-10-07,24.1684
2002-10-08,24.5127
2002-10-09,23.8733
2002-10-10,24.5947
2002-10-11,25.6539
2002-10-14,25.7917
2002-10-15,26.9394
2002-10-16,26.3262
2002-10-17,26.9033
2002-10-18,27.0116
2002-10-21,27.4969
2002-10-22,27.1526
2002-10-23,27.3329
2002-10-24,26.9722
2002-10-25,27.4936
2002-10-28,27.1985
2002-10-29,26.9886
2002-10-30,27.1886
2002-10-31,27.0542
2002-11-01,27.6117
2002-11-04,27.7888
2002-11-05,27.956
2002-11-06,28.3331
2002-11-07,27.6773
2002-11-08,27.3493
2002-11-11,26.8738
2002-11-12,27.0017
2002-11-13,27.0542
2002-11-14,27.7002
2002-11-15,27.874
2002-11-18,27.6182
2002-11-19,27.5231
2002-11-20,28.0511
2002-11-21,28.625
2002-11-22,28.5627
2002-11-25,28.6119
2002-11-26,28.0708
2002-11-27,28.8578
2002-11-29,28.6774
2002-12-02,28.7693
2002-12-03,28.3167
2002-12-04,28.2413
2002-12-05,27.9232
2002-12-06,28.0445
2002-12-09,27.3821
2002-12-10,27.8576
2002-12-11,27.9068
2002-12-12,27.8084
2002-12-13,27.3821
2002-12-16,28.038
2002-12-17,27.815
2002-12-18,27.4182
2002-12-19,27.251
2002-12-20,27.569
2002-12-23,27.5796
2002-12-24,27.4478
2002-12-26,27.4774
2002-12-27,27.0162
2002-12-30,27.1644
2002-12-31,27.2238
2003-01-02,28.0046
2003-01-03,27.9881
2003-01-06,28.5943
2003-01-07,28.3868
2003-01-08,28.0309
2003-01-09,28.4659
2003-01-10,28.5449
2003-01-13,28.5186
2003-01-14,28.647
2003-01-15,28.367
2003-01-16,28.2846
2003-01-17,27.8728
2003-01-21,27.3951
2003-01-22,27.115
2003-01-23,27.2962
2003-01-24,26.6769
2003-01-27,26.1794
2003-01-28,26.4232
2003-01-29,26.7361
2003-01-30,26.0443
2003-01-31,26.4693
2003-02-03,26.5681
2003-02-04,26.6867
2003-02-05,26.1596
2003-02-06,25.9191
2003-02-07,25.6654
2003-02-10,25.873
2003-02-11,25.6819
2003-02-12,25.3359
2003-02-13,25.2964
2003-02-14,25.7247
2003-02-18,26.3144
2003-02-19,26.1036
2003-02-20,25.896
2003-02-21,26.2453
2003-02-24,25.7148
2003-02-25,26.0245
2003-02-26,25.6687
2003-02-27,25.9652
2003-02-28,26.0608
2003-03-03,25.8664
2003-03-04,25.5007
2003-03-05,25.6555
2003-03-06,25.5171
2003-03-07,25.695
2003-03-10,25.0691
2003-03-11,24.8681
2003-03-12,24.957
2003-03-13,25.7972
2003-03-14,25.896
2003-03-17,26.6208
2003-03-18,26.8613
2003-03-19,26.9668
2003-03-20,27.0986
2003-03-21,27.6751
2003-03-24,26.7361
2003-03-25,27.0524
2003-03-26,26.9207
2003-03-27,26.8679
2003-03-28,26.7394
2003-03-31,26.2566
2003-04-01,26.6369
2003-04-02,27.2752
2003-04-03,27.1164
2003-04-04,27.2123
2003-04-07,27.2156
2003-04-08,27.1991
2003-04-09,26.8849
2003-04-10,27.0271
2003-04-11,26.9147
2003-04-14,27.4736
2003-04-15,27.6521
2003-04-16,27.2851
2003-04-17,27.7084
2003-04-21,27.7017
2003-04-22,28.2672
2003-04-23,28.5053
2003-04-24,28.2771
2003-04-25,27.8869
2003-04-28,28.3797
2003-04-29,28.4722
2003-04-30,28.5186
2003-05-01,28.4855
2003-05-02,28.8856
2003-05-05,28.8691
2003-05-06,29.0675
2003-05-07,28.9683
2003-05-08,28.6707
2003-05-09,29.084
2003-05-12,29.4313
2003-05-13,29.3982
2003-05-14,29.2924
2003-05-15,29.5238
2003-05-16,29.461
2003-05-19,28.7699
2003-05-20,28.7401
2003-05-21,28.8592
2003-05-22,29.051
2003-05-23,29.1733
2003-05-27,29.7553
2003-05-28,29.7884
2003-05-29,29.7388
2003-05-30,30.1819
2003-06-02,30.3076
2003-06-03,30.4895
2003-06-04,30.926
2003-06-05,31.0946
2003-06-06,31.0185
2003-06-09,30.6052
2003-06-10,30.8863
2003-06-11,31.2567
2003-06-12,31.3195
2003-06-13,31.0119
2003-06-16,31.6469
2003-06-17,31.6965
2003-06-18,31.6303
2003-06-19,31.1442
2003-06-20,31.1839
2003-06-23,30.736
2003-06-24,30.819
2003-06-25,30.6199
2003-06-26,30.9517
2003-06-27,30.6896
2003-06-30,30.6697
2003-07-01,30.8886
2003-07-02,31.2303
2003-07-03,31.018
2003-07-07,31.6152
2003-07-08,31.7976
2003-07-09,31.6815
2003-07-10,31.2834
2003-07-11,31.519
2003-07-14,31.7611
2003-07-15,31.6019
2003-07-16,31.4394
2003-07-17,31.0313
2003-07-18,31.3498
2003-07-21,30.8886
2003-07-22,31.1972
2003-07-23,31.2337
2003-07-24,30.9915
2003-07-25,31.5355
2003-07-28,31.5057
2003-07-29,31.3133
2003-07-30,31.3066
2003-07-31,31.3829
2003-08-01,31.0213
2003-08-04,31.101
2003-08-05,30.547
2003-08-06,30.5702
2003-08-07,30.7692
2003-08-08,30.8555
2003-08-11,31.0014
2003-08-12,31.3498
2003-08-13,31.164
2003-08-14,31.3564
2003-08-15,31.3332
2003-08-18,31.6915
2003-08-19,31.8076
2003-08-20,31.8043
2003-08-21,31.9469
2003-08-22,31.6152
2003-08-25,31.582
2003-08-26,31.6881
2003-08-27,31.7313
2003-08-28,31.9635
2003-08-29,32.1327
2003-09-02,32.6005
2003-09-03,32.6933
2003-09-04,32.7895
2003-09-05,32.6137
2003-09-08,32.9256
2003-09-09,32.6933
2003-09-10,32.2355
2003-09-11,32.4445
2003-09-12,32.5341
2003-09-15,32.3616
2003-09-16,32.8758
2003-09-17,32.7597
2003-09-18,33.1744
2003-09-19,33.0549
2003-09-22,32.6767
2003-09-23,32.8592
2003-09-24,32.2919
2003-09-25,32.0166
2003-09-26,31.801
2003-09-29,31.9874
2003-09-30,31.7943
2003-10-01,32.4302
2003-10-02,32.5766
2003-10-03,32.9329
2003-10-06,33.076
2003-10-07,33.2258
2003-10-08,33.0993
2003-10-09,33.1859
2003-10-10,33.2392
2003-10-13,33.4755
2003-10-14,33.6254
2003-10-15,33.5088
2003-10-16,33.6453
2003-10-17,33.2824
2003-10-20,33.409
2003-10-21,33.4556
2003-10-22,33.0261
2003-10-23,33.076
2003-10-24,32.8896
2003-10-27,33.0794
2003-10-28,33.5188
2003-10-29,33.6587
2003-10-30,33.5654
2003-10-31,33.7186
2003-11-03,33.925
2003-11-04,33.8251
2003-11-05,33.8851
2003-11-06,34.0282
2003-11-07,33.875
2003-11-10,33.7053
2003-11-11,33.642
2003-11-12,34.0482
2003-11-13,34.1014
2003-11-14,33.8384
2003-11-17,33.5721
2003-11-18,33.2891
2003-11-19,33.5255
2003-11-20,33.2791
2003-11-21,33.2991
2003-11-24,33.875
2003-11-25,33.9583
2003-11-26,34.1447
2003-11-28,34.2246
2003-12-01,34.5742
2003-12-02,34.4876
2003-12-03,34.3645
2003-12-04,34.491
2003-12-05,34.2013
2003-12-08,34.4843
2003-12-09,34.1214
2003-12-10,34.0249
2003-12-11,34.481
2003-12-12,34.5909
2003-12-15,34.3179
2003-12-16,34.491
2003-12-17,34.5909
2003-12-18,34.9571
2003-12-19,34.9071
2003-12-22,35.105
2003-12-23,35.2388
2003-12-24,35.2054
2003-12-26,35.2054
2003-12-29,35.64
2003-12-30,35.6935
2003-12-31,35.5932
2004-01-02,35.6166
2004-01-05,36.0144
2004-01-06,36.1381
2004-01-07,36.2418
2004-01-08,36.3755
2004-01-09,36.1415
2004-01-12,36.3086
2004-01-13,36.225
2004-01-14,36.4858
2004-01-15,36.6396
2004-01-16,36.75
2004-01-20,36.8436
2004-01-21,37.0007
2004-01-22,36.974
2004-01-23,36.9071
2004-01-26,37.2949
2004-01-27,36.9773
2004-01-28,36.5093
2004-01-29,36.5761
2004-01-30,36.5226
2004-02-02,36.5895
2004-02-03,36.5795
2004-02-04,36.2384
2004-02-05,36.3856
2004-02-06,36.8536
2004-02-09,36.8068
2004-02-10,37.0408
2004-02-11,37.3484
2004-02-12,37.2481
2004-02-13,37.0576
2004-02-17,37.4454
2004-02-18,37.2782
2004-02-19,37.0743
2004-02-20,36.9606
2004-02-23,36.7132
2004-02-24,36.7299
2004-02-25,36.9272
2004-02-26,36.9807
2004-02-27,37.0342
2004-03-01,37.3952
2004-03-02,37.2582
2004-03-03,37.2782
2004-03-04,37.4454
2004-03-05,37.5624
2004-03-08,37.218
2004-03-09,37.0241
2004-03-10,36.3621
2004-03-11,35.8974
2004-03-12,36.4056
2004-03-15,35.854
2004-03-16,36.0512
2004-03-17,36.439
2004-03-18,36.3956
2004-03-19,35.9743
2004-03-22,35.5163
2004-03-23,35.4762
2004-03-24,35.4394
2004-03-25,35.9409
2004-03-26,36.0278
2004-03-29,36.3867
2004-03-30,36.588
2004-03-31,36.6551
2004-04-01,36.8429
2004-04-02,37.1783
2004-04-05,37.4232
2004-04-06,37.3225
2004-04-07,37.1683
2004-04-08,37.1146
2004-04-12,37.232
2004-04-13,36.7322
2004-04-14,36.6115
2004-04-15,36.6282
2004-04-16,36.8026
2004-04-19,36.8463
2004-04-20,36.2592
2004-04-21,36.4941
2004-04-22,37.0743
2004-04-23,37.071
2004-04-26,36.9133
2004-04-27,36.9972
2004-04-28,36.4773
2004-04-29,36.1318
2004-04-30,35.84
2004-05-03,36.2224
2004-05-04,36.2592
2004-05-05,36.4102
2004-05-06,36.0513
2004-05-07,35.5482
2004-05-10,35.0551
2004-05-11,35.3603
2004-05-12,35.4878
2004-05-13,35.3871
2004-05-14,35.3737
2004-05-17,34.9712
2004-05-18,35.2496
2004-05-19,35.2027
2004-05-20,35.2161
2004-05-21,35.3503
2004-05-24,35.4844
2004-05-25,36.0848
2004-05-26,36.1586
2004-05-27,36.3263
2004-05-28,36.3599
2004-06-01,36.3934
2004-06-02,36.4941
2004-06-03,36.2022
2004-06-04,36.4203
2004-06-07,36.9636
2004-06-08,37.0106
2004-06-09,36.6819
2004-06-10,36.7657
2004-06-14,36.3867
2004-06-15,36.6852
2004-06-16,36.7121
2004-06-17,36.702
2004-06-18,36.7121
2004-06-21,36.6215
2004-06-22,36.7188
2004-06-23,37.0978
2004-06-24,37.0274
2004-06-25,36.9871
2004-06-28,36.7919
2004-06-29,36.9501
2004-06-30,37.0982
2004-07-01,36.7381
2004-07-02,36.6438
2004-07-06,36.3476
2004-07-07,36.3712
2004-07-08,36.0481
2004-07-09,36.1591
2004-07-12,36.149
2004-07-13,36.213
2004-07-14,36.0481
2004-07-15,35.9605
2004-07-16,35.7956
2004-07-19,35.7956
2004-07-20,36.0481
2004-07-21,35.4422
2004-07-22,35.5634
2004-07-23,35.1729
2004-07-26,35.0686
2004-07-27,35.4153
2004-07-28,35.4422
2004-07-29,35.6677
2004-07-30,35.7788
2004-08-02,35.8697
2004-08-03,35.5937
2004-08-04,35.4994
2004-08-05,34.9037
2004-08-06,34.4156
2004-08-09,34.4257
2004-08-10,34.8364
2004-08-11,34.7489
2004-08-12,34.3651
2004-08-13,34.419
2004-08-16,34.8532
2004-08-17,35.0282
2004-08-18,35.449
2004-08-19,35.3412
2004-08-20,35.6374
2004-08-23,35.5567
2004-08-24,35.4994
2004-08-25,35.8158
2004-08-26,35.799
2004-08-27,35.9303
2004-08-30,35.6745
2004-08-31,35.799
2004-09-01,35.8663
2004-09-02,36.2702
2004-09-03,36.149
2004-09-07,36.4015
2004-09-08,36.25
2004-09-09,36.3241
2004-09-10,36.5664
2004-09-13,36.6236
2004-09-14,36.7313
2004-09-15,36.5024
2004-09-16,36.6202
2004-09-17,36.7313
2004-09-20,36.5899
2004-09-21,36.8256
2004-09-22,36.3207
2004-09-23,36.1659
2004-09-24,36.2466
2004-09-27,36.0632
2004-09-28,36.2591
2004-09-29,36.3402
2004-09-30,36.401
2004-10-01,36.9888
2004-10-04,37.1104
2004-10-05,37.1003
2004-10-06,37.3266
2004-10-07,36.9888
2004-10-08,36.6814
2004-10-11,36.7692
2004-10-12,36.6881
2004-10-13,36.4179
2004-10-14,36.0936
2004-10-15,36.2895
2004-10-18,36.4483
2004-10-19,36.1274
2004-10-20,36.1375
2004-10-21,36.303
2004-10-22,35.9754
2004-10-25,35.9484
2004-10-26,36.5159
2004-10-27,36.9651
2004-10-28,36.9482
2004-10-29,37.0563
2004-11-01,37.1104
2004-11-02,37.0226
2004-11-03,37.5022
2004-11-04,38.09
2004-11-05,38.2251
2004-11-08,38.1305
2004-11-09,38.1711
2004-11-10,38.1913
2004-11-11,38.5494
2004-11-12,38.8804
2004-11-15,38.9075
2004-11-16,38.6778
2004-11-17,38.9041
2004-11-18,38.9649
2004-11-19,38.492
2004-11-22,38.7453
2004-11-23,38.7588
2004-11-24,38.9818
2004-11-26,38.9818
2004-11-29,38.8973
2004-11-30,38.8129
2004-12-01,39.3162
2004-12-02,39.2959
2004-12-03,39.3027
2004-12-06,39.279
2004-12-07,38.894
2004-12-08,39.0493
2004-12-09,39.2318
2004-12-10,39.1845
2004-12-13,39.556
2004-12-14,39.7317
2004-12-15,39.8601
2004-12-16,39.7925
2004-12-17,39.5898
2004-12-20,39.5189
2004-12-21,39.8871
2004-12-22,40.0357
2004-12-23,40.0796
2004-12-27,39.8875
2004-12-28,40.2207
2004-12-29,40.2785
2004-12-30,40.2445
2004-12-31,40.1425
2005-01-03,39.8535
2005-01-04,39.323
2005-01-05,39.051
2005-01-06,39.238
2005-01-07,39.1122
2005-01-10,39.2686
2005-01-11,39.0306
2005-01-12,39.204
2005-01-13,38.898
2005-01-14,39.0714
2005-01-18,39.4964
2005-01-19,39.1428
2005-01-20,38.9048
2005-01-21,38.7041
2005-01-24,38.4967
2005-01-25,38.5953
2005-01-26,38.8333
2005-01-27,38.8878
2005-01-28,38.7449
2005-01-31,39.1394
2005-02-01,39.3604
2005-02-02,39.5406
2005-02-03,39.3434
2005-02-04,39.8365
2005-02-07,39.8195
2005-02-08,39.8875
2005-02-09,39.5134
2005-02-10,39.6495
2005-02-11,39.9725
2005-02-14,39.9827
2005-02-15,40.1255
2005-02-16,40.1323
2005-02-17,39.8705
2005-02-18,39.8535
2005-02-22,39.2516
2005-02-23,39.459
2005-02-24,39.7583
2005-02-25,40.1562
2005-02-28,39.9555
2005-03-01,40.1834
2005-03-02,40.1493
2005-03-03,40.1935
2005-03-04,40.5982
2005-03-07,40.7002
2005-03-08,40.4418
2005-03-09,40.0745
2005-03-10,40.0031
2005-03-11,39.8739
2005-03-14,40.0711
2005-03-15,39.8603
2005-03-16,39.5169
2005-03-17,39.5645
2005-03-18,39.4794
2005-03-21,39.357
2005-03-22,39.0204
2005-03-23,38.9898
2005-03-24,38.9993
2005-03-28,39.0335
2005-03-29,38.7058
2005-03-30,39.2315
2005-03-31,39.2076
2005-04-01,39.0403
2005-04-04,39.17
2005-04-05,39.2929
2005-04-06,39.3816
2005-04-07,39.5967
2005-04-08,39.2553
2005-04-11,39.2246
2005-04-12,39.426
2005-04-13,38.9993
2005-04-14,38.5385
2005-04-15,37.9241
2005-04-18,38.0606
2005-04-19,38.3815
2005-04-20,37.8353
2005-04-21,38.5521
2005-04-22,38.2996
2005-04-25,38.675
2005-04-26,38.2586
2005-04-27,38.3986
2005-04-28,37.8899
2005-04-29,38.344
2005-05-02,38.5385
2005-05-03,38.658
2005-05-04,38.9891
2005-05-05,38.9174
2005-05-06,38.9072
2005-05-09,39.1222
2005-05-10,38.7672
2005-05-11,38.9618
2005-05-12,38.518
2005-05-13,38.3542
2005-05-16,38.7365
2005-05-17,39.0027
2005-05-18,39.4738
2005-05-19,39.6513
2005-05-20,39.5967
2005-05-23,39.8015
2005-05-24,39.8015
2005-05-25,39.6547
2005-05-26,39.88
2005-05-27,39.9415
2005-05-31,39.8322
2005-06-01,40.1633
2005-06-02,40.2248
2005-06-03,39.9927
2005-06-06,40.0575
2005-06-07,40.0848
2005-06-08,39.9927
2005-06-09,40.2009
2005-06-10,40.1497
2005-06-13,40.2419
2005-06-14,40.3784
2005-06-15,40.433
2005-06-16,40.6207
2005-06-17,40.7948
2005-06-20,40.7914
2005-06-21,40.7129
2005-06-22,40.7914
2005-06-23,40.2965
2005-06-24,39.9551
2005-06-27,39.9938
2005-06-28,40.4014
2005-06-29,40.3329
2005-06-30,40.1342
2005-07-01,40.2816
2005-07-05,40.6309
2005-07-06,40.3192
2005-07-07,40.4357
2005-07-08,40.9324
2005-07-11,41.2235
2005-07-12,41.292
2005-07-13,41.3434
2005-07-14,41.3845
2005-07-15,41.4187
2005-07-18,41.2475
2005-07-19,41.5181
2005-07-20,41.6517
2005-07-21,41.3982
2005-07-22,41.6791
2005-07-25,41.5763
2005-07-26,41.6277
2005-07-27,41.7921
2005-07-28,42.0798
2005-07-29,41.8914
2005-08-01,41.8332
2005-08-02,42.0901
2005-08-03,42.1244
2005-08-04,41.751
2005-08-05,41.429
2005-08-08,41.292
2005-08-09,41.5044
2005-08-10,41.566
2005-08-11,41.7681
2005-08-12,41.5112
2005-08-15,41.7236
2005-08-16,41.179
2005-08-17,41.1756
2005-08-18,41.131
2005-08-19,41.2749
2005-08-22,41.2372
2005-08-23,41.1824
2005-08-24,40.9118
2005-08-25,41.042
2005-08-26,40.7611
2005-08-29,41.0454
2005-08-30,40.9084
2005-08-31,41.4359
2005-09-01,41.4324
2005-09-02,41.3263
2005-09-06,41.8058
2005-09-07,41.9428
2005-09-08,41.7955
2005-09-09,42.0798
2005-09-12,42.0901
2005-09-13,41.8229
2005-09-14,41.6517
2005-09-15,41.6619
2005-09-16,41.9462
2005-09-19,41.7921
2005-09-20,41.3811
2005-09-21,40.9872
2005-09-22,41.1276
2005-09-23,41.2098
2005-09-26,41.2614
2005-09-27,41.2614
2005-09-28,41.2993
2005-09-29,41.6434
2005-09-30,41.7639
2005-10-03,41.7845
2005-10-04,41.2752
2005-10-05,40.6385
2005-10-06,40.4733
2005-10-07,40.6178
2005-10-10,40.2634
2005-10-11,40.1257
2005-10-12,39.8263
2005-10-13,39.7953
2005-10-14,40.2186
2005-10-17,40.3253
2005-10-18,39.9158
2005-10-19,40.5008
2005-10-20,39.8951
2005-10-21,40.0568
2005-10-24,40.7555
2005-10-25,40.6557
2005-10-26,40.5043
2005-10-27,39.9708
2005-10-28,40.5972
2005-10-31,40.7831
2005-11-01,40.8588
2005-11-02,41.3509
2005-11-03,41.5023
2005-11-04,41.4989
2005-11-07,41.5299
2005-11-08,41.5058
2005-11-09,41.6056
2005-11-10,41.8534
2005-11-11,42.0392
2005-11-14,41.9532
2005-11-15,41.788
2005-11-16,41.8671
2005-11-17,42.2595
2005-11-18,42.5314
2005-11-21,42.7207
2005-11-22,42.9582
2005-11-23,43.1577
2005-11-25,43.2163
2005-11-28,42.8273
2005-11-29,42.8342
2005-11-30,42.6656
2005-12-01,43.1991
2005-12-02,43.2128
2005-12-05,43.1165
2005-12-06,43.1096
2005-12-07,42.9272
2005-12-08,42.934
2005-12-09,43.0339
2005-12-12,43.1061
2005-12-13,43.3505
2005-12-14,43.4365
2005-12-15,43.3264
2005-12-16,43.2747
2005-12-19,42.91
2005-12-20,42.9444
2005-12-21,43.0992
2005-12-22,43.2989
2005-12-23,43.3264
2005-12-27,42.9292
2005-12-28,42.9915
2005-12-29,42.8323
2005-12-30,42.6731
2006-01-03,43.3029
2006-01-04,43.6177
2006-01-05,43.59
2006-01-06,44.0191
2006-01-09,44.1817
2006-01-10,44.244
2006-01-11,44.3686
2006-01-12,44.116
2006-01-13,44.1644
2006-01-17,44.0087
2006-01-18,43.8738
2006-01-19,44.1125
2006-01-20,43.3375
2006-01-23,43.4655
2006-01-24,43.597
2006-01-25,43.5001
2006-01-26,43.8703
2006-01-27,44.2198
2006-01-30,44.2648
2006-01-31,44.0468
2006-02-01,44.2163
2006-02-02,43.8219
2006-02-03,43.6073
2006-02-06,43.7111
2006-02-07,43.2855
2006-02-08,43.597
2006-02-09,43.5139
2006-02-10,43.6039
2006-02-13,43.4067
2006-02-14,43.8184
2006-02-15,43.9845
2006-02-16,44.3271
2006-02-17,44.2751
2006-02-21,44.1506
2006-02-22,44.4966
2006-02-23,44.3858
2006-02-24,44.4551
2006-02-27,44.5831
2006-02-28,44.1437
2006-03-01,44.5312
2006-03-02,44.5
2006-03-03,44.4274
2006-03-06,44.1021
2006-03-07,43.9222
2006-03-08,44.0468
2006-03-09,43.8115
2006-03-10,44.154
2006-03-13,44.2613
2006-03-14,44.718
2006-03-15,44.9187
2006-03-16,45.0156
2006-03-17,45.0502
2006-03-20,44.955
2006-03-21,44.7049
2006-03-22,44.9759
2006-03-23,44.9654
2006-03-24,45.0245
2006-03-27,44.9932
2006-03-28,44.7292
2006-03-29,45.1461
2006-03-30,45.0245
2006-03-31,45.0488
2006-04-03,45.0002
2006-04-04,45.2607
2006-04-05,45.4275
2006-04-06,45.4067
2006-04-07,44.9203
2006-04-10,44.9793
2006-04-11,44.5729
2006-04-12,44.6632
2006-04-13,44.6528
2006-04-17,44.5833
2006-04-18,45.3511
2006-04-19,45.4865
2006-04-20,45.5491
2006-04-21,45.5282
2006-04-24,45.3962
2006-04-25,45.2503
2006-04-26,45.2607
2006-04-27,45.3927
2006-04-28,45.4796
2006-05-01,45.2607
2006-05-02,45.5282
2006-05-03,45.3962
2006-05-04,45.6081
2006-05-05,45.9972
2006-05-08,46.0389
2006-05-09,46.0355
2006-05-10,45.9729
2006-05-11,45.3788
2006-05-12,44.7709
2006-05-15,44.8195
2006-05-16,44.6771
2006-05-17,43.8607
2006-05-18,43.6557
2006-05-19,43.9024
2006-05-22,43.6418
2006-05-23,43.3013
2006-05-24,43.4507
2006-05-25,44.0517
2006-05-26,44.3019
2006-05-30,43.4994
2006-05-31,44.0135
2006-06-01,44.5729
2006-06-02,44.6597
2006-06-05,43.9093
2006-06-06,43.7113
2006-06-07,43.4264
2006-06-08,43.3847
2006-06-09,43.218
2006-06-12,42.6517
2006-06-13,42.1444
2006-06-14,42.412
2006-06-15,43.3917
2006-06-16,43.1658
2006-06-19,42.7316
2006-06-20,42.742
2006-06-21,43.218
2006-06-22,42.9817
2006-06-23,43.0477
2006-06-26,43.2588
2006-06-27,42.8471
2006-06-28,43.1507
2006-06-29,44.0927
2006-06-30,44.0718
2006-07-03,44.4102
2006-07-05,44.0474
2006-07-06,44.1904
2006-07-07,43.8241
2006-07-10,43.8764
2006-07-11,44.0369
2006-07-12,43.5659
2006-07-13,42.9169
2006-07-14,42.6657
2006-07-17,42.5924
2006-07-18,42.7354
2006-07-19,43.4402
2006-07-20,42.9971
2006-07-21,42.6552
2006-07-24,43.4856
2006-07-25,43.6322
2006-07-26,43.7508
2006-07-27,43.6391
2006-07-28,44.0229
2006-07-31,44.0194
2006-08-01,43.7927
2006-08-02,44.0683
2006-08-03,44.166
2006-08-04,44.1451
2006-08-07,43.9985
2006-08-08,43.7961
2006-08-09,43.5728
2006-08-10,43.7403
2006-08-11,43.6042
2006-08-14,43.6845
2006-08-15,44.2428
2006-08-16,44.6754
2006-08-17,44.7766
2006-08-18,44.9546
2006-08-21,44.7836
2006-08-22,44.7975
2006-08-23,44.5812
2006-08-24,44.5777
2006-08-25,44.5952
2006-08-28,44.8534
2006-08-29,44.9406
2006-08-30,45.0383
2006-08-31,45.0313
2006-09-01,45.293
2006-09-05,45.3837
2006-09-06,44.8987
2006-09-07,44.7313
2006-09-08,44.822
2006-09-11,44.8359
2006-09-12,45.3453
2006-09-13,45.5861
2006-09-14,45.4884
2006-09-15,45.5965
2006-09-18,45.6314
2006-09-19,45.5128
2006-09-20,45.785
2006-09-21,45.4989
2006-09-22,45.3837
2006-09-25,45.7723
2006-09-26,46.0911
2006-09-27,46.1471
2006-09-28,46.1927
2006-09-29,46.049
2006-10-02,45.9194
2006-10-03,45.9895
2006-10-04,46.4764
2006-10-05,46.7007
2006-10-06,46.6096
2006-10-09,46.6551
2006-10-10,46.7602
2006-10-11,46.6761
2006-10-12,47.1421
2006-10-13,47.3068
2006-10-16,47.4364
2006-10-17,47.2507
2006-10-18,47.3173
2006-10-19,47.3698
2006-10-20,47.3558
2006-10-23,47.559
2006-10-24,47.6746
2006-10-25,47.8322
2006-10-26,48.0845
2006-10-27,47.7166
2006-10-30,47.7342
2006-10-31,47.6746
2006-11-01,47.2892
2006-11-02,47.2612
2006-11-03,47.2542
2006-11-06,47.7797
2006-11-07,47.9444
2006-11-08,48.067
2006-11-09,47.8042
2006-11-10,47.9128
2006-11-13,48.0215
2006-11-14,48.3963
2006-11-15,48.5785
2006-11-16,48.6836
2006-11-17,48.6591
2006-11-20,48.6871
2006-11-21,48.8132
2006-11-22,48.9499
2006-11-24,48.8062
2006-11-27,48.032
2006-11-28,48.2141
2006-11-29,48.7081
2006-11-30,48.7852
2006-12-01,48.6486
2006-12-04,49.125
2006-12-05,49.3037
2006-12-06,49.2757
2006-12-07,49.055
2006-12-08,49.139
2006-12-11,49.2441
2006-12-12,49.1671
2006-12-13,49.2512
2006-12-14,49.626
2006-12-15,49.64
2006-12-18,49.4368
2006-12-19,49.5069
2006-12-20,49.4859
2006-12-21,49.2932
2006-12-22,49.0157
2006-12-26,49.3009
2006-12-27,49.639
2006-12-28,49.5686
2006-12-29,49.3714
2007-01-03,49.2798
2007-01-04,49.3784
2007-01-05,48.9876
2007-01-08,49.1672
2007-01-09,49.1672
2007-01-10,49.2763
2007-01-11,49.6495
2007-01-12,49.977
2007-01-16,49.8819
2007-01-17,49.9172
2007-01-18,49.6495
2007-01-19,49.8432
2007-01-22,49.646
2007-01-23,49.7869
2007-01-24,50.227
2007-01-25,49.6636
2007-01-26,49.6319
2007-01-29,49.6425
2007-01-30,49.9277
2007-01-31,50.2904
2007-02-01,50.5792
2007-02-02,50.6425
2007-02-05,50.7024
2007-02-06,50.7059
2007-02-07,50.8714
2007-02-08,50.808
2007-02-09,50.4242
2007-02-12,50.2446
2007-02-13,50.6707
2007-02-14,51.0088
2007-02-15,51.0193
2007-02-16,51.0545
2007-02-20,51.2059
2007-02-21,51.2271
2007-02-22,51.2095
2007-02-23,51.0439
2007-02-26,50.9771
2007-02-27,49.0862
2007-02-28,49.4735
2007-03-01,49.3326
2007-03-02,48.6284
2007-03-05,48.065
2007-03-06,48.8749
2007-03-07,48.8361
2007-03-08,49.2446
2007-03-09,49.2622
2007-03-12,49.3925
2007-03-13,48.5051
2007-03-14,48.7516
2007-03-15,48.9453
2007-03-16,48.734
2007-03-19,49.2904
2007-03-20,49.6143
2007-03-21,50.4066
2007-03-22,50.4348
2007-03-23,50.5334
2007-03-26,50.4489
2007-03-27,50.2473
2007-03-28,49.9184
2007-03-29,50.0563
2007-03-30,50.028
2007-04-02,50.1518
2007-04-03,50.608
2007-04-04,50.661
2007-04-05,50.8025
2007-04-09,50.8626
2007-04-10,51.0041
2007-04-11,50.6787
2007-04-12,51.0112
2007-04-13,51.1809
2007-04-16,51.6972
2007-04-17,51.7785
2007-04-18,51.8245
2007-04-19,51.729
2007-04-20,52.1887
2007-04-23,52.0862
2007-04-24,52.0791
2007-04-25,52.5424
2007-04-26,52.56
2007-04-27,52.5035
2007-04-30,52.0402
2007-05-01,52.1569
2007-05-02,52.5424
2007-05-03,52.7757
2007-05-04,52.9314
2007-05-07,53.0162
2007-05-08,52.9632
2007-05-09,53.1506
2007-05-10,52.4822
2007-05-11,52.9738
2007-05-14,52.8146
2007-05-15,52.6732
2007-05-16,53.1258
2007-05-17,52.9986
2007-05-18,53.3946
2007-05-21,53.5467
2007-05-22,53.5396
2007-05-23,53.5113
2007-05-24,52.9632
2007-05-25,53.2213
2007-05-29,53.4335
2007-05-30,53.8932
2007-05-31,53.9781
2007-06-01,54.1973
2007-06-04,54.2857
2007-06-05,54.0099
2007-06-06,53.4583
2007-06-07,52.4044
2007-06-08,53.1223
2007-06-11,53.186
2007-06-12,52.5317
2007-06-13,53.3522
2007-06-14,53.7341
2007-06-15,54.0205
2007-06-18,53.9357
2007-06-19,54.0842
2007-06-20,53.3734
2007-06-21,53.6386
2007-06-22,53.186
2007-06-25,52.81
2007-06-26,52.3805
2007-06-27,53.1543
2007-06-28,53.1473
2007-06-29,53.0266
2007-07-02,53.6407
2007-07-03,53.8714
2007-07-05,53.843
2007-07-06,54.1412
2007-07-09,54.1128
2007-07-10,53.3709
2007-07-11,53.7614
2007-07-12,54.5743
2007-07-13,54.7376
2007-07-16,54.6985
2007-07-17,54.6666
2007-07-18,54.5423
2007-07-19,54.6737
2007-07-20,54.1838
2007-07-23,54.2903
2007-07-24,53.339
2007-07-25,53.3496
2007-07-26,52.0859
2007-07-27,51.1061
2007-07-30,51.8622
2007-07-31,51.1523
2007-08-01,51.454
2007-08-02,51.8907
2007-08-03,50.5417
2007-08-06,51.3937
2007-08-07,51.7806
2007-08-08,52.5616
2007-08-09,51.1345
2007-08-10,51.0174
2007-08-13,51.1168
2007-08-14,50.2258
2007-08-15,49.5549
2007-08-16,49.8744
2007-08-17,50.7831
2007-08-20,50.8896
2007-08-21,50.8967
2007-08-22,51.6067
2007-08-23,51.525
2007-08-24,52.1285
2007-08-27,51.5854
2007-08-28,50.5276
2007-08-29,51.5321
2007-08-30,51.3972
2007-08-31,51.9049
2007-09-04,52.5083
2007-09-05,52.0468
2007-09-06,52.203
2007-09-07,51.4469
2007-09-10,51.2268
2007-09-11,51.8977
2007-09-12,52.0752
2007-09-13,52.2705
2007-09-14,52.3166
2007-09-17,52.0397
2007-09-18,53.4916
2007-09-19,53.8785
2007-09-20,53.5519
2007-09-21,53.6797
2007-09-24,53.5271
2007-09-25,53.4024
2007-09-26,53.7945
2007-09-27,54.0904
2007-09-28,53.9015
2007-10-01,54.5966
2007-10-02,54.5075
2007-10-03,54.422
2007-10-04,54.5253
2007-10-05,55.1171
2007-10-08,55.0458
2007-10-09,55.4308
2007-10-10,55.3239
2007-10-11,55.0101
2007-10-12,55.2846
2007-10-15,54.8533
2007-10-16,54.4647
2007-10-17,54.5039
2007-10-18,54.5182
2007-10-19,53.1172
2007-10-22,53.3774
2007-10-23,53.7589
2007-10-24,53.7232
2007-10-25,53.6876
2007-10-26,54.3328
2007-10-29,54.5503
2007-10-30,54.1617
2007-10-31,54.8676
2007-11-01,53.4773
2007-11-02,53.4666
2007-11-05,53.0459
2007-11-06,53.7803
2007-11-07,52.2973
2007-11-08,52.2295
2007-11-09,51.5415
2007-11-12,50.8713
2007-11-13,52.3578
2007-11-14,52.176
2007-11-15,51.4239
2007-11-16,51.627
2007-11-19,50.7822
2007-11-20,50.9782
2007-11-21,50.087
2007-11-23,50.8356
2007-11-26,49.841
2007-11-27,50.4506
2007-11-28,51.9942
2007-11-29,52.0192
2007-11-30,52.3864
2007-12-03,52.0691
2007-12-04,51.734
2007-12-05,52.5076
2007-12-06,53.2669
2007-12-07,53.3311
2007-12-10,53.7874
2007-12-11,52.3222
2007-12-12,52.6538
2007-12-13,52.6609
2007-12-14,51.9408
2007-12-17,51.1458
2007-12-18,51.513
2007-12-19,51.4595
2007-12-20,51.8183
2007-12-21,52.6175
2007-12-24,53.1085
2007-12-26,53.1515
2007-12-27,52.4849
2007-12-28,52.2842
2007-12-31,52.0226
2008-01-02,51.4061
2008-01-03,51.3452
2008-01-04,49.9725
2008-01-07,49.9976
2008-01-08,49.1016
2008-01-09,49.6213
2008-01-10,49.9474
2008-01-11,49.4779
2008-01-14,49.9546
2008-01-15,48.7432
2008-01-16,48.4492
2008-01-17,47.116
2008-01-18,46.797
2008-01-22,46.2773
2008-01-23,47.4887
2008-01-24,47.7934
2008-01-25,47.0981
2008-01-28,48.0837
2008-01-29,48.2808
2008-01-30,47.8436
2008-01-31,48.8148
2008-02-01,49.6033
2008-02-04,49.0155
2008-02-05,47.6249
2008-02-06,47.2629
2008-02-07,47.6966
2008-02-08,47.4171
2008-02-11,47.693
2008-02-12,48.1339
2008-02-13,48.6822
2008-02-14,48.0514
2008-02-15,48.0622
2008-02-19,48.2163
2008-02-20,48.4421
2008-02-21,47.9009
2008-02-22,48.1231
2008-02-25,48.9295
2008-02-26,49.2449
2008-02-27,49.1661
2008-02-28,48.6715
2008-02-29,47.5963
2008-03-03,47.4278
2008-03-04,47.2773
2008-03-05,47.5425
2008-03-06,46.5569
2008-03-07,46.0551
2008-03-10,45.3526
2008-03-11,46.9583
2008-03-12,46.5103
2008-03-13,46.8114
2008-03-14,45.9512
2008-03-17,45.4207
2008-03-18,47.3095
2008-03-19,46.0444
2008-03-20,47.0085
2008-03-24,48.0263
2008-03-25,48.0958
2008-03-26,47.5305
2008-03-27,47.3541
2008-03-28,46.9328
2008-03-31,47.1704
2008-04-01,48.78
2008-04-02,48.8124
2008-04-03,48.87
2008-04-04,48.888
2008-04-07,48.9132
2008-04-08,48.8232
2008-04-09,48.3839
2008-04-10,48.6287
2008-04-11,47.6349
2008-04-14,47.4729
2008-04-15,47.6997
2008-04-16,48.8808
2008-04-17,48.942
2008-04-18,49.6154
2008-04-21,49.511
2008-04-22,49.0969
2008-04-23,49.2481
2008-04-24,49.5218
2008-04-25,49.9034
2008-04-28,49.8818
2008-04-29,49.673
2008-04-30,49.475
2008-05-01,50.3463
2008-05-02,50.4904
2008-05-05,50.2311
2008-05-06,50.6596
2008-05-07,49.9466
2008-05-08,49.8458
2008-05-09,49.817
2008-05-12,50.3319
2008-05-13,50.3895
2008-05-14,50.548
2008-05-15,51.0845
2008-05-16,51.1745
2008-05-19,51.2537
2008-05-20,50.8324
2008-05-21,49.9791
2008-05-22,50.1483
2008-05-23,49.4245
2008-05-27,49.8566
2008-05-28,50.1555
2008-05-29,50.3751
2008-05-30,50.4723
2008-06-02,50.0691
2008-06-03,49.799
2008-06-04,49.8891
2008-06-05,50.8613
2008-06-06,49.3273
2008-06-09,49.3669
2008-06-10,49.1185
2008-06-11,48.3767
2008-06-12,48.5207
2008-06-13,49.2409
2008-06-16,49.3237
2008-06-17,48.9708
2008-06-18,48.6107
2008-06-19,48.7548
2008-06-20,47.9626
2008-06-23,47.8186
2008-06-24,47.582
2008-06-25,47.922
2008-06-26,46.5328
2008-06-27,46.4677
2008-06-30,46.3736
2008-07-01,46.5907
2008-07-02,45.6356
2008-07-03,45.5921
2008-07-07,45.1508
2008-07-08,45.9829
2008-07-09,45.0495
2008-07-10,45.3317
2008-07-11,44.9337
2008-07-14,44.4923
2008-07-15,43.9207
2008-07-16,44.9337
2008-07-17,45.404
2008-07-18,45.6573
2008-07-21,45.7803
2008-07-22,46.3881
2008-07-23,46.6124
2008-07-24,45.5198
2008-07-25,45.6573
2008-07-28,45.0422
2008-07-29,45.9974
2008-07-30,46.6124
2008-07-31,46.0842
2008-08-01,45.8816
2008-08-04,45.4981
2008-08-05,46.663
2008-08-06,46.7209
2008-08-07,46.0552
2008-08-08,47.0321
2008-08-11,47.5024
2008-08-12,46.9814
2008-08-13,46.8729
2008-08-14,47.1189
2008-08-15,47.3938
2008-08-18,46.6992
2008-08-19,46.2072
2008-08-20,46.3736
2008-08-21,46.4966
2008-08-22,47.1478
2008-08-25,46.1565
2008-08-26,46.3085
2008-08-27,46.6196
2008-08-28,47.3794
2008-08-29,46.7571
2008-09-02,46.5617
2008-09-03,46.4749
2008-09-04,45.0495
2008-09-05,45.3172
2008-09-08,46.1059
2008-09-09,44.5068
2008-09-10,44.8035
2008-09-11,45.433
2008-09-12,45.8816
2008-09-15,43.776
2008-09-16,44.3404
2008-09-17,42.3578
2008-09-18,43.776
2008-09-19,45.8888
2008-09-22,44.3042
2008-09-23,43.5517
2008-09-24,43.5124
2008-09-25,44.2905
2008-09-26,44.2541
2008-09-29,41.3383
2008-09-30,42.4362
2008-10-01,42.3853
2008-10-02,40.4802
2008-10-03,39.8621
2008-10-06,38.4733
2008-10-07,36.1246
2008-10-08,35.4338
2008-10-09,33.2088
2008-10-10,32.2489
2008-10-13,36.3864
2008-10-14,36.0737
2008-10-15,32.6997
2008-10-16,34.2049
2008-10-17,33.885
2008-10-20,35.6229
2008-10-21,34.5467
2008-10-22,32.6198
2008-10-23,33.027
2008-10-24,31.4418
2008-10-27,30.4238
2008-10-28,33.4778
2008-10-29,33.1433
2008-10-30,34.2631
2008-10-31,35.0193
2008-11-03,34.903
2008-11-04,36.161
2008-11-05,34.3722
2008-11-06,32.6852
2008-11-07,33.5287
2008-11-10,33.1578
2008-11-11,32.4016
2008-11-12,30.7437
2008-11-13,32.7725
2008-11-14,31.3764
2008-11-17,30.5547
2008-11-18,30.8383
2008-11-19,28.9695
2008-11-20,27.0353
2008-11-21,28.5696
2008-11-24,30.2711
2008-11-25,30.6928
2008-11-26,31.8272
2008-11-28,32.2126
2008-12-01,29.3331
2008-12-02,30.4892
2008-12-03,31.2746
2008-12-04,30.3438
2008-12-05,31.42
2008-12-08,32.6198
2008-12-09,32.0235
2008-12-10,32.3871
2008-12-11,31.4782
2008-12-12,31.7908
2008-12-15,31.2673
2008-12-16,32.9106
2008-12-17,32.6707
2008-12-18,32.1035
2008-12-19,32.0744
2008-12-22,31.6238
2008-12-23,31.2867
2008-12-24,31.4113
2008-12-26,31.741
2008-12-29,31.4992
2008-12-30,32.3272
2008-12-31,32.7815
2009-01-02,33.7267
2009-01-05,33.7193
2009-01-06,33.9978
2009-01-07,33.0452
2009-01-08,33.1918
2009-01-09,32.3785
2009-01-12,31.6677
2009-01-13,31.7117
2009-01-14,30.6786
2009-01-15,30.7885
2009-01-16,31.0156
2009-01-20,29.4037
2009-01-21,30.6053
2009-01-22,30.0778
2009-01-23,30.261
2009-01-26,30.4295
2009-01-27,30.7885
2009-01-28,31.8509
2009-01-29,30.8032
2009-01-30,30.1437
2009-02-02,30.0924
2009-02-03,30.5174
2009-02-04,30.3562
2009-02-05,30.8398
2009-02-06,31.7264
2009-02-09,31.7337
2009-02-10,30.2829
2009-02-11,30.4661
2009-02-12,30.5467
2009-02-13,30.239
2009-02-17,28.9347
2009-02-18,28.8395
2009-02-19,28.5317
2009-02-20,28.1947
2009-02-23,27.2349
2009-02-24,28.224
2009-02-25,28.0042
2009-02-26,27.4913
2009-02-27,26.9711
2009-03-02,25.7181
2009-03-03,25.4983
2009-03-04,26.0552
2009-03-05,25.0001
2009-03-06,24.9928
2009-03-09,24.6923
2009-03-10,26.2677
2009-03-11,26.3629
2009-03-12,27.4473
2009-03-13,27.7404
2009-03-16,27.5866
2009-03-17,28.4585
2009-03-18,29.0666
2009-03-19,28.7735
2009-03-20,28.1654
2009-03-23,30.1217
2009-03-24,29.5209
2009-03-25,29.8293
2009-03-26,30.5745
2009-03-27,29.999
2009-03-30,28.9439
2009-03-31,29.2022
2009-04-01,29.785
2009-04-02,30.6778
2009-04-03,31.0614
2009-04-06,30.7589
2009-04-07,29.9769
2009-04-08,30.3974
2009-04-09,31.6296
2009-04-13,31.6738
2009-04-14,31.0836
2009-04-15,31.4156
2009-04-16,31.9542
2009-04-17,32.1681
2009-04-20,30.8032
2009-04-21,31.4156
2009-04-22,31.2828
2009-04-23,31.5041
2009-04-24,32.0575
2009-04-27,31.7255
2009-04-28,31.6664
2009-04-29,32.419
2009-04-30,32.4116
2009-05-01,32.5961
2009-05-04,33.7101
2009-05-05,33.5921
2009-05-06,34.1159
2009-05-07,33.5847
2009-05-08,34.3447
2009-05-11,33.7544
2009-05-12,33.6659
2009-05-13,32.7067
2009-05-14,33.0388
2009-05-15,32.692
2009-05-18,33.6954
2009-05-19,33.7028
2009-05-20,33.5109
2009-05-21,32.906
2009-05-22,32.9281
2009-05-26,33.8134
2009-05-27,33.2453
2009-05-28,33.6585
2009-05-29,34.1823
2009-06-01,35.0308
2009-06-02,35.171
2009-06-03,34.7431
2009-06-04,35.0898
2009-06-05,35.0234
2009-06-08,34.9275
2009-06-09,35.112
2009-06-10,35.0234
2009-06-11,35.23
2009-06-12,35.2595
2009-06-15,34.4406
2009-06-16,33.961
2009-06-17,33.9167
2009-06-18,34.1012
2009-06-19,34.2266
2009-06-22,33.2379
2009-06-23,33.2379
2009-06-24,33.4997
2009-06-25,34.2782
2009-06-26,34.2115
2009-06-29,34.5377
2009-06-30,34.3079
2009-07-01,34.5081
2009-07-02,33.6035
2009-07-06,33.4775
2009-07-07,32.7879
2009-07-08,32.7434
2009-07-09,32.8101
2009-07-10,32.7286
2009-07-13,33.4849
2009-07-14,33.7221
2009-07-15,34.7305
2009-07-16,35.0716
2009-07-17,35.0865
2009-07-20,35.4794
2009-07-21,35.6351
2009-07-22,35.6574
2009-07-23,36.5027
2009-07-24,36.6213
2009-07-27,36.777
2009-07-28,36.688
2009-07-29,36.5101
2009-07-30,36.903
2009-07-31,36.9624
2009-08-03,37.5852
2009-08-04,37.7261
2009-08-05,37.6371
2009-08-06,37.3776
2009-08-07,37.904
2009-08-10,37.8151
2009-08-11,37.3257
2009-08-12,37.7335
2009-08-13,38.0672
2009-08-14,37.7187
2009-08-17,36.7399
2009-08-18,37.1255
2009-08-19,37.4443
2009-08-20,37.8002
2009-08-21,38.5046
2009-08-24,38.5565
2009-08-25,38.6307
2009-08-26,38.601
2009-08-27,38.7345
2009-08-28,38.7048
2009-08-31,38.3341
2009-09-01,37.4888
2009-09-02,37.3331
2009-09-03,37.6742
2009-09-04,38.1561
2009-09-08,38.5417
2009-09-09,38.9273
2009-09-10,39.3276
2009-09-11,39.3573
2009-09-14,39.5649
2009-09-15,39.7577
2009-09-16,40.3805
2009-09-17,40.3064
2009-09-18,40.3657
2009-09-21,40.2545
2009-09-22,40.4918
2009-09-23,40.0765
2009-09-24,39.6505
2009-09-25,39.3972
2009-09-28,40.1347
2009-09-29,40.0676
2009-09-30,39.9186
2009-10-01,38.8609
2009-10-02,38.63
2009-10-05,39.2259
2009-10-06,39.8069
2009-10-07,39.8963
2009-10-08,40.2464
2009-10-09,40.522
2009-10-12,40.671
2009-10-13,40.5592
2009-10-14,41.2818
2009-10-15,41.4233
2009-10-16,41.1179
2009-10-19,41.4531
2009-10-20,41.1999
2009-10-21,40.7976
2009-10-22,41.2371
2009-10-23,40.7082
2009-10-26,40.2464
2009-10-27,40.0304
2009-10-28,39.1589
2009-10-29,39.9484
2009-10-30,38.8683
2009-11-02,39.0844
2009-11-03,39.2631
2009-11-04,39.3302
2009-11-05,40.0825
2009-11-06,40.1868
2009-11-09,41.0881
2009-11-10,41.103
2009-11-11,41.3116
2009-11-12,40.8497
2009-11-13,41.0881
2009-11-16,41.7064
2009-11-17,41.7511
2009-11-18,41.7212
2009-11-19,41.1254
2009-11-20,40.9987
2009-11-23,41.4829
2009-11-24,41.5127
2009-11-25,41.6766
2009-11-27,40.9764
2009-11-30,41.0807
2009-12-01,41.5872
2009-12-02,41.7064
2009-12-03,41.3339
2009-12-04,41.6393
2009-12-07,41.5872
2009-12-08,41.1552
2009-12-09,41.2892
2009-12-10,41.4978
2009-12-11,41.7064
2009-12-14,42.0192
2009-12-15,41.8404
2009-12-16,41.9447
2009-12-17,41.4754
2009-12-18,41.7287
2009-12-21,42.1384
2009-12-22,42.3543
2009-12-23,42.4967
2009-12-24,42.7141
2009-12-28,42.7666
2009-12-29,42.6916
2009-12-30,42.6766
2009-12-31,42.2568
2010-01-04,42.9615
2010-01-05,43.1264
2010-01-06,43.1864
2010-01-07,43.3663
2010-01-08,43.5087
2010-01-11,43.5687
2010-01-12,43.1189
2010-01-13,43.5237
2010-01-14,43.5987
2010-01-15,43.1039
2010-01-19,43.6737
2010-01-20,43.2689
2010-01-21,42.4742
2010-01-22,41.5372
2010-01-25,41.7171
2010-01-26,41.5297
2010-01-27,41.7321
2010-01-28,41.2374
2010-01-29,40.7501
2010-02-01,41.3723
2010-02-02,41.9045
2010-02-03,41.6946
2010-02-04,40.3978
2010-02-05,40.4652
2010-02-08,40.1504
2010-02-09,40.6826
2010-02-10,40.6227
2010-02-11,41.0574
2010-02-12,41.0574
2010-02-16,41.7471
2010-02-17,41.9795
2010-02-18,42.2194
2010-02-19,42.3693
2010-02-22,42.3018
2010-02-23,41.7921
2010-02-24,42.1669
2010-02-25,42.1519
2010-02-26,42.1519
2010-03-01,42.6542
2010-03-02,42.7891
2010-03-03,42.8416
2010-03-04,42.954
2010-03-05,43.6362
2010-03-08,43.6437
2010-03-09,43.7336
2010-03-10,43.966
2010-03-11,44.1309
2010-03-12,44.1309
2010-03-15,44.1159
2010-03-16,44.4758
2010-03-17,44.7606
2010-03-18,44.7081
2010-03-19,44.4158
2010-03-22,44.7306
2010-03-23,45.0455
2010-03-24,44.7831
2010-03-25,44.7049
2010-03-26,44.6973
2010-03-29,44.9607
2010-03-30,44.9833
2010-03-31,44.8478
2010-04-01,45.1715
2010-04-05,45.608
2010-04-06,45.7359
2010-04-07,45.4951
2010-04-08,45.6004
2010-04-09,45.909
2010-04-12,46.0144
2010-04-13,46.0595
2010-04-14,46.624
2010-04-15,46.6842
2010-04-16,45.9542
2010-04-19,46.0746
2010-04-20,46.5111
2010-04-21,46.4735
2010-04-22,46.6993
2010-04-23,47.0154
2010-04-26,46.8498
2010-04-27,45.7209
2010-04-28,46.0219
2010-04-29,46.624
2010-04-30,45.8262
2010-05-03,46.4434
2010-05-04,45.3145
2010-05-05,44.9457
2010-05-06,43.4329
2010-05-07,42.6126
2010-05-10,44.5694
2010-05-11,44.5317
2010-05-12,45.2467
2010-05-13,44.7049
2010-05-14,43.8995
2010-05-17,43.9297
2010-05-18,43.305
2010-05-19,42.9964
2010-05-20,41.3256
2010-05-21,41.9277
2010-05-24,41.4009
2010-05-25,41.4009
2010-05-26,41.2278
2010-05-27,42.6728
2010-05-28,42.2137
2010-06-01,41.3407
2010-06-02,42.4169
2010-06-03,42.6427
2010-06-04,41.145
2010-06-07,40.4752
2010-06-08,40.8214
2010-06-09,40.6332
2010-06-10,41.8826
2010-06-11,42.1385
2010-06-14,42.146
2010-06-15,43.0943
2010-06-16,43.0491
2010-06-17,43.1244
2010-06-18,43.1545
2010-06-21,42.9889
2010-06-22,42.2513
2010-06-23,42.0858
2010-06-24,41.4195
2010-06-25,41.6313
2010-06-28,41.4951
2010-06-29,40.1868
2010-06-30,39.7482
2010-07-01,39.5743
2010-07-02,39.3852
2010-07-06,39.5062
2010-07-07,40.7918
2010-07-08,41.1926
2010-07-09,41.5103
2010-07-12,41.5254
2010-07-13,42.206
2010-07-14,42.1985
2010-07-15,42.2363
2010-07-16,41.0111
2010-07-19,41.2456
2010-07-20,41.722
2010-07-21,41.2002
2010-07-22,42.1153
2010-07-23,42.5463
2010-07-26,43.0681
2010-07-27,43.0152
2010-07-28,42.7127
2010-07-29,42.4934
2010-07-30,42.5388
2010-08-02,43.4538
2010-08-03,43.2194
2010-08-04,43.5597
2010-08-05,43.4689
2010-08-06,43.3101
2010-08-09,43.537
2010-08-10,43.2648
2010-08-11,41.9867
2010-08-12,41.7523
2010-08-13,41.5935
2010-08-16,41.5556
2010-08-17,42.1455
2010-08-18,42.2438
2010-08-19,41.5027
2010-08-20,41.359
2010-08-23,41.1397
2010-08-24,40.5498
2010-08-25,40.6784
2010-08-26,40.4288
2010-08-27,41.1246
2010-08-30,40.5271
2010-08-31,40.5347
2010-09-01,41.722
2010-09-02,42.1606
2010-09-03,42.7203
2010-09-07,42.259
2010-09-08,42.4783
2010-09-09,42.69
2010-09-10,42.8715
2010-09-13,43.416
2010-09-14,43.4085
2010-09-15,43.5522
2010-09-16,43.537
2010-09-17,43.5597
2010-09-20,44.2781
2010-09-21,44.1722
2010-09-22,43.9378
2010-09-23,43.5597
2010-09-24,44.4848
2010-09-27,44.2948
2010-09-28,44.5456
2010-09-29,44.4696
2010-09-30,44.3708
2010-10-01,44.5684
2010-10-04,44.1731
2010-10-05,45.0929
2010-10-06,45.0473
2010-10-07,44.9865
2010-10-08,45.2906
2010-10-11,45.359
2010-10-12,45.5186
2010-10-13,45.8759
2010-10-14,45.7543
2010-10-15,45.7923
2010-10-18,46.0432
2010-10-19,45.3742
2010-10-20,45.8303
2010-10-21,45.9063
2010-10-22,46.0432
2010-10-25,46.1952
2010-10-26,46.1876
2010-10-27,46.0963
2010-10-28,46.0963
2010-10-29,46.1572
2010-11-01,46.1648
2010-11-02,46.5296
2010-11-03,46.7197
2010-11-04,47.6319
2010-11-05,47.8447
2010-11-08,47.7839
2010-11-09,47.4114
2010-11-10,47.6167
2010-11-11,47.4875
2010-11-12,46.8869
2010-11-15,46.8185
2010-11-16,46.0736
2010-11-17,46.1496
2010-11-18,46.7957
2010-11-19,46.9858
2010-11-22,46.9933
2010-11-23,46.3244
2010-11-24,47.0694
2010-11-26,46.7501
2010-11-29,46.6817
2010-11-30,46.3928
2010-12-01,47.3886
2010-12-02,47.9968
2010-12-03,48.1488
2010-12-06,48.1336
2010-12-07,48.1868
2010-12-08,48.3236
2010-12-09,48.4985
2010-12-10,48.8101
2010-12-13,48.8254
2010-12-14,48.8406
2010-12-15,48.6277
2010-12-16,48.9166
2010-12-17,49.0078
2010-12-20,49.137
2010-12-21,49.4335
2010-12-22,49.6215
2010-12-23,49.5527
2010-12-27,49.5833
2010-12-28,49.6291
2010-12-29,49.7056
2010-12-30,49.6444
2010-12-31,49.6215
2011-01-03,50.1335
2011-01-04,50.0342
2011-01-05,50.3093
2011-01-06,50.1947
2011-01-07,50.08
2011-01-10,50.1182
2011-01-11,50.3169
2011-01-12,50.7678
2011-01-13,50.6914
2011-01-14,51.02
2011-01-18,51.1499
2011-01-19,50.5386
2011-01-20,50.3857
2011-01-21,50.4698
2011-01-24,50.7525
2011-01-25,50.7831
2011-01-26,51.0735
2011-01-27,51.2264
2011-01-28,50.3093
2011-01-31,50.6379
2011-02-01,51.4709
2011-02-02,51.4098
2011-02-03,51.5244
2011-02-04,51.6696
2011-02-07,52.0135
2011-02-08,52.2734
2011-02-09,52.1358
2011-02-10,52.1969
2011-02-11,52.5408
2011-02-14,52.6784
2011-02-15,52.5103
2011-02-16,52.8542
2011-02-17,53.0452
2011-02-18,53.1446
2011-02-22,52.0059
2011-02-23,51.5703
2011-02-24,51.5779
2011-02-25,52.2275
2011-02-28,52.5103
2011-03-01,51.6238
2011-03-02,51.7308
2011-03-03,52.6707
2011-03-04,52.3192
2011-03-07,51.8454
2011-03-08,52.3116
2011-03-09,52.2351
2011-03-10,51.234
2011-03-11,51.5779
2011-03-14,51.2646
2011-03-15,50.722
2011-03-16,49.8431
2011-03-17,50.4163
2011-03-18,50.6532
2011-03-21,51.448
2011-03-22,51.2798
2011-03-23,51.4021
2011-03-24,51.8913
2011-03-25,52.0777
2011-03-28,51.9549
2011-03-29,52.3387
2011-03-30,52.7301
2011-03-31,52.7301
2011-04-01,52.9833
2011-04-04,53.0293
2011-04-05,53.0601
2011-04-06,53.1982
2011-04-07,53.0447
2011-04-08,52.8221
2011-04-11,52.6303
2011-04-12,52.1852
2011-04-13,52.2159
2011-04-14,52.2466
2011-04-15,52.4998
2011-04-18,51.8705
2011-04-19,52.1698
2011-04-20,52.9296
2011-04-21,53.1905
2011-04-25,53.1368
2011-04-26,53.6049
2011-04-27,53.9579
2011-04-28,54.1191
2011-04-29,54.2572
2011-05-02,54.1651
2011-05-03,53.8659
2011-05-04,53.4668
2011-05-05,53.037
2011-05-06,53.2673
2011-05-09,53.5512
2011-05-10,54.027
2011-05-11,53.4745
2011-05-12,53.7277
2011-05-13,53.2365
2011-05-16,52.8682
2011-05-17,52.8221
2011-05-18,53.3286
2011-05-19,53.4591
2011-05-20,53.0601
2011-05-23,52.3847
2011-05-24,52.331
2011-05-25,52.5459
2011-05-26,52.8605
2011-05-27,53.1061
2011-05-31,53.6817
2011-06-01,52.4615
2011-06-02,52.3617
2011-06-03,51.8245
2011-06-06,51.2259
2011-06-07,51.2029
2011-06-08,50.9343
2011-06-09,51.2949
2011-06-10,50.5659
2011-06-13,50.5582
2011-06-14,51.2566
2011-06-15,50.3433
2011-06-16,50.4278
2011-06-17,50.5889
2011-06-20,50.8268
2011-06-21,51.6019
2011-06-22,51.318
2011-06-23,51.2336
2011-06-24,50.6502
2011-06-27,51.0817
2011-06-28,51.7908
2011-06-29,52.2455
2011-06-30,52.7156
2011-07-01,53.4709
2011-07-05,53.4632
2011-07-06,53.5711
2011-07-07,54.1491
2011-07-08,53.7637
2011-07-11,52.7696
2011-07-12,52.5384
2011-07-13,52.7387
2011-07-14,52.2917
2011-07-15,52.6231
2011-07-18,52.1376
2011-07-19,53.0162
2011-07-20,52.9854
2011-07-21,53.6327
2011-07-22,53.7252
2011-07-25,53.3784
2011-07-26,53.1549
2011-07-27,51.9834
2011-07-28,51.8062
2011-07-29,51.521
2011-08-01,51.2898
2011-08-02,49.9334
2011-08-03,50.2108
2011-08-04,47.6907
2011-08-05,47.4903
2011-08-08,44.1994
2011-08-09,46.4113
2011-08-10,44.4383
2011-08-11,46.473
2011-08-12,46.7812
2011-08-15,47.7986
2011-08-16,47.3439
2011-08-17,47.3516
2011-08-18,45.2398
2011-08-19,44.4306
2011-08-22,44.4383
2011-08-23,45.9643
2011-08-24,46.6194
2011-08-25,45.841
2011-08-26,46.604
2011-08-29,48.0606
2011-08-30,48.1916
2011-08-31,48.3843
2011-09-01,47.8371
2011-09-02,46.5269
2011-09-06,46.2341
2011-09-07,47.6136
2011-09-08,47.0433
2011-09-09,45.8179
2011-09-12,46.1416
2011-09-13,46.604
2011-09-14,47.2668
2011-09-15,48.0914
2011-09-16,48.3226
2011-09-19,47.814
2011-09-20,47.6444
2011-09-21,46.0953
2011-09-22,44.6773
2011-09-23,44.9376
2011-09-26,45.999
2011-09-27,46.5801
2011-09-28,45.5187
2011-09-29,45.8518
2011-09-30,44.7206
2011-10-03,43.2408
2011-10-04,44.3255
2011-10-05,45.232
2011-10-06,46.1075
2011-10-07,45.6891
2011-10-10,47.2619
2011-10-11,47.3007
2011-10-12,47.7501
2011-10-13,47.6881
2011-10-14,48.5558
2011-10-17,47.5718
2011-10-18,48.5326
2011-10-19,47.8895
2011-10-20,48.1065
2011-10-21,49.0129
2011-10-24,49.8342
2011-10-25,48.8193
2011-10-26,49.3461
2011-10-27,51.0506
2011-10-28,51.0971
2011-10-31,49.8032
2011-11-01,48.4784
2011-11-02,49.2764
2011-11-03,50.2371
2011-11-04,49.9659
2011-11-07,50.2216
2011-11-08,50.8259
2011-11-09,48.889
2011-11-10,49.3228
2011-11-11,50.2991
2011-11-14,49.8032
2011-11-15,50.1054
2011-11-16,49.2686
2011-11-17,48.4628
2011-11-18,48.3931
2011-11-21,47.4944
2011-11-22,47.2697
2011-11-23,46.216
2011-11-25,46.0688
2011-11-28,47.4556
2011-11-29,47.6028
2011-11-30,49.6173
2011-12-01,49.6173
2011-12-02,49.594
2011-12-05,50.1364
2011-12-06,50.1596
2011-12-07,50.2913
2011-12-08,49.1524
2011-12-09,50.0279
2011-12-12,49.2609
2011-12-13,48.734
2011-12-14,48.1762
2011-12-15,48.3544
2011-12-16,48.5171
2011-12-19,47.9515
2011-12-20,49.4546
2011-12-21,49.5489
2011-12-22,50.0631
2011-12-23,50.4449
2011-12-27,50.4527
2011-12-28,49.8372
2011-12-29,50.3281
2011-12-30,50.1021
2012-01-03,50.8111
2012-01-04,50.8345
2012-01-05,51.0605
2012-01-06,50.9436
2012-01-09,51.0605
2012-01-10,51.567
2012-01-11,51.6605
2012-01-12,51.7851
2012-01-13,51.5436
2012-01-17,51.6605
2012-01-18,52.2838
2012-01-19,52.6033
2012-01-20,52.6189
2012-01-23,52.6345
2012-01-24,52.6267
2012-01-25,53.1098
2012-01-26,52.837
2012-01-27,52.876
2012-01-30,52.6656
2012-01-31,52.6423
2012-02-01,53.25
2012-02-02,53.3435
2012-02-03,54.1383
2012-02-06,54.1071
2012-02-07,54.2318
2012-02-08,54.3487
2012-02-09,54.4344
2012-02-10,54.0058
2012-02-13,54.4188
2012-02-14,54.3409
2012-02-15,54.1071
2012-02-16,54.7539
2012-02-17,54.8318
2012-02-21,54.8084
2012-02-22,54.637
2012-02-23,54.9409
2012-02-24,55.0188
2012-02-27,55.0655
2012-02-28,55.2214
2012-02-29,54.863
2012-03-01,55.2837
2012-03-02,55.011
2012-03-05,54.7617
2012-03-06,53.8812
2012-03-07,54.3487
2012-03-08,54.9097
2012-03-09,55.1824
2012-03-12,55.1434
2012-03-13,56.1642
2012-03-14,56.0473
2012-03-15,56.3746
2012-03-16,56.4603
2012-03-19,56.6707
2012-03-20,56.4759
2012-03-21,56.4135
2012-03-22,55.9616
2012-03-23,56.1876
2012-03-26,56.9686
2012-03-27,56.7807
2012-03-28,56.499
2012-03-29,56.3973
2012-03-30,56.546
2012-04-02,57.0233
2012-04-03,56.8355
2012-04-04,56.2017
2012-04-05,56.1625
2012-04-09,55.5052
2012-04-10,54.4644
2012-04-11,54.9183
2012-04-12,55.7478
2012-04-13,55.067
2012-04-16,55.0122
2012-04-17,55.8495
2012-04-18,55.6539
2012-04-19,55.3331
2012-04-20,55.4191
2012-04-23,54.9418
2012-04-24,55.1218
2012-04-25,55.9356
2012-04-26,56.3425
2012-04-27,56.4756
2012-04-30,56.186
2012-05-01,56.546
2012-05-02,56.4208
2012-05-03,55.9278
2012-05-04,54.9966
2012-05-07,55.0357
2012-05-08,54.8322
2012-05-09,54.5036
2012-05-10,54.6444
2012-05-11,54.4957
2012-05-14,53.8775
2012-05-15,53.588
2012-05-16,53.3376
2012-05-17,52.4142
2012-05-18,51.976
2012-05-21,52.9385
2012-05-22,52.9542
2012-05-23,53.048
2012-05-24,53.1498
2012-05-25,53.0246
2012-05-29,53.6663
2012-05-30,52.8211
2012-05-31,52.6881
2012-06-01,51.3343
2012-06-04,51.2874
2012-06-05,51.6786
2012-06-06,52.8837
2012-06-07,52.8211
2012-06-08,53.2828
2012-06-11,52.5394
2012-06-12,53.1107
2012-06-13,52.7194
2012-06-14,53.2671
2012-06-15,53.8149
2012-06-18,53.9715
2012-06-19,54.5427
2012-06-20,54.441
2012-06-21,53.2124
2012-06-22,53.6428
2012-06-25,52.7666
2012-06-26,53.0183
2012-06-27,53.5295
2012-06-28,53.4194
2012-06-29,54.8194
2012-07-02,54.9688
2012-07-03,55.4171
2012-07-05,55.1891
2012-07-06,54.67
2012-07-09,54.5363
2012-07-10,54.0486
2012-07-11,54.0093
2012-07-12,53.797
2012-07-13,54.6385
2012-07-16,54.5048
2012-07-17,54.8666
2012-07-18,55.2598
2012-07-19,55.3542
2012-07-20,54.8509
2012-07-23,54.2452
2012-07-24,53.7576
2012-07-25,53.7655
2012-07-26,54.5834
2012-07-27,55.6609
2012-07-30,55.6059
2012-07-31,55.2992
2012-08-01,55.0789
2012-08-02,54.7014
2012-08-03,55.8104
2012-08-06,55.952
2012-08-07,56.2902
2012-08-08,56.3609
2012-08-09,56.4081
2012-08-10,56.5182
2012-08-13,56.471
2012-08-14,56.4553
2012-08-15,56.5812
2012-08-16,57.0137
2012-08-17,57.1238
2012-08-20,57.116
2012-08-21,56.998
2012-08-22,56.9272
2012-08-23,56.5025
2012-08-24,56.825
2012-08-27,56.8171
2012-08-28,56.8092
2012-08-29,56.88
2012-08-30,56.4553
2012-08-31,56.7935
2012-09-04,56.7542
2012-09-05,56.7542
2012-09-06,57.8867
2012-09-07,58.1699
2012-09-10,57.8238
2012-09-11,57.9497
2012-09-12,58.1935
2012-09-13,59.0665
2012-09-14,59.3811
2012-09-17,59.1373
2012-09-18,59.0351
2012-09-19,59.0822
2012-09-20,59.0036
2012-09-21,59.0193
2012-09-24,58.8882
2012-09-25,58.2875
2012-09-26,57.9002
2012-09-27,58.4771
2012-09-28,58.2085
2012-10-01,58.3112
2012-10-02,58.3981
2012-10-03,58.6115
2012-10-04,59.0541
2012-10-05,59.0383
2012-10-08,58.8091
2012-10-09,58.2163
2012-10-10,57.8765
2012-10-11,57.9634
2012-10-12,57.7105
2012-10-15,58.1847
2012-10-16,58.7854
2012-10-17,59.062
2012-10-18,58.9435
2012-10-19,57.9239
2012-10-22,57.9239
2012-10-23,57.1889
2012-10-24,57.0308
2012-10-25,57.1889
2012-10-26,57.1257
2012-10-31,57.1573
2012-11-01,57.8765
2012-11-02,57.2758
2012-11-05,57.4576
2012-11-06,57.8923
2012-11-07,56.5962
2012-11-08,55.8769
2012-11-09,55.9322
2012-11-12,55.9639
2012-11-13,55.7505
2012-11-14,54.9681
2012-11-15,54.8258
2012-11-16,55.1261
2012-11-19,56.2642
2012-11-20,56.3274
2012-11-21,56.4697
2012-11-23,57.2047
2012-11-26,57.1336
2012-11-27,56.8333
2012-11-28,57.2837
2012-11-29,57.6157
2012-11-30,57.5999
2012-12-03,57.347
2012-12-04,57.2679
2012-12-05,57.3786
2012-12-06,57.5604
2012-12-07,57.7263
2012-12-10,57.7975
2012-12-11,58.161
2012-12-12,58.1847
2012-12-13,57.8527
2012-12-14,57.6078
2012-12-17,58.327
2012-12-18,59.0067
2012-12-19,58.6431
2012-12-20,58.9656
2012-12-21,58.464
2012-12-24,58.2649
2012-12-26,57.9863
2012-12-27,57.9385
2012-12-28,57.3095
2012-12-31,58.3446
2013-01-02,59.8255
2013-01-03,59.7379
2013-01-04,60.0404
2013-01-07,59.8812
2013-01-08,59.7219
2013-01-09,59.9051
2013-01-10,60.3191
2013-01-11,60.3271
2013-01-14,60.2634
2013-01-15,60.3748
2013-01-16,60.3271
2013-01-17,60.7411
2013-01-18,60.9083
2013-01-22,61.2267
2013-01-23,61.2984
2013-01-24,61.3701
2013-01-25,61.7124
2013-01-28,61.6567
2013-01-29,61.8637
2013-01-30,61.6169
2013-01-31,61.5054
2013-02-01,62.1026
2013-02-04,61.4497
2013-02-05,62.0309
2013-02-06,62.1424
2013-02-07,62.0309
2013-02-08,62.4051
2013-02-11,62.3732
2013-02-12,62.4768
2013-02-13,62.5643
2013-02-14,62.644
2013-02-15,62.5723
2013-02-19,63.0102
2013-02-20,62.1742
2013-02-21,61.7522
2013-02-22,62.3493
2013-02-25,61.2029
2013-02-26,61.593
2013-02-27,62.3493
2013-02-28,62.2936
2013-03-01,62.437
2013-03-04,62.7235
2013-03-05,63.3526
2013-03-06,63.4481
2013-03-07,63.5994
2013-03-08,63.9099
2013-03-11,64.093
2013-03-12,63.9816
2013-03-13,64.101
2013-03-14,64.4592
2013-03-15,64.3876
2013-03-18,64.0373
2013-03-19,63.8621
2013-03-20,64.3398
2013-03-21,63.8223
2013-03-22,64.2174
2013-03-25,64.0015
2013-03-26,64.4814
2013-03-27,64.5294
2013-03-28,64.7533
2013-04-01,64.4094
2013-04-02,64.6013
2013-04-03,63.8975
2013-04-04,64.1774
2013-04-05,63.9534
2013-04-08,64.3454
2013-04-09,64.5294
2013-04-10,65.3612
2013-04-11,65.6091
2013-04-12,65.3772
2013-04-15,63.7856
2013-04-16,64.7293
2013-04-17,63.7616
2013-04-18,63.3616
2013-04-19,63.9695
2013-04-22,64.2414
2013-04-23,64.9372
2013-04-24,65.0332
2013-04-25,65.2972
2013-04-26,65.1772
2013-04-29,65.5931
2013-04-30,65.7931
2013-05-01,65.1212
2013-05-02,65.8011
2013-05-03,66.4169
2013-05-06,66.6729
2013-05-07,67.0408
2013-05-08,67.3527
2013-05-09,67.1288
2013-05-10,67.4247
2013-05-13,67.4407
2013-05-14,68.1365
2013-05-15,68.4325
2013-05-16,68.1526
2013-05-17,68.8484
2013-05-20,68.8404
2013-05-21,68.9524
2013-05-22,68.2725
2013-05-23,68.1445
2013-05-24,68.0566
2013-05-28,68.4965
2013-05-29,68.0326
2013-05-30,68.3125
2013-05-31,67.4007
2013-06-03,67.6726
2013-06-04,67.3447
2013-06-05,66.393
2013-06-06,67.0168
2013-06-07,67.8486
2013-06-10,67.8726
2013-06-11,67.1848
2013-06-12,66.6169
2013-06-13,67.6486
2013-06-14,67.2647
2013-06-17,67.7366
2013-06-18,68.2485
2013-06-19,67.3767
2013-06-20,65.7051
2013-06-21,65.8731
2013-06-24,65.0261
2013-06-25,65.677
2013-06-26,66.2877
2013-06-27,66.7779
2013-06-28,66.4323
2013-07-01,66.9868
2013-07-02,66.9145
2013-07-03,67.0109
2013-07-05,67.7261
2013-07-08,68.0877
2013-07-09,68.5699
2013-07-10,68.602
2013-07-11,69.5985
2013-07-12,69.6628
2013-07-15,69.9279
2013-07-16,69.6145
2013-07-17,69.8396
2013-07-18,70.2333
2013-07-19,70.3378
2013-07-22,70.4905
2013-07-23,70.3619
2013-07-24,70.0806
2013-07-25,70.3378
2013-07-26,70.3458
2013-07-29,70.1047
2013-07-30,70.1771
2013-07-31,70.2494
2013-08-01,71.1413
2013-08-02,71.1735
2013-08-05,71.1816
2013-08-06,70.7155
2013-08-07,70.4342
2013-08-08,70.7235
2013-08-09,70.5467
2013-08-12,70.4985
2013-08-13,70.6512
2013-08-14,70.2815
2013-08-15,69.2368
2013-08-16,69.0118
2013-08-19,68.5458
2013-08-20,68.9958
2013-08-21,68.594
2013-08-22,69.2047
2013-08-23,69.494
2013-08-26,69.3172
2013-08-27,68.0877
2013-08-28,68.3368
2013-08-29,68.5217
2013-08-30,68.1199
2013-09-03,68.4654
2013-09-04,69.0761
2013-09-05,69.1565
2013-09-06,69.2128
2013-09-09,69.9922
2013-09-10,70.5387
2013-09-11,70.7235
2013-09-12,70.5065
2013-09-13,70.6512
2013-09-16,71.061
2013-09-17,71.4387
2013-09-18,72.2744
2013-09-19,72.1619
2013-09-20,71.6797
2013-09-23,71.356
2013-09-24,71.2429
2013-09-25,71.1137
2013-09-26,71.3883
2013-09-27,71.1056
2013-09-30,70.7746
2013-10-01,71.3883
2013-10-02,71.2672
2013-10-03,70.6615
2013-10-04,71.1783
2013-10-07,70.5404
2013-10-08,69.6037
2013-10-09,69.5553
2013-10-10,71.1218
2013-10-11,71.6224
2013-10-14,71.9373
2013-10-15,71.3883
2013-10-16,72.3895
2013-10-17,72.9224
2013-10-18,73.4392
2013-10-21,73.3989
2013-10-22,73.8187
2013-10-23,73.4715
2013-10-24,73.7541
2013-10-25,74.0206
2013-10-28,74.0771
2013-10-29,74.4486
2013-10-30,74.0125
2013-10-31,73.7945
2013-11-01,73.8914
2013-11-04,74.2305
2013-11-05,74.0125
2013-11-06,74.2063
2013-11-07,73.2212
2013-11-08,74.1982
2013-11-11,74.2467
2013-11-12,74.1337
2013-11-13,74.7635
2013-11-14,75.1188
2013-11-15,75.4498
2013-11-18,75.0945
2013-11-19,74.8765
2013-11-20,74.6424
2013-11-21,75.3126
2013-11-22,75.684
2013-11-25,75.6032
2013-11-26,75.6759
2013-11-27,75.8939
2013-11-29,75.789
2013-12-02,75.6275
2013-12-03,75.3368
2013-12-04,75.2318
2013-12-05,75.0138
2013-12-06,75.789
2013-12-09,75.9585
2013-12-10,75.7082
2013-12-11,74.7716
2013-12-12,74.6343
2013-12-13,74.6585
2013-12-16,75.1834
2013-12-17,74.9573
2013-12-18,76.1685
2013-12-19,76.0635
2013-12-20,76.57
2013-12-23,77.0246
2013-12-24,77.2356
2013-12-26,77.6009
2013-12-27,77.5522
2013-12-30,77.5765
2013-12-31,77.8607
2014-01-02,77.1788
2014-01-03,77.1626
2014-01-06,76.9596
2014-01-07,77.4548
2014-01-08,77.5116
2014-01-09,77.5765
2014-01-10,77.7957
2014-01-13,76.8135
2014-01-14,77.6577
2014-01-15,78.0474
2014-01-16,77.9905
2014-01-17,77.6902
2014-01-21,77.9499
2014-01-22,78.0961
2014-01-23,77.4223
2014-01-24,75.7502
2014-01-27,75.2631
2014-01-28,75.7908
2014-01-29,75.0115
2014-01-30,75.8882
2014-01-31,75.393
2014-02-03,73.6235
2014-02-04,74.1836
2014-02-05,74.0699
2014-02-06,74.9709
2014-02-07,75.9369
2014-02-10,76.0262
2014-02-11,76.8947
2014-02-12,77.0002
2014-02-13,77.471
2014-02-14,77.8444
2014-02-18,78.0717
2014-02-19,77.5522
2014-02-20,78.0717
2014-02-21,78.0068
2014-02-24,78.4532
2014-02-25,78.4208
2014-02-26,78.5019
2014-02-27,78.9159
2014-02-28,79.062
2014-03-03,78.4857
2014-03-04,79.7195
2014-03-05,79.7357
2014-03-06,79.8818
2014-03-07,79.8575
2014-03-10,79.8007
2014-03-11,79.3543
2014-03-12,79.411
2014-03-13,78.4938
2014-03-14,78.3964
2014-03-17,79.0214
2014-03-18,79.6951
2014-03-19,79.2406
2014-03-20,79.6383
2014-03-21,79.3461
2014-03-24,78.8834
2014-03-25,79.163
2014-03-26,78.5027
2014-03-27,78.3396
2014-03-28,78.6902
2014-03-31,79.4647
2014-04-01,80.0843
2014-04-02,80.3371
2014-04-03,80.1169
2014-04-04,79.0163
2014-04-07,78.0706
2014-04-08,78.413
2014-04-09,79.3506
2014-04-10,77.6059
2014-04-11,76.8395
2014-04-14,77.3613
2014-04-15,77.8912
2014-04-16,78.7065
2014-04-17,78.8614
2014-04-21,79.1794
2014-04-22,79.587
2014-04-23,79.3832
2014-04-24,79.4892
2014-04-25,78.7146
2014-04-28,78.8288
2014-04-29,79.2201
2014-04-30,79.5137
2014-05-01,79.5381
2014-05-02,79.4729
2014-05-05,79.6033
2014-05-06,78.8696
2014-05-07,79.2365
2014-05-08,79.0245
2014-05-09,79.2201
2014-05-12,80.1169
2014-05-13,80.068
2014-05-14,79.6278
2014-05-15,78.894
2014-05-16,79.2283
2014-05-19,79.5951
2014-05-20,79.0
2014-05-21,79.6115
2014-05-22,79.8805
2014-05-23,80.2963
2014-05-27,80.8262
2014-05-28,80.7365
2014-05-29,81.1687
2014-05-30,81.1849
2014-06-02,81.2828
2014-06-03,81.2502
2014-06-04,81.4214
2014-06-05,82.0817
2014-06-06,82.5057
2014-06-09,82.6443
2014-06-10,82.628
2014-06-11,82.3508
2014-06-12,81.7638
2014-06-13,82.0329
2014-06-16,82.098
2014-06-17,82.3915
2014-06-18,83.003
2014-06-19,83.1008
2014-06-20,83.2965
2014-06-23,83.2721
2014-06-24,82.6908
2014-06-25,83.1083
2014-06-26,83.0592
2014-06-27,83.2802
2014-06-30,83.3129
2014-07-01,83.9106
2014-07-02,83.8615
2014-07-03,84.3035
2014-07-07,83.8615
2014-07-08,83.2229
2014-07-09,83.5831
2014-07-10,83.2148
2014-07-11,83.2884
2014-07-14,83.6896
2014-07-15,83.4767
2014-07-16,83.6896
2014-07-17,82.7236
2014-07-18,83.6159
2014-07-21,83.4194
2014-07-22,83.8451
2014-07-23,84.0416
2014-07-24,84.0579
2014-07-25,83.6159
2014-07-28,83.5913
2014-07-29,83.2884
2014-07-30,83.3457
2014-07-31,81.6511
2014-08-01,81.4465
2014-08-04,82.0032
2014-08-05,81.2827
2014-08-06,81.2991
2014-08-07,80.8734
2014-08-08,81.8067
2014-08-11,82.1014
2014-08-12,81.954
2014-08-13,82.5353
2014-08-14,82.8955
2014-08-15,82.9037
2014-08-18,83.6486
2014-08-19,84.0661
2014-08-20,84.2626
2014-08-21,84.4509
2014-08-22,84.3281
2014-08-25,84.7702
2014-08-26,84.9257
2014-08-27,84.8766
2014-08-28,84.7865
2014-08-29,85.0403
2014-09-02,85.1058
2014-09-03,85.0157
2014-09-04,84.8356
2014-09-05,85.2286
2014-09-08,85.0567
2014-09-09,84.4591
2014-09-10,84.7784
2014-09-11,84.9339
2014-09-12,84.3854
2014-09-15,84.1644
2014-09-16,84.762
2014-09-17,84.852
2014-09-18,85.2859
2014-09-19,85.1222
2014-09-22,84.3363
2014-09-23,83.796
2014-09-24,84.4498
2014-09-25,83.1257
2014-09-26,83.8001
2014-09-29,83.6521
2014-09-30,83.2573
2014-10-01,82.1636
2014-10-02,82.2047
2014-10-03,83.1257
2014-10-06,82.9613
2014-10-07,81.6784
2014-10-08,83.0353
2014-10-09,81.3247
2014-10-10,80.3132
2014-10-13,79.0303
2014-10-14,79.277
2014-10-15,78.833
2014-10-16,79.0056
2014-10-17,79.8691
2014-10-20,80.6668
2014-10-21,82.2622
2014-10-22,81.6208
2014-10-23,82.6076
2014-10-24,83.1833
2014-10-27,83.0682
2014-10-28,84.1455
2014-10-29,84.0221
2014-10-30,84.5402
2014-10-31,85.5435
2014-11-03,85.5928
2014-11-04,85.2804
2014-11-05,85.6833
2014-11-06,86.1027
2014-11-07,86.1685
2014-11-10,86.4317
2014-11-11,86.5139
2014-11-12,86.4975
2014-11-13,86.481
2014-11-14,86.4893
2014-11-17,86.481
2014-11-18,86.9909
2014-11-19,86.7689
2014-11-20,87.0156
2014-11-21,87.4761
2014-11-24,87.7968
2014-11-25,87.7804
2014-11-26,87.9778
2014-11-28,87.6653
2014-12-01,86.9251
2014-12-02,87.4679
2014-12-03,87.8626
2014-12-04,87.7557
2014-12-05,87.9531
2014-12-08,87.3281
2014-12-09,87.3774
2014-12-10,85.9465
2014-12-11,86.3412
2014-12-12,84.9843
2014-12-15,84.3675
2014-12-16,83.7425
2014-12-17,85.5353
2014-12-18,87.5583
2014-12-19,87.9202
2014-12-22,88.2682
2014-12-23,88.4666
2014-12-24,88.4915
2014-12-26,88.756
2014-12-29,88.9461
2014-12-30,88.508
2014-12-31,87.6317
2015-01-02,87.5656
2015-01-05,86.0609
2015-01-06,85.2177
2015-01-07,86.2345
2015-01-08,87.7557
2015-01-09,87.0282
2015-01-12,86.4081
2015-01-13,86.2097
2015-01-14,85.7385
2015-01-15,84.8704
2015-01-16,85.9948
2015-01-20,86.1188
2015-01-21,86.5073
2015-01-22,87.8218
2015-01-23,87.425
2015-01-26,87.7888
2015-01-27,86.7636
2015-01-28,85.5897
2015-01-29,86.4081
2015-01-30,85.2342
2015-02-02,86.1932
2015-02-03,87.5159
2015-02-04,87.2101
2015-02-05,88.169
2015-02-06,87.9045
2015-02-09,87.4663
2015-02-10,88.3592
2015-02-11,88.4005
2015-02-12,89.252
2015-02-13,89.6737
2015-02-17,89.8142
2015-02-18,89.8638
2015-02-19,89.839
2015-02-20,90.3433
2015-02-23,90.335
2015-02-24,90.5417
2015-02-25,90.5086
2015-02-26,90.4508
2015-02-27,90.1283
2015-03-02,90.6823
2015-03-03,90.3102
2015-03-04,89.9465
2015-03-05,90.087
2015-03-06,88.8387
2015-03-09,89.1694
2015-03-10,87.8135
2015-03-11,87.7474
2015-03-12,88.8469
2015-03-13,88.3509
2015-03-16,89.4587
2015-03-17,89.2851
2015-03-18,90.3102
2015-03-19,89.9878
2015-03-20,90.7401
2015-03-23,90.583
2015-03-24,90.1035
2015-03-25,88.6982
2015-03-26,88.5238
2015-03-27,88.7647
2015-03-30,89.8942
2015-03-31,89.0803
2015-04-01,88.9142
2015-04-02,89.1965
2015-04-06,89.8112
2015-04-07,89.5122
2015-04-08,89.8942
2015-04-09,90.2099
2015-04-10,90.6335
2015-04-13,90.2763
2015-04-14,90.4092
2015-04-15,90.866
2015-04-16,90.8245
2015-04-17,89.7696
2015-04-20,90.5006
2015-04-21,90.4757
2015-04-22,90.8577
2015-04-23,91.1401
2015-04-24,91.2398
2015-04-27,90.7663
2015-04-28,91.0072
2015-04-29,90.6085
2015-04-30,89.6285
2015-05-01,90.4507
2015-05-04,90.7663
2015-05-05,89.6866
2015-05-06,89.4374
2015-05-07,89.778
2015-05-08,90.9075
2015-05-11,90.5255
2015-05-12,90.2597
2015-05-13,90.3095
2015-05-14,91.2066
2015-05-15,91.3145
2015-05-18,91.6551
2015-05-19,91.6136
2015-05-20,91.5554
2015-05-21,91.788
2015-05-22,91.6136
2015-05-26,90.6584
2015-05-27,91.489
2015-05-28,91.4059
2015-05-29,90.7912
2015-06-01,91.0155
2015-06-02,90.9491
2015-06-03,91.2647
2015-06-04,90.5338
2015-06-05,90.459
2015-06-08,89.9025
2015-06-09,89.8278
2015-06-10,90.9242
2015-06-11,91.1816
2015-06-12,90.5836
2015-06-15,90.1684
2015-06-16,90.6667
2015-06-17,90.8162
2015-06-18,91.7132
2015-06-19,91.3145
2015-06-22,91.871
2015-06-23,91.9624
2015-06-24,91.2647
2015-06-25,90.9823
2015-06-26,90.9306
2015-06-29,89.0287
2015-06-30,89.2706
2015-07-01,89.8545
2015-07-02,89.7377
2015-07-06,89.5042
2015-07-07,89.9963
2015-07-08,88.4949
2015-07-09,88.6784
2015-07-10,89.7544
2015-07-13,90.7721
2015-07-14,91.1808
2015-07-15,91.064
2015-07-16,91.698
2015-07-17,91.723
2015-07-20,91.7314
2015-07-21,91.331
2015-07-22,91.1975
2015-07-23,90.672
2015-07-24,89.7211
2015-07-27,89.1288
2015-07-28,90.1882
2015-07-29,90.8055
2015-07-30,90.8806
2015-07-31,90.7888
2015-08-03,90.4635
2015-08-04,90.3133
2015-08-05,90.6136
2015-08-06,89.8712
2015-08-07,89.6126
2015-08-10,90.7304
2015-08-11,89.9129
2015-08-12,90.0047
2015-08-13,89.8796
2015-08-14,90.2215
2015-08-17,90.7971
2015-08-18,90.5636
2015-08-19,89.7544
2015-08-20,87.8025
2015-08-21,85.2751
2015-08-24,81.8467
2015-08-25,80.8708
2015-08-26,83.8069
2015-08-27,85.8339
2015-08-28,85.9007
2015-08-31,85.2584
2015-09-01,82.7559
2015-09-02,84.3158
2015-09-03,84.4159
2015-09-04,83.2147
2015-09-08,85.3167
2015-09-09,84.149
2015-09-10,84.5827
2015-09-11,84.9664
2015-09-14,84.6411
2015-09-15,85.7088
2015-09-16,86.4345
2015-09-17,86.3177
2015-09-18,84.9497
2015-09-21,85.2917
2015-09-22,84.149
2015-09-23,83.9821
2015-09-24,83.6818
2015-09-25,83.5125
2015-09-28,81.274
2015-09-29,81.2572
2015-09-30,82.7663
2015-10-01,82.934
2015-10-02,84.1413
2015-10-05,85.6923
2015-10-06,85.4156
2015-10-07,86.187
2015-10-08,86.9331
2015-10-09,87.0505
2015-10-12,87.0673
2015-10-13,86.4301
2015-10-14,85.9857
2015-10-15,87.2852
2015-10-16,87.6206
2015-10-19,87.7212
2015-10-20,87.6206
2015-10-21,86.9331
2015-10-22,88.2075
2015-10-23,89.1297
2015-10-26,88.9201
2015-10-27,88.6267
2015-10-28,89.7921
2015-10-29,89.6579
2015-10-30,89.3141
2015-11-02,90.4879
2015-11-03,90.7143
2015-11-04,90.4963
2015-11-05,90.3957
2015-11-06,90.4125
2015-11-09,89.507
2015-11-10,89.7082
2015-11-11,89.3225
2015-11-12,87.9895
2015-11-13,87.0589
2015-11-16,88.3248
2015-11-17,88.2159
2015-11-18,89.6244
2015-11-19,89.507
2015-11-20,89.8927
2015-11-23,89.8004
2015-11-24,90.0352
2015-11-25,90.1023
2015-11-27,90.2364
2015-11-30,89.8507
2015-12-01,90.6975
2015-12-02,89.7502
2015-12-03,88.4087
2015-12-04,90.0352
2015-12-07,89.3309
2015-12-08,88.7944
2015-12-09,88.0314
2015-12-10,88.2913
2015-12-11,86.5558
2015-12-14,86.8661
2015-12-15,87.7967
2015-12-16,89.071
2015-12-17,87.7631
2015-12-18,86.2708
2015-12-21,86.9563
2015-12-22,87.7404
2015-12-23,88.8366
2015-12-24,88.7269
2015-12-28,88.533
2015-12-29,89.4774
2015-12-30,88.8028
2015-12-31,87.9428
2016-01-04,86.6274
2016-01-05,86.8214
2016-01-06,85.6578
2016-01-07,83.5583
2016-01-08,82.6055
2016-01-11,82.5549
2016-01-12,83.1199
2016-01-13,80.9782
2016-01-14,82.2177
2016-01-15,80.4892
2016-01-19,80.4048
2016-01-20,79.6123
2016-01-21,79.9242
2016-01-22,81.6274
2016-01-25,80.2868
2016-01-26,81.5094
2016-01-27,80.5819
2016-01-28,80.9023
2016-01-29,82.9091
2016-02-01,82.9259
2016-02-02,81.3239
2016-02-03,81.813
2016-02-04,82.0069
2016-02-05,80.3205
2016-02-08,79.0726
2016-02-09,78.9715
2016-02-10,79.022
2016-02-11,78.0439
2016-02-12,79.5617
2016-02-16,81.0119
2016-02-17,82.3526
2016-02-18,82.0237
2016-02-19,82.0406
2016-02-22,83.2379
2016-02-23,82.2345
2016-02-24,82.6561
2016-02-25,83.6342
2016-02-26,83.5667
2016-02-29,82.9006
2016-03-01,84.8736
2016-03-02,85.3458
2016-03-03,85.7674
2016-03-04,86.0625
2016-03-07,86.2396
2016-03-08,85.1688
2016-03-09,85.5819
2016-03-10,85.5566
2016-03-11,87.0069
2016-03-14,86.9057
2016-03-15,86.6092
2016-03-16,87.1514
2016-03-17,87.8206
2016-03-18,88.2103
2016-03-21,88.295
2016-03-22,88.2696
2016-03-23,87.5495
2016-03-24,87.5241
2016-03-28,87.5834
2016-03-29,88.5576
2016-03-30,88.8964
2016-03-31,88.7948
2016-04-01,89.3539
2016-04-04,88.9812
2016-04-05,88.1171
2016-04-06,89.0828
2016-04-07,88.0154
2016-04-08,88.2696
2016-04-11,88.0239
2016-04-12,88.8795
2016-04-13,89.9214
2016-04-14,89.8876
2016-04-15,89.8452
2016-04-18,90.4466
2016-04-19,90.7008
2016-04-20,90.7939
2016-04-21,90.345
2016-04-22,90.4721
2016-04-25,90.2518
2016-04-26,90.4975
2016-04-27,90.7177
2016-04-28,89.9045
2016-04-29,89.3793
2016-05-02,90.0739
2016-05-03,89.1675
2016-05-04,88.6423
2016-05-05,88.6084
2016-05-06,88.9303
2016-05-09,89.0235
2016-05-10,90.0824
2016-05-11,89.2607
2016-05-12,89.2268
2016-05-13,88.4559
2016-05-16,89.3369
2016-05-17,88.5321
2016-05-18,88.5237
2016-05-19,88.1764
2016-05-20,88.8541
2016-05-23,88.744
2016-05-24,89.9299
2016-05-25,90.5822
2016-05-26,90.5653
2016-05-27,90.9718
2016-05-31,90.9295
2016-06-01,91.1751
2016-06-02,91.4801
2016-06-03,91.226
2016-06-06,91.7004
2016-06-07,91.8783
2016-06-08,92.2002
2016-06-09,92.0138
2016-06-10,91.065
2016-06-13,90.3111
2016-06-14,90.1486
2016-06-15,90.055
2016-06-16,90.3188
2016-06-17,90.0209
2016-06-20,90.6336
2016-06-21,90.8293
2016-06-22,90.6251
2016-06-23,91.8758
2016-06-24,88.532
2016-06-27,86.7707
2016-06-28,88.3618
2016-06-29,89.9444
2016-06-30,91.1782
2016-07-01,91.3568
2016-07-05,90.6761
2016-07-06,91.2292
2016-07-07,91.1867
2016-07-08,92.6076
2016-07-11,92.9905
2016-07-12,93.7648
2016-07-13,93.7137
2016-07-14,94.1647
2016-07-15,94.0626
2016-07-18,94.3263
2016-07-19,94.1391
2016-07-20,94.6411
2016-07-21,94.2668
2016-07-22,94.7177
2016-07-25,94.471
2016-07-26,94.5731
2016-07-27,94.4625
2016-07-28,94.5816
2016-07-29,94.8028
2016-08-01,94.6752
2016-08-02,93.9605
2016-08-03,94.3093
2016-08-04,94.4199
2016-08-05,95.2027
2016-08-08,95.1431
2016-08-09,95.2282
2016-08-10,94.9474
2016-08-11,95.4239
2016-08-12,95.3303
2016-08-15,95.6792
2016-08-16,95.1346
2016-08-17,95.2537
2016-08-18,95.5516
2016-08-19,95.4154
2016-08-22,95.4409
2016-08-23,95.6962
2016-08-24,95.1602
2016-08-25,95.1006
2016-08-26,94.9049
2016-08-29,95.4239
2016-08-30,95.2708
2016-08-31,94.9985
2016-09-01,95.0495
2016-09-02,95.5345
2016-09-06,95.8068
2016-09-07,95.9344
2016-09-08,95.6877
2016-09-09,93.3053
2016-09-12,94.6071
2016-09-13,93.1271
2016-09-14,93.1357
2016-09-15,94.0932
2016-09-16,93.717
2016-09-19,93.8539
2016-09-20,93.8111
2016-09-21,94.8884
2016-09-22,95.5809
2016-09-23,95.0338
2016-09-26,94.2813
2016-09-27,94.82
2016-09-28,95.3758
2016-09-29,94.4438
2016-09-30,95.1876
2016-10-03,94.897
2016-10-04,94.4695
2016-10-05,94.8371
2016-10-06,94.8713
2016-10-07,94.5122
2016-10-10,95.0252
2016-10-11,93.7598
2016-10-12,93.8709
2016-10-13,93.5375
2016-10-14,93.5118
2016-10-17,93.2468
2016-10-18,93.794
2016-10-19,94.0932
2016-10-20,93.9137
2016-10-21,93.8795
2016-10-24,94.3497
2016-10-25,93.9479
2016-10-26,93.6657
2016-10-27,93.3494
2016-10-28,93.0416
2016-10-31,93.1014
2016-11-01,92.4089
2016-11-02,91.7676
2016-11-03,91.3658
2016-11-04,91.3059
2016-11-07,93.3237
2016-11-08,93.7256
2016-11-09,94.8884
2016-11-10,95.2218
2016-11-11,95.2561
2016-11-14,95.504
2016-11-15,96.2479
2016-11-16,96.1111
2016-11-17,96.5984
2016-11-18,96.4188
2016-11-21,97.1456
2016-11-22,97.4277
2016-11-23,97.5646
2016-11-25,97.9408
2016-11-28,97.3765
2016-11-29,97.5133
2016-11-30,97.2824
2016-12-01,96.8805
2016-12-02,96.8805
2016-12-05,97.556
2016-12-06,98.0519
2016-12-07,99.266
2016-12-08,99.6251
2016-12-09,100.1638
2016-12-12,99.9073
2016-12-13,100.4887
2016-12-14,99.5824
2016-12-15,99.9928
2016-12-16,99.8389
2016-12-19,100.121
2016-12-20,100.5486
2016-12-21,100.2647
2016-12-22,100.0066
2016-12-23,100.1614
2016-12-27,100.411
2016-12-28,99.5764
2016-12-29,99.585
2016-12-30,99.2151
2017-01-03,99.9722
2017-01-04,100.7379
2017-01-05,100.54
2017-01-06,100.8583
2017-01-09,100.4712
2017-01-10,100.5486
2017-01-11,100.867
2017-01-12,100.6002
2017-01-13,100.8497
2017-01-17,100.4024
2017-01-18,100.6347
2017-01-19,100.2389
2017-01-20,100.583
2017-01-23,100.3163
2017-01-24,101.0992
2017-01-25,101.9682
2017-01-26,101.8219
2017-01-27,101.6585
2017-01-30,100.9702
2017-01-31,101.0562
2017-02-01,101.0476
2017-02-02,101.1164
2017-02-03,101.8822
2017-02-06,101.6413
2017-02-07,101.6327
2017-02-08,101.7445
2017-02-09,102.4156
2017-02-10,102.8458
2017-02-13,103.3619
2017-02-14,103.7405
2017-02-15,104.3083
2017-02-16,104.2137
2017-02-17,104.3686
2017-02-21,104.988
2017-02-22,104.8504
2017-02-23,104.7729
2017-02-24,104.945
2017-02-27,105.1773
2017-02-28,104.7901
2017-03-01,106.2011
2017-03-02,105.5214
2017-03-03,105.6075
2017-03-06,105.1945
2017-03-07,104.8589
2017-03-08,104.5664
2017-03-09,104.618
2017-03-10,104.9966
2017-03-13,105.074
2017-03-14,104.6955
2017-03-15,105.6419
2017-03-16,105.5128
2017-03-17,105.4526
2017-03-20,105.2031
2017-03-21,103.7319
2017-03-22,103.8696
2017-03-23,103.8352
2017-03-24,103.8455
2017-03-27,103.7245
2017-03-28,104.4505
2017-03-29,104.6406
2017-03-30,105.0295
2017-03-31,104.848
2017-04-03,104.5887
2017-04-04,104.6406
2017-04-05,104.2171
2017-04-06,104.5455
2017-04-07,104.4678
2017-04-10,104.5974
2017-04-11,104.5628
2017-04-12,104.027
2017-04-13,103.3184
2017-04-17,104.2171
2017-04-18,103.9924
2017-04-19,103.906
2017-04-20,104.7616
2017-04-21,104.4245
2017-04-24,105.5308
2017-04-25,106.1876
2017-04-26,106.2135
2017-04-27,106.3172
2017-04-28,105.9629
2017-05-01,106.2394
2017-05-02,106.2394
2017-05-03,105.9802
2017-05-04,106.0579
2017-05-05,106.5851
2017-05-08,106.4209
2017-05-09,106.3864
2017-05-10,106.6197
2017-05-11,106.3086
2017-05-12,106.1011
2017-05-15,106.6715
2017-05-16,106.611
2017-05-17,104.6925
2017-05-18,105.0036
2017-05-19,105.7554
2017-05-22,106.3172
2017-05-23,106.4987
2017-05-24,106.8098
2017-05-25,107.2592
2017-05-26,107.2419
2017-05-30,107.0691
2017-05-31,107.0345
2017-06-01,108.0284
2017-06-02,108.3827
2017-06-05,108.2444
2017-06-06,107.9679
2017-06-07,108.0889
2017-06-08,108.279
2017-06-09,108.1926
2017-06-12,108.1753
2017-06-13,108.7111
2017-06-14,108.5556
2017-06-15,108.3136
2017-06-16,108.2444
2017-06-19,109.1259
2017-06-20,108.3827
2017-06-21,108.2568
2017-06-22,108.3002
2017-06-23,108.5694
2017-06-26,108.6475
2017-06-27,107.7532
2017-06-28,108.7691
2017-06-29,107.9008
2017-06-30,108.0485
2017-07-03,108.3089
2017-07-05,108.4305
2017-07-06,107.3625
2017-07-07,108.1092
2017-07-10,108.1874
2017-07-11,108.1613
2017-07-12,108.934
2017-07-13,109.1077
2017-07-14,109.5939
2017-07-17,109.5939
2017-07-18,109.6633
2017-07-19,110.2971
2017-07-20,110.3666
2017-07-21,110.2189
2017-07-24,110.2277
2017-07-25,110.5923
2017-07-26,110.5142
2017-07-27,110.3231
2017-07-28,110.1408
2017-07-31,110.08
2017-08-01,110.3058
2017-08-02,110.2016
2017-08-03,109.9498
2017-08-04,110.1842
2017-08-07,110.4013
2017-08-08,110.0974
2017-08-09,109.9759
2017-08-10,108.361
2017-08-11,108.5607
2017-08-14,109.672
2017-08-15,109.5678
2017-08-16,109.7675
2017-08-17,108.0224
2017-08-18,107.8401
2017-08-21,107.9964
2017-08-22,109.0816
2017-08-23,108.7517
2017-08-24,108.5781
2017-08-25,108.8385
2017-08-28,108.8819
2017-08-29,108.9253
2017-08-30,109.4984
2017-08-31,110.245
2017-09-01,110.4968
2017-09-05,109.6459
2017-09-06,109.9498
2017-09-07,109.8977
2017-09-08,109.8196
2017-09-11,111.0003
2017-09-12,111.4258
2017-09-13,111.4778
2017-09-14,111.4431
2017-09-15,111.6515
2017-09-18,111.9206
2017-09-19,111.9727
2017-09-20,112.1551
2017-09-21,111.8425
2017-09-22,111.9323
2017-09-25,111.7492
2017-09-26,111.7754
2017-09-27,112.3857
2017-09-28,112.5689
2017-09-29,112.9351
2017-10-02,113.528
2017-10-03,113.7547
2017-10-04,113.868
2017-10-05,114.4697
2017-10-06,114.3912
2017-10-09,114.1645
2017-10-10,114.4348
2017-10-11,114.5918
2017-10-12,114.4523
2017-10-13,114.5395
2017-10-16,114.6179
2017-10-17,114.6703
2017-10-18,114.8185
2017-10-19,114.8446
2017-10-20,115.4637
2017-10-23,114.9754
2017-10-24,115.176
2017-10-25,114.5743
2017-10-26,114.7226
2017-10-27,115.6555
2017-10-30,115.1498
2017-10-31,115.3852
2017-11-01,115.4812
2017-11-02,115.5073
2017-11-03,115.8125
2017-11-06,116.0305
2017-11-07,115.83
2017-11-08,116.0218
2017-11-09,115.5509
2017-11-10,115.5683
2017-11-13,115.6294
2017-11-14,115.4201
2017-11-15,114.8272
2017-11-16,115.8735
2017-11-17,115.6555
2017-11-20,115.952
2017-11-21,116.7542
2017-11-22,116.667
2017-11-24,116.9373
2017-11-27,116.8152
2017-11-28,117.975
2017-11-29,117.975
2017-11-30,118.8818
2017-12-01,118.6463
2017-12-04,118.4894
2017-12-05,117.9837
2017-12-06,117.9139
2017-12-07,118.3848
2017-12-08,119.0038
2017-12-11,119.2829
2017-12-12,119.4137
2017-12-13,119.4311
2017-12-14,118.873
2017-12-15,119.9368
2017-12-18,120.7652
2017-12-19,120.2769
2017-12-20,120.2682
2017-12-21,120.5424
2017-12-22,120.4986
2017-12-26,120.4023
2017-12-27,120.4461
2017-12-28,120.7089
2017-12-29,120.2621
2018-01-02,121.112
2018-01-03,121.813
2018-01-04,122.2773
2018-01-05,122.9959
2018-01-08,123.2762
2018-01-09,123.5041
2018-01-10,123.3113
2018-01-11,124.354
2018-01-12,125.0813
2018-01-16,124.5292
2018-01-17,125.6771
2018-01-18,125.4581
2018-01-19,126.1065
2018-01-22,127.1054
2018-01-23,127.4208
2018-01-24,127.2981
2018-01-25,127.3508
2018-01-26,128.6826
2018-01-29,127.8414
2018-01-30,126.5095
2018-01-31,126.5533
2018-02-01,126.5007
2018-02-02,123.8107
2018-02-05,118.9389
2018-02-06,120.8842
2018-02-07,120.3497
2018-02-08,116.0211
2018-02-09,117.6158
2018-02-12,119.1843
2018-02-13,119.561
2018-02-14,121.2346
2018-02-15,122.7155
2018-02-16,122.7681
2018-02-20,122.032
2018-02-21,121.4625
2018-02-22,121.5413
2018-02-23,123.4252
2018-02-26,124.722
2018-02-27,123.1536
2018-02-28,121.7954
2018-03-01,120.3497
2018-03-02,121.1295
2018-03-05,122.4964
2018-03-06,122.9433
2018-03-07,123.0485
2018-03-08,123.5128
2018-03-09,125.5632
2018-03-12,125.4931
2018-03-13,124.7133
2018-03-14,124.0824
2018-03-15,123.9159
2018-03-16,124.1262
2018-03-19,122.5315
2018-03-20,122.7155
2018-03-21,122.6103
2018-03-22,119.6067
2018-03-23,117.0994
2018-03-26,120.1874
2018-03-27,118.0583
2018-03-28,117.7856
2018-03-29,119.4044
2018-04-02,116.6859
2018-04-03,118.1375
2018-04-04,119.4659
2018-04-05,120.3018
2018-04-06,117.7768
2018-04-09,118.1727
2018-04-10,120.0906
2018-04-11,119.5363
2018-04-12,120.5041
2018-04-13,120.161
2018-04-16,121.164
2018-04-17,122.4396
2018-04-18,122.6068
2018-04-19,121.9381
2018-04-20,120.9704
2018-04-23,120.9264
2018-04-24,119.4748
2018-04-25,119.6067
2018-04-26,120.7417
2018-04-27,120.8208
2018-04-30,119.941
2018-05-01,120.1258
2018-05-02,119.4308
2018-05-03,119.1052
2018-05-04,120.6448
2018-05-07,121.1728
2018-05-08,121.2167
2018-05-09,122.3605
2018-05-10,123.425
2018-05-11,123.6713
2018-05-14,123.7329
2018-05-15,122.9851
2018-05-16,123.5834
2018-05-17,123.6186
2018-05-18,123.3458
2018-05-21,124.2696
2018-05-22,123.8121
2018-05-23,124.1376
2018-05-24,123.9353
2018-05-25,123.6977
2018-05-29,122.4748
2018-05-30,124.0584
2018-05-31,123.205
2018-06-01,124.4896
2018-06-04,125.0702
2018-06-05,125.2549
2018-06-06,126.3635
2018-06-07,126.1788
2018-06-08,126.6098
2018-06-11,126.7946
2018-06-12,127.0585
2018-06-13,126.5834
2018-06-14,126.9441
2018-06-15,126.8209
2018-06-18,126.6802
2018-06-19,126.2579
2018-06-20,126.5482
2018-06-21,125.6773
2018-06-22,125.8566
2018-06-25,124.0896
2018-06-26,124.3723
2018-06-27,123.2149
2018-06-28,123.9836
2018-06-29,124.0719
2018-07-02,124.3723
2018-07-03,124.0542
2018-07-05,125.1056
2018-07-06,126.157
2018-07-09,127.3055
2018-07-10,127.6325
2018-07-11,126.7224
2018-07-12,127.765
2018-07-13,127.8445
2018-07-16,127.6413
2018-07-17,128.2244
2018-07-18,128.5072
2018-07-19,128.1979
2018-07-20,127.9682
2018-07-23,128.1714
2018-07-24,128.4541
2018-07-25,129.5497
2018-07-26,129.3377
2018-07-27,128.3039
2018-07-30,127.4646
2018-07-31,128.1891
2018-08-01,128.0389
2018-08-02,128.7987
2018-08-03,129.2316
2018-08-06,129.8148
2018-08-07,130.2388
2018-08-08,130.1152
2018-08-09,130.0268
2018-08-10,129.2139
2018-08-13,128.7192
2018-08-14,129.5673
2018-08-15,128.5425
2018-08-16,129.5497
2018-08-17,130.0268
2018-08-20,130.2742
2018-08-21,130.7601
2018-08-22,130.8043
2018-08-23,130.5481
2018-08-24,131.3609
2018-08-27,132.3063
2018-08-28,132.3858
2018-08-29,133.0837
2018-08-30,132.5359
2018-08-31,132.589
2018-09-04,132.4034
2018-09-05,131.9705
2018-09-06,131.5729
2018-09-07,131.2726
2018-09-10,131.5553
2018-09-11,131.997
2018-09-12,132.0059
2018-09-13,132.6685
2018-09-14,132.7745
2018-09-17,131.9352
2018-09-18,132.642
2018-09-19,132.6597
2018-09-20,133.6845
2018-09-21,133.552
2018-09-24,133.0661
2018-09-25,132.9954
2018-09-26,132.4829
2018-09-27,132.7922
2018-09-28,132.849
2018-10-01,133.0532
2018-10-02,132.8579
2018-10-03,133.0354
2018-10-04,131.908
2018-10-05,131.0558
2018-10-08,130.9581
2018-10-09,130.7274
2018-10-10,126.5639
2018-10-11,123.8652
2018-10-12,125.4985
2018-10-15,124.9393
2018-10-16,127.6913
2018-10-17,127.6558
2018-10-18,125.8093
2018-10-19,125.4809
2018-10-22,124.9837
2018-10-23,124.2469
2018-10-24,120.3852
2018-10-25,122.649
2018-10-26,120.5273
2018-10-29,119.8615
2018-10-30,121.7346
2018-10-31,123.0041
2018-11-01,124.3978
2018-11-02,123.8918
2018-11-05,124.4955
2018-11-06,125.2056
2018-11-07,127.7623
2018-11-08,127.5138
2018-11-09,126.2088
2018-11-12,123.7853
2018-11-13,123.6077
2018-11-14,122.7022
2018-11-15,124.0871
2018-11-16,124.3534
2018-11-19,122.1962
2018-11-20,120.0213
2018-11-21,120.6072
2018-11-23,119.9591
2018-11-26,121.8234
2018-11-27,121.9743
2018-11-28,124.815
2018-11-29,124.5842
2018-11-30,125.4809
2018-12-03,126.9456
2018-12-04,122.7999
2018-12-06,122.649
2018-12-07,119.755
2018-12-10,119.8881
2018-12-11,119.8615
2018-12-12,120.545
2018-12-13,120.2521
2018-12-14,118.1748
2018-12-17,115.6536
2018-12-18,115.6181
2018-12-19,113.8427
2018-12-20,112.0051
2018-12-21,109.6259
2018-12-24,106.8855
2018-12-26,112.0289
2018-12-27,113.0379
2018-12-28,112.895
2018-12-31,113.9666
2019-01-02,114.0559
2019-01-03,111.4127
2019-01-04,115.1006
2019-01-07,116.2614
2019-01-08,117.4579
2019-01-09,118.0116
2019-01-10,118.592
2019-01-11,118.6188
2019-01-14,117.8687
2019-01-15,119.1545
2019-01-16,119.4939
2019-01-17,120.4583
2019-01-18,122.0209
2019-01-22,120.3511
2019-01-23,120.4761
2019-01-24,120.7262
2019-01-25,121.8602
2019-01-28,120.9672
2019-01-29,120.7976
2019-01-30,122.6192
2019-01-31,123.6997
2019-02-01,123.8782
2019-02-04,124.7623
2019-02-05,125.2802
2019-02-06,125.1551
2019-02-07,123.9675
2019-02-08,124.0926
2019-02-11,124.3515
2019-02-12,125.9052
2019-02-13,126.2981
2019-02-14,126.0749
2019-02-15,127.459
2019-02-19,127.709
2019-02-20,127.9769
2019-02-21,127.5393
2019-02-22,128.3787
2019-02-25,128.5662
2019-02-26,128.3251
2019-02-27,128.3697
2019-02-28,128.1019
2019-03-01,128.9591
2019-03-04,128.3608
2019-03-05,128.1197
2019-03-06,127.1464
2019-03-07,126.1553
2019-03-08,125.8963
2019-03-11,127.7447
2019-03-12,128.1733
2019-03-13,128.9948
2019-03-14,128.8877
2019-03-15,129.4859
2019-03-18,129.9682
2019-03-19,129.9413
2019-03-20,129.4056
2019-03-21,130.9236
2019-03-22,128.1912
2019-03-25,128.1032
2019-03-26,129.0907
2019-03-27,128.4982
2019-03-28,129.0638
2019-03-29,129.9167
2019-04-01,131.4249
2019-04-02,131.416
2019-04-03,131.7302
2019-04-04,132.0085
2019-04-05,132.6729
2019-04-08,132.7896
2019-04-09,131.9906
2019-04-10,132.601
2019-04-11,132.592
2019-04-12,133.4809
2019-04-15,133.3731
2019-04-16,133.409
2019-04-17,132.9152
2019-04-18,133.1127
2019-04-22,133.1487
2019-04-23,134.4864
2019-04-24,134.3068
2019-04-25,134.0823
2019-04-26,134.8095
2019-04-29,135.007
2019-04-30,135.016
2019-05-01,134.0105
2019-05-02,133.7861
2019-05-03,135.2315
2019-05-06,134.8006
2019-05-07,132.4754
2019-05-08,132.2599
2019-05-09,131.8379
2019-05-10,132.4484
2019-05-13,129.0997
2019-05-14,130.2668
2019-05-15,131.0389
2019-05-16,132.2239
2019-05-17,131.2903
2019-05-20,130.3566
2019-05-21,131.6314
2019-05-22,131.1556
2019-05-23,129.4858
2019-05-24,129.8
2019-05-28,128.6599
2019-05-29,127.78
2019-05-30,128.0314
2019-05-31,126.3077
2019-06-03,126.0563
2019-06-04,128.8842
2019-06-05,129.8718
2019-06-06,130.599
2019-06-07,131.7841
2019-06-10,132.5203
2019-06-11,132.3946
2019-06-12,132.215
2019-06-13,132.8255
2019-06-14,132.5382
2019-06-17,132.6346
2019-06-18,134.0854
2019-06-19,134.5449
2019-06-20,135.7794
2019-06-21,135.7975
2019-06-24,135.0406
2019-06-25,133.761
2019-06-26,133.5087
2019-06-27,134.3107
2019-06-28,135.2478
2019-07-01,136.203
2019-07-02,136.5184
2019-07-03,137.5456
2019-07-05,137.4646
2019-07-08,136.7257
2019-07-09,136.969
2019-07-10,137.5276
2019-07-11,137.7169
2019-07-12,138.4197
2019-07-15,138.3296
2019-07-16,137.9782
2019-07-17,137.0681
2019-07-18,137.5727
2019-07-19,136.7887
2019-07-22,137.1132
2019-07-23,138.0323
2019-07-24,138.8793
2019-07-25,138.1404
2019-07-26,139.1406
2019-07-29,138.8072
2019-07-30,138.672
2019-07-31,137.1582
2019-08-01,135.8876
2019-08-02,134.7883
2019-08-05,130.7873
2019-08-06,132.4904
2019-08-07,132.6346
2019-08-08,135.1577
2019-08-09,134.1935
2019-08-12,132.5354
2019-08-13,134.4278
2019-08-14,130.5441
2019-08-15,130.7873
2019-08-16,132.7698
2019-08-19,134.3467
2019-08-20,133.3195
2019-08-21,134.4458
2019-08-22,134.3287
2019-08-23,130.9405
2019-08-26,132.2652
2019-08-27,131.6524
2019-08-28,132.5896
2019-08-29,134.3467
2019-08-30,134.3016
2019-09-03,133.4276
2019-09-04,134.8513
2019-09-05,136.6535
2019-09-06,136.6806
2019-09-09,136.7617
2019-09-10,136.8968
2019-09-11,138.0142
2019-09-12,138.4287
2019-09-13,138.2936
2019-09-16,138.013
2019-09-17,138.3479
2019-09-18,138.3298
2019-09-19,138.2393
2019-09-20,137.6328
2019-09-23,137.7052
2019-09-24,136.4288
2019-09-25,137.2888
2019-09-26,136.8724
2019-09-27,136.0576
2019-09-30,136.6913
2019-10-01,134.908
2019-10-02,132.7173
2019-10-03,133.7945
2019-10-04,135.5417
2019-10-07,135.0076
2019-10-08,132.826
2019-10-09,134.048
2019-10-10,134.908
2019-10-11,136.3564
2019-10-14,136.2296
2019-10-15,137.5694
2019-10-16,137.3159
2019-10-17,137.7685
2019-10-18,137.2163
2019-10-21,138.1125
2019-10-22,137.6961
2019-10-23,137.9767
2019-10-24,138.3569
2019-10-25,138.9091
2019-10-28,139.751
2019-10-29,139.7238
2019-10-30,140.0588
2019-10-31,139.57
2019-11-01,141.0636
2019-11-04,141.5796
2019-11-05,141.4529
2019-11-06,141.3895
2019-11-07,141.8693
2019-11-08,142.2676
2019-11-11,141.987
2019-11-12,142.2314
2019-11-13,142.2947
2019-11-14,142.4396
2019-11-15,143.5259
2019-11-18,143.6073
2019-11-19,143.6526
2019-11-20,143.2
2019-11-21,142.8379
2019-11-22,143.1547
2019-11-25,144.5126
2019-11-26,144.8204
2019-11-27,145.5083
2019-11-29,144.8566
2019-12-02,143.544
2019-12-03,142.6931
2019-12-04,143.6164
2019-12-05,143.8246
2019-12-06,145.101
2019-12-09,144.6393
2019-12-10,144.5126
2019-12-11,144.8566
2019-12-12,146.0424
2019-12-13,146.0424
2019-12-16,147.1106
2019-12-17,147.1649
2019-12-18,147.2283
2019-12-19,147.871
2019-12-20,148.6314
2019-12-23,148.7219
2019-12-24,148.7547
2019-12-26,149.4738
2019-12-27,149.3372
2019-12-30,148.5271
2019-12-31,148.9185
2020-01-02,150.1563
2020-01-03,149.2007
2020-01-06,149.7104
2020-01-07,149.3554
2020-01-08,150.0927
2020-01-09,151.0301
2020-01-10,150.5932
2020-01-13,151.6217
2020-01-14,151.5398
2020-01-15,151.9129
2020-01-16,153.2144
2020-01-17,153.5967
2020-01-21,153.269
2020-01-22,153.36
2020-01-23,153.533
2020-01-24,152.0768
2020-01-27,149.7923
2020-01-28,151.2394
2020-01-29,151.1393
2020-01-30,151.5033
2020-01-31,148.8276
2020-02-03,150.1381
2020-02-04,152.5045
2020-02-05,154.0063
2020-02-06,154.434
2020-02-07,153.5512
2020-02-10,154.6798
2020-02-11,155.1076
2020-02-12,156.0814
2020-02-13,156.0177
2020-02-14,156.2726
2020-02-18,155.9085
2020-02-19,156.7003
2020-02-20,156.227
2020-02-21,154.6252
2020-02-24,149.5375
2020-02-25,144.9685
2020-02-26,144.1676
2020-02-27,137.8511
2020-02-28,136.9228
2020-03-02,142.593
2020-03-03,138.916
2020-03-04,144.4679
2020-03-05,139.6532
2020-03-06,137.0593
2020-03-09,126.0556
2020-03-10,132.3083
2020-03-11,125.6096
2020-03-12,113.3954
2020-03-13,123.7165
2020-03-16,109.6365
2020-03-17,115.1338
2020-03-18,108.4988
2020-03-19,109.2998
2020-03-20,104.84
2020-03-23,101.8547
2020-03-24,111.5205
2020-03-25,113.0587
2020-03-26,119.9224
2020-03-27,116.099
2020-03-30,119.6205
2020-03-31,117.9101
2020-04-01,112.4678
2020-04-02,114.8093
2020-04-03,112.852
2020-04-06,120.7455
2020-04-07,120.8828
2020-04-08,125.1268
2020-04-09,127.4684
2020-04-13,125.9501
2020-04-14,129.7733
2020-04-15,126.7275
2020-04-16,127.322
2020-04-17,130.9258
2020-04-20,128.8038
2020-04-21,124.8067
2020-04-22,127.6239
2020-04-23,127.6422
2020-04-24,129.5447
2020-04-27,131.8405
2020-04-28,131.4289
2020-04-29,135.1516
2020-04-30,133.3955
2020-05-01,129.7093
2020-05-04,130.2032
2020-05-05,131.4106
2020-05-06,130.688
2020-05-07,132.3985
2020-05-08,134.8864
2020-05-11,134.9046
2020-05-12,132.0326
2020-05-13,129.38
2020-05-14,130.7704
2020-05-15,131.557
2020-05-18,135.9199
2020-05-19,134.4748
2020-05-20,136.9627
2020-05-21,136.1395
2020-05-22,136.5236
2020-05-26,138.4261
2020-05-27,140.6122
2020-05-28,140.1274
2020-05-29,140.5939
2020-06-01,141.5452
2020-06-02,142.6153
2020-06-03,144.838
2020-06-04,144.3806
2020-06-05,148.0851
2020-06-08,150.0973
2020-06-09,148.7253
2020-06-10,147.6185
2020-06-11,138.9109
2020-06-12,140.8317
2020-06-15,142.341
2020-06-16,145.0758
2020-06-17,144.3715
2020-06-18,144.4904
2020-06-19,143.6763
2020-06-22,144.6733
2020-06-23,145.2404
2020-06-24,141.2982
2020-06-25,143.0072
2020-06-26,139.6811
2020-06-29,141.73
2020-06-30,143.825
2020-07-01,144.6611
2020-07-02,145.24
2020-07-06,147.5279
2020-07-07,146.0302
2020-07-08,147.2247
2020-07-09,146.315
2020-07-10,147.8862
2020-07-13,146.2875
2020-07-14,148.2078
2020-07-15,150.0455
2020-07-16,149.3747
2020-07-17,149.9444
2020-07-20,151.093
2020-07-21,151.5248
2020-07-22,152.315
2020-07-23,150.6519
2020-07-24,149.485
2020-07-27,150.7713
2020-07-28,149.6687
2020-07-29,151.6534
2020-07-30,151.3135
2020-07-31,152.0853
2020-08-03,153.4084
2020-08-04,154.0148
2020-08-05,155.1358
2020-08-06,155.8893
2020-08-07,156.0179
2020-08-10,156.4498
2020-08-11,155.191
2020-08-12,157.2675
2020-08-13,157.1481
2020-08-14,157.1021
2020-08-17,157.7729
2020-08-18,158.0118
2020-08-19,157.3961
2020-08-20,157.8464
2020-08-21,158.2415
2020-08-24,159.7576
2020-08-25,160.2904
2020-08-26,161.7423
2020-08-27,162.1281
2020-08-28,163.2583
2020-08-31,162.8908
2020-09-01,164.3333
2020-09-02,166.5294
2020-09-03,160.7407
2020-09-04,159.3717
2020-09-08,154.8969
2020-09-09,157.9291
2020-09-10,155.338
2020-09-11,155.3931
2020-09-14,157.8188
2020-09-15,158.7193
2020-09-16,158.1955
2020-09-17,156.8908
2020-09-18,155.3655
2020-09-21,153.4911
2020-09-22,155.0164
2020-09-23,151.2768
2020-09-24,151.5983
2020-09-25,154.0377
2020-09-28,156.8332
2020-09-29,155.9567
2020-09-30,157.1284
2020-10-01,158.4385
2020-10-02,157.2022
2020-10-05,160.0346
2020-10-06,158.0602
2020-10-07,160.8188
2020-10-08,162.2304
2020-10-09,163.5958
2020-10-12,166.0223
2020-10-13,165.1458
2020-10-14,164.0479
2020-10-15,164.1033
2020-10-16,163.8081
2020-10-19,161.4647
2020-10-20,162.0274
2020-10-21,161.4739
2020-10-22,162.6179
2020-10-23,163.153
2020-10-26,160.1914
2020-10-27,159.5456
2020-10-28,154.2591
2020-10-29,155.7168
2020-10-30,154.0653
2020-11-02,155.6707
2020-11-03,158.6599
2020-11-04,162.1197
2020-11-05,165.4687
2020-11-06,165.3857
2020-11-09,167.3508
2020-11-10,167.074
2020-11-11,168.4303
2020-11-12,166.7696
2020-11-13,169.1315
2020-11-16,171.198
2020-11-17,170.8106
2020-11-18,169.0023
2020-11-19,169.9433
2020-11-20,169.0484
2020-11-23,170.4323
2020-11-24,173.071
2020-11-25,173.0064
2020-11-27,173.6153
2020-11-30,172.2498
2020-12-01,174.4364
2020-12-02,174.584
2020-12-03,174.9346
2020-12-04,176.6875
2020-12-07,176.4939
2020-12-08,177.2596
2020-12-09,175.5159
2020-12-10,175.7742
2020-12-11,175.4605
2020-12-14,174.9623
2020-12-15,177.3611
2020-12-16,177.6102
2020-12-17,179.0033
2020-12-18,178.4959
2020-12-21,177.9792
2020-12-22,178.0161
2020-12-23,178.3206
2020-12-24,178.6189
2020-12-28,179.749
2020-12-29,178.9986
2020-12-30,179.4803
2020-12-31,180.3048
2021-01-04,177.7388
2021-01-05,179.1747
2021-01-06,180.7865
2021-01-07,183.686
2021-01-08,184.5753
2021-01-11,183.4729
2021-01-12,184.1214
2021-01-13,184.3252
2021-01-14,184.1492
2021-01-15,182.5466
2021-01-19,184.214
2021-01-20,186.5392
2021-01-21,186.4002
2021-01-22,186.0945
2021-01-25,186.6225
2021-01-26,185.9463
2021-01-27,181.4813
2021-01-28,182.9078
2021-01-29,179.7027
2021-02-01,182.7689
2021-02-02,185.3905
2021-02-03,185.6684
2021-02-04,188.0213
2021-02-05,189.0774
2021-02-08,190.7726
2021-02-09,190.8467
2021-02-10,190.7633
2021-02-11,191.2172
2021-02-12,192.2084
2021-02-16,191.8657
2021-02-17,191.4674
2021-02-18,190.365
2021-02-19,190.8004
2021-02-22,188.9847
2021-02-23,188.9569
2021-02-24,191.0783
2021-02-25,186.0852
2021-02-26,185.3442
2021-03-01,190.1056
2021-03-02,188.3178
2021-03-03,185.6036
2021-03-04,182.667
2021-03-05,185.9648
2021-03-08,185.057
2021-03-09,187.9287
2021-03-10,189.2719
2021-03-11,191.7453
2021-03-12,192.1251
2021-03-15,193.4682
2021-03-16,192.6901
2021-03-17,193.422
2021-03-18,189.9018
2021-03-19,190.1426
2021-03-22,191.1709
2021-03-23,188.994
2021-03-24,187.4284
2021-03-25,188.8152
2021-03-26,191.9009
2021-03-29,190.9993
2021-03-30,190.9436
2021-03-31,192.1054
2021-04-01,194.5126
2021-04-05,196.7804
2021-04-06,196.8548
2021-04-07,196.6875
2021-04-08,197.8307
2021-04-09,199.0297
2021-04-12,199.0854
2021-04-13,199.6431
2021-04-14,199.197
2021-04-15,201.3161
2021-04-16,201.8273
2021-04-19,200.5075
2021-04-20,198.6672
2021-04-21,201.0373
2021-04-22,199.4665
2021-04-23,201.8831
2021-04-26,202.6173
2021-04-27,202.5244
2021-04-28,202.4965
2021-04-29,203.2679
2021-04-30,201.7808
2021-05-03,202.134
2021-05-04,200.619
2021-05-05,200.5818
2021-05-06,201.6042
2021-05-07,203.3144
2021-05-10,200.9257
2021-05-11,199.3085
2021-05-12,194.8193
2021-05-13,196.9663
2021-05-14,200.3309
2021-05-17,199.9033
2021-05-18,198.3419
2021-05-19,197.7657
2021-05-20,199.9126
2021-05-21,199.8011
2021-05-24,201.818
2021-05-25,201.2603
2021-05-26,201.9853
2021-05-27,202.357
2021-05-28,202.7009
2021-06-01,202.7846
2021-06-02,203.0541
2021-06-03,202.1526
2021-06-04,203.9092
2021-06-07,204.0765
2021-06-08,204.4948
2021-06-09,203.9185
2021-06-10,204.82
2021-06-11,205.4242
2021-06-14,205.7402
2021-06-15,205.2011
2021-06-16,204.1788
2021-06-17,203.9836
2021-06-18,201.4555
2021-06-21,204.2346
2021-06-22,205.3963
2021-06-23,205.3127
2021-06-24,206.7065
2021-06-25,207.4803
2021-06-28,207.7133
2021-06-29,207.7226
2021-06-30,207.7319
2021-07-01,208.86
2021-07-02,210.0161
2021-07-06,209.5593
2021-07-07,209.8389
2021-07-08,208.0676
2021-07-09,210.5847
2021-07-12,211.1721
2021-07-13,209.9974
2021-07-14,209.7084
2021-07-15,208.9719
2021-07-16,207.3311
2021-07-19,204.3851
2021-07-20,207.9184
2021-07-21,209.783
2021-07-22,209.9601
2021-07-23,212.0578
2021-07-26,212.4866
2021-07-27,211.3399
2021-07-28,211.6662
2021-07-29,212.5985
2021-07-30,211.3399
2021-08-02,211.0416
2021-08-03,212.5519
2021-08-04,211.601
2021-08-05,213.1112
2021-08-06,213.3723
2021-08-09,213.2884
2021-08-10,213.4282
2021-08-11,213.8478
2021-08-12,214.4444
2021-08-13,214.5656
2021-08-16,214.6495
2021-08-17,213.0553
2021-08-18,210.9297
2021-08-19,210.7712
2021-08-20,212.6637
2021-08-23,214.7241
2021-08-24,215.4886
2021-08-25,216.1039
2021-08-26,214.6588
2021-08-27,216.9709
2021-08-30,217.7913
2021-08-31,217.3812
2021-09-01,217.7634
2021-09-02,218.4998
2021-09-03,218.4253
2021-09-07,217.4837
2021-09-08,216.9709
2021-09-09,216.2158
2021-09-10,214.5004
2021-09-13,214.9852
2021-09-14,213.6893
2021-09-15,215.4513
2021-09-16,215.2555
2021-09-17,213.5308
2021-09-20,209.8296
2021-09-21,209.811
2021-09-22,211.9272
2021-09-23,214.5096
2021-09-24,214.7659
2021-09-27,214.2983
2021-09-28,209.8092
2021-09-29,209.9495
2021-09-30,207.6769
2021-10-01,210.5387
2021-10-04,207.3683
2021-10-05,209.3042
2021-10-06,210.1739
2021-10-07,212.194
2021-10-08,211.7264
2021-10-11,210.202
2021-10-12,210.0524
2021-10-13,211.0063
2021-10-14,214.5134
2021-10-15,215.7853
2021-10-18,216.5709
2021-10-19,218.1515
2021-10-20,219.0025
2021-10-21,219.6011
2021-10-22,219.1802
2021-10-25,220.5269
2021-10-26,220.4428
2021-10-27,218.937
2021-10-28,221.2751
2021-10-29,221.565
2021-11-01,222.6686
2021-11-02,223.3606
2021-11-03,224.9412
2021-11-04,225.7922
2021-11-05,226.662
2021-11-08,227.0361
2021-11-09,226.3815
2021-11-10,224.1557
2021-11-11,224.4268
2021-11-12,226.0916
2021-11-15,226.0916
2021-11-16,227.0642
2021-11-17,226.129
2021-11-18,226.4843
2021-11-19,225.8391
2021-11-22,224.7542
2021-11-23,224.829
2021-11-24,225.5865
2021-11-26,220.7046
2021-11-29,222.7808
2021-11-30,218.3291
2021-12-01,215.2522
2021-12-02,218.75
2021-12-03,216.2155
2021-12-06,218.9931
2021-12-07,223.6786
2021-12-08,224.642
2021-12-09,222.5003
2021-12-10,224.0154
2021-12-13,221.9766
2021-12-14,220.3119
2021-12-15,223.7067
2021-12-16,221.2003
2021-12-17,220.1902
2021-12-20,217.0946
2021-12-21,221.3499
2021-12-22,223.5384
2021-12-23,225.0815
2021-12-27,228.0371
2021-12-28,227.5678
2021-12-29,227.6992
2021-12-30,227.3332
2021-12-31,226.6105
2022-01-03,228.0465
2022-01-04,227.6147
2022-01-05,222.6777
2022-01-06,222.6215
2022-01-07,221.6078
2022-01-10,221.223
2022-01-11,223.4287
2022-01-12,223.7759
2022-01-13,220.5003
2022-01-14,220.5848
2022-01-18,216.2955
2022-01-19,214.0241
2022-01-20,211.5275
2022-01-21,207.3414
2022-01-24,208.6742
2022-01-25,205.7552
2022-01-26,204.9574
2022-01-27,203.4369
2022-01-28,208.449
2022-01-31,212.879
2022-02-01,214.5028
2022-02-02,215.92
2022-02-03,210.786
2022-02-04,212.1845
2022-02-07,211.6495
2022-02-08,213.5924
2022-02-09,217.0651
2022-02-10,213.3859
2022-02-11,209.2467
2022-02-14,208.4771
2022-02-15,212.1845
2022-02-16,212.3816
2022-02-17,207.5573
2022-02-18,205.896
2022-02-22,203.5308
2022-02-23,199.7859
2022-02-24,203.2868
2022-02-25,207.8107
2022-02-28,207.5855
2022-03-01,204.3474
2022-03-02,208.2237
2022-03-03,206.6375
2022-03-04,204.5726
2022-03-07,198.2654
2022-03-08,197.1485
2022-03-09,202.6204
2022-03-10,201.71
2022-03-11,198.9693
2022-03-14,197.0077
2022-03-15,201.1187
2022-03-16,206.1494
2022-03-17,208.9088
2022-03-18,211.3491
2022-03-21,211.152
2022-03-22,213.7426
2022-03-23,210.8314
2022-03-24,213.8348
2022-03-25,214.7481
2022-03-28,216.1415
2022-03-29,219.4179
2022-03-30,217.6385
2022-03-31,214.3526
2022-04-01,215.2094
2022-04-04,217.0359
2022-04-05,213.8631
2022-04-06,211.4057
2022-04-07,212.206
2022-04-08,211.5469
2022-04-11,208.2422
2022-04-12,207.6021
2022-04-13,210.323
2022-04-14,207.7621
2022-04-18,207.4043
2022-04-19,211.0573
2022-04-20,210.7844
2022-04-21,207.3384
2022-04-22,201.6893
2022-04-25,202.7909
2022-04-26,197.0101
2022-04-27,197.3961
2022-04-28,202.2072
2022-04-29,194.7787
2022-05-02,196.2475
2022-05-03,197.1795
2022-05-04,202.9604
2022-05-05,195.4754
2022-05-06,193.9031
2022-05-09,187.0301
2022-05-10,187.4068
2022-05-11,184.0173
2022-05-12,184.215
2022-05-13,189.1485
2022-05-16,188.2164
2022-05-17,192.2367
2022-05-18,184.714
2022-05-19,183.8949
2022-05-20,183.8949
2022-05-23,187.0395
2022-05-24,185.1659
2022-05-25,187.2278
2022-05-26,191.0598
2022-05-27,195.8991
2022-05-31,194.2891
2022-06-01,193.0087
2022-06-02,196.9442
2022-06-03,193.7995
2022-06-06,194.3739
2022-06-07,196.4829
2022-06-08,194.2797
2022-06-09,189.6287
2022-06-10,183.9985
2022-06-13,176.4852
2022-06-14,175.9862
2022-06-15,178.5471
2022-06-16,172.3144
2022-06-17,172.964
2022-06-21,177.1537
2022-06-22,177.1255
2022-06-23,178.7315
2022-06-24,184.5071
2022-06-27,183.9399
2022-06-28,180.1494
2022-06-29,179.8469
2022-06-30,178.2966
2022-07-01,180.1778
2022-07-05,180.8205
2022-07-06,181.1797
2022-07-07,184.1668
2022-07-08,183.9778
2022-07-11,181.6524
2022-07-12,180.0832
2022-07-13,179.2986
2022-07-14,178.5046
2022-07-15,181.9738
2022-07-18,180.7165
2022-07-19,185.7643
2022-07-20,187.2673
2022-07-21,189.12
2022-07-22,187.0688
2022-07-25,187.324
2022-07-26,185.0081
2022-07-27,189.8668
2022-07-28,192.3434
2022-07-29,194.9618
2022-08-01,194.508
2022-08-02,193.4588
2022-08-03,196.5687
2022-08-04,196.3797
2022-08-05,196.3135
2022-08-08,196.4931
2022-08-09,195.2548
2022-08-10,199.707
2022-08-11,199.7164
2022-08-12,203.1761
2022-08-15,203.9702
2022-08-16,204.405
2022-08-17,202.5712
2022-08-18,203.1005
2022-08-19,200.1986
2022-08-22,195.9165
2022-08-23,195.5478
2022-08-24,196.3702
2022-08-25,199.2155
2022-08-26,192.6175
2022-08-29,191.209
2022-08-30,189.0822
2022-08-31,187.6926
2022-09-01,187.8061
2022-09-02,185.9439
2022-09-06,185.1877
2022-09-07,188.6095
2022-09-08,190.1031
2022-09-09,193.2603
2022-09-12,195.3399
2022-09-13,186.9459
2022-09-14,187.6737
2022-09-15,185.6698
2022-09-16,183.9778
2022-09-19,185.2822
2022-09-20,183.127
2022-09-21,179.9982
2022-09-22,177.9848
2022-09-23,174.9148
2022-09-26,172.9972
2022-09-27,172.7409
2022-09-28,176.3767
2022-09-29,172.7124
2022-09-30,170.3677
2022-10-03,174.6964
2022-10-04,180.3067
2022-10-05,179.9649
2022-10-06,178.2467
2022-10-07,173.1491
2022-10-10,171.7726
2022-10-11,170.6714
2022-10-12,170.2063
2022-10-13,174.4306
2022-10-14,170.3202
2022-10-17,174.8673
2022-10-18,177.0032
2022-10-19,175.4938
2022-10-20,173.975
2022-10-21,177.9809
2022-10-24,179.8985
2022-10-25,183.1545
2022-10-26,182.0249
2022-10-27,181.1705
2022-10-28,185.3853
2022-10-31,184.1892
2022-11-01,183.6197
2022-11-02,178.7878
2022-11-03,177.0791
2022-11-04,179.3574
2022-11-07,180.9902
2022-11-08,181.9394
2022-11-09,178.0189
2022-11-10,188.0908
2022-11-11,190.0083
2022-11-14,188.2901
2022-11-15,190.1982
2022-11-16,188.2617
2022-11-17,187.4738
2022-11-18,188.3566
2022-11-21,187.5592
2022-11-22,190.0178
2022-11-23,191.1759
2022-11-25,191.3184
2022-11-28,188.2142
2022-11-29,187.9199
2022-11-30,193.7105
2022-12-01,193.8245
2022-12-02,193.6441
2022-12-05,189.8375
2022-12-06,186.9896
2022-12-07,186.6859
2022-12-08,188.2996
2022-12-09,186.7238
2022-12-12,189.4103
2022-12-13,190.8247
2022-12-14,189.7615
2022-12-15,185.0341
2022-12-16,182.9172
2022-12-19,181.0756
2022-12-20,181.4553
2022-12-21,184.1987
2022-12-22,181.5861
2022-12-23,182.5877
2022-12-27,181.8246
2022-12-28,179.5353
2022-12-29,182.8357
2022-12-30,182.3683
2023-01-03,181.6243
2023-01-04,183.2363
2023-01-05,181.0901
2023-01-06,185.0868
2023-01-09,185.1631
2023-01-10,186.6225
2023-01-11,189.0834
2023-01-12,189.9992
2023-01-13,190.8099
2023-01-17,190.5524
2023-01-18,187.5477
2023-01-19,186.0215
2023-01-20,189.589
2023-01-23,191.9927
2023-01-24,191.6779
2023-01-25,191.7733
2023-01-26,193.7478
2023-01-27,194.53
2023-01-30,191.9259
2023-01-31,194.9974
2023-02-01,197.3725
2023-02-02,200.3199
2023-02-03,198.25
2023-02-06,196.762
2023-02-07,199.2421
2023-02-08,197.1149
2023-02-09,195.1977
2023-02-10,195.5506
2023-02-13,197.878
2023-02-14,197.9543
2023-02-15,198.8414
2023-02-16,196.1897
2023-02-17,195.6174
2023-02-21,191.5635
2023-02-22,191.4013
2023-02-23,192.4219
2023-02-24,190.2758
2023-02-27,190.953
2023-02-28,190.3139
2023-03-01,190.7718
2023-03-02,191.0675
2023-03-03,194.1771
2023-03-06,193.9195
2023-03-07,191.0293
2023-03-08,191.2773
2023-03-09,187.5001
2023-03-10,184.3428
2023-03-13,183.5797
2023-03-14,186.8514
2023-03-15,185.4111
2023-03-16,188.6161
2023-03-17,186.1837
2023-03-20,187.8053
2023-03-21,190.4856
2023-03-22,187.0804
2023-03-23,187.4213
2023-03-24,188.5992
2023-03-27,189.0781
2023-03-28,188.8099
2023-03-29,191.5298
2023-03-30,192.5641
2023-03-31,195.4659
2023-04-03,195.9831
2023-04-04,194.6711
2023-04-05,193.9623
2023-04-06,194.604
2023-04-10,195.0446
2023-04-11,195.2457
2023-04-12,194.422
2023-04-13,196.9503
2023-04-14,196.4045
2023-04-17,197.1898
2023-04-18,197.2856
2023-04-19,197.3813
2023-04-20,196.1555
2023-04-21,196.3278
2023-04-24,196.4045
2023-04-25,193.1292
2023-04-26,192.2576
2023-04-27,195.8682
2023-04-28,197.5728
2023-05-01,197.4771
2023-05-02,195.0637
2023-05-03,193.924
2023-05-04,192.4779
2023-05-05,196.031
2023-05-08,196.2417
2023-05-09,195.4372
2023-05-10,196.2991
2023-05-11,196.0405
2023-05-12,195.5809
2023-05-15,196.414
2023-05-16,194.8913
2023-05-17,197.4196
2023-05-18,199.3829
2023-05-19,198.9041
2023-05-22,199.2488
2023-05-23,197.1419
2023-05-24,195.6192
2023-05-25,196.9503
2023-05-26,199.5458
2023-05-30,199.6128
2023-05-31,198.4156
2023-06-01,200.3981
2023-06-02,203.7117
2023-06-05,203.1754
2023-06-06,204.1044
2023-06-07,203.7021
2023-06-08,204.6598
2023-06-09,204.8801
2023-06-12,206.7189
2023-06-13,208.2416
2023-06-14,208.2416
2023-06-15,210.7795
2023-06-16,209.9846
2023-06-20,208.9503
2023-06-21,207.8011
2023-06-22,208.3566
2023-06-23,206.6328
2023-06-26,205.9118
2023-06-27,208.4209
2023-06-28,208.594
2023-06-29,209.5938
2023-06-30,211.7664
2023-07-03,212.401
2023-07-05,211.7568
2023-07-06,209.8726
2023-07-07,209.613
2023-07-10,210.5263
2023-07-11,212.1798
2023-07-12,213.8045
2023-07-13,215.6118
2023-07-14,215.2946
2023-07-17,216.1117
2023-07-18,217.8326
2023-07-19,218.3998
2023-07-20,216.8231
2023-07-21,216.8039
2023-07-24,217.573
2023-07-25,218.121
2023-07-26,218.2844
2023-07-27,216.602
2023-07-28,218.8612
2023-07-31,219.5245
2023-08-01,218.9285
2023-08-02,215.8233
2023-08-03,215.1985
2023-08-04,214.2852
2023-08-07,215.9291
2023-08-08,214.9293
2023-08-09,213.3911
2023-08-10,213.4296
2023-08-11,213.2277
2023-08-14,214.2852
2023-08-15,211.853
2023-08-16,210.1033
2023-08-17,208.3825
2023-08-18,208.6228
2023-08-21,209.8245
2023-08-22,209.2669
2023-08-23,211.5549
2023-08-24,208.7189
2023-08-25,210.1417
2023-08-28,211.4877
2023-08-29,214.564
2023-08-30,215.5157
2023-08-31,215.285
2023-09-01,215.9964
2023-09-05,214.7082
2023-09-06,213.3623
2023-09-07,212.6317
2023-09-08,212.8624
2023-09-11,214.1986
2023-09-12,213.1604
2023-09-13,213.1893
2023-09-14,215.0158
2023-09-15,212.4874
2023-09-18,212.5067
2023-09-19,211.9683
2023-09-20,210.0937
2023-09-21,206.57
2023-09-22,206.1358
2023-09-25,206.9656
2023-09-26,203.9841
2023-09-27,204.1964
2023-09-28,205.5472
2023-09-29,204.949
2023-10-02,204.6788
2023-10-03,201.707
2023-10-04,203.164
2023-10-05,203.0578
2023-10-06,205.4797
2023-10-09,206.7726
2023-10-10,208.0559
2023-10-11,208.876
2023-10-12,207.1972
2023-10-13,206.0296
2023-10-16,208.4225
2023-10-17,208.6927
2023-10-18,205.6051
2023-10-19,203.6657
2023-10-20,201.1474
2023-10-23,200.5974
2023-10-24,202.1123
2023-10-25,199.1115
2023-10-26,197.0467
2023-10-27,195.9853
2023-10-30,198.2431
2023-10-31,199.5264
2023-11-01,201.5237
2023-11-02,205.5279
2023-11-03,207.8436
2023-11-06,207.9304
2023-11-07,208.548
2023-11-08,208.519
2023-11-09,206.7436
2023-11-10,209.8216
2023-11-13,209.6962
2023-11-14,214.3469
2023-11-15,214.8775
2023-11-16,214.7328
2023-11-17,215.2731
2023-11-20,216.8941
2023-11-21,216.3055
2023-11-22,217.2318
2023-11-24,217.4634
2023-11-27,217.1836
2023-11-28,217.3187
2023-11-29,217.4151
2023-11-30,218.3125
2023-12-01,220.1554
2023-12-04,219.3642
2023-12-05,218.9397
2023-12-06,218.0134
2023-12-07,219.7598
2023-12-08,220.8115
2023-12-11,221.7185
2023-12-12,222.558
2023-12-13,226.0122
2023-12-14,227.3534
2023-12-15,227.0446
2023-12-18,228.0288
2023-12-19,229.698
2023-12-20,226.2727
2023-12-21,228.7747
2023-12-22,229.298
2023-12-26,230.4317
2023-12-27,230.8678
2023-12-28,230.7515
2023-12-29,229.8697
2024-01-02,228.329
2024-01-03,226.139
2024-01-04,225.5576
2024-01-05,225.8967
2024-01-08,229.1236
2024-01-09,228.6972
2024-01-10,229.8794
2024-01-11,229.7243
2024-01-12,229.7631
2024-01-16,228.6972
2024-01-17,227.3212
2024-01-18,229.3271
2024-01-19,232.1178
2024-01-22,233.1255
2024-01-23,233.5519
2024-01-24,233.5131
2024-01-25,234.8117
2024-01-26,234.6178
2024-01-29,236.7497
2024-01-30,236.4203
2024-01-31,232.4376
2024-02-01,235.5675
2024-02-02,237.583
2024-02-05,236.459
2024-02-06,237.2633
2024-02-07,239.1335
2024-02-08,239.7246
2024-02-09,241.1878
2024-02-12,241.4203
2024-02-13,237.554
2024-02-14,240.18
2024-02-15,242.0308
2024-02-16,240.7614
2024-02-20,239.2497
2024-02-21,239.2982
2024-02-22,244.027
2024-02-23,244.1917
2024-02-26,243.4553
2024-02-27,244.1336
2024-02-28,243.7266
2024-02-29,244.7538
2024-03-01,247.0019
2024-03-04,246.7596
2024-03-05,244.1432
2024-03-06,245.5871
2024-03-07,247.9806
2024-03-08,246.5464
2024-03-11,246.1492
2024-03-12,248.5814
2024-03-13,248.2713
2024-03-14,247.312
2024-03-15,245.8488
2024-03-18,247.0988
2024-03-19,248.5232
2024-03-20,251.0427
2024-03-21,252.0796
2024-03-22,251.3706
2024-03-25,250.8066
2024-03-26,250.3593
2024-03-27,252.5667
2024-03-28,252.732
2024-04-01,252.5376
2024-04-02,250.2037
2024-04-03,250.5927
2024-04-04,247.5879
2024-04-05,250.087
2024-04-08,250.3788
2024-04-09,250.7386
2024-04-10,247.938
2024-04-11,249.6203
2024-04-12,246.0223
2024-04-15,242.9981
2024-04-16,242.2688
2024-04-17,240.849
2024-04-18,240.3531
2024-04-19,238.4666
2024-04-22,240.8101
2024-04-23,243.6787
2024-04-24,243.7371
2024-04-25,242.5799
2024-04-26,244.836
2024-04-29,245.7987
2024-04-30,241.7534
2024-05-01,241.1505
2024-05-02,243.6496
2024-05-03,246.5377
2024-05-06,249.1827
2024-05-07,249.4063
2024-05-08,249.2313
2024-05-09,250.6996
2024-05-10,250.933
2024-05-13,251.0692
2024-05-14,252.2944
2024-05-15,255.3965
2024-05-16,254.706
2024-05-17,255.0658
2024-05-20,255.3283
2024-05-21,255.8535
2024-05-22,254.988
2024-05-23,252.8195
2024-05-24,254.6476
2024-05-28,254.6476
2024-05-29,252.557
2024-05-30,251.322
2024-05-31,253.2571
2024-06-03,253.3349
2024-06-04,253.3058
2024-06-05,256.4078
2024-06-06,256.1841
2024-06-07,255.6979
2024-06-10,256.5536
2024-06-11,256.9912
2024-06-12,259.4125
2024-06-13,259.5292
2024-06-14,259.3347
2024-06-17,261.3087
2024-06-18,261.97
2024-06-20,261.3087
2024-06-21,260.9101
2024-06-24,260.4724
2024-06-25,261.3282
2024-06-26,261.3185
2024-06-27,261.9506
2024-06-28,261.0547
2024-07-01,261.5816
2024-07-02,263.0943
2024-07-03,264.1775
2024-07-05,265.5534
2024-07-08,265.9146
2024-07-09,265.8462
2024-07-10,268.4225
2024-07-11,267.2222
2024-07-12,268.9885
2024-07-15,270.14
2024-07-16,272.365
2024-07-17,268.5201
2024-07-18,266.178
2024-07-19,264.519
2024-07-22,267.2807
2024-07-23,267.0855
2024-07-24,261.0742
2024-07-25,260.0691
2024-07-26,263.1821
2024-07-29,263.2016
2024-07-30,262.1087
2024-07-31,265.9926
2024-08-01,261.8256
2024-08-02,256.556
2024-08-05,249.0222
2024-08-06,251.5497
2024-08-07,249.6273
2024-08-08,255.4727
2024-08-09,256.5755
2024-08-12,256.4095
2024-08-13,260.6741
2024-08-14,261.4158
2024-08-15,265.9438
2024-08-16,266.5781
2024-08-19,269.0958
2024-08-20,268.442
2024-08-21,269.7887
2024-08-22,267.5051
2024-08-23,270.8915
2024-08-26,270.2083
2024-08-27,270.4523
2024-08-28,268.8031
2024-08-29,269.0666
2024-08-30,271.6624
2024-09-03,265.817
2024-09-04,265.2217
2024-09-05,264.4019
2024-09-06,260.0105
2024-09-09,262.7917
2024-09-10,263.8164
2024-09-11,266.4415
2024-09-12,268.6567
2024-09-13,270.5304
2024-09-16,271.0671
2024-09-17,271.3403
2024-09-18,270.6573
2024-09-19,275.2438
2024-09-20,274.6681
2024-09-23,275.3512
2024-09-24,276.044
2024-09-25,275.1365
2024-09-26,276.3661
2024-09-27,276.093
2024-09-30,277.1795
2024-10-01,274.654
2024-10-02,274.7127
2024-10-03,274.1255
2024-10-04,276.7782
2024-10-07,274.2527
2024-10-08,276.5628
2024-10-09,278.4912
2024-10-10,277.9137
2024-10-11,280.0672
2024-10-14,282.2501
2024-10-15,280.3119
2024-10-16,281.7411
2024-10-17,281.6823
2024-10-18,282.7885
2024-10-21,281.8977
2024-10-22,281.5747
2024-10-23,279.0295
2024-10-24,279.7736
2024-10-25,279.5093
2024-10-28,280.6448
2024-10-29,281.0167
2024-10-30,280.3217
2024-10-31,275.0945
2024-11-01,276.2692
2024-11-04,275.7699
2024-11-05,279.2743
2024-11-06,287.0857
2024-11-07,289.0924
2024-11-08,290.4433
2024-11-11,291.2558
2024-11-12,290.1106
2024-11-13,289.9735
2024-11-14,287.8297
2024-11-15,284.1785
2024-11-18,285.3336
2024-11-19,286.6453
2024-11-20,286.8117
2024-11-21,288.8184
2024-11-22,290.2476
2024-11-25,291.6669
2024-11-26,292.7339
2024-11-27,291.9019
2024-11-29,293.5268
2024-12-02,294.0848
2024-12-03,294.0848
2024-12-04,296.0621
2024-12-05,295.2398
2024-12-06,296.0621
2024-12-09,294.1729
2024-12-10,293.0667
2024-12-11,295.4258
2024-12-12,293.7422
2024-12-13,293.5953
2024-12-16,294.7896
2024-12-17,293.331
2024-12-18,284.2568
2024-12-19,283.8554
2024-12-20,287.0857
2024-12-23,288.7169
2024-12-24,291.7809
2024-12-26,291.9478
2024-12-27,288.7857
2024-12-30,285.5941
2024-12-31,284.6022
2025-01-02,284.0621
2025-01-03,287.7938
2025-01-06,289.4044
2025-01-07,286.1735
2025-01-08,286.4386
2025-01-10,282.1373
2025-01-13,282.5989
2025-01-14,283.2372
2025-01-15,288.4321
2025-01-16,288.2161
2025-01-17,290.8774
2025-01-21,293.7646
2025-01-22,295.1983
2025-01-23,296.7499
2025-01-24,295.8857
2025-01-27,291.7612
2025-01-28,294.2654
2025-01-29,293.0084
2025-01-30,294.8447
2025-01-31,293.2343
2025-02-03,291.0934
2025-02-04,293.2048
2025-02-05,294.56
2025-02-06,295.2867
2025-02-07,292.6451
2025-02-10,294.5207
2025-02-11,294.3636
2025-02-12,293.3914
2025-02-13,296.4553
2025-02-14,296.416
2025-02-18,297.2508
2025-02-19,297.673
2025-02-20,296.0724
2025-02-21,290.6024
2025-02-24,289.1196
2025-02-25,287.6858
2025-02-26,287.784
2025-02-27,283.3256
2025-02-28,287.6956
2025-03-03,282.5399
2025-03-04,279.0145
2025-03-05,282.1864
2025-03-06,276.9424
2025-03-07,278.2485
2025-03-10,270.6672
2025-03-11,268.7719
2025-03-12,270.0977
2025-03-13,266.3069
2025-03-14,272.0126
2025-03-17,274.2614
2025-03-18,271.3055
2025-03-19,274.3891
2025-03-20,273.7311
2025-03-21,273.8392
2025-03-24,278.9064
2025-03-25,279.3778
2025-03-26,276.1076
2025-03-27,274.9398
2025-03-28,269.4605
2025-03-31,270.8501
2025-04-01,271.7666
2025-04-02,273.915
2025-04-03,260.128
2025-04-04,244.8629
2025-04-07,244.0647
2025-04-08,240.2114
2025-04-09,264.5824
2025-04-10,253.6928
2025-04-11,257.9402
2025-04-14,260.3153
2025-04-15,259.862
2025-04-16,254.4615
2025-04-17,254.9937
2025-04-21,248.933
2025-04-22,255.2696
2025-04-23,259.6156
2025-04-24,265.085
2025-04-25,266.7111
2025-04-28,267.0954
2025-04-29,268.7018
2025-04-30,268.8594
2025-05-01,270.5347
2025-05-02,274.7526
2025-05-05,273.1956
2025-05-06,270.9782
2025-05-07,272.1016
2025-05-08,274.2401
2025-05-09,273.9347
2025-05-12,283.0996
2025-05-13,285.0214
2025-05-14,285.2086
2025-05-15,286.3714
2025-05-16,288.3326
2025-05-19,288.5592
2025-05-20,287.6132
2025-05-21,282.6069
2025-05-22,282.5576
2025-05-23,280.902
2025-05-27,286.6769
2025-05-28,284.9918
2025-05-29,285.9083
2025-05-30,285.6718
2025-06-02,287.1303
2025-06-03,289.1111
2025-06-04,289.0815
2025-06-05,287.485
2025-06-06,290.8357
2025-06-09,291.0722
2025-06-10,292.6096
2025-06-11,291.8311
2025-06-12,292.7672
2025-06-13,289.3082
2025-06-16,292.1661
2025-06-17,289.7319
2025-06-18,289.8403
2025-06-20,289.1702
2025-06-23,291.9492
2025-06-24,295.359
2025-06-25,295.0141
2025-06-26,297.5566
2025-06-27,298.9068
2025-06-30,300.4221
2025-07-01,300.4221
2025-07-02,301.9839
2025-07-03,304.4748
2025-07-07,302.0728
2025-07-08,302.053
2025-07-09,303.9509
2025-07-10,304.7614
2025-07-11,303.4764
2025-07-14,304.1683
2025-07-15,302.5671
2025-07-16,303.7137
2025-07-17,305.6906
2025-07-18,305.5225
2025-07-21,305.8685
2025-07-22,306.2243
2025-07-23,308.8042
2025-07-24,308.6955
2025-07-25,310.0695
2025-07-28,309.9805
2025-07-29,309.0019
2025-07-30,308.6461
2025-07-31,307.3018
2025-08-01,302.2112
2025-08-04,306.9459
2025-08-05,305.5918
2025-08-06,307.6576
2025-08-07,307.4797
2025-08-08,309.4171
2025-08-11,308.7054
2025-08-12,312.4813
2025-08-13,313.9936
2025-08-14,313.5291
2025-08-15,312.8174
2025-08-18,312.936
2025-08-19,311.0381
2025-08-20,310.2177
2025-08-21,309.1501
2025-08-22,314.5076
2025-08-25,312.9953
2025-08-26,314.4186
2025-08-27,315.2588
2025-08-28,316.4054
2025-08-29,314.5274
2025-09-02,312.3429
2025-09-03,313.6674
2025-09-04,316.445
2025-09-05,315.8618
2025-09-08,316.87
2025-09-09,317.2753
2025-09-10,318.0858
2025-09-11,321.0314
2025-09-12,320.5669
2025-09-15,322.1286
2025-09-16,321.6937
2025-09-17,321.407
2025-09-18,323.4334
2025-09-19,324.6492
2025-09-22,326.0528
2025-09-23,324.3032
2025-09-24,323.1171
2025-09-25,321.3873
2025-09-26,323.4037
2025-09-29,324.2234
2025-09-30,325.2841
2025-10-01,326.414
2025-10-02,326.8898
2025-10-03,327.0682
2025-10-06,328.2973
2025-10-07,326.7213
2025-10-08,328.8921
2025-10-09,327.7522
2025-10-10,318.97
2025-10-13,324.0549
2025-10-14,323.9558
2025-10-15,325.4922
2025-10-16,322.9051
2025-10-17,324.4217
2025-10-20,328.0396
2025-10-21,327.9999
2025-10-22,326.0076
2025-10-23,328.0991
2025-10-24,330.7753
2025-10-27,334.4626
2025-10-28,334.9781
2025-10-29,334.7401
2025-10-30,331.1421
2025-10-31,332.4703
2025-11-03,332.847
2025-11-04,328.8227
2025-11-05,330.2302
2025-11-06,326.4735
2025-11-07,327.1872
2025-11-10,331.9747
2025-11-11,332.7875
2025-11-12,332.9064
2025-11-13,327.0088
2025-11-14,326.9592
2025-11-17,323.5593
2025-11-18,321.3688
2025-11-19,322.4195
2025-11-20,317.285
2025-11-21,320.9525
2025-11-24,325.7499
2025-11-25,329.239
2025-11-26,331.4989
2025-11-28,333.3525
2025-12-01,331.717
2025-12-02,332.1134
2025-12-03,333.6003
2025-12-04,334.1256
2025-12-05,334.5915
2025-12-08,333.6102
2025-12-09,333.2732
2025-12-10,335.7512
2025-12-11,336.8812
2025-12-12,333.0352
2025-12-15,332.3811
2025-12-16,331.4196
2025-12-17,327.8017
2025-12-18,330.3194
2025-12-19,333.2633
2025-12-22,335.5803
2025-12-23,336.6936
2025-12-24,337.8467
2025-12-26,337.6379
2025-12-29,336.3656
2025-12-30,335.8288
2025-12-31,333.2643
2026-01-02,334.298
2026-01-05,336.8129
2026-01-06,339.1687
2026-01-07,338.0156
2026-01-08,338.1051
2026-01-09,340.3516
2026-01-12,340.9778
2026-01-13,340.2919
2026-01-14,338.96
2026-01-15,340.0037
2026-01-16,339.8049
2026-01-20,333.1052
2026-01-21,337.0514
2026-01-22,338.8307
2026-01-23,338.5226
2026-01-26,339.9838
2026-01-27,341.2164
2026-01-28,341.0275
2026-01-29,340.2423
2026-01-30,338.5325
2026-02-02,340.4311
2026-02-03,337.8169
2026-02-04,336.2264
2026-02-05,331.9024
2026-02-06,338.9202
2026-02-09,340.5902
2026-02-10,339.7552
2026-02-11,339.4272
2026-02-12,333.9998
2026-02-13,334.636
2026-02-17,335.0535
2026-02-18,336.8029
2026-02-19,336.1668
2026-02-20,338.2343
2026-02-23,334.4471
2026-02-24,337.1807
2026-02-25,339.785
2026-02-26,338.453
2026-02-27,336.7433
2026-03-02,337.0912
2026-03-03,333.7215
2026-03-04,336.1668
2026-03-05,333.9899
2026-03-06,329.4273
2026-03-09,332.2802
2026-03-10,331.5148
2026-03-11,331.2464
2026-03-12,325.9582
2026-03-13,324.179
2026-03-16,327.489
2026-03-17,328.5924
2026-03-18,324.0696
2026-03-19,323.493
2026-03-20,318.4236
2026-03-23,322.2505
2026-03-24,321.2466
2026-03-25,323.2048
2026-03-26,317.6383
2026-03-27,312.192
2026-03-30,310.786
2026-03-31,319.8898
2026-04-01,322.3128
2026-04-02,322.8314
2026-04-06,324.2772
2026-04-07,324.4966
2026-04-08,332.7429
2026-04-09,334.4879
2026-04-10,334.089
2026-04-13,337.6986
2026-04-14,341.6672
2026-04-15,344.2497
2026-04-16,345.0375
2026-04-17,349.5246
2026-04-20,349.2055
2026-04-21,346.8423
2026-04-22,350.2126
2026-04-23,348.7967
2026-04-24,351.0402
2026-04-27,351.5188
2026-04-28,349.6243
2026-04-29,349.2055
2026-04-30,353.1641
2026-05-01,354.2709
2026-05-04,352.9647
2026-05-05,355.966
2026-05-06,360.8221
2026-05-07,359.1668
2026-05-08,361.8292
2026-05-11,362.587
2026-05-12,361.7494
2026-05-13,363.6639
2026-05-14,366.3462
2026-05-15,361.6996
2026-05-18,361.3206
2026-05-19,359.0273
2026-05-20,363.1454
2026-05-21,364.0428
2026-05-22,365.7379
2026-05-26,368.4003
2026-05-27,368.3005
2026-05-28,370.594
2026-05-29,371.4715
2026-06-01,372.329
2026-06-02,373.2862
2026-06-03,370.584
2026-06-04,372.3091
2026-06-05,362.3377
2026-06-08,363.4246
2026-06-09,362.6269
2026-06-10,357.013
2026-06-11,363.2551
2026-06-12,365.3091
2026-06-15,371.4615
2026-06-16,369.3077
2026-06-17,364.7109
2026-06-18,368.9287
2026-06-22,367.7521
2026-06-23,362.6568
2026-06-24,362.6069
2026-06-25,362.936
2026-06-26,362.22
2026-06-29,367.12
2026-06-30,370.04
2026-07-01,369.27
2026-07-02,368.76
2026-07-06,371.67
2026-07-07,369.61
2026-07-08,368.25
2026-07-09,371.45
2026-07-10,372.69
2026-07-13,369.78
2026-07-14,371.16
2026-07-15,372.42
2026-07-16,370.58
2026-07-17,367.01
2026-07-20,366.25
2026-07-21,369.45
2026-07-22,368.87
2026-07-23,364.69
2026-07-24,364.8
2026-07-27,365.18
2026-07-28,365.99
2026-07-29,360.42
2026-07-30,366.27
2026-07-31,368.21
2026-08-03,373.84
2026-08-04,380.82
2026-08-05,379.65
2026-08-06,379.07
2026-08-07,381.78
2026-08-10,381.63
2026-08-11,380.65
2026-08-12,381.83
2026-08-13,384.3
2026-08-14,383.85
2026-08-17,382.13
2026-08-18,379.04
2026-08-19,379.99
2026-08-20,376.58
2026-08-21,378.24
2026-08-24,377.07
2026-08-25,378.15
2026-08-26,378.23
2026-08-27,380.63
