datetime,open,high,low,close,volume
2005-03-10,14.3118,14.3118,14.3118,14.3118,0
2005-03-11,14.2947,14.2947,14.2947,14.2947,0
2005-03-14,14.2091,14.2091,14.2091,14.2091,0
2005-03-15,13.901,13.901,13.901,13.901,0
2005-03-16,13.7811,13.7811,13.7811,13.7811,0
2005-03-17,13.8924,13.8924,13.8924,13.8924,0
2005-03-18,13.9124,13.9124,13.9124,13.9124,0
2005-03-21,13.7383,13.7383,13.7383,13.7383,0
2005-03-22,13.5186,13.5186,13.5186,13.5186,0
2005-03-23,13.3959,13.3959,13.3959,13.3959,0
2005-03-24,13.3531,13.3531,13.3531,13.3531,0
2005-03-28,13.3988,13.3988,13.3988,13.3988,0
2005-03-29,13.1078,13.1078,13.1078,13.1078,0
2005-03-30,13.3931,13.3931,13.3931,13.3931,0
2005-03-31,13.4673,13.4673,13.4673,13.4673,0
2005-04-01,13.4815,13.4815,13.4815,13.4815,0
2005-04-04,13.5557,13.5557,13.5557,13.5557,0
2005-04-05,13.5243,13.5243,13.5243,13.5243,0
2005-04-06,13.6499,13.6499,13.6499,13.6499,0
2005-04-07,13.7069,13.7069,13.7069,13.7069,0
2005-04-08,13.5957,13.5957,13.5957,13.5957,0
2005-04-11,13.647,13.647,13.647,13.647,0
2005-04-12,13.667,13.667,13.667,13.667,0
2005-04-13,13.5557,13.5557,13.5557,13.5557,0
2005-04-14,13.2105,13.2105,13.2105,13.2105,0
2005-04-15,12.9879,12.9879,12.9879,12.9879,0
2005-04-18,12.9537,12.9537,12.9537,12.9537,0
2005-04-19,13.2133,13.2133,13.2133,13.2133,0
2005-04-20,13.005,13.005,13.005,13.005,0
2005-04-21,13.2989,13.2989,13.2989,13.2989,0
2005-04-22,13.2048,13.2048,13.2048,13.2048,0
2005-04-25,13.3275,13.3275,13.3275,13.3275,0
2005-04-26,13.2447,13.2447,13.2447,13.2447,0
2005-04-27,13.1819,13.1819,13.1819,13.1819,0
2005-04-28,12.9109,12.9109,12.9109,12.9109,0
2005-04-29,13.1534,13.1534,13.1534,13.1534,0
2005-05-02,13.2133,13.2133,13.2133,13.2133,0
2005-05-03,13.122,13.122,13.122,13.122,0
2005-05-04,13.5785,13.5785,13.5785,13.5785,0
2005-05-05,13.5871,13.5871,13.5871,13.5871,0
2005-05-06,13.6527,13.6527,13.6527,13.6527,0
2005-05-09,13.6984,13.6984,13.6984,13.6984,0
2005-05-10,13.4159,13.4159,13.4159,13.4159,0
2005-05-11,13.4929,13.4929,13.4929,13.4929,0
2005-05-12,13.2533,13.2533,13.2533,13.2533,0
2005-05-13,13.2219,13.2219,13.2219,13.2219,0
2005-05-16,13.3103,13.3103,13.3103,13.3103,0
2005-05-17,13.3275,13.3275,13.3275,13.3275,0
2005-05-18,13.6527,13.6527,13.6527,13.6527,0
2005-05-19,13.5957,13.5957,13.5957,13.5957,0
2005-05-20,13.4673,13.4673,13.4673,13.4673,0
2005-05-23,13.4815,13.4815,13.4815,13.4815,0
2005-05-24,13.4787,13.4787,13.4787,13.4787,0
2005-05-25,13.4273,13.4273,13.4273,13.4273,0
2005-05-26,13.4815,13.4815,13.4815,13.4815,0
2005-05-27,13.6556,13.6556,13.6556,13.6556,0
2005-05-31,13.5357,13.5357,13.5357,13.5357,0
2005-06-01,13.6099,13.6099,13.6099,13.6099,0
2005-06-02,13.7298,13.7298,13.7298,13.7298,0
2005-06-03,13.6955,13.6955,13.6955,13.6955,0
2005-06-06,13.8154,13.8154,13.8154,13.8154,0
2005-06-07,13.744,13.744,13.744,13.744,0
2005-06-08,13.6841,13.6841,13.6841,13.6841,0
2005-06-09,13.7811,13.7811,13.7811,13.7811,0
2005-06-10,13.7897,13.7897,13.7897,13.7897,0
2005-06-13,13.7811,13.7811,13.7811,13.7811,0
2005-06-14,13.8325,13.8325,13.8325,13.8325,0
2005-06-15,14.0294,14.0294,14.0294,14.0294,0
2005-06-16,14.2405,14.2405,14.2405,14.2405,0
2005-06-17,14.2861,14.2861,14.2861,14.2861,0
2005-06-20,14.2376,14.2376,14.2376,14.2376,0
2005-06-21,14.1549,14.1549,14.1549,14.1549,0
2005-06-22,14.269,14.269,14.269,14.269,0
2005-06-23,14.0579,14.0579,14.0579,14.0579,0
2005-06-24,13.9808,13.9808,13.9808,13.9808,0
2005-06-27,14.0379,14.0379,14.0379,14.0379,0
2005-06-28,14.152,14.152,14.152,14.152,0
2005-06-29,14.1064,14.1064,14.1064,14.1064,0
2005-06-30,14.0037,14.0037,14.0037,14.0037,0
2005-07-01,14.1321,14.1321,14.1321,14.1321,0
2005-07-05,14.1549,14.1549,14.1549,14.1549,0
2005-07-06,14.0465,14.0465,14.0465,14.0465,0
2005-07-07,14.0379,14.0379,14.0379,14.0379,0
2005-07-08,14.1235,14.1235,14.1235,14.1235,0
2005-07-11,14.3518,14.3518,14.3518,14.3518,0
2005-07-12,14.5258,14.5258,14.5258,14.5258,0
2005-07-13,14.523,14.523,14.523,14.523,0
2005-07-14,14.6114,14.6114,14.6114,14.6114,0
2005-07-15,14.5401,14.5401,14.5401,14.5401,0
2005-07-18,14.5001,14.5001,14.5001,14.5001,0
2005-07-19,14.6485,14.6485,14.6485,14.6485,0
2005-07-20,14.774,14.774,14.774,14.774,0
2005-07-21,14.8796,14.8796,14.8796,14.8796,0
2005-07-22,14.9024,14.9024,14.9024,14.9024,0
2005-07-25,14.6514,14.6514,14.6514,14.6514,0
2005-07-26,14.7341,14.7341,14.7341,14.7341,0
2005-07-27,14.8368,14.8368,14.8368,14.8368,0
2005-07-28,15.105,15.105,15.105,15.105,0
2005-07-29,14.9795,14.9795,14.9795,14.9795,0
2005-08-01,15.1535,15.1535,15.1535,15.1535,0
2005-08-02,15.4588,15.4588,15.4588,15.4588,0
2005-08-03,15.4874,15.4874,15.4874,15.4874,0
2005-08-04,15.3647,15.3647,15.3647,15.3647,0
2005-08-05,15.1221,15.1221,15.1221,15.1221,0
2005-08-08,15.1221,15.1221,15.1221,15.1221,0
2005-08-09,15.573,15.573,15.573,15.573,0
2005-08-10,15.5073,15.5073,15.5073,15.5073,0
2005-08-11,15.6129,15.6129,15.6129,15.6129,0
2005-08-12,15.4674,15.4674,15.4674,15.4674,0
2005-08-15,15.5359,15.5359,15.5359,15.5359,0
2005-08-16,15.2791,15.2791,15.2791,15.2791,0
2005-08-17,15.3361,15.3361,15.3361,15.3361,0
2005-08-18,15.0765,15.0765,15.0765,15.0765,0
2005-08-19,15.0365,15.0365,15.0365,15.0365,0
2005-08-22,15.2391,15.2391,15.2391,15.2391,0
2005-08-23,15.0537,15.0537,15.0537,15.0537,0
2005-08-24,14.8625,14.8625,14.8625,14.8625,0
2005-08-25,15.0879,15.0879,15.0879,15.0879,0
2005-08-26,14.9224,14.9224,14.9224,14.9224,0
2005-08-29,15.0651,15.0651,15.0651,15.0651,0
2005-08-30,14.9082,14.9082,14.9082,14.9082,0
2005-08-31,15.1935,15.1935,15.1935,15.1935,0
2005-09-01,15.3476,15.3476,15.3476,15.3476,0
2005-09-02,15.4845,15.4845,15.4845,15.4845,0
2005-09-06,15.6614,15.6614,15.6614,15.6614,0
2005-09-07,15.6928,15.6928,15.6928,15.6928,0
2005-09-08,15.6985,15.6985,15.6985,15.6985,0
2005-09-09,15.8925,15.8925,15.8925,15.8925,0
2005-09-12,15.8526,15.8526,15.8526,15.8526,0
2005-09-13,15.747,15.747,15.747,15.747,0
2005-09-14,15.8183,15.8183,15.8183,15.8183,0
2005-09-15,15.8725,15.8725,15.8725,15.8725,0
2005-09-16,15.9952,15.9952,15.9952,15.9952,0
2005-09-19,16.0238,16.0238,16.0238,16.0238,0
2005-09-20,16.0352,16.0352,16.0352,16.0352,0
2005-09-21,16.0922,16.0922,16.0922,16.0922,0
2005-09-22,16.0751,16.0751,16.0751,16.0751,0
2005-09-23,15.9467,15.9467,15.9467,15.9467,0
2005-09-26,16.1607,16.1607,16.1607,16.1607,0
2005-09-27,16.0295,16.0295,16.0295,16.0295,0
2005-09-28,16.1265,16.1265,16.1265,16.1265,0
2005-09-29,16.4204,16.4204,16.4204,16.4204,0
2005-09-30,16.4432,16.4432,16.4432,16.4432,0
2005-10-03,16.3633,16.3633,16.3633,16.3633,0
2005-10-04,16.3348,16.3348,16.3348,16.3348,0
2005-10-05,16.0295,16.0295,16.0295,16.0295,0
2005-10-06,15.5273,15.5273,15.5273,15.5273,0
2005-10-07,15.7556,15.7556,15.7556,15.7556,0
2005-10-10,15.7927,15.7927,15.7927,15.7927,0
2005-10-11,15.864,15.864,15.864,15.864,0
2005-10-12,15.5787,15.5787,15.5787,15.5787,0
2005-10-13,15.3447,15.3447,15.3447,15.3447,0
2005-10-14,15.4217,15.4217,15.4217,15.4217,0
2005-10-17,15.4931,15.4931,15.4931,15.4931,0
2005-10-18,15.1221,15.1221,15.1221,15.1221,0
2005-10-19,15.1278,15.1278,15.1278,15.1278,0
2005-10-20,14.6342,14.6342,14.6342,14.6342,0
2005-10-21,15.1164,15.1164,15.1164,15.1164,0
2005-10-24,15.456,15.456,15.456,15.456,0
2005-10-25,15.145,15.145,15.145,15.145,0
2005-10-26,15.2762,15.2762,15.2762,15.2762,0
2005-10-27,14.8511,14.8511,14.8511,14.8511,0
2005-10-28,15.222,15.222,15.222,15.222,0
2005-10-31,15.513,15.513,15.513,15.513,0
2005-11-01,15.6215,15.6215,15.6215,15.6215,0
2005-11-02,15.9553,15.9553,15.9553,15.9553,0
2005-11-03,15.961,15.961,15.961,15.961,0
2005-11-04,15.921,15.921,15.921,15.921,0
2005-11-07,15.8982,15.8982,15.8982,15.8982,0
2005-11-08,15.8041,15.8041,15.8041,15.8041,0
2005-11-09,15.9924,15.9924,15.9924,15.9924,0
2005-11-10,16.0466,16.0466,16.0466,16.0466,0
2005-11-11,16.1978,16.1978,16.1978,16.1978,0
2005-11-14,16.1693,16.1693,16.1693,16.1693,0
2005-11-15,16.0295,16.0295,16.0295,16.0295,0
2005-11-16,16.1921,16.1921,16.1921,16.1921,0
2005-11-17,16.4032,16.4032,16.4032,16.4032,0
2005-11-18,16.4632,16.4632,16.4632,16.4632,0
2005-11-21,16.4888,16.4888,16.4888,16.4888,0
2005-11-22,16.4432,16.4432,16.4432,16.4432,0
2005-11-23,16.7285,16.7285,16.7285,16.7285,0
2005-11-25,16.6857,16.6857,16.6857,16.6857,0
2005-11-28,16.5916,16.5916,16.5916,16.5916,0
2005-11-29,16.5431,16.5431,16.5431,16.5431,0
2005-11-30,16.5944,16.5944,16.5944,16.5944,0
2005-12-01,16.9568,16.9568,16.9568,16.9568,0
2005-12-02,16.9682,16.9682,16.9682,16.9682,0
2005-12-05,16.9939,16.9939,16.9939,16.9939,0
2005-12-06,17.205,17.205,17.205,17.205,0
2005-12-07,17.088,17.088,17.088,17.088,0
2005-12-08,17.0138,17.0138,17.0138,17.0138,0
2005-12-09,17.0595,17.0595,17.0595,17.0595,0
2005-12-12,17.245,17.245,17.245,17.245,0
2005-12-13,17.3591,17.3591,17.3591,17.3591,0
2005-12-14,17.2906,17.2906,17.2906,17.2906,0
2005-12-15,17.2421,17.2421,17.2421,17.2421,0
2005-12-16,17.1765,17.1765,17.1765,17.1765,0
2005-12-19,17.2193,17.2193,17.2193,17.2193,0
2005-12-20,17.3049,17.3049,17.3049,17.3049,0
2005-12-21,17.5645,17.5645,17.5645,17.5645,0
2005-12-22,17.5474,17.5474,17.5474,17.5474,0
2005-12-23,17.6701,17.6701,17.6701,17.6701,0
2005-12-27,17.5502,17.5502,17.5502,17.5502,0
2005-12-28,17.5618,17.5618,17.5618,17.5618,0
2005-12-29,17.7041,17.7041,17.7041,17.7041,0
2005-12-30,17.6779,17.6779,17.6779,17.6779,0
2006-01-03,18.2645,18.2645,18.2645,18.2645,0
2006-01-04,18.5026,18.5026,18.5026,18.5026,0
2006-01-05,18.52,18.52,18.52,18.52,0
2006-01-06,18.822,18.822,18.822,18.822,0
2006-01-09,18.9846,18.9846,18.9846,18.9846,0
2006-01-10,18.8162,18.8162,18.8162,18.8162,0
2006-01-11,18.9498,18.9498,18.9498,18.9498,0
2006-01-12,18.8394,18.8394,18.8394,18.8394,0
2006-01-13,18.8655,18.8655,18.8655,18.8655,0
2006-01-17,18.5055,18.5055,18.5055,18.5055,0
2006-01-18,18.4097,18.4097,18.4097,18.4097,0
2006-01-19,18.9265,18.9265,18.9265,18.9265,0
2006-01-20,18.4242,18.4242,18.4242,18.4242,0
2006-01-23,18.7204,18.7204,18.7204,18.7204,0
2006-01-24,18.9788,18.9788,18.9788,18.9788,0
2006-01-25,18.9875,18.9875,18.9875,18.9875,0
2006-01-26,19.2779,19.2779,19.2779,19.2779,0
2006-01-27,19.6554,19.6554,19.6554,19.6554,0
2006-01-30,19.6205,19.6205,19.6205,19.6205,0
2006-01-31,19.7338,19.7338,19.7338,19.7338,0
2006-02-01,19.7977,19.7977,19.7977,19.7977,0
2006-02-02,19.3098,19.3098,19.3098,19.3098,0
2006-02-03,19.1037,19.1037,19.1037,19.1037,0
2006-02-06,19.5131,19.5131,19.5131,19.5131,0
2006-02-07,19.1153,19.1153,19.1153,19.1153,0
2006-02-08,19.1356,19.1356,19.1356,19.1356,0
2006-02-09,19.1414,19.1414,19.1414,19.1414,0
2006-02-10,19.1675,19.1675,19.1675,19.1675,0
2006-02-13,18.7407,18.7407,18.7407,18.7407,0
2006-02-14,19.1211,19.1211,19.1211,19.1211,0
2006-02-15,19.092,19.092,19.092,19.092,0
2006-02-16,19.426,19.426,19.426,19.426,0
2006-02-17,19.4666,19.4666,19.4666,19.4666,0
2006-02-21,19.3534,19.3534,19.3534,19.3534,0
2006-02-22,19.4782,19.4782,19.4782,19.4782,0
2006-02-23,19.4986,19.4986,19.4986,19.4986,0
2006-02-24,19.5537,19.5537,19.5537,19.5537,0
2006-02-27,19.6641,19.6641,19.6641,19.6641,0
2006-02-28,19.3098,19.3098,19.3098,19.3098,0
2006-03-01,19.7105,19.7105,19.7105,19.7105,0
2006-03-02,19.7715,19.7715,19.7715,19.7715,0
2006-03-03,19.4463,19.4463,19.4463,19.4463,0
2006-03-06,19.182,19.182,19.182,19.182,0
2006-03-07,18.4852,18.4852,18.4852,18.4852,0
2006-03-08,18.6303,18.6303,18.6303,18.6303,0
2006-03-09,18.5519,18.5519,18.5519,18.5519,0
2006-03-10,18.8743,18.8743,18.8743,18.8743,0
2006-03-13,18.8772,18.8772,18.8772,18.8772,0
2006-03-14,19.3592,19.3592,19.3592,19.3592,0
2006-03-15,19.545,19.545,19.545,19.545,0
2006-03-16,19.4347,19.4347,19.4347,19.4347,0
2006-03-17,19.5102,19.5102,19.5102,19.5102,0
2006-03-20,19.5566,19.5566,19.5566,19.5566,0
2006-03-21,19.182,19.182,19.182,19.182,0
2006-03-22,19.2721,19.2721,19.2721,19.2721,0
2006-03-23,19.1472,19.1472,19.1472,19.1472,0
2006-03-24,19.2721,19.2721,19.2721,19.2721,0
2006-03-27,19.3621,19.3621,19.3621,19.3621,0
2006-03-28,19.1414,19.1414,19.1414,19.1414,0
2006-03-29,19.3708,19.3708,19.3708,19.3708,0
2006-03-30,19.5102,19.5102,19.5102,19.5102,0
2006-03-31,19.5363,19.5363,19.5363,19.5363,0
2006-04-03,20.0125,20.0125,20.0125,20.0125,0
2006-04-04,20.2216,20.2216,20.2216,20.2216,0
2006-04-05,20.4132,20.4132,20.4132,20.4132,0
2006-04-06,20.3784,20.3784,20.3784,20.3784,0
2006-04-07,20.1258,20.1258,20.1258,20.1258,0
2006-04-10,20.0967,20.0967,20.0967,20.0967,0
2006-04-11,19.8906,19.8906,19.8906,19.8906,0
2006-04-12,19.998,19.998,19.998,19.998,0
2006-04-13,20.0125,20.0125,20.0125,20.0125,0
2006-04-17,20.2477,20.2477,20.2477,20.2477,0
2006-04-18,20.8807,20.8807,20.8807,20.8807,0
2006-04-19,21.0637,21.0637,21.0637,21.0637,0
2006-04-20,21.0143,21.0143,21.0143,21.0143,0
2006-04-21,21.0956,21.0956,21.0956,21.0956,0
2006-04-24,21.023,21.023,21.023,21.023,0
2006-04-25,20.7355,20.7355,20.7355,20.7355,0
2006-04-26,21.1101,21.1101,21.1101,21.1101,0
2006-04-27,20.9882,20.9882,20.9882,20.9882,0
2006-04-28,21.0608,21.0608,21.0608,21.0608,0
2006-05-01,21.1188,21.1188,21.1188,21.1188,0
2006-05-02,21.4847,21.4847,21.4847,21.4847,0
2006-05-03,21.4992,21.4992,21.4992,21.4992,0
2006-05-04,21.6763,21.6763,21.6763,21.6763,0
2006-05-05,21.9522,21.9522,21.9522,21.9522,0
2006-05-08,22.0684,22.0684,22.0684,22.0684,0
2006-05-09,22.0916,22.0916,22.0916,22.0916,0
2006-05-10,21.9725,21.9725,21.9725,21.9725,0
2006-05-11,21.4296,21.4296,21.4296,21.4296,0
2006-05-12,20.9562,20.9562,20.9562,20.9562,0
2006-05-15,20.3523,20.3523,20.3523,20.3523,0
2006-05-16,20.4829,20.4829,20.4829,20.4829,0
2006-05-17,19.8325,19.8325,19.8325,19.8325,0
2006-05-18,19.4521,19.4521,19.4521,19.4521,0
2006-05-19,19.6786,19.6786,19.6786,19.6786,0
2006-05-22,18.6332,18.6332,18.6332,18.6332,0
2006-05-23,18.6884,18.6884,18.6884,18.6884,0
2006-05-24,18.5636,18.5636,18.5636,18.5636,0
2006-05-25,19.1559,19.1559,19.1559,19.1559,0
2006-05-26,19.3069,19.3069,19.3069,19.3069,0
2006-05-30,18.2935,18.2935,18.2935,18.2935,0
2006-05-31,18.6826,18.6826,18.6826,18.6826,0
2006-06-01,19.0485,19.0485,19.0485,19.0485,0
2006-06-02,19.2401,19.2401,19.2401,19.2401,0
2006-06-05,18.4097,18.4097,18.4097,18.4097,0
2006-06-06,18.1454,18.1454,18.1454,18.1454,0
2006-06-07,17.8957,17.8957,17.8957,17.8957,0
2006-06-08,17.3701,17.3701,17.3701,17.3701,0
2006-06-09,17.2569,17.2569,17.2569,17.2569,0
2006-06-12,16.7458,16.7458,16.7458,16.7458,0
2006-06-13,16.3509,16.3509,16.3509,16.3509,0
2006-06-14,16.7923,16.7923,16.7923,16.7923,0
2006-06-15,17.5763,17.5763,17.5763,17.5763,0
2006-06-16,17.4659,17.4659,17.4659,17.4659,0
2006-06-19,16.9142,16.9142,16.9142,16.9142,0
2006-06-20,17.1552,17.1552,17.1552,17.1552,0
2006-06-21,17.5502,17.5502,17.5502,17.5502,0
2006-06-22,17.3904,17.3904,17.3904,17.3904,0
2006-06-23,17.5095,17.5095,17.5095,17.5095,0
2006-06-26,17.4224,17.4224,17.4224,17.4224,0
2006-06-27,17.2656,17.2656,17.2656,17.2656,0
2006-06-28,17.6547,17.6547,17.6547,17.6547,0
2006-06-29,18.6158,18.6158,18.6158,18.6158,0
2006-06-30,18.6652,18.6652,18.6652,18.6652,0
2006-07-03,19.0949,19.0949,19.0949,19.0949,0
2006-07-05,18.5287,18.5287,18.5287,18.5287,0
2006-07-06,18.9091,18.9091,18.9091,18.9091,0
2006-07-07,18.5955,18.5955,18.5955,18.5955,0
2006-07-10,18.7262,18.7262,18.7262,18.7262,0
2006-07-11,18.9149,18.9149,18.9149,18.9149,0
2006-07-12,18.6245,18.6245,18.6245,18.6245,0
2006-07-13,17.9102,17.9102,17.9102,17.9102,0
2006-07-14,17.7708,17.7708,17.7708,17.7708,0
2006-07-17,17.5473,17.5473,17.5473,17.5473,0
2006-07-18,17.7621,17.7621,17.7621,17.7621,0
2006-07-19,18.6216,18.6216,18.6216,18.6216,0
2006-07-20,18.2035,18.2035,18.2035,18.2035,0
2006-07-21,17.8202,17.8202,17.8202,17.8202,0
2006-07-24,18.6971,18.6971,18.6971,18.6971,0
2006-07-25,18.7378,18.7378,18.7378,18.7378,0
2006-07-26,18.5926,18.5926,18.5926,18.5926,0
2006-07-27,18.7668,18.7668,18.7668,18.7668,0
2006-07-28,19.2169,19.2169,19.2169,19.2169,0
2006-07-31,19.0107,19.0107,19.0107,19.0107,0
2006-08-01,18.6797,18.6797,18.6797,18.6797,0
2006-08-02,18.9527,18.9527,18.9527,18.9527,0
2006-08-03,18.9352,18.9352,18.9352,18.9352,0
2006-08-04,18.9294,18.9294,18.9294,18.9294,0
2006-08-07,18.8684,18.8684,18.8684,18.8684,0
2006-08-08,18.9236,18.9236,18.9236,18.9236,0
2006-08-09,18.9323,18.9323,18.9323,18.9323,0
2006-08-10,19.0746,19.0746,19.0746,19.0746,0
2006-08-11,18.941,18.941,18.941,18.941,0
2006-08-14,18.9585,18.9585,18.9585,18.9585,0
2006-08-15,19.3563,19.3563,19.3563,19.3563,0
2006-08-16,19.6844,19.6844,19.6844,19.6844,0
2006-08-17,19.5886,19.5886,19.5886,19.5886,0
2006-08-18,19.4869,19.4869,19.4869,19.4869,0
2006-08-21,19.3127,19.3127,19.3127,19.3127,0
2006-08-22,19.2837,19.2837,19.2837,19.2837,0
2006-08-23,19.0165,19.0165,19.0165,19.0165,0
2006-08-24,19.0369,19.0369,19.0369,19.0369,0
2006-08-25,19.1007,19.1007,19.1007,19.1007,0
2006-08-28,19.2082,19.2082,19.2082,19.2082,0
2006-08-29,19.2982,19.2982,19.2982,19.2982,0
2006-08-30,19.426,19.426,19.426,19.426,0
2006-08-31,19.2924,19.2924,19.2924,19.2924,0
2006-09-01,19.5595,19.5595,19.5595,19.5595,0
2006-09-05,19.7977,19.7977,19.7977,19.7977,0
2006-09-06,19.2053,19.2053,19.2053,19.2053,0
2006-09-07,19.034,19.034,19.034,19.034,0
2006-09-08,19.2082,19.2082,19.2082,19.2082,0
2006-09-11,18.7872,18.7872,18.7872,18.7872,0
2006-09-12,19.1211,19.1211,19.1211,19.1211,0
2006-09-13,19.3824,19.3824,19.3824,19.3824,0
2006-09-14,19.2285,19.2285,19.2285,19.2285,0
2006-09-15,19.2953,19.2953,19.2953,19.2953,0
2006-09-18,19.606,19.606,19.606,19.606,0
2006-09-19,19.3621,19.3621,19.3621,19.3621,0
2006-09-20,19.5857,19.5857,19.5857,19.5857,0
2006-09-21,19.2372,19.2372,19.2372,19.2372,0
2006-09-22,19.0311,19.0311,19.0311,19.0311,0
2006-09-25,19.2169,19.2169,19.2169,19.2169,0
2006-09-26,19.455,19.455,19.455,19.455,0
2006-09-27,19.4434,19.4434,19.4434,19.4434,0
2006-09-28,19.6002,19.6002,19.6002,19.6002,0
2006-09-29,19.4957,19.4957,19.4957,19.4957,0
2006-10-02,19.5189,19.5189,19.5189,19.5189,0
2006-10-03,19.2663,19.2663,19.2663,19.2663,0
2006-10-04,19.6408,19.6408,19.6408,19.6408,0
2006-10-05,19.8906,19.8906,19.8906,19.8906,0
2006-10-06,19.7744,19.7744,19.7744,19.7744,0
2006-10-09,19.6554,19.6554,19.6554,19.6554,0
2006-10-10,19.8296,19.8296,19.8296,19.8296,0
2006-10-11,19.7367,19.7367,19.7367,19.7367,0
2006-10-12,20.2013,20.2013,20.2013,20.2013,0
2006-10-13,20.2681,20.2681,20.2681,20.2681,0
2006-10-16,20.3261,20.3261,20.3261,20.3261,0
2006-10-17,20.0967,20.0967,20.0967,20.0967,0
2006-10-18,20.1693,20.1693,20.1693,20.1693,0
2006-10-19,20.3232,20.3232,20.3232,20.3232,0
2006-10-20,20.2071,20.2071,20.2071,20.2071,0
2006-10-23,20.2506,20.2506,20.2506,20.2506,0
2006-10-24,20.3203,20.3203,20.3203,20.3203,0
2006-10-25,20.5178,20.5178,20.5178,20.5178,0
2006-10-26,20.6049,20.6049,20.6049,20.6049,0
2006-10-27,20.2535,20.2535,20.2535,20.2535,0
2006-10-30,20.1112,20.1112,20.1112,20.1112,0
2006-10-31,20.4858,20.4858,20.4858,20.4858,0
2006-11-01,20.451,20.451,20.451,20.451,0
2006-11-02,20.5497,20.5497,20.5497,20.5497,0
2006-11-03,20.7094,20.7094,20.7094,20.7094,0
2006-11-06,21.1159,21.1159,21.1159,21.1159,0
2006-11-07,21.0579,21.0579,21.0579,21.0579,0
2006-11-08,21.0753,21.0753,21.0753,21.0753,0
2006-11-09,21.1101,21.1101,21.1101,21.1101,0
2006-11-10,21.1682,21.1682,21.1682,21.1682,0
2006-11-13,21.1246,21.1246,21.1246,21.1246,0
2006-11-14,21.447,21.447,21.447,21.447,0
2006-11-15,21.4034,21.4034,21.4034,21.4034,0
2006-11-16,21.2292,21.2292,21.2292,21.2292,0
2006-11-17,21.1276,21.1276,21.1276,21.1276,0
2006-11-20,21.0898,21.0898,21.0898,21.0898,0
2006-11-21,21.4296,21.4296,21.4296,21.4296,0
2006-11-22,21.6473,21.6473,21.6473,21.6473,0
2006-11-24,21.7286,21.7286,21.7286,21.7286,0
2006-11-27,21.3047,21.3047,21.3047,21.3047,0
2006-11-28,21.4528,21.4528,21.4528,21.4528,0
2006-11-29,21.8941,21.8941,21.8941,21.8941,0
2006-11-30,21.9871,21.9871,21.9871,21.9871,0
2006-12-01,21.8419,21.8419,21.8419,21.8419,0
2006-12-04,22.289,22.289,22.289,22.289,0
2006-12-05,22.5446,22.5446,22.5446,22.5446,0
2006-12-06,22.3297,22.3297,22.3297,22.3297,0
2006-12-07,22.2455,22.2455,22.2455,22.2455,0
2006-12-08,22.2019,22.2019,22.2019,22.2019,0
2006-12-11,22.1874,22.1874,22.1874,22.1874,0
2006-12-12,21.9348,21.9348,21.9348,21.9348,0
2006-12-13,21.9929,21.9929,21.9929,21.9929,0
2006-12-14,22.3558,22.3558,22.3558,22.3558,0
2006-12-15,22.4081,22.4081,22.4081,22.4081,0
2006-12-18,22.2861,22.2861,22.2861,22.2861,0
2006-12-19,22.199,22.199,22.199,22.199,0
2006-12-20,22.3355,22.3355,22.3355,22.3355,0
2006-12-21,22.3878,22.3878,22.3878,22.3878,0
2006-12-22,22.4023,22.4023,22.4023,22.4023,0
2006-12-26,22.6239,22.6239,22.6239,22.6239,0
2006-12-27,22.8692,22.8692,22.8692,22.8692,0
2006-12-28,22.8898,22.8898,22.8898,22.8898,0
2006-12-29,22.8692,22.8692,22.8692,22.8692,0
2007-01-03,23.0199,23.0199,23.0199,23.0199,0
2007-01-04,22.7687,22.7687,22.7687,22.7687,0
2007-01-05,22.1333,22.1333,22.1333,22.1333,0
2007-01-08,22.3757,22.3757,22.3757,22.3757,0
2007-01-09,21.8408,21.8408,21.8408,21.8408,0
2007-01-10,21.7787,21.7787,21.7787,21.7787,0
2007-01-11,22.0683,22.0683,22.0683,22.0683,0
2007-01-12,22.3904,22.3904,22.3904,22.3904,0
2007-01-16,22.3993,22.3993,22.3993,22.3993,0
2007-01-17,22.3402,22.3402,22.3402,22.3402,0
2007-01-18,22.222,22.222,22.222,22.222,0
2007-01-19,22.6505,22.6505,22.6505,22.6505,0
2007-01-22,22.6298,22.6298,22.6298,22.6298,0
2007-01-23,23.0199,23.0199,23.0199,23.0199,0
2007-01-24,23.2297,23.2297,23.2297,23.2297,0
2007-01-25,22.5205,22.5205,22.5205,22.5205,0
2007-01-26,22.6564,22.6564,22.6564,22.6564,0
2007-01-29,22.4732,22.4732,22.4732,22.4732,0
2007-01-30,22.7155,22.7155,22.7155,22.7155,0
2007-01-31,22.8869,22.8869,22.8869,22.8869,0
2007-02-01,23.1174,23.1174,23.1174,23.1174,0
2007-02-02,23.1085,23.1085,23.1085,23.1085,0
2007-02-05,23.1085,23.1085,23.1085,23.1085,0
2007-02-06,23.3567,23.3567,23.3567,23.3567,0
2007-02-07,23.3154,23.3154,23.3154,23.3154,0
2007-02-08,23.3597,23.3597,23.3597,23.3597,0
2007-02-09,22.9519,22.9519,22.9519,22.9519,0
2007-02-12,22.7835,22.7835,22.7835,22.7835,0
2007-02-13,23.1735,23.1735,23.1735,23.1735,0
2007-02-14,23.5813,23.5813,23.5813,23.5813,0
2007-02-15,23.5754,23.5754,23.5754,23.5754,0
2007-02-16,23.5577,23.5577,23.5577,23.5577,0
2007-02-20,23.6729,23.6729,23.6729,23.6729,0
2007-02-21,23.6256,23.6256,23.6256,23.6256,0
2007-02-22,23.7704,23.7704,23.7704,23.7704,0
2007-02-23,23.6611,23.6611,23.6611,23.6611,0
2007-02-26,23.6168,23.6168,23.6168,23.6168,0
2007-02-27,21.894,21.894,21.894,21.894,0
2007-02-28,22.355,22.355,22.355,22.355,0
2007-03-01,22.089,22.089,22.089,22.089,0
2007-03-02,21.631,21.631,21.631,21.631,0
2007-03-05,21.0104,21.0104,21.0104,21.0104,0
2007-03-06,22.0151,22.0151,22.0151,22.0151,0
2007-03-07,21.7935,21.7935,21.7935,21.7935,0
2007-03-08,22.2309,22.2309,22.2309,22.2309,0
2007-03-09,22.3077,22.3077,22.3077,22.3077,0
2007-03-12,22.5293,22.5293,22.5293,22.5293,0
2007-03-13,21.6044,21.6044,21.6044,21.6044,0
2007-03-14,22.0063,22.0063,22.0063,22.0063,0
2007-03-15,22.2338,22.2338,22.2338,22.2338,0
2007-03-16,22.0476,22.0476,22.0476,22.0476,0
2007-03-19,22.4702,22.4702,22.4702,22.4702,0
2007-03-20,22.6859,22.6859,22.6859,22.6859,0
2007-03-21,23.3361,23.3361,23.3361,23.3361,0
2007-03-22,23.2208,23.2208,23.2208,23.2208,0
2007-03-23,23.2681,23.2681,23.2681,23.2681,0
2007-03-26,23.2563,23.2563,23.2563,23.2563,0
2007-03-27,23.1292,23.1292,23.1292,23.1292,0
2007-03-28,22.9253,22.9253,22.9253,22.9253,0
2007-03-29,23.3656,23.3656,23.3656,23.3656,0
2007-03-30,23.3065,23.3065,23.3065,23.3065,0
2007-04-02,23.5104,23.5104,23.5104,23.5104,0
2007-04-03,23.8621,23.8621,23.8621,23.8621,0
2007-04-04,23.9418,23.9418,23.9418,23.9418,0
2007-04-05,24.0068,24.0068,24.0068,24.0068,0
2007-04-09,24.1487,24.1487,24.1487,24.1487,0
2007-04-10,24.2226,24.2226,24.2226,24.2226,0
2007-04-11,24.1546,24.1546,24.1546,24.1546,0
2007-04-12,24.4619,24.4619,24.4619,24.4619,0
2007-04-13,24.5417,24.5417,24.5417,24.5417,0
2007-04-16,24.849,24.849,24.849,24.849,0
2007-04-17,24.7604,24.7604,24.7604,24.7604,0
2007-04-18,24.6451,24.6451,24.6451,24.6451,0
2007-04-19,24.4797,24.4797,24.4797,24.4797,0
2007-04-20,24.8461,24.8461,24.8461,24.8461,0
2007-04-23,24.7426,24.7426,24.7426,24.7426,0
2007-04-24,24.7604,24.7604,24.7604,24.7604,0
2007-04-25,25.112,25.112,25.112,25.112,0
2007-04-26,24.7752,24.7752,24.7752,24.7752,0
2007-04-27,24.6747,24.6747,24.6747,24.6747,0
2007-04-30,24.193,24.193,24.193,24.193,0
2007-05-01,24.3644,24.3644,24.3644,24.3644,0
2007-05-02,24.8343,24.8343,24.8343,24.8343,0
2007-05-03,25.0795,25.0795,25.0795,25.0795,0
2007-05-04,25.1741,25.1741,25.1741,25.1741,0
2007-05-07,25.2627,25.2627,25.2627,25.2627,0
2007-05-08,25.0352,25.0352,25.0352,25.0352,0
2007-05-09,25.3366,25.3366,25.3366,25.3366,0
2007-05-10,24.7072,24.7072,24.7072,24.7072,0
2007-05-11,25.3544,25.3544,25.3544,25.3544,0
2007-05-14,25.1948,25.1948,25.1948,25.1948,0
2007-05-15,25.2066,25.2066,25.2066,25.2066,0
2007-05-16,25.6114,25.6114,25.6114,25.6114,0
2007-05-17,25.4637,25.4637,25.4637,25.4637,0
2007-05-18,25.6439,25.6439,25.6439,25.6439,0
2007-05-21,25.7001,25.7001,25.7001,25.7001,0
2007-05-22,25.7681,25.7681,25.7681,25.7681,0
2007-05-23,25.5996,25.5996,25.5996,25.5996,0
2007-05-24,25.0441,25.0441,25.0441,25.0441,0
2007-05-25,25.5376,25.5376,25.5376,25.5376,0
2007-05-29,25.4578,25.4578,25.4578,25.4578,0
2007-05-30,25.709,25.709,25.709,25.709,0
2007-05-31,25.8035,25.8035,25.8035,25.8035,0
2007-06-01,26.3857,26.3857,26.3857,26.3857,0
2007-06-04,26.3059,26.3059,26.3059,26.3059,0
2007-06-05,26.1611,26.1611,26.1611,26.1611,0
2007-06-06,25.7296,25.7296,25.7296,25.7296,0
2007-06-07,25.2746,25.2746,25.2746,25.2746,0
2007-06-08,25.8685,25.8685,25.8685,25.8685,0
2007-06-11,25.9454,25.9454,25.9454,25.9454,0
2007-06-12,25.5228,25.5228,25.5228,25.5228,0
2007-06-13,26.0901,26.0901,26.0901,26.0901,0
2007-06-14,26.495,26.495,26.495,26.495,0
2007-06-15,26.9501,26.9501,26.9501,26.9501,0
2007-06-18,27.1658,27.1658,27.1658,27.1658,0
2007-06-19,27.219,27.219,27.219,27.219,0
2007-06-20,27.0299,27.0299,27.0299,27.0299,0
2007-06-21,27.3342,27.3342,27.3342,27.3342,0
2007-06-22,26.9501,26.9501,26.9501,26.9501,0
2007-06-25,26.7255,26.7255,26.7255,26.7255,0
2007-06-26,26.5955,26.5955,26.5955,26.5955,0
2007-06-27,26.9412,26.9412,26.9412,26.9412,0
2007-06-28,26.9442,26.9442,26.9442,26.9442,0
2007-06-29,26.9767,26.9767,26.9767,26.9767,0
2007-07-02,27.5352,27.5352,27.5352,27.5352,0
2007-07-03,27.8336,27.8336,27.8336,27.8336,0
2007-07-05,28.0493,28.0493,28.0493,28.0493,0
2007-07-06,28.4306,28.4306,28.4306,28.4306,0
2007-07-09,28.6492,28.6492,28.6492,28.6492,0
2007-07-10,28.1469,28.1469,28.1469,28.1469,0
2007-07-11,28.3596,28.3596,28.3596,28.3596,0
2007-07-12,29.1014,29.1014,29.1014,29.1014,0
2007-07-13,29.3023,29.3023,29.3023,29.3023,0
2007-07-16,28.8768,28.8768,28.8768,28.8768,0
2007-07-17,28.9447,28.9447,28.9447,28.9447,0
2007-07-18,28.8384,28.8384,28.8384,28.8384,0
2007-07-19,29.1073,29.1073,29.1073,29.1073,0
2007-07-20,29.0304,29.0304,29.0304,29.0304,0
2007-07-23,29.7131,29.7131,29.7131,29.7131,0
2007-07-24,28.8325,28.8325,28.8325,28.8325,0
2007-07-25,29.1841,29.1841,29.1841,29.1841,0
2007-07-26,27.5765,27.5765,27.5765,27.5765,0
2007-07-27,27.2751,27.2751,27.2751,27.2751,0
2007-07-30,28.3242,28.3242,28.3242,28.3242,0
2007-07-31,27.9252,27.9252,27.9252,27.9252,0
2007-08-01,27.482,27.482,27.482,27.482,0
2007-08-02,27.7745,27.7745,27.7745,27.7745,0
2007-08-03,26.6546,26.6546,26.6546,26.6546,0
2007-08-06,27.3342,27.3342,27.3342,27.3342,0
2007-08-07,27.4347,27.4347,27.4347,27.4347,0
2007-08-08,28.1912,28.1912,28.1912,28.1912,0
2007-08-09,27.021,27.021,27.021,27.021,0
2007-08-10,26.7285,26.7285,26.7285,26.7285,0
2007-08-13,26.891,26.891,26.891,26.891,0
2007-08-14,26.0488,26.0488,26.0488,26.0488,0
2007-08-15,24.7663,24.7663,24.7663,24.7663,0
2007-08-16,24.3496,24.3496,24.3496,24.3496,0
2007-08-17,25.2834,25.2834,25.2834,25.2834,0
2007-08-20,25.4282,25.4282,25.4282,25.4282,0
2007-08-21,25.2332,25.2332,25.2332,25.2332,0
2007-08-22,26.2586,26.2586,26.2586,26.2586,0
2007-08-23,26.4773,26.4773,26.4773,26.4773,0
2007-08-24,27.0742,27.0742,27.0742,27.0742,0
2007-08-27,27.2013,27.2013,27.2013,27.2013,0
2007-08-28,26.1227,26.1227,26.1227,26.1227,0
2007-08-29,27.3579,27.3579,27.3579,27.3579,0
2007-08-30,27.0831,27.0831,27.0831,27.0831,0
2007-08-31,27.9223,27.9223,27.9223,27.9223,0
2007-09-04,28.3124,28.3124,28.3124,28.3124,0
2007-09-05,27.6563,27.6563,27.6563,27.6563,0
2007-09-06,28.07,28.07,28.07,28.07,0
2007-09-07,27.5145,27.5145,27.5145,27.5145,0
2007-09-10,27.3254,27.3254,27.3254,27.3254,0
2007-09-11,28.1085,28.1085,28.1085,28.1085,0
2007-09-12,28.0257,28.0257,28.0257,28.0257,0
2007-09-13,28.3035,28.3035,28.3035,28.3035,0
2007-09-14,28.3449,28.3449,28.3449,28.3449,0
2007-09-17,28.0848,28.0848,28.0848,28.0848,0
2007-09-18,29.4028,29.4028,29.4028,29.4028,0
2007-09-19,29.4678,29.4678,29.4678,29.4678,0
2007-09-20,29.2727,29.2727,29.2727,29.2727,0
2007-09-21,29.7722,29.7722,29.7722,29.7722,0
2007-09-24,30.1415,30.1415,30.1415,30.1415,0
2007-09-25,30.1681,30.1681,30.1681,30.1681,0
2007-09-26,30.3927,30.3927,30.3927,30.3927,0
2007-09-27,30.9128,30.9128,30.9128,30.9128,0
2007-09-28,30.6675,30.6675,30.6675,30.6675,0
2007-10-01,31.8466,31.8466,31.8466,31.8466,0
2007-10-02,31.7373,31.7373,31.7373,31.7373,0
2007-10-03,31.2526,31.2526,31.2526,31.2526,0
2007-10-04,31.5304,31.5304,31.5304,31.5304,0
2007-10-05,32.3874,32.3874,32.3874,32.3874,0
2007-10-08,32.0919,32.0919,32.0919,32.0919,0
2007-10-09,32.4376,32.4376,32.4376,32.4376,0
2007-10-10,32.6533,32.6533,32.6533,32.6533,0
2007-10-11,32.5026,32.5026,32.5026,32.5026,0
2007-10-12,32.9932,32.9932,32.9932,32.9932,0
2007-10-15,32.7715,32.7715,32.7715,32.7715,0
2007-10-16,32.0475,32.0475,32.0475,32.0475,0
2007-10-17,32.9932,32.9932,32.9932,32.9932,0
2007-10-18,33.138,33.138,33.138,33.138,0
2007-10-19,31.4979,31.4979,31.4979,31.4979,0
2007-10-22,31.9146,31.9146,31.9146,31.9146,0
2007-10-23,32.6829,32.6829,32.6829,32.6829,0
2007-10-24,32.3903,32.3903,32.3903,32.3903,0
2007-10-25,32.7715,32.7715,32.7715,32.7715,0
2007-10-26,34.0245,34.0245,34.0245,34.0245,0
2007-10-29,34.6007,34.6007,34.6007,34.6007,0
2007-10-30,33.9683,33.9683,33.9683,33.9683,0
2007-10-31,34.6569,34.6569,34.6569,34.6569,0
2007-11-01,33.4364,33.4364,33.4364,33.4364,0
2007-11-02,33.6137,33.6137,33.6137,33.6137,0
2007-11-05,32.8011,32.8011,32.8011,32.8011,0
2007-11-06,33.8058,33.8058,33.8058,33.8058,0
2007-11-07,32.5174,32.5174,32.5174,32.5174,0
2007-11-08,32.8129,32.8129,32.8129,32.8129,0
2007-11-09,32.1037,32.1037,32.1037,32.1037,0
2007-11-12,30.3839,30.3839,30.3839,30.3839,0
2007-11-13,32.4465,32.4465,32.4465,32.4465,0
2007-11-14,32.5942,32.5942,32.5942,32.5942,0
2007-11-15,31.8555,31.8555,31.8555,31.8555,0
2007-11-16,31.9086,31.9086,31.9086,31.9086,0
2007-11-19,31.028,31.028,31.028,31.028,0
2007-11-20,31.4418,31.4418,31.4418,31.4418,0
2007-11-21,29.9672,29.9672,29.9672,29.9672,0
2007-11-23,30.5139,30.5139,30.5139,30.5139,0
2007-11-26,29.0482,29.0482,29.0482,29.0482,0
2007-11-27,30.4695,30.4695,30.4695,30.4695,0
2007-11-28,31.9737,31.9737,31.9737,31.9737,0
2007-11-29,31.7077,31.7077,31.7077,31.7077,0
2007-11-30,31.7018,31.7018,31.7018,31.7018,0
2007-12-03,31.7727,31.7727,31.7727,31.7727,0
2007-12-04,31.7166,31.7166,31.7166,31.7166,0
2007-12-05,32.9016,32.9016,32.9016,32.9016,0
2007-12-06,33.2,33.2,33.2,33.2,0
2007-12-07,32.9991,32.9991,32.9991,32.9991,0
2007-12-10,32.9813,32.9813,32.9813,32.9813,0
2007-12-11,31.6043,31.6043,31.6043,31.6043,0
2007-12-12,32.5144,32.5144,32.5144,32.5144,0
2007-12-13,31.9323,31.9323,31.9323,31.9323,0
2007-12-14,31.0399,31.0399,31.0399,31.0399,0
2007-12-17,29.6274,29.6274,29.6274,29.6274,0
2007-12-18,30.4075,30.4075,30.4075,30.4075,0
2007-12-19,30.5405,30.5405,30.5405,30.5405,0
2007-12-20,30.6439,30.6439,30.6439,30.6439,0
2007-12-21,31.4565,31.4565,31.4565,31.4565,0
2007-12-24,32.0493,32.0493,32.0493,32.0493,0
2007-12-26,32.2842,32.2842,32.2842,32.2842,0
2007-12-27,31.6158,31.6158,31.6158,31.6158,0
2007-12-28,31.7392,31.7392,31.7392,31.7392,0
2007-12-31,31.402,31.402,31.402,31.402,0
2008-01-02,31.3117,31.3117,31.3117,31.3117,0
2008-01-03,31.6128,31.6128,31.6128,31.6128,0
2008-01-04,30.5681,30.5681,30.5681,30.5681,0
2008-01-07,30.8089,30.8089,30.8089,30.8089,0
2008-01-08,30.7848,30.7848,30.7848,30.7848,0
2008-01-09,31.5315,31.5315,31.5315,31.5315,0
2008-01-10,31.8235,31.8235,31.8235,31.8235,0
2008-01-11,31.0709,31.0709,31.0709,31.0709,0
2008-01-14,31.4051,31.4051,31.4051,31.4051,0
2008-01-15,30.0803,30.0803,30.0803,30.0803,0
2008-01-16,28.9242,28.9242,28.9242,28.9242,0
2008-01-17,28.0962,28.0962,28.0962,28.0962,0
2008-01-18,28.7104,28.7104,28.7104,28.7104,0
2008-01-22,27.8313,27.8313,27.8313,27.8313,0
2008-01-23,28.1324,28.1324,28.1324,28.1324,0
2008-01-24,28.3311,28.3311,28.3311,28.3311,0
2008-01-25,27.6687,27.6687,27.6687,27.6687,0
2008-01-28,28.301,28.301,28.301,28.301,0
2008-01-29,28.4094,28.4094,28.4094,28.4094,0
2008-01-30,27.9066,27.9066,27.9066,27.9066,0
2008-01-31,28.5689,28.5689,28.5689,28.5689,0
2008-02-01,29.2614,29.2614,29.2614,29.2614,0
2008-02-04,29.2253,29.2253,29.2253,29.2253,0
2008-02-05,28.0089,28.0089,28.0089,28.0089,0
2008-02-06,27.5784,27.5784,27.5784,27.5784,0
2008-02-07,28.021,28.021,28.021,28.021,0
2008-02-08,27.8463,27.8463,27.8463,27.8463,0
2008-02-11,28.2257,28.2257,28.2257,28.2257,0
2008-02-12,28.3311,28.3311,28.3311,28.3311,0
2008-02-13,28.9332,28.9332,28.9332,28.9332,0
2008-02-14,28.6021,28.6021,28.6021,28.6021,0
2008-02-15,29.0386,29.0386,29.0386,29.0386,0
2008-02-19,29.3216,29.3216,29.3216,29.3216,0
2008-02-20,29.5565,29.5565,29.5565,29.5565,0
2008-02-21,29.156,29.156,29.156,29.156,0
2008-02-22,29.5956,29.5956,29.5956,29.5956,0
2008-02-25,29.9208,29.9208,29.9208,29.9208,0
2008-02-26,30.4808,30.4808,30.4808,30.4808,0
2008-02-27,30.6042,30.6042,30.6042,30.6042,0
2008-02-28,30.3513,30.3513,30.3513,30.3513,0
2008-02-29,29.3909,29.3909,29.3909,29.3909,0
2008-03-03,29.5595,29.5595,29.5595,29.5595,0
2008-03-04,29.0175,29.0175,29.0175,29.0175,0
2008-03-05,29.5625,29.5625,29.5625,29.5625,0
2008-03-06,28.6713,28.6713,28.6713,28.6713,0
2008-03-07,28.3612,28.3612,28.3612,28.3612,0
2008-03-10,27.5633,27.5633,27.5633,27.5633,0
2008-03-11,29.427,29.427,29.427,29.427,0
2008-03-12,28.7255,28.7255,28.7255,28.7255,0
2008-03-13,28.6683,28.6683,28.6683,28.6683,0
2008-03-14,27.6326,27.6326,27.6326,27.6326,0
2008-03-17,26.7324,26.7324,26.7324,26.7324,0
2008-03-18,28.2588,28.2588,28.2588,28.2588,0
2008-03-19,26.6812,26.6812,26.6812,26.6812,0
2008-03-20,27.0846,27.0846,27.0846,27.0846,0
2008-03-24,28.0993,28.0993,28.0993,28.0993,0
2008-03-25,28.4064,28.4064,28.4064,28.4064,0
2008-03-26,28.0451,28.0451,28.0451,28.0451,0
2008-03-27,28.3521,28.3521,28.3521,28.3521,0
2008-03-28,28.1444,28.1444,28.1444,28.1444,0
2008-03-31,28.31,28.31,28.31,28.31,0
2008-04-01,29.144,29.144,29.144,29.144,0
2008-04-02,29.138,29.138,29.138,29.138,0
2008-04-03,29.4451,29.4451,29.4451,29.4451,0
2008-04-04,29.3939,29.3939,29.3939,29.3939,0
2008-04-07,29.5384,29.5384,29.5384,29.5384,0
2008-04-08,29.4782,29.4782,29.4782,29.4782,0
2008-04-09,29.2494,29.2494,29.2494,29.2494,0
2008-04-10,29.7552,29.7552,29.7552,29.7552,0
2008-04-11,29.2072,29.2072,29.2072,29.2072,0
2008-04-14,29.2463,29.2463,29.2463,29.2463,0
2008-04-15,29.7431,29.7431,29.7431,29.7431,0
2008-04-16,30.3663,30.3663,30.3663,30.3663,0
2008-04-17,30.1797,30.1797,30.1797,30.1797,0
2008-04-18,30.4838,30.4838,30.4838,30.4838,0
2008-04-21,30.7818,30.7818,30.7818,30.7818,0
2008-04-22,30.5139,30.5139,30.5139,30.5139,0
2008-04-23,30.8902,30.8902,30.8902,30.8902,0
2008-04-24,30.7096,30.7096,30.7096,30.7096,0
2008-04-25,31.0016,31.0016,31.0016,31.0016,0
2008-04-28,30.7216,30.7216,30.7216,30.7216,0
2008-04-29,30.2038,30.2038,30.2038,30.2038,0
2008-04-30,30.6975,30.6975,30.6975,30.6975,0
2008-05-01,31.1401,31.1401,31.1401,31.1401,0
2008-05-02,31.3508,31.3508,31.3508,31.3508,0
2008-05-05,31.2515,31.2515,31.2515,31.2515,0
2008-05-06,31.5285,31.5285,31.5285,31.5285,0
2008-05-07,30.7878,30.7878,30.7878,30.7878,0
2008-05-08,30.9023,30.9023,30.9023,30.9023,0
2008-05-09,30.7427,30.7427,30.7427,30.7427,0
2008-05-12,30.9805,30.9805,30.9805,30.9805,0
2008-05-13,31.0949,31.0949,31.0949,31.0949,0
2008-05-14,31.1612,31.1612,31.1612,31.1612,0
2008-05-15,31.7934,31.7934,31.7934,31.7934,0
2008-05-16,32.1427,32.1427,32.1427,32.1427,0
2008-05-19,32.3022,32.3022,32.3022,32.3022,0
2008-05-20,31.5465,31.5465,31.5465,31.5465,0
2008-05-21,31.2997,31.2997,31.2997,31.2997,0
2008-05-22,31.658,31.658,31.658,31.658,0
2008-05-23,30.818,30.818,30.818,30.818,0
2008-05-27,30.9203,30.9203,30.9203,30.9203,0
2008-05-28,31.0618,31.0618,31.0618,31.0618,0
2008-05-29,31.2967,31.2967,31.2967,31.2967,0
2008-05-30,31.2455,31.2455,31.2455,31.2455,0
2008-06-02,31.0709,31.0709,31.0709,31.0709,0
2008-06-03,30.5319,30.5319,30.5319,30.5319,0
2008-06-04,30.1074,30.1074,30.1074,30.1074,0
2008-06-05,30.9986,30.9986,30.9986,30.9986,0
2008-06-06,29.9208,29.9208,29.9208,29.9208,0
2008-06-09,29.8244,29.8244,29.8244,29.8244,0
2008-06-10,29.1771,29.1771,29.1771,29.1771,0
2008-06-11,29.0537,29.0537,29.0537,29.0537,0
2008-06-12,29.2373,29.2373,29.2373,29.2373,0
2008-06-13,29.2494,29.2494,29.2494,29.2494,0
2008-06-16,29.5053,29.5053,29.5053,29.5053,0
2008-06-17,29.2885,29.2885,29.2885,29.2885,0
2008-06-18,29.5474,29.5474,29.5474,29.5474,0
2008-06-19,29.162,29.162,29.162,29.162,0
2008-06-20,28.2408,28.2408,28.2408,28.2408,0
2008-06-23,28.301,28.301,28.301,28.301,0
2008-06-24,28.2408,28.2408,28.2408,28.2408,0
2008-06-25,28.7466,28.7466,28.7466,28.7466,0
2008-06-26,27.8253,27.8253,27.8253,27.8253,0
2008-06-27,28.0541,28.0541,28.0541,28.0541,0
2008-06-30,28.1805,28.1805,28.1805,28.1805,0
2008-07-01,27.4038,27.4038,27.4038,27.4038,0
2008-07-02,26.7173,26.7173,26.7173,26.7173,0
2008-07-03,26.7836,26.7836,26.7836,26.7836,0
2008-07-07,26.5969,26.5969,26.5969,26.5969,0
2008-07-08,26.8137,26.8137,26.8137,26.8137,0
2008-07-09,26.0911,26.0911,26.0911,26.0911,0
2008-07-10,26.916,26.916,26.916,26.916,0
2008-07-11,26.6571,26.6571,26.6571,26.6571,0
2008-07-14,26.7956,26.7956,26.7956,26.7956,0
2008-07-15,26.1814,26.1814,26.1814,26.1814,0
2008-07-16,26.91,26.91,26.91,26.91,0
2008-07-17,27.3917,27.3917,27.3917,27.3917,0
2008-07-18,27.0967,27.0967,27.0967,27.0967,0
2008-07-21,27.1509,27.1509,27.1509,27.1509,0
2008-07-22,26.8558,26.8558,26.8558,26.8558,0
2008-07-23,27.1027,27.1027,27.1027,27.1027,0
2008-07-24,26.627,26.627,26.627,26.627,0
2008-07-25,26.627,26.627,26.627,26.627,0
2008-07-28,26.7173,26.7173,26.7173,26.7173,0
2008-07-29,26.6691,26.6691,26.6691,26.6691,0
2008-07-30,27.0967,27.0967,27.0967,27.0967,0
2008-07-31,26.8498,26.8498,26.8498,26.8498,0
2008-08-01,26.7896,26.7896,26.7896,26.7896,0
2008-08-04,25.9044,25.9044,25.9044,25.9044,0
2008-08-05,26.2476,26.2476,26.2476,26.2476,0
2008-08-06,26.627,26.627,26.627,26.627,0
2008-08-07,25.8322,25.8322,25.8322,25.8322,0
2008-08-08,25.9285,25.9285,25.9285,25.9285,0
2008-08-11,25.6154,25.6154,25.6154,25.6154,0
2008-08-12,25.519,25.519,25.519,25.519,0
2008-08-13,25.4588,25.4588,25.4588,25.4588,0
2008-08-14,25.6274,25.6274,25.6274,25.6274,0
2008-08-15,25.2722,25.2722,25.2722,25.2722,0
2008-08-18,24.6941,24.6941,24.6941,24.6941,0
2008-08-19,24.4653,24.4653,24.4653,24.4653,0
2008-08-20,25.1939,25.1939,25.1939,25.1939,0
2008-08-21,25.0735,25.0735,25.0735,25.0735,0
2008-08-22,25.1939,25.1939,25.1939,25.1939,0
2008-08-25,24.4231,24.4231,24.4231,24.4231,0
2008-08-26,24.5074,24.5074,24.5074,24.5074,0
2008-08-27,24.9831,24.9831,24.9831,24.9831,0
2008-08-28,25.0072,25.0072,25.0072,25.0072,0
2008-08-29,24.7242,24.7242,24.7242,24.7242,0
2008-09-02,23.8752,23.8752,23.8752,23.8752,0
2008-09-03,23.6705,23.6705,23.6705,23.6705,0
2008-09-04,22.8816,22.8816,22.8816,22.8816,0
2008-09-05,22.8214,22.8214,22.8214,22.8214,0
2008-09-08,23.1767,23.1767,23.1767,23.1767,0
2008-09-09,22.1892,22.1892,22.1892,22.1892,0
2008-09-10,22.2193,22.2193,22.2193,22.2193,0
2008-09-11,22.2735,22.2735,22.2735,22.2735,0
2008-09-12,22.5625,22.5625,22.5625,22.5625,0
2008-09-15,20.9367,20.9367,20.9367,20.9367,0
2008-09-16,20.6537,20.6537,20.6537,20.6537,0
2008-09-17,19.2868,19.2868,19.2868,19.2868,0
2008-09-18,20.473,20.473,20.473,20.473,0
2008-09-19,23.4657,23.4657,23.4657,23.4657,0
2008-09-22,21.9423,21.9423,21.9423,21.9423,0
2008-09-23,21.2077,21.2077,21.2077,21.2077,0
2008-09-24,21.5509,21.5509,21.5509,21.5509,0
2008-09-25,22.3517,22.3517,22.3517,22.3517,0
2008-09-26,21.7195,21.7195,21.7195,21.7195,0
2008-09-29,19.347,19.347,19.347,19.347,0
2008-09-30,20.8705,20.8705,20.8705,20.8705,0
2008-10-01,20.6055,20.6055,20.6055,20.6055,0
2008-10-02,19.0821,19.0821,19.0821,19.0821,0
2008-10-03,18.787,18.787,18.787,18.787,0
2008-10-06,17.1853,17.1853,17.1853,17.1853,0
2008-10-07,16.0232,16.0232,16.0232,16.0232,0
2008-10-08,15.981,15.981,15.981,15.981,0
2008-10-09,15.3247,15.3247,15.3247,15.3247,0
2008-10-10,14.9333,14.9333,14.9333,14.9333,0
2008-10-13,17.9621,17.9621,17.9621,17.9621,0
2008-10-14,17.5045,17.5045,17.5045,17.5045,0
2008-10-15,14.8189,14.8189,14.8189,14.8189,0
2008-10-16,15.1922,15.1922,15.1922,15.1922,0
2008-10-17,15.1139,15.1139,15.1139,15.1139,0
2008-10-20,15.9931,15.9931,15.9931,15.9931,0
2008-10-21,14.7827,14.7827,14.7827,14.7827,0
2008-10-22,13.3617,13.3617,13.3617,13.3617,0
2008-10-23,13.5182,13.5182,13.5182,13.5182,0
2008-10-24,12.3139,12.3139,12.3139,12.3139,0
2008-10-27,11.8744,11.8744,11.8744,11.8744,0
2008-10-28,13.8916,13.8916,13.8916,13.8916,0
2008-10-29,13.7531,13.7531,13.7531,13.7531,0
2008-10-30,15.1621,15.1621,15.1621,15.1621,0
2008-10-31,15.1802,15.1802,15.1802,15.1802,0
2008-11-03,15.1982,15.1982,15.1982,15.1982,0
2008-11-04,16.529,16.529,16.529,16.529,0
2008-11-05,14.6021,14.6021,14.6021,14.6021,0
2008-11-06,13.7892,13.7892,13.7892,13.7892,0
2008-11-07,14.9754,14.9754,14.9754,14.9754,0
2008-11-10,15.0296,15.0296,15.0296,15.0296,0
2008-11-11,14.2408,14.2408,14.2408,14.2408,0
2008-11-12,13.0064,13.0064,13.0064,13.0064,0
2008-11-13,14.7346,14.7346,14.7346,14.7346,0
2008-11-14,13.5303,13.5303,13.5303,13.5303,0
2008-11-17,13.3195,13.3195,13.3195,13.3195,0
2008-11-18,13.1389,13.1389,13.1389,13.1389,0
2008-11-19,12.1453,12.1453,12.1453,12.1453,0
2008-11-20,11.2,11.2,11.2,11.2,0
2008-11-21,12.6451,12.6451,12.6451,12.6451,0
2008-11-24,13.5303,13.5303,13.5303,13.5303,0
2008-11-25,13.2653,13.2653,13.2653,13.2653,0
2008-11-26,14.1686,14.1686,14.1686,14.1686,0
2008-11-28,13.8675,13.8675,13.8675,13.8675,0
2008-12-01,12.6391,12.6391,12.6391,12.6391,0
2008-12-02,13.3436,13.3436,13.3436,13.3436,0
2008-12-03,13.5182,13.5182,13.5182,13.5182,0
2008-12-04,12.9643,12.9643,12.9643,12.9643,0
2008-12-05,13.5965,13.5965,13.5965,13.5965,0
2008-12-08,14.1625,14.1625,14.1625,14.1625,0
2008-12-09,14.0782,14.0782,14.0782,14.0782,0
2008-12-10,14.9453,14.9453,14.9453,14.9453,0
2008-12-11,14.6563,14.6563,14.6563,14.6563,0
2008-12-12,14.7948,14.7948,14.7948,14.7948,0
2008-12-15,14.6804,14.6804,14.6804,14.6804,0
2008-12-16,15.8184,15.8184,15.8184,15.8184,0
2008-12-17,15.415,15.415,15.415,15.415,0
2008-12-18,15.1199,15.1199,15.1199,15.1199,0
2008-12-19,15.0778,15.0778,15.0778,15.0778,0
2008-12-22,14.572,14.572,14.572,14.572,0
2008-12-23,14.3853,14.3853,14.3853,14.3853,0
2008-12-24,14.5614,14.5614,14.5614,14.5614,0
2008-12-26,14.5487,14.5487,14.5487,14.5487,0
2008-12-29,14.6057,14.6057,14.6057,14.6057,0
2008-12-30,14.9414,14.9414,14.9414,14.9414,0
2008-12-31,14.9288,14.9288,14.9288,14.9288,0
2009-01-02,15.7268,15.7268,15.7268,15.7268,0
2009-01-05,15.9802,15.9802,15.9802,15.9802,0
2009-01-06,16.2652,16.2652,16.2652,16.2652,0
2009-01-07,15.4038,15.4038,15.4038,15.4038,0
2009-01-08,15.3088,15.3088,15.3088,15.3088,0
2009-01-09,14.9351,14.9351,14.9351,14.9351,0
2009-01-12,14.2447,14.2447,14.2447,14.2447,0
2009-01-13,14.3397,14.3397,14.3397,14.3397,0
2009-01-14,13.6303,13.6303,13.6303,13.6303,0
2009-01-15,13.814,13.814,13.814,13.814,0
2009-01-16,14.0104,14.0104,14.0104,14.0104,0
2009-01-20,12.9843,12.9843,12.9843,12.9843,0
2009-01-21,13.7063,13.7063,13.7063,13.7063,0
2009-01-22,13.3897,13.3897,13.3897,13.3897,0
2009-01-23,13.4213,13.4213,13.4213,13.4213,0
2009-01-26,13.624,13.624,13.624,13.624,0
2009-01-27,13.738,13.738,13.738,13.738,0
2009-01-28,14.5234,14.5234,14.5234,14.5234,0
2009-01-29,13.776,13.776,13.776,13.776,0
2009-01-30,13.5987,13.5987,13.5987,13.5987,0
2009-02-02,13.51,13.51,13.51,13.51,0
2009-02-03,13.8964,13.8964,13.8964,13.8964,0
2009-02-04,14.0357,14.0357,14.0357,14.0357,0
2009-02-05,14.3017,14.3017,14.3017,14.3017,0
2009-02-06,14.9921,14.9921,14.9921,14.9921,0
2009-02-09,14.8401,14.8401,14.8401,14.8401,0
2009-02-10,14.042,14.042,14.042,14.042,0
2009-02-11,14.3714,14.3714,14.3714,14.3714,0
2009-02-12,14.3397,14.3397,14.3397,14.3397,0
2009-02-13,14.4221,14.4221,14.4221,14.4221,0
2009-02-17,13.2883,13.2883,13.2883,13.2883,0
2009-02-18,13.396,13.396,13.396,13.396,0
2009-02-19,13.339,13.339,13.339,13.339,0
2009-02-20,13.0223,13.0223,13.0223,13.0223,0
2009-02-23,12.7056,12.7056,12.7056,12.7056,0
2009-02-24,13.3833,13.3833,13.3833,13.3833,0
2009-02-25,13.187,13.187,13.187,13.187,0
2009-02-26,13.0413,13.0413,13.0413,13.0413,0
2009-02-27,13.2756,13.2756,13.2756,13.2756,0
2009-03-02,12.6549,12.6549,12.6549,12.6549,0
2009-03-03,12.2939,12.2939,12.2939,12.2939,0
2009-03-04,13.13,13.13,13.13,13.13,0
2009-03-05,12.5536,12.5536,12.5536,12.5536,0
2009-03-06,12.7309,12.7309,12.7309,12.7309,0
2009-03-09,12.5093,12.5093,12.5093,12.5093,0
2009-03-10,13.51,13.51,13.51,13.51,0
2009-03-11,13.472,13.472,13.472,13.472,0
2009-03-12,13.928,13.928,13.928,13.928,0
2009-03-13,14.0167,14.0167,14.0167,14.0167,0
2009-03-16,14.0737,14.0737,14.0737,14.0737,0
2009-03-17,14.3967,14.3967,14.3967,14.3967,0
2009-03-18,14.7071,14.7071,14.7071,14.7071,0
2009-03-19,14.6057,14.6057,14.6057,14.6057,0
2009-03-20,14.4157,14.4157,14.4157,14.4157,0
2009-03-23,15.6825,15.6825,15.6825,15.6825,0
2009-03-24,15.2391,15.2391,15.2391,15.2391,0
2009-03-25,15.4798,15.4798,15.4798,15.4798,0
2009-03-26,15.8345,15.8345,15.8345,15.8345,0
2009-03-27,15.3911,15.3911,15.3911,15.3911,0
2009-03-30,14.6311,14.6311,14.6311,14.6311,0
2009-03-31,14.9224,14.9224,14.9224,14.9224,0
2009-04-01,15.4671,15.4671,15.4671,15.4671,0
2009-04-02,16.3412,16.3412,16.3412,16.3412,0
2009-04-03,16.5312,16.5312,16.5312,16.5312,0
2009-04-06,16.3159,16.3159,16.3159,16.3159,0
2009-04-07,15.9802,15.9802,15.9802,15.9802,0
2009-04-08,16.2462,16.2462,16.2462,16.2462,0
2009-04-09,16.9556,16.9556,16.9556,16.9556,0
2009-04-13,17.0759,17.0759,17.0759,17.0759,0
2009-04-14,16.8099,16.8099,16.8099,16.8099,0
2009-04-15,17.0316,17.0316,17.0316,17.0316,0
2009-04-16,17.2723,17.2723,17.2723,17.2723,0
2009-04-17,17.1076,17.1076,17.1076,17.1076,0
2009-04-20,16.2842,16.2842,16.2842,16.2842,0
2009-04-21,16.6959,16.6959,16.6959,16.6959,0
2009-04-22,16.5629,16.5629,16.5629,16.5629,0
2009-04-23,16.8796,16.8796,16.8796,16.8796,0
2009-04-24,17.1899,17.1899,17.1899,17.1899,0
2009-04-27,16.6136,16.6136,16.6136,16.6136,0
2009-04-28,16.5249,16.5249,16.5249,16.5249,0
2009-04-29,17.4179,17.4179,17.4179,17.4179,0
2009-04-30,17.5256,17.5256,17.5256,17.5256,0
2009-05-01,17.8423,17.8423,17.8423,17.8423,0
2009-05-04,19.0394,19.0394,19.0394,19.0394,0
2009-05-05,18.786,18.786,18.786,18.786,0
2009-05-06,19.1851,19.1851,19.1851,19.1851,0
2009-05-07,18.6594,18.6594,18.6594,18.6594,0
2009-05-08,19.3624,19.3624,19.3624,19.3624,0
2009-05-11,18.9254,18.9254,18.9254,18.9254,0
2009-05-12,19.0267,19.0267,19.0267,19.0267,0
2009-05-13,18.368,18.368,18.368,18.368,0
2009-05-14,18.6404,18.6404,18.6404,18.6404,0
2009-05-15,18.4947,18.4947,18.4947,18.4947,0
2009-05-18,19.6411,19.6411,19.6411,19.6411,0
2009-05-19,19.7741,19.7741,19.7741,19.7741,0
2009-05-20,19.8501,19.8501,19.8501,19.8501,0
2009-05-21,19.5208,19.5208,19.5208,19.5208,0
2009-05-22,19.7171,19.7171,19.7171,19.7171,0
2009-05-26,19.8881,19.8881,19.8881,19.8881,0
2009-05-27,19.6981,19.6981,19.6981,19.6981,0
2009-05-28,20.3062,20.3062,20.3062,20.3062,0
2009-05-29,20.6608,20.6608,20.6608,20.6608,0
2009-06-01,21.4652,21.4652,21.4652,21.4652,0
2009-06-02,21.1549,21.1549,21.1549,21.1549,0
2009-06-03,20.4835,20.4835,20.4835,20.4835,0
2009-06-04,20.8065,20.8065,20.8065,20.8065,0
2009-06-05,20.8382,20.8382,20.8382,20.8382,0
2009-06-08,20.5342,20.5342,20.5342,20.5342,0
2009-06-09,20.5532,20.5532,20.5532,20.5532,0
2009-06-10,20.7495,20.7495,20.7495,20.7495,0
2009-06-11,21.1359,21.1359,21.1359,21.1359,0
2009-06-12,20.8825,20.8825,20.8825,20.8825,0
2009-06-15,20.1288,20.1288,20.1288,20.1288,0
2009-06-16,19.8628,19.8628,19.8628,19.8628,0
2009-06-17,19.7108,19.7108,19.7108,19.7108,0
2009-06-18,19.6728,19.6728,19.6728,19.6728,0
2009-06-19,19.7551,19.7551,19.7551,19.7551,0
2009-06-22,19.0014,19.0014,19.0014,19.0014,0
2009-06-23,19.1217,19.1217,19.1217,19.1217,0
2009-06-24,19.6664,19.6664,19.6664,19.6664,0
2009-06-25,20.1541,20.1541,20.1541,20.1541,0
2009-06-26,20.2618,20.2618,20.2618,20.2618,0
2009-06-29,20.3885,20.3885,20.3885,20.3885,0
2009-06-30,20.1541,20.1541,20.1541,20.1541,0
2009-07-01,20.5785,20.5785,20.5785,20.5785,0
2009-07-02,19.9895,19.9895,19.9895,19.9895,0
2009-07-06,20.0338,20.0338,20.0338,20.0338,0
2009-07-07,19.5651,19.5651,19.5651,19.5651,0
2009-07-08,19.3434,19.3434,19.3434,19.3434,0
2009-07-09,19.6538,19.6538,19.6538,19.6538,0
2009-07-10,19.4131,19.4131,19.4131,19.4131,0
2009-07-13,19.5524,19.5524,19.5524,19.5524,0
2009-07-14,19.7424,19.7424,19.7424,19.7424,0
2009-07-15,20.7685,20.7685,20.7685,20.7685,0
2009-07-16,20.7685,20.7685,20.7685,20.7685,0
2009-07-17,20.9902,20.9902,20.9902,20.9902,0
2009-07-20,21.6363,21.6363,21.6363,21.6363,0
2009-07-21,21.6109,21.6109,21.6109,21.6109,0
2009-07-22,21.5666,21.5666,21.5666,21.5666,0
2009-07-23,22.143,22.143,22.143,22.143,0
2009-07-24,22.0796,22.0796,22.0796,22.0796,0
2009-07-27,22.2253,22.2253,22.2253,22.2253,0
2009-07-28,22.1113,22.1113,22.1113,22.1113,0
2009-07-29,21.6426,21.6426,21.6426,21.6426,0
2009-07-30,22.219,22.219,22.219,22.219,0
2009-07-31,22.352,22.352,22.352,22.352,0
2009-08-03,23.2007,23.2007,23.2007,23.2007,0
2009-08-04,23.0234,23.0234,23.0234,23.0234,0
2009-08-05,22.827,22.827,22.827,22.827,0
2009-08-06,22.6307,22.6307,22.6307,22.6307,0
2009-08-07,22.789,22.789,22.789,22.789,0
2009-08-10,22.599,22.599,22.599,22.599,0
2009-08-11,22.1936,22.1936,22.1936,22.1936,0
2009-08-12,22.4407,22.4407,22.4407,22.4407,0
2009-08-13,22.8207,22.8207,22.8207,22.8207,0
2009-08-14,22.5103,22.5103,22.5103,22.5103,0
2009-08-17,21.5856,21.5856,21.5856,21.5856,0
2009-08-18,21.9403,21.9403,21.9403,21.9403,0
2009-08-19,22.0543,22.0543,22.0543,22.0543,0
2009-08-20,22.3393,22.3393,22.3393,22.3393,0
2009-08-21,22.7573,22.7573,22.7573,22.7573,0
2009-08-24,22.8017,22.8017,22.8017,22.8017,0
2009-08-25,22.77,22.77,22.77,22.77,0
2009-08-26,22.6433,22.6433,22.6433,22.6433,0
2009-08-27,22.6053,22.6053,22.6053,22.6053,0
2009-08-28,22.6053,22.6053,22.6053,22.6053,0
2009-08-31,22.1936,22.1936,22.1936,22.1936,0
2009-09-01,21.8453,21.8453,21.8453,21.8453,0
2009-09-02,22.105,22.105,22.105,22.105,0
2009-09-03,22.5103,22.5103,22.5103,22.5103,0
2009-09-04,22.9537,22.9537,22.9537,22.9537,0
2009-09-08,23.4414,23.4414,23.4414,23.4414,0
2009-09-09,23.4921,23.4921,23.4921,23.4921,0
2009-09-10,23.8278,23.8278,23.8278,23.8278,0
2009-09-11,23.7517,23.7517,23.7517,23.7517,0
2009-09-14,23.7391,23.7391,23.7391,23.7391,0
2009-09-15,23.9924,23.9924,23.9924,23.9924,0
2009-09-16,24.6321,24.6321,24.6321,24.6321,0
2009-09-17,24.4168,24.4168,24.4168,24.4168,0
2009-09-18,24.4991,24.4991,24.4991,24.4991,0
2009-09-21,24.2711,24.2711,24.2711,24.2711,0
2009-09-22,24.7081,24.7081,24.7081,24.7081,0
2009-09-23,24.3281,24.3281,24.3281,24.3281,0
2009-09-24,23.8468,23.8468,23.8468,23.8468,0
2009-09-25,24.0241,24.0241,24.0241,24.0241,0
2009-09-28,24.3218,24.3218,24.3218,24.3218,0
2009-09-29,24.2901,24.2901,24.2901,24.2901,0
2009-09-30,24.4041,24.4041,24.4041,24.4041,0
2009-10-01,23.7898,23.7898,23.7898,23.7898,0
2009-10-02,23.8468,23.8468,23.8468,23.8468,0
2009-10-05,24.3725,24.3725,24.3725,24.3725,0
2009-10-06,24.7715,24.7715,24.7715,24.7715,0
2009-10-07,24.7145,24.7145,24.7145,24.7145,0
2009-10-08,25.0945,25.0945,25.0945,25.0945,0
2009-10-09,25.2275,25.2275,25.2275,25.2275,0
2009-10-12,25.3795,25.3795,25.3795,25.3795,0
2009-10-13,25.3859,25.3859,25.3859,25.3859,0
2009-10-14,26.1966,26.1966,26.1966,26.1966,0
2009-10-15,26.0826,26.0826,26.0826,26.0826,0
2009-10-16,25.7026,25.7026,25.7026,25.7026,0
2009-10-19,26.1776,26.1776,26.1776,26.1776,0
2009-10-20,25.7722,25.7722,25.7722,25.7722,0
2009-10-21,25.6836,25.6836,25.6836,25.6836,0
2009-10-22,25.8862,25.8862,25.8862,25.8862,0
2009-10-23,25.6392,25.6392,25.6392,25.6392,0
2009-10-26,25.4049,25.4049,25.4049,25.4049,0
2009-10-27,24.9868,24.9868,24.9868,24.9868,0
2009-10-28,23.9101,23.9101,23.9101,23.9101,0
2009-10-29,24.9235,24.9235,24.9235,24.9235,0
2009-10-30,23.8151,23.8151,23.8151,23.8151,0
2009-11-02,24.2711,24.2711,24.2711,24.2711,0
2009-11-03,24.0304,24.0304,24.0304,24.0304,0
2009-11-04,24.6511,24.6511,24.6511,24.6511,0
2009-11-05,25.1642,25.1642,25.1642,25.1642,0
2009-11-06,25.0818,25.0818,25.0818,25.0818,0
2009-11-09,25.9496,25.9496,25.9496,25.9496,0
2009-11-10,25.7659,25.7659,25.7659,25.7659,0
2009-11-11,25.9306,25.9306,25.9306,25.9306,0
2009-11-12,25.3795,25.3795,25.3795,25.3795,0
2009-11-13,25.8292,25.8292,25.8292,25.8292,0
2009-11-16,26.45,26.45,26.45,26.45,0
2009-11-17,26.3549,26.3549,26.3549,26.3549,0
2009-11-18,26.1396,26.1396,26.1396,26.1396,0
2009-11-19,25.7089,25.7089,25.7089,25.7089,0
2009-11-20,25.6836,25.6836,25.6836,25.6836,0
2009-11-23,26.1206,26.1206,26.1206,26.1206,0
2009-11-24,26.0319,26.0319,26.0319,26.0319,0
2009-11-25,26.2473,26.2473,26.2473,26.2473,0
2009-11-27,25.2909,25.2909,25.2909,25.2909,0
2009-11-30,25.5252,25.5252,25.5252,25.5252,0
2009-12-01,26.1649,26.1649,26.1649,26.1649,0
2009-12-02,26.2853,26.2853,26.2853,26.2853,0
2009-12-03,26.0889,26.0889,26.0889,26.0889,0
2009-12-04,26.2536,26.2536,26.2536,26.2536,0
2009-12-07,26.0446,26.0446,26.0446,26.0446,0
2009-12-08,25.6582,25.6582,25.6582,25.6582,0
2009-12-09,25.8229,25.8229,25.8229,25.8229,0
2009-12-10,25.8799,25.8799,25.8799,25.8799,0
2009-12-11,26.0129,26.0129,26.0129,26.0129,0
2009-12-14,26.1459,26.1459,26.1459,26.1459,0
2009-12-15,25.9876,25.9876,25.9876,25.9876,0
2009-12-16,26.0572,26.0572,26.0572,26.0572,0
2009-12-17,25.3352,25.3352,25.3352,25.3352,0
2009-12-18,25.4429,25.4429,25.4429,25.4429,0
2009-12-21,25.3985,25.3985,25.3985,25.3985,0
2009-12-22,25.5632,25.5632,25.5632,25.5632,0
2009-12-23,25.7785,25.7785,25.7785,25.7785,0
2009-12-24,26.0899,26.0899,26.0899,26.0899,0
2009-12-28,26.2055,26.2055,26.2055,26.2055,0
2009-12-29,26.1798,26.1798,26.1798,26.1798,0
2009-12-30,26.244,26.244,26.244,26.244,0
2009-12-31,26.321,26.321,26.321,26.321,0
2010-01-04,27.2198,27.2198,27.2198,27.2198,0
2010-01-05,27.3097,27.3097,27.3097,27.3097,0
2010-01-06,27.4766,27.4766,27.4766,27.4766,0
2010-01-07,27.2391,27.2391,27.2391,27.2391,0
2010-01-08,27.406,27.406,27.406,27.406,0
2010-01-11,27.4445,27.4445,27.4445,27.4445,0
2010-01-12,27.0465,27.0465,27.0465,27.0465,0
2010-01-13,27.1556,27.1556,27.1556,27.1556,0
2010-01-14,27.0914,27.0914,27.0914,27.0914,0
2010-01-15,26.7704,26.7704,26.7704,26.7704,0
2010-01-19,27.2326,27.2326,27.2326,27.2326,0
2010-01-20,26.565,26.565,26.565,26.565,0
2010-01-21,25.7946,25.7946,25.7946,25.7946,0
2010-01-22,25.2168,25.2168,25.2168,25.2168,0
2010-01-25,25.4608,25.4608,25.4608,25.4608,0
2010-01-26,24.9729,24.9729,24.9729,24.9729,0
2010-01-27,24.9023,24.9023,24.9023,24.9023,0
2010-01-28,24.806,24.806,24.806,24.806,0
2010-01-29,24.5492,24.5492,24.5492,24.5492,0
2010-02-01,25.2554,25.2554,25.2554,25.2554,0
2010-02-02,25.3773,25.3773,25.3773,25.3773,0
2010-02-03,25.3067,25.3067,25.3067,25.3067,0
2010-02-04,24.1512,24.1512,24.1512,24.1512,0
2010-02-05,24.1062,24.1062,24.1062,24.1062,0
2010-02-08,23.6568,23.6568,23.6568,23.6568,0
2010-02-09,24.3823,24.3823,24.3823,24.3823,0
2010-02-10,24.3052,24.3052,24.3052,24.3052,0
2010-02-11,24.9023,24.9023,24.9023,24.9023,0
2010-02-12,24.6262,24.6262,24.6262,24.6262,0
2010-02-16,25.2554,25.2554,25.2554,25.2554,0
2010-02-17,25.3517,25.3517,25.3517,25.3517,0
2010-02-18,25.403,25.403,25.403,25.403,0
2010-02-19,25.2361,25.2361,25.2361,25.2361,0
2010-02-22,25.2489,25.2489,25.2489,25.2489,0
2010-02-23,24.684,24.684,24.684,24.684,0
2010-02-24,24.9921,24.9921,24.9921,24.9921,0
2010-02-25,24.7931,24.7931,24.7931,24.7931,0
2010-02-26,25.0114,25.0114,25.0114,25.0114,0
2010-03-01,25.4287,25.4287,25.4287,25.4287,0
2010-03-02,25.7176,25.7176,25.7176,25.7176,0
2010-03-03,25.7818,25.7818,25.7818,25.7818,0
2010-03-04,25.6149,25.6149,25.6149,25.6149,0
2010-03-05,26.3596,26.3596,26.3596,26.3596,0
2010-03-08,26.3531,26.3531,26.3531,26.3531,0
2010-03-09,26.4623,26.4623,26.4623,26.4623,0
2010-03-10,26.5136,26.5136,26.5136,26.5136,0
2010-03-11,26.6163,26.6163,26.6163,26.6163,0
2010-03-12,26.5457,26.5457,26.5457,26.5457,0
2010-03-15,26.366,26.366,26.366,26.366,0
2010-03-16,26.6741,26.6741,26.6741,26.6741,0
2010-03-17,26.9438,26.9438,26.9438,26.9438,0
2010-03-18,26.7704,26.7704,26.7704,26.7704,0
2010-03-19,26.5072,26.5072,26.5072,26.5072,0
2010-03-22,26.5714,26.5714,26.5714,26.5714,0
2010-03-23,26.7833,26.7833,26.7833,26.7833,0
2010-03-24,26.4237,26.4237,26.4237,26.4237,0
2010-03-25,26.2889,26.2889,26.2889,26.2889,0
2010-03-26,26.4751,26.4751,26.4751,26.4751,0
2010-03-29,26.9566,26.9566,26.9566,26.9566,0
2010-03-30,27.0465,27.0465,27.0465,27.0465,0
2010-03-31,27.0593,27.0593,27.0593,27.0593,0
2010-04-01,27.7077,27.7077,27.7077,27.7077,0
2010-04-05,27.9838,27.9838,27.9838,27.9838,0
2010-04-06,28.0415,28.0415,28.0415,28.0415,0
2010-04-07,27.8233,27.8233,27.8233,27.8233,0
2010-04-08,27.8939,27.8939,27.8939,27.8939,0
2010-04-09,28.0415,28.0415,28.0415,28.0415,0
2010-04-12,27.8104,27.8104,27.8104,27.8104,0
2010-04-13,27.7912,27.7912,27.7912,27.7912,0
2010-04-14,28.2277,28.2277,28.2277,28.2277,0
2010-04-15,28.0544,28.0544,28.0544,28.0544,0
2010-04-16,27.3161,27.3161,27.3161,27.3161,0
2010-04-19,27.1877,27.1877,27.1877,27.1877,0
2010-04-20,27.5023,27.5023,27.5023,27.5023,0
2010-04-21,27.3931,27.3931,27.3931,27.3931,0
2010-04-22,27.5151,27.5151,27.5151,27.5151,0
2010-04-23,27.6563,27.6563,27.6563,27.6563,0
2010-04-26,27.6692,27.6692,27.6692,27.6692,0
2010-04-27,26.687,26.687,26.687,26.687,0
2010-04-28,26.9502,26.9502,26.9502,26.9502,0
2010-04-29,27.3482,27.3482,27.3482,27.3482,0
2010-04-30,27.0015,27.0015,27.0015,27.0015,0
2010-05-03,27.1684,27.1684,27.1684,27.1684,0
2010-05-04,26.0514,26.0514,26.0514,26.0514,0
2010-05-05,25.5699,25.5699,25.5699,25.5699,0
2010-05-06,24.6326,24.6326,24.6326,24.6326,0
2010-05-07,24.6583,24.6583,24.6583,24.6583,0
2010-05-10,26.2761,26.2761,26.2761,26.2761,0
2010-05-11,25.8139,25.8139,25.8139,25.8139,0
2010-05-12,26.1734,26.1734,26.1734,26.1734,0
2010-05-13,25.9166,25.9166,25.9166,25.9166,0
2010-05-14,25.4672,25.4672,25.4672,25.4672,0
2010-05-17,25.3452,25.3452,25.3452,25.3452,0
2010-05-18,24.7995,24.7995,24.7995,24.7995,0
2010-05-19,24.4914,24.4914,24.4914,24.4914,0
2010-05-20,23.3808,23.3808,23.3808,23.3808,0
2010-05-21,24.0163,24.0163,24.0163,24.0163,0
2010-05-24,23.766,23.766,23.766,23.766,0
2010-05-25,23.5349,23.5349,23.5349,23.5349,0
2010-05-26,23.5349,23.5349,23.5349,23.5349,0
2010-05-27,24.8958,24.8958,24.8958,24.8958,0
2010-05-28,24.5235,24.5235,24.5235,24.5235,0
2010-06-01,24.087,24.087,24.087,24.087,0
2010-06-02,24.9408,24.9408,24.9408,24.9408,0
2010-06-03,24.8381,24.8381,24.8381,24.8381,0
2010-06-04,24.0163,24.0163,24.0163,24.0163,0
2010-06-07,23.6825,23.6825,23.6825,23.6825,0
2010-06-08,24.1961,24.1961,24.1961,24.1961,0
2010-06-09,24.0292,24.0292,24.0292,24.0292,0
2010-06-10,24.7803,24.7803,24.7803,24.7803,0
2010-06-11,24.9536,24.9536,24.9536,24.9536,0
2010-06-14,24.9344,24.9344,24.9344,24.9344,0
2010-06-15,25.6919,25.6919,25.6919,25.6919,0
2010-06-16,25.6598,25.6598,25.6598,25.6598,0
2010-06-17,25.5699,25.5699,25.5699,25.5699,0
2010-06-18,25.7176,25.7176,25.7176,25.7176,0
2010-06-21,26.1926,26.1926,26.1926,26.1926,0
2010-06-22,25.6983,25.6983,25.6983,25.6983,0
2010-06-23,25.8139,25.8139,25.8139,25.8139,0
2010-06-24,25.4287,25.4287,25.4287,25.4287,0
2010-06-25,25.7112,25.7112,25.7112,25.7112,0
2010-06-28,25.5763,25.5763,25.5763,25.5763,0
2010-06-29,24.5941,24.5941,24.5941,24.5941,0
2010-06-30,24.3887,24.3887,24.3887,24.3887,0
2010-07-01,24.5363,24.5363,24.5363,24.5363,0
2010-07-02,24.5877,24.5877,24.5877,24.5877,0
2010-07-06,25.0114,25.0114,25.0114,25.0114,0
2010-07-07,25.4993,25.4993,25.4993,25.4993,0
2010-07-08,25.6662,25.6662,25.6662,25.6662,0
2010-07-09,25.9872,25.9872,25.9872,25.9872,0
2010-07-12,25.7882,25.7882,25.7882,25.7882,0
2010-07-13,26.0963,26.0963,26.0963,26.0963,0
2010-07-14,26.0578,26.0578,26.0578,26.0578,0
2010-07-15,25.9936,25.9936,25.9936,25.9936,0
2010-07-16,25.2746,25.2746,25.2746,25.2746,0
2010-07-19,25.5956,25.5956,25.5956,25.5956,0
2010-07-20,26.0835,26.0835,26.0835,26.0835,0
2010-07-21,25.8524,25.8524,25.8524,25.8524,0
2010-07-22,26.5265,26.5265,26.5265,26.5265,0
2010-07-23,26.7383,26.7383,26.7383,26.7383,0
2010-07-26,26.9052,26.9052,26.9052,26.9052,0
2010-07-27,26.841,26.841,26.841,26.841,0
2010-07-28,26.7126,26.7126,26.7126,26.7126,0
2010-07-29,26.7897,26.7897,26.7897,26.7897,0
2010-07-30,26.8796,26.8796,26.8796,26.8796,0
2010-08-02,27.5793,27.5793,27.5793,27.5793,0
2010-08-03,27.4445,27.4445,27.4445,27.4445,0
2010-08-04,27.5344,27.5344,27.5344,27.5344,0
2010-08-05,27.4381,27.4381,27.4381,27.4381,0
2010-08-06,27.3739,27.3739,27.3739,27.3739,0
2010-08-09,27.5279,27.5279,27.5279,27.5279,0
2010-08-10,27.1428,27.1428,27.1428,27.1428,0
2010-08-11,26.3403,26.3403,26.3403,26.3403,0
2010-08-12,26.366,26.366,26.366,26.366,0
2010-08-13,26.52,26.52,26.52,26.52,0
2010-08-16,26.7319,26.7319,26.7319,26.7319,0
2010-08-17,27.0272,27.0272,27.0272,27.0272,0
2010-08-18,26.9823,26.9823,26.9823,26.9823,0
2010-08-19,26.7897,26.7897,26.7897,26.7897,0
2010-08-20,26.7576,26.7576,26.7576,26.7576,0
2010-08-23,26.52,26.52,26.52,26.52,0
2010-08-24,26.2312,26.2312,26.2312,26.2312,0
2010-08-25,26.1156,26.1156,26.1156,26.1156,0
2010-08-26,25.9294,25.9294,25.9294,25.9294,0
2010-08-27,26.4559,26.4559,26.4559,26.4559,0
2010-08-30,26.0642,26.0642,26.0642,26.0642,0
2010-08-31,26.1926,26.1926,26.1926,26.1926,0
2010-09-01,27.0657,27.0657,27.0657,27.0657,0
2010-09-02,27.0786,27.0786,27.0786,27.0786,0
2010-09-03,27.3803,27.3803,27.3803,27.3803,0
2010-09-07,27.0079,27.0079,27.0079,27.0079,0
2010-09-08,27.284,27.284,27.284,27.284,0
2010-09-09,27.4188,27.4188,27.4188,27.4188,0
2010-09-10,27.5601,27.5601,27.5601,27.5601,0
2010-09-13,28.1378,28.1378,28.1378,28.1378,0
2010-09-14,28.1507,28.1507,28.1507,28.1507,0
2010-09-15,28.1699,28.1699,28.1699,28.1699,0
2010-09-16,28.0415,28.0415,28.0415,28.0415,0
2010-09-17,28.0287,28.0287,28.0287,28.0287,0
2010-09-20,28.4781,28.4781,28.4781,28.4781,0
2010-09-21,28.4588,28.4588,28.4588,28.4588,0
2010-09-22,28.4652,28.4652,28.4652,28.4652,0
2010-09-23,28.3112,28.3112,28.3112,28.3112,0
2010-09-24,28.8055,28.8055,28.8055,28.8055,0
2010-09-27,28.7477,28.7477,28.7477,28.7477,0
2010-09-28,28.9403,28.9403,28.9403,28.9403,0
2010-09-29,29.043,29.043,29.043,29.043,0
2010-09-30,29.1842,29.1842,29.1842,29.1842,0
2010-10-01,29.64,29.64,29.64,29.64,0
2010-10-04,29.6144,29.6144,29.6144,29.6144,0
2010-10-05,30.0509,30.0509,30.0509,30.0509,0
2010-10-06,30.1087,30.1087,30.1087,30.1087,0
2010-10-07,29.8198,29.8198,29.8198,29.8198,0
2010-10-08,30.1344,30.1344,30.1344,30.1344,0
2010-10-11,30.1215,30.1215,30.1215,30.1215,0
2010-10-12,29.9931,29.9931,29.9931,29.9931,0
2010-10-13,30.4682,30.4682,30.4682,30.4682,0
2010-10-14,30.5067,30.5067,30.5067,30.5067,0
2010-10-15,30.4425,30.4425,30.4425,30.4425,0
2010-10-18,30.4233,30.4233,30.4233,30.4233,0
2010-10-19,29.486,29.486,29.486,29.486,0
2010-10-20,29.9867,29.9867,29.9867,29.9867,0
2010-10-21,29.9546,29.9546,29.9546,29.9546,0
2010-10-22,30.0316,30.0316,30.0316,30.0316,0
2010-10-25,30.3591,30.3591,30.3591,30.3591,0
2010-10-26,30.3591,30.3591,30.3591,30.3591,0
2010-10-27,29.8583,29.8583,29.8583,29.8583,0
2010-10-28,30.0124,30.0124,30.0124,30.0124,0
2010-10-29,30.0894,30.0894,30.0894,30.0894,0
2010-11-01,30.404,30.404,30.404,30.404,0
2010-11-02,30.7635,30.7635,30.7635,30.7635,0
2010-11-03,30.9754,30.9754,30.9754,30.9754,0
2010-11-04,31.6623,31.6623,31.6623,31.6623,0
2010-11-05,31.6109,31.6109,31.6109,31.6109,0
2010-11-08,31.4568,31.4568,31.4568,31.4568,0
2010-11-09,31.1166,31.1166,31.1166,31.1166,0
2010-11-10,31.2835,31.2835,31.2835,31.2835,0
2010-11-11,31.046,31.046,31.046,31.046,0
2010-11-12,30.3141,30.3141,30.3141,30.3141,0
2010-11-15,30.2756,30.2756,30.2756,30.2756,0
2010-11-16,29.4667,29.4667,29.4667,29.4667,0
2010-11-17,29.5951,29.5951,29.5951,29.5951,0
2010-11-18,30.2692,30.2692,30.2692,30.2692,0
2010-11-19,30.3077,30.3077,30.3077,30.3077,0
2010-11-22,30.2435,30.2435,30.2435,30.2435,0
2010-11-23,29.2741,29.2741,29.2741,29.2741,0
2010-11-24,29.9225,29.9225,29.9225,29.9225,0
2010-11-26,29.2741,29.2741,29.2741,29.2741,0
2010-11-29,29.441,29.441,29.441,29.441,0
2010-11-30,29.2356,29.2356,29.2356,29.2356,0
2010-12-01,30.1151,30.1151,30.1151,30.1151,0
2010-12-02,30.5902,30.5902,30.5902,30.5902,0
2010-12-03,30.6929,30.6929,30.6929,30.6929,0
2010-12-06,30.6801,30.6801,30.6801,30.6801,0
2010-12-07,30.5388,30.5388,30.5388,30.5388,0
2010-12-08,30.3526,30.3526,30.3526,30.3526,0
2010-12-09,30.282,30.282,30.282,30.282,0
2010-12-10,30.4168,30.4168,30.4168,30.4168,0
2010-12-13,30.5773,30.5773,30.5773,30.5773,0
2010-12-14,30.6094,30.6094,30.6094,30.6094,0
2010-12-15,30.16,30.16,30.16,30.16,0
2010-12-16,30.3334,30.3334,30.3334,30.3334,0
2010-12-17,30.3077,30.3077,30.3077,30.3077,0
2010-12-20,30.2178,30.2178,30.2178,30.2178,0
2010-12-21,30.6094,30.6094,30.6094,30.6094,0
2010-12-22,30.7303,30.7303,30.7303,30.7303,0
2010-12-23,30.6845,30.6845,30.6845,30.6845,0
2010-12-27,30.6258,30.6258,30.6258,30.6258,0
2010-12-28,30.6519,30.6519,30.6519,30.6519,0
2010-12-29,31.0242,31.0242,31.0242,31.0242,0
2010-12-30,31.2463,31.2463,31.2463,31.2463,0
2010-12-31,31.4487,31.4487,31.4487,31.4487,0
2011-01-03,31.7557,31.7557,31.7557,31.7557,0
2011-01-04,31.8798,31.8798,31.8798,31.8798,0
2011-01-05,31.7622,31.7622,31.7622,31.7622,0
2011-01-06,31.4814,31.4814,31.4814,31.4814,0
2011-01-07,31.1875,31.1875,31.1875,31.1875,0
2011-01-10,30.8674,30.8674,30.8674,30.8674,0
2011-01-11,31.2136,31.2136,31.2136,31.2136,0
2011-01-12,31.9255,31.9255,31.9255,31.9255,0
2011-01-13,31.5663,31.5663,31.5663,31.5663,0
2011-01-14,31.6512,31.6512,31.6512,31.6512,0
2011-01-18,31.6447,31.6447,31.6447,31.6447,0
2011-01-19,31.3834,31.3834,31.3834,31.3834,0
2011-01-20,31.1091,31.1091,31.1091,31.1091,0
2011-01-21,30.8021,30.8021,30.8021,30.8021,0
2011-01-24,31.0111,31.0111,31.0111,31.0111,0
2011-01-25,30.8282,30.8282,30.8282,30.8282,0
2011-01-26,31.1156,31.1156,31.1156,31.1156,0
2011-01-27,31.0111,31.0111,31.0111,31.0111,0
2011-01-28,30.051,30.051,30.051,30.051,0
2011-01-31,30.3645,30.3645,30.3645,30.3645,0
2011-02-01,31.0176,31.0176,31.0176,31.0176,0
2011-02-02,30.776,30.776,30.776,30.776,0
2011-02-03,30.7499,30.7499,30.7499,30.7499,0
2011-02-04,30.7368,30.7368,30.7368,30.7368,0
2011-02-07,30.6519,30.6519,30.6519,30.6519,0
2011-02-08,30.567,30.567,30.567,30.567,0
2011-02-09,29.9726,29.9726,29.9726,29.9726,0
2011-02-10,29.6722,29.6722,29.6722,29.6722,0
2011-02-11,29.9987,29.9987,29.9987,29.9987,0
2011-02-14,29.9792,29.9792,29.9792,29.9792,0
2011-02-15,30.0379,30.0379,30.0379,30.0379,0
2011-02-16,30.3057,30.3057,30.3057,30.3057,0
2011-02-17,30.4429,30.4429,30.4429,30.4429,0
2011-02-18,30.6323,30.6323,30.6323,30.6323,0
2011-02-22,29.6069,29.6069,29.6069,29.6069,0
2011-02-23,29.5807,29.5807,29.5807,29.5807,0
2011-02-24,29.6461,29.6461,29.6461,29.6461,0
2011-02-25,30.051,30.051,30.051,30.051,0
2011-02-28,30.3123,30.3123,30.3123,30.3123,0
2011-03-01,29.9987,29.9987,29.9987,29.9987,0
2011-03-02,30.4167,30.4167,30.4167,30.4167,0
2011-03-03,30.985,30.985,30.985,30.985,0
2011-03-04,30.9523,30.9523,30.9523,30.9523,0
2011-03-07,30.58,30.58,30.58,30.58,0
2011-03-08,30.9197,30.9197,30.9197,30.9197,0
2011-03-09,30.9262,30.9262,30.9262,30.9262,0
2011-03-10,30.0706,30.0706,30.0706,30.0706,0
2011-03-11,30.2861,30.2861,30.2861,30.2861,0
2011-03-14,30.5147,30.5147,30.5147,30.5147,0
2011-03-15,30.0314,30.0314,30.0314,30.0314,0
2011-03-16,29.3848,29.3848,29.3848,29.3848,0
2011-03-17,29.7832,29.7832,29.7832,29.7832,0
2011-03-18,29.8746,29.8746,29.8746,29.8746,0
2011-03-21,30.4102,30.4102,30.4102,30.4102,0
2011-03-22,30.4429,30.4429,30.4429,30.4429,0
2011-03-23,30.8348,30.8348,30.8348,30.8348,0
2011-03-24,31.2136,31.2136,31.2136,31.2136,0
2011-03-25,31.2136,31.2136,31.2136,31.2136,0
2011-03-28,31.0307,31.0307,31.0307,31.0307,0
2011-03-29,31.3377,31.3377,31.3377,31.3377,0
2011-03-30,31.723,31.723,31.723,31.723,0
2011-03-31,31.9712,31.9712,31.9712,31.9712,0
2011-04-01,32.4938,32.4938,32.4938,32.4938,0
2011-04-04,32.7942,32.7942,32.7942,32.7942,0
2011-04-05,32.7027,32.7027,32.7027,32.7027,0
2011-04-06,32.853,32.853,32.853,32.853,0
2011-04-07,32.8464,32.8464,32.8464,32.8464,0
2011-04-08,32.8987,32.8987,32.8987,32.8987,0
2011-04-11,32.5264,32.5264,32.5264,32.5264,0
2011-04-12,31.9451,31.9451,31.9451,31.9451,0
2011-04-13,32.1606,32.1606,32.1606,32.1606,0
2011-04-14,32.3501,32.3501,32.3501,32.3501,0
2011-04-15,32.3631,32.3631,32.3631,32.3631,0
2011-04-18,31.612,31.612,31.612,31.612,0
2011-04-19,32.0366,32.0366,32.0366,32.0366,0
2011-04-20,32.8399,32.8399,32.8399,32.8399,0
2011-04-21,33.1208,33.1208,33.1208,33.1208,0
2011-04-25,32.8399,32.8399,32.8399,32.8399,0
2011-04-26,33.0946,33.0946,33.0946,33.0946,0
2011-04-27,33.0881,33.0881,33.0881,33.0881,0
2011-04-28,32.8138,32.8138,32.8138,32.8138,0
2011-04-29,33.0489,33.0489,33.0489,33.0489,0
2011-05-02,32.9967,32.9967,32.9967,32.9967,0
2011-05-03,32.3239,32.3239,32.3239,32.3239,0
2011-05-04,31.7426,31.7426,31.7426,31.7426,0
2011-05-05,31.4095,31.4095,31.4095,31.4095,0
2011-05-06,31.8341,31.8341,31.8341,31.8341,0
2011-05-09,31.919,31.919,31.919,31.919,0
2011-05-10,32.1933,32.1933,32.1933,32.1933,0
2011-05-11,31.6055,31.6055,31.6055,31.6055,0
2011-05-12,31.6055,31.6055,31.6055,31.6055,0
2011-05-13,30.9719,30.9719,30.9719,30.9719,0
2011-05-16,30.9654,30.9654,30.9654,30.9654,0
2011-05-17,31.1091,31.1091,31.1091,31.1091,0
2011-05-18,31.5598,31.5598,31.5598,31.5598,0
2011-05-19,31.403,31.403,31.403,31.403,0
2011-05-20,31.1613,31.1613,31.1613,31.1613,0
2011-05-23,30.5213,30.5213,30.5213,30.5213,0
2011-05-24,30.7825,30.7825,30.7825,30.7825,0
2011-05-25,30.8544,30.8544,30.8544,30.8544,0
2011-05-26,31.2332,31.2332,31.2332,31.2332,0
2011-05-27,31.5467,31.5467,31.5467,31.5467,0
2011-05-31,32.0757,32.0757,32.0757,32.0757,0
2011-06-01,31.612,31.612,31.612,31.612,0
2011-06-02,31.8863,31.8863,31.8863,31.8863,0
2011-06-03,31.6904,31.6904,31.6904,31.6904,0
2011-06-06,31.2658,31.2658,31.2658,31.2658,0
2011-06-07,31.514,31.514,31.514,31.514,0
2011-06-08,31.3116,31.3116,31.3116,31.3116,0
2011-06-09,31.4879,31.4879,31.4879,31.4879,0
2011-06-10,30.8413,30.8413,30.8413,30.8413,0
2011-06-13,30.7825,30.7825,30.7825,30.7825,0
2011-06-14,31.2201,31.2201,31.2201,31.2201,0
2011-06-15,30.6062,30.6062,30.6062,30.6062,0
2011-06-16,30.3645,30.3645,30.3645,30.3645,0
2011-06-17,30.4167,30.4167,30.4167,30.4167,0
2011-06-20,30.3319,30.3319,30.3319,30.3319,0
2011-06-21,30.8609,30.8609,30.8609,30.8609,0
2011-06-22,30.6192,30.6192,30.6192,30.6192,0
2011-06-23,30.4625,30.4625,30.4625,30.4625,0
2011-06-24,30.4625,30.4625,30.4625,30.4625,0
2011-06-27,30.7368,30.7368,30.7368,30.7368,0
2011-06-28,31.1352,31.1352,31.1352,31.1352,0
2011-06-29,31.3965,31.3965,31.3965,31.3965,0
2011-06-30,31.7557,31.7557,31.7557,31.7557,0
2011-07-01,32.1215,32.1215,32.1215,32.1215,0
2011-07-05,32.0366,32.0366,32.0366,32.0366,0
2011-07-06,31.9516,31.9516,31.9516,31.9516,0
2011-07-07,32.337,32.337,32.337,32.337,0
2011-07-08,32.0039,32.0039,32.0039,32.0039,0
2011-07-11,31.0895,31.0895,31.0895,31.0895,0
2011-07-12,30.8152,30.8152,30.8152,30.8152,0
2011-07-13,31.2789,31.2789,31.2789,31.2789,0
2011-07-14,30.9981,30.9981,30.9981,30.9981,0
2011-07-15,31.1744,31.1744,31.1744,31.1744,0
2011-07-18,30.8217,30.8217,30.8217,30.8217,0
2011-07-19,31.2658,31.2658,31.2658,31.2658,0
2011-07-20,31.3312,31.3312,31.3312,31.3312,0
2011-07-21,31.7688,31.7688,31.7688,31.7688,0
2011-07-22,31.7949,31.7949,31.7949,31.7949,0
2011-07-25,31.7557,31.7557,31.7557,31.7557,0
2011-07-26,31.8929,31.8929,31.8929,31.8929,0
2011-07-27,31.3899,31.3899,31.3899,31.3899,0
2011-07-28,31.4226,31.4226,31.4226,31.4226,0
2011-07-29,31.5598,31.5598,31.5598,31.5598,0
2011-08-01,31.5336,31.5336,31.5336,31.5336,0
2011-08-02,30.6127,30.6127,30.6127,30.6127,0
2011-08-03,30.4755,30.4755,30.4755,30.4755,0
2011-08-04,28.7317,28.7317,28.7317,28.7317,0
2011-08-05,28.5096,28.5096,28.5096,28.5096,0
2011-08-08,26.2105,26.2105,26.2105,26.2105,0
2011-08-09,27.6082,27.6082,27.6082,27.6082,0
2011-08-10,26.1844,26.1844,26.1844,26.1844,0
2011-08-11,27.6932,27.6932,27.6932,27.6932,0
2011-08-12,27.6736,27.6736,27.6736,27.6736,0
2011-08-15,28.3398,28.3398,28.3398,28.3398,0
2011-08-16,28.0263,28.0263,28.0263,28.0263,0
2011-08-17,28.2157,28.2157,28.2157,28.2157,0
2011-08-18,27.0204,27.0204,27.0204,27.0204,0
2011-08-19,26.6089,26.6089,26.6089,26.6089,0
2011-08-22,26.5828,26.5828,26.5828,26.5828,0
2011-08-23,27.4972,27.4972,27.4972,27.4972,0
2011-08-24,27.3078,27.3078,27.3078,27.3078,0
2011-08-25,26.7722,26.7722,26.7722,26.7722,0
2011-08-26,27.1707,27.1707,27.1707,27.1707,0
2011-08-29,28.0459,28.0459,28.0459,28.0459,0
2011-08-30,28.085,28.085,28.085,28.085,0
2011-08-31,28.6925,28.6925,28.6925,28.6925,0
2011-09-01,28.5553,28.5553,28.5553,28.5553,0
2011-09-02,27.9479,27.9479,27.9479,27.9479,0
2011-09-06,27.6148,27.6148,27.6148,27.6148,0
2011-09-07,28.4247,28.4247,28.4247,28.4247,0
2011-09-08,27.8434,27.8434,27.8434,27.8434,0
2011-09-09,26.8767,26.8767,26.8767,26.8767,0
2011-09-12,26.7788,26.7788,26.7788,26.7788,0
2011-09-13,26.818,26.818,26.818,26.818,0
2011-09-14,26.7069,26.7069,26.7069,26.7069,0
2011-09-15,27.0596,27.0596,27.0596,27.0596,0
2011-09-16,27.1249,27.1249,27.1249,27.1249,0
2011-09-19,26.3608,26.3608,26.3608,26.3608,0
2011-09-20,26.2628,26.2628,26.2628,26.2628,0
2011-09-21,25.2635,25.2635,25.2635,25.2635,0
2011-09-22,23.5131,23.5131,23.5131,23.5131,0
2011-09-23,24.029,24.029,24.029,24.029,0
2011-09-26,24.2642,24.2642,24.2642,24.2642,0
2011-09-27,25.0284,25.0284,25.0284,25.0284,0
2011-09-28,24.4144,24.4144,24.4144,24.4144,0
2011-09-29,24.7018,24.7018,24.7018,24.7018,0
2011-09-30,23.402,23.402,23.402,23.402,0
2011-10-03,22.9905,22.9905,22.9905,22.9905,0
2011-10-04,23.2845,23.2845,23.2845,23.2845,0
2011-10-05,23.6894,23.6894,23.6894,23.6894,0
2011-10-06,24.4797,24.4797,24.4797,24.4797,0
2011-10-07,24.1727,24.1727,24.1727,24.1727,0
2011-10-10,25.2635,25.2635,25.2635,25.2635,0
2011-10-11,25.3353,25.3353,25.3353,25.3353,0
2011-10-12,26.0407,26.0407,26.0407,26.0407,0
2011-10-13,25.8513,25.8513,25.8513,25.8513,0
2011-10-14,26.2693,26.2693,26.2693,26.2693,0
2011-10-17,25.466,25.466,25.466,25.466,0
2011-10-18,26.1191,26.1191,26.1191,26.1191,0
2011-10-19,25.6684,25.6684,25.6684,25.6684,0
2011-10-20,25.1655,25.1655,25.1655,25.1655,0
2011-10-21,25.8644,25.8644,25.8644,25.8644,0
2011-10-24,26.818,26.818,26.818,26.818,0
2011-10-25,26.3216,26.3216,26.3216,26.3216,0
2011-10-26,26.7918,26.7918,26.7918,26.7918,0
2011-10-27,28.392,28.392,28.392,28.392,0
2011-10-28,28.2353,28.2353,28.2353,28.2353,0
2011-10-31,27.1249,27.1249,27.1249,27.1249,0
2011-11-01,26.524,26.524,26.524,26.524,0
2011-11-02,27.236,27.236,27.236,27.236,0
2011-11-03,27.5364,27.5364,27.5364,27.5364,0
2011-11-04,27.4188,27.4188,27.4188,27.4188,0
2011-11-07,27.6148,27.6148,27.6148,27.6148,0
2011-11-08,27.961,27.961,27.961,27.961,0
2011-11-09,26.4261,26.4261,26.4261,26.4261,0
2011-11-10,26.5632,26.5632,26.5632,26.5632,0
2011-11-11,27.1707,27.1707,27.1707,27.1707,0
2011-11-14,26.8506,26.8506,26.8506,26.8506,0
2011-11-15,26.9878,26.9878,26.9878,26.9878,0
2011-11-16,26.3542,26.3542,26.3542,26.3542,0
2011-11-17,25.7011,25.7011,25.7011,25.7011,0
2011-11-18,25.7599,25.7599,25.7599,25.7599,0
2011-11-21,24.963,24.963,24.963,24.963,0
2011-11-22,25.0088,25.0088,25.0088,25.0088,0
2011-11-23,24.2838,24.2838,24.2838,24.2838,0
2011-11-25,24.1727,24.1727,24.1727,24.1727,0
2011-11-28,25.2374,25.2374,25.2374,25.2374,0
2011-11-29,25.1002,25.1002,25.1002,25.1002,0
2011-11-30,26.6612,26.6612,26.6612,26.6612,0
2011-12-01,26.6089,26.6089,26.6089,26.6089,0
2011-12-02,26.5436,26.5436,26.5436,26.5436,0
2011-12-05,26.9812,26.9812,26.9812,26.9812,0
2011-12-06,26.5828,26.5828,26.5828,26.5828,0
2011-12-07,26.733,26.733,26.733,26.733,0
2011-12-08,25.8252,25.8252,25.8252,25.8252,0
2011-12-09,26.2562,26.2562,26.2562,26.2562,0
2011-12-12,25.3288,25.3288,25.3288,25.3288,0
2011-12-13,25.1133,25.1133,25.1133,25.1133,0
2011-12-14,24.754,24.754,24.754,24.754,0
2011-12-15,24.9043,24.9043,24.9043,24.9043,0
2011-12-16,25.0806,25.0806,25.0806,25.0806,0
2011-12-19,24.434,24.434,24.434,24.434,0
2011-12-20,25.4006,25.4006,25.4006,25.4006,0
2011-12-21,25.5317,25.5317,25.5317,25.5317,0
2011-12-22,25.7858,25.7858,25.7858,25.7858,0
2011-12-23,25.8995,25.8995,25.8995,25.8995,0
2011-12-27,25.6922,25.6922,25.6922,25.6922,0
2011-12-28,25.2575,25.2575,25.2575,25.2575,0
2011-12-29,25.5183,25.5183,25.5183,25.5183,0
2011-12-30,25.5518,25.5518,25.5518,25.5518,0
2012-01-03,26.3007,26.3007,26.3007,26.3007,0
2012-01-04,26.2272,26.2272,26.2272,26.2272,0
2012-01-05,26.1001,26.1001,26.1001,26.1001,0
2012-01-06,25.7925,25.7925,25.7925,25.7925,0
2012-01-09,25.9998,25.9998,25.9998,25.9998,0
2012-01-10,26.5816,26.5816,26.5816,26.5816,0
2012-01-11,26.5883,26.5883,26.5883,26.5883,0
2012-01-12,26.722,26.722,26.722,26.722,0
2012-01-13,26.4947,26.4947,26.4947,26.4947,0
2012-01-17,26.9293,26.9293,26.9293,26.9293,0
2012-01-18,27.5914,27.5914,27.5914,27.5914,0
2012-01-19,27.8522,27.8522,27.8522,27.8522,0
2012-01-20,27.8856,27.8856,27.8856,27.8856,0
2012-01-23,28.0327,28.0327,28.0327,28.0327,0
2012-01-24,28.0862,28.0862,28.0862,28.0862,0
2012-01-25,28.4139,28.4139,28.4139,28.4139,0
2012-01-26,28.3002,28.3002,28.3002,28.3002,0
2012-01-27,28.5075,28.5075,28.5075,28.5075,0
2012-01-30,28.0795,28.0795,28.0795,28.0795,0
2012-01-31,28.3069,28.3069,28.3069,28.3069,0
2012-02-01,28.9622,28.9622,28.9622,28.9622,0
2012-02-02,29.0759,29.0759,29.0759,29.0759,0
2012-02-03,29.5641,29.5641,29.5641,29.5641,0
2012-02-06,29.2899,29.2899,29.2899,29.2899,0
2012-02-07,29.3501,29.3501,29.3501,29.3501,0
2012-02-08,29.5775,29.5775,29.5775,29.5775,0
2012-02-09,29.5641,29.5641,29.5641,29.5641,0
2012-02-10,28.9422,28.9422,28.9422,28.9422,0
2012-02-13,29.3768,29.3768,29.3768,29.3768,0
2012-02-14,29.1628,29.1628,29.1628,29.1628,0
2012-02-15,29.2431,29.2431,29.2431,29.2431,0
2012-02-16,29.5373,29.5373,29.5373,29.5373,0
2012-02-17,29.6109,29.6109,29.6109,29.6109,0
2012-02-21,29.4972,29.4972,29.4972,29.4972,0
2012-02-22,29.5908,29.5908,29.5908,29.5908,0
2012-02-23,29.524,29.524,29.524,29.524,0
2012-02-24,29.7647,29.7647,29.7647,29.7647,0
2012-02-27,29.524,29.524,29.524,29.524,0
2012-02-28,29.8984,29.8984,29.8984,29.8984,0
2012-02-29,29.8449,29.8449,29.8449,29.8449,0
2012-03-01,30.1526,30.1526,30.1526,30.1526,0
2012-03-02,30.0723,30.0723,30.0723,30.0723,0
2012-03-05,29.6243,29.6243,29.6243,29.6243,0
2012-03-06,28.5811,28.5811,28.5811,28.5811,0
2012-03-07,28.9221,28.9221,28.9221,28.9221,0
2012-03-08,29.5574,29.5574,29.5574,29.5574,0
2012-03-09,29.5306,29.5306,29.5306,29.5306,0
2012-03-12,29.2565,29.2565,29.2565,29.2565,0
2012-03-13,30.0054,30.0054,30.0054,30.0054,0
2012-03-14,29.4972,29.4972,29.4972,29.4972,0
2012-03-15,29.738,29.738,29.738,29.738,0
2012-03-16,29.7246,29.7246,29.7246,29.7246,0
2012-03-19,29.5574,29.5574,29.5574,29.5574,0
2012-03-20,29.1428,29.1428,29.1428,29.1428,0
2012-03-21,29.2097,29.2097,29.2097,29.2097,0
2012-03-22,28.7549,28.7549,28.7549,28.7549,0
2012-03-23,28.9622,28.9622,28.9622,28.9622,0
2012-03-26,29.4103,29.4103,29.4103,29.4103,0
2012-03-27,29.2765,29.2765,29.2765,29.2765,0
2012-03-28,28.8619,28.8619,28.8619,28.8619,0
2012-03-29,28.7683,28.7683,28.7683,28.7683,0
2012-03-30,29.0692,29.0692,29.0692,29.0692,0
2012-04-02,29.3969,29.3969,29.3969,29.3969,0
2012-04-03,29.2832,29.2832,29.2832,29.2832,0
2012-04-04,28.7014,28.7014,28.7014,28.7014,0
2012-04-05,28.8686,28.8686,28.8686,28.8686,0
2012-04-09,28.4473,28.4473,28.4473,28.4473,0
2012-04-10,27.899,27.899,27.899,27.899,0
2012-04-11,28.1798,28.1798,28.1798,28.1798,0
2012-04-12,28.8954,28.8954,28.8954,28.8954,0
2012-04-13,28.4674,28.4674,28.4674,28.4674,0
2012-04-16,28.3336,28.3336,28.3336,28.3336,0
2012-04-17,28.6279,28.6279,28.6279,28.6279,0
2012-04-18,28.5008,28.5008,28.5008,28.5008,0
2012-04-19,28.4072,28.4072,28.4072,28.4072,0
2012-04-20,28.5877,28.5877,28.5877,28.5877,0
2012-04-23,28.0662,28.0662,28.0662,28.0662,0
2012-04-24,28.113,28.113,28.113,28.113,0
2012-04-25,28.3537,28.3537,28.3537,28.3537,0
2012-04-26,28.5276,28.5276,28.5276,28.5276,0
2012-04-27,28.5409,28.5409,28.5409,28.5409,0
2012-04-30,28.4607,28.4607,28.4607,28.4607,0
2012-05-01,28.6613,28.6613,28.6613,28.6613,0
2012-05-02,28.6279,28.6279,28.6279,28.6279,0
2012-05-03,28.3537,28.3537,28.3537,28.3537,0
2012-05-04,27.8856,27.8856,27.8856,27.8856,0
2012-05-07,27.9458,27.9458,27.9458,27.9458,0
2012-05-08,27.5446,27.5446,27.5446,27.5446,0
2012-05-09,27.1701,27.1701,27.1701,27.1701,0
2012-05-10,27.3105,27.3105,27.3105,27.3105,0
2012-05-11,26.936,26.936,26.936,26.936,0
2012-05-14,26.3275,26.3275,26.3275,26.3275,0
2012-05-15,26.1269,26.1269,26.1269,26.1269,0
2012-05-16,25.7123,25.7123,25.7123,25.7123,0
2012-05-17,25.3779,25.3779,25.3779,25.3779,0
2012-05-18,25.2174,25.2174,25.2174,25.2174,0
2012-05-21,25.7992,25.7992,25.7992,25.7992,0
2012-05-22,25.5919,25.5919,25.5919,25.5919,0
2012-05-23,25.3846,25.3846,25.3846,25.3846,0
2012-05-24,25.2308,25.2308,25.2308,25.2308,0
2012-05-25,25.1238,25.1238,25.1238,25.1238,0
2012-05-29,25.8193,25.8193,25.8193,25.8193,0
2012-05-30,25.3445,25.3445,25.3445,25.3445,0
2012-05-31,25.4247,25.4247,25.4247,25.4247,0
2012-06-01,24.7961,24.7961,24.7961,24.7961,0
2012-06-04,24.8897,24.8897,24.8897,24.8897,0
2012-06-05,24.9834,24.9834,24.9834,24.9834,0
2012-06-06,25.6855,25.6855,25.6855,25.6855,0
2012-06-07,25.8059,25.8059,25.8059,25.8059,0
2012-06-08,25.5919,25.5919,25.5919,25.5919,0
2012-06-11,25.2776,25.2776,25.2776,25.2776,0
2012-06-12,25.8059,25.8059,25.8059,25.8059,0
2012-06-13,25.6788,25.6788,25.6788,25.6788,0
2012-06-14,25.8259,25.8259,25.8259,25.8259,0
2012-06-15,26.2406,26.2406,26.2406,26.2406,0
2012-06-18,26.3408,26.3408,26.3408,26.3408,0
2012-06-19,26.7421,26.7421,26.7421,26.7421,0
2012-06-20,26.702,26.702,26.702,26.702,0
2012-06-21,25.7256,25.7256,25.7256,25.7256,0
2012-06-22,25.8326,25.8326,25.8326,25.8326,0
2012-06-25,25.3645,25.3645,25.3645,25.3645,0
2012-06-26,25.5919,25.5919,25.5919,25.5919,0
2012-06-27,25.7323,25.7323,25.7323,25.7323,0
2012-06-28,25.6253,25.6253,25.6253,25.6253,0
2012-06-29,26.702,26.702,26.702,26.702,0
2012-07-02,26.7287,26.7287,26.7287,26.7287,0
2012-07-03,27.2169,27.2169,27.2169,27.2169,0
2012-07-05,26.9828,26.9828,26.9828,26.9828,0
2012-07-06,26.4947,26.4947,26.4947,26.4947,0
2012-07-09,26.3743,26.3743,26.3743,26.3743,0
2012-07-10,26.1135,26.1135,26.1135,26.1135,0
2012-07-11,26.2339,26.2339,26.2339,26.2339,0
2012-07-12,25.8193,25.8193,25.8193,25.8193,0
2012-07-13,26.3007,26.3007,26.3007,26.3007,0
2012-07-16,26.2472,26.2472,26.2472,26.2472,0
2012-07-17,26.5615,26.5615,26.5615,26.5615,0
2012-07-18,26.4679,26.4679,26.4679,26.4679,0
2012-07-19,26.7354,26.7354,26.7354,26.7354,0
2012-07-20,26.3342,26.3342,26.3342,26.3342,0
2012-07-23,25.6922,25.6922,25.6922,25.6922,0
2012-07-24,25.5852,25.5852,25.5852,25.5852,0
2012-07-25,25.6922,25.6922,25.6922,25.6922,0
2012-07-26,26.2406,26.2406,26.2406,26.2406,0
2012-07-27,27.0096,27.0096,27.0096,27.0096,0
2012-07-30,26.8491,26.8491,26.8491,26.8491,0
2012-07-31,26.7555,26.7555,26.7555,26.7555,0
2012-08-01,26.8424,26.8424,26.8424,26.8424,0
2012-08-02,26.4679,26.4679,26.4679,26.4679,0
2012-08-03,27.257,27.257,27.257,27.257,0
2012-08-06,27.4242,27.4242,27.4242,27.4242,0
2012-08-07,27.4777,27.4777,27.4777,27.4777,0
2012-08-08,27.5579,27.5579,27.5579,27.5579,0
2012-08-09,27.6917,27.6917,27.6917,27.6917,0
2012-08-10,27.8187,27.8187,27.8187,27.8187,0
2012-08-13,27.5914,27.5914,27.5914,27.5914,0
2012-08-14,27.5981,27.5981,27.5981,27.5981,0
2012-08-15,27.5245,27.5245,27.5245,27.5245,0
2012-08-16,27.8054,27.8054,27.8054,27.8054,0
2012-08-17,27.6515,27.6515,27.6515,27.6515,0
2012-08-20,27.6515,27.6515,27.6515,27.6515,0
2012-08-21,27.5914,27.5914,27.5914,27.5914,0
2012-08-22,27.6114,27.6114,27.6114,27.6114,0
2012-08-23,27.3707,27.3707,27.3707,27.3707,0
2012-08-24,27.3841,27.3841,27.3841,27.3841,0
2012-08-27,27.1099,27.1099,27.1099,27.1099,0
2012-08-28,27.0631,27.0631,27.0631,27.0631,0
2012-08-29,26.9293,26.9293,26.9293,26.9293,0
2012-08-30,26.6017,26.6017,26.6017,26.6017,0
2012-08-31,26.8223,26.8223,26.8223,26.8223,0
2012-09-04,26.6953,26.6953,26.6953,26.6953,0
2012-09-05,26.5548,26.5548,26.5548,26.5548,0
2012-09-06,27.1233,27.1233,27.1233,27.1233,0
2012-09-07,27.7585,27.7585,27.7585,27.7585,0
2012-09-10,27.4242,27.4242,27.4242,27.4242,0
2012-09-11,27.7251,27.7251,27.7251,27.7251,0
2012-09-12,27.8455,27.8455,27.8455,27.8455,0
2012-09-13,28.5543,28.5543,28.5543,28.5543,0
2012-09-14,28.9021,28.9021,28.9021,28.9021,0
2012-09-17,28.6479,28.6479,28.6479,28.6479,0
2012-09-18,28.6279,28.6279,28.6279,28.6279,0
2012-09-19,28.6212,28.6212,28.6212,28.6212,0
2012-09-20,28.4808,28.4808,28.4808,28.4808,0
2012-09-21,28.5209,28.5209,28.5209,28.5209,0
2012-09-24,28.5107,28.5107,28.5107,28.5107,0
2012-09-25,28.0977,28.0977,28.0977,28.0977,0
2012-09-26,27.9691,27.9691,27.9691,27.9691,0
2012-09-27,28.4159,28.4159,28.4159,28.4159,0
2012-09-28,28.2467,28.2467,28.2467,28.2467,0
2012-10-01,28.5446,28.5446,28.5446,28.5446,0
2012-10-02,28.5243,28.5243,28.5243,28.5243,0
2012-10-03,28.3753,28.3753,28.3753,28.3753,0
2012-10-04,28.6394,28.6394,28.6394,28.6394,0
2012-10-05,28.6191,28.6191,28.6191,28.6191,0
2012-10-08,28.355,28.355,28.355,28.355,0
2012-10-09,28.1248,28.1248,28.1248,28.1248,0
2012-10-10,27.9826,27.9826,27.9826,27.9826,0
2012-10-11,28.2467,28.2467,28.2467,28.2467,0
2012-10-12,28.1654,28.1654,28.1654,28.1654,0
2012-10-15,28.355,28.355,28.355,28.355,0
2012-10-16,28.6055,28.6055,28.6055,28.6055,0
2012-10-17,28.8357,28.8357,28.8357,28.8357,0
2012-10-18,28.7545,28.7545,28.7545,28.7545,0
2012-10-19,28.3076,28.3076,28.3076,28.3076,0
2012-10-22,28.5987,28.5987,28.5987,28.5987,0
2012-10-23,28.0029,28.0029,28.0029,28.0029,0
2012-10-24,28.0503,28.0503,28.0503,28.0503,0
2012-10-25,28.3279,28.3279,28.3279,28.3279,0
2012-10-26,28.1316,28.1316,28.1316,28.1316,0
2012-10-31,28.091,28.091,28.091,28.091,0
2012-11-01,28.5039,28.5039,28.5039,28.5039,0
2012-11-02,28.3279,28.3279,28.3279,28.3279,0
2012-11-05,28.4633,28.4633,28.4633,28.4633,0
2012-11-06,28.6461,28.6461,28.6461,28.6461,0
2012-11-07,28.2128,28.2128,28.2128,28.2128,0
2012-11-08,27.8675,27.8675,27.8675,27.8675,0
2012-11-09,27.9691,27.9691,27.9691,27.9691,0
2012-11-12,28.0503,28.0503,28.0503,28.0503,0
2012-11-13,27.7863,27.7863,27.7863,27.7863,0
2012-11-14,27.3801,27.3801,27.3801,27.3801,0
2012-11-15,27.4748,27.4748,27.4748,27.4748,0
2012-11-16,27.5425,27.5425,27.5425,27.5425,0
2012-11-19,28.03,28.03,28.03,28.03,0
2012-11-20,27.9623,27.9623,27.9623,27.9623,0
2012-11-21,27.9217,27.9217,27.9217,27.9217,0
2012-11-23,28.355,28.355,28.355,28.355,0
2012-11-26,28.3956,28.3956,28.3956,28.3956,0
2012-11-27,28.1587,28.1587,28.1587,28.1587,0
2012-11-28,28.2941,28.2941,28.2941,28.2941,0
2012-11-29,28.4904,28.4904,28.4904,28.4904,0
2012-11-30,28.4498,28.4498,28.4498,28.4498,0
2012-12-03,28.4566,28.4566,28.4566,28.4566,0
2012-12-04,28.531,28.531,28.531,28.531,0
2012-12-05,28.856,28.856,28.856,28.856,0
2012-12-06,29.0388,29.0388,29.0388,29.0388,0
2012-12-07,29.1404,29.1404,29.1404,29.1404,0
2012-12-10,29.3367,29.3367,29.3367,29.3367,0
2012-12-11,29.4857,29.4857,29.4857,29.4857,0
2012-12-12,29.6008,29.6008,29.6008,29.6008,0
2012-12-13,29.4586,29.4586,29.4586,29.4586,0
2012-12-14,29.6076,29.6076,29.6076,29.6076,0
2012-12-17,29.682,29.682,29.682,29.682,0
2012-12-18,29.8648,29.8648,29.8648,29.8648,0
2012-12-19,29.8242,29.8242,29.8242,29.8242,0
2012-12-20,30.0294,30.0294,30.0294,30.0294,0
2012-12-21,29.7011,29.7011,29.7011,29.7011,0
2012-12-24,29.6395,29.6395,29.6395,29.6395,0
2012-12-26,29.7148,29.7148,29.7148,29.7148,0
2012-12-27,29.9268,29.9268,29.9268,29.9268,0
2012-12-28,30.0158,30.0158,30.0158,30.0158,0
2012-12-31,30.4604,30.4604,30.4604,30.4604,0
2013-01-02,31.1034,31.1034,31.1034,31.1034,0
2013-01-03,30.9187,30.9187,30.9187,30.9187,0
2013-01-04,30.9734,30.9734,30.9734,30.9734,0
2013-01-07,30.7066,30.7066,30.7066,30.7066,0
2013-01-08,30.4535,30.4535,30.4535,30.4535,0
2013-01-09,30.6314,30.6314,30.6314,30.6314,0
2013-01-10,30.905,30.905,30.905,30.905,0
2013-01-11,30.6724,30.6724,30.6724,30.6724,0
2013-01-14,30.7955,30.7955,30.7955,30.7955,0
2013-01-15,30.6793,30.6793,30.6793,30.6793,0
2013-01-16,30.6245,30.6245,30.6245,30.6245,0
2013-01-17,30.8366,30.8366,30.8366,30.8366,0
2013-01-18,30.8708,30.8708,30.8708,30.8708,0
2013-01-22,30.8434,30.8434,30.8434,30.8434,0
2013-01-23,30.6451,30.6451,30.6451,30.6451,0
2013-01-24,30.5561,30.5561,30.5561,30.5561,0
2013-01-25,30.4809,30.4809,30.4809,30.4809,0
2013-01-28,30.2552,30.2552,30.2552,30.2552,0
2013-01-29,30.6109,30.6109,30.6109,30.6109,0
2013-01-30,30.4535,30.4535,30.4535,30.4535,0
2013-01-31,30.4809,30.4809,30.4809,30.4809,0
2013-02-01,30.6861,30.6861,30.6861,30.6861,0
2013-02-04,30.2894,30.2894,30.2894,30.2894,0
2013-02-05,30.3783,30.3783,30.3783,30.3783,0
2013-02-06,30.303,30.303,30.303,30.303,0
2013-02-07,30.0568,30.0568,30.0568,30.0568,0
2013-02-08,30.2962,30.2962,30.2962,30.2962,0
2013-02-11,30.2825,30.2825,30.2825,30.2825,0
2013-02-12,30.3304,30.3304,30.3304,30.3304,0
2013-02-13,30.4535,30.4535,30.4535,30.4535,0
2013-02-14,30.4262,30.4262,30.4262,30.4262,0
2013-02-15,30.3783,30.3783,30.3783,30.3783,0
2013-02-19,30.392,30.392,30.392,30.392,0
2013-02-20,30.1115,30.1115,30.1115,30.1115,0
2013-02-21,29.7695,29.7695,29.7695,29.7695,0
2013-02-22,29.8858,29.8858,29.8858,29.8858,0
2013-02-25,29.4411,29.4411,29.4411,29.4411,0
2013-02-26,29.6395,29.6395,29.6395,29.6395,0
2013-02-27,29.9063,29.9063,29.9063,29.9063,0
2013-02-28,29.7627,29.7627,29.7627,29.7627,0
2013-03-01,29.8037,29.8037,29.8037,29.8037,0
2013-03-04,29.5437,29.5437,29.5437,29.5437,0
2013-03-05,29.8789,29.8789,29.8789,29.8789,0
2013-03-06,30.0363,30.0363,30.0363,30.0363,0
2013-03-07,30.1115,30.1115,30.1115,30.1115,0
2013-03-08,30.3851,30.3851,30.3851,30.3851,0
2013-03-11,30.2483,30.2483,30.2483,30.2483,0
2013-03-12,29.9405,29.9405,29.9405,29.9405,0
2013-03-13,29.6532,29.6532,29.6532,29.6532,0
2013-03-14,29.8037,29.8037,29.8037,29.8037,0
2013-03-15,29.5574,29.5574,29.5574,29.5574,0
2013-03-18,29.2291,29.2291,29.2291,29.2291,0
2013-03-19,29.0034,29.0034,29.0034,29.0034,0
2013-03-20,29.1744,29.1744,29.1744,29.1744,0
2013-03-21,28.9076,28.9076,28.9076,28.9076,0
2013-03-22,28.9953,28.9953,28.9953,28.9953,0
2013-03-25,28.9336,28.9336,28.9336,28.9336,0
2013-03-26,29.2624,29.2624,29.2624,29.2624,0
2013-03-27,29.372,29.372,29.372,29.372,0
2013-03-28,29.3857,29.3857,29.3857,29.3857,0
2013-04-01,29.1254,29.1254,29.1254,29.1254,0
2013-04-02,29.1528,29.1528,29.1528,29.1528,0
2013-04-03,28.7898,28.7898,28.7898,28.7898,0
2013-04-04,28.7829,28.7829,28.7829,28.7829,0
2013-04-05,28.7418,28.7418,28.7418,28.7418,0
2013-04-08,28.8172,28.8172,28.8172,28.8172,0
2013-04-09,29.1186,29.1186,29.1186,29.1186,0
2013-04-10,29.372,29.372,29.372,29.372,0
2013-04-11,29.3652,29.3652,29.3652,29.3652,0
2013-04-12,29.0021,29.0021,29.0021,29.0021,0
2013-04-15,28.2418,28.2418,28.2418,28.2418,0
2013-04-16,28.8651,28.8651,28.8651,28.8651,0
2013-04-17,28.4473,28.4473,28.4473,28.4473,0
2013-04-18,28.5089,28.5089,28.5089,28.5089,0
2013-04-19,28.9199,28.9199,28.9199,28.9199,0
2013-04-22,28.9953,28.9953,28.9953,28.9953,0
2013-04-23,29.1391,29.1391,29.1391,29.1391,0
2013-04-24,29.3241,29.3241,29.3241,29.3241,0
2013-04-25,29.5707,29.5707,29.5707,29.5707,0
2013-04-26,29.2967,29.2967,29.2967,29.2967,0
2013-04-29,29.6049,29.6049,29.6049,29.6049,0
2013-04-30,29.9748,29.9748,29.9748,29.9748,0
2013-05-01,29.6597,29.6597,29.6597,29.6597,0
2013-05-02,29.9337,29.9337,29.9337,29.9337,0
2013-05-03,30.1392,30.1392,30.1392,30.1392,0
2013-05-06,30.1734,30.1734,30.1734,30.1734,0
2013-05-07,30.4132,30.4132,30.4132,30.4132,0
2013-05-08,30.6803,30.6803,30.6803,30.6803,0
2013-05-09,30.4406,30.4406,30.4406,30.4406,0
2013-05-10,30.3241,30.3241,30.3241,30.3241,0
2013-05-13,30.0501,30.0501,30.0501,30.0501,0
2013-05-14,30.194,30.194,30.194,30.194,0
2013-05-15,30.1666,30.1666,30.1666,30.1666,0
2013-05-16,30.0501,30.0501,30.0501,30.0501,0
2013-05-17,30.1529,30.1529,30.1529,30.1529,0
2013-05-20,30.2214,30.2214,30.2214,30.2214,0
2013-05-21,30.2008,30.2008,30.2008,30.2008,0
2013-05-22,29.8584,29.8584,29.8584,29.8584,0
2013-05-23,29.6392,29.6392,29.6392,29.6392,0
2013-05-24,29.3446,29.3446,29.3446,29.3446,0
2013-05-28,29.4885,29.4885,29.4885,29.4885,0
2013-05-29,29.0775,29.0775,29.0775,29.0775,0
2013-05-30,29.009,29.009,29.009,29.009,0
2013-05-31,28.4541,28.4541,28.4541,28.4541,0
2013-06-03,28.9062,28.9062,28.9062,28.9062,0
2013-06-04,28.5774,28.5774,28.5774,28.5774,0
2013-06-05,27.9952,27.9952,27.9952,27.9952,0
2013-06-06,28.2829,28.2829,28.2829,28.2829,0
2013-06-07,28.1596,28.1596,28.1596,28.1596,0
2013-06-10,27.7623,27.7623,27.7623,27.7623,0
2013-06-11,27.2143,27.2143,27.2143,27.2143,0
2013-06-12,27.0294,27.0294,27.0294,27.0294,0
2013-06-13,27.6527,27.6527,27.6527,27.6527,0
2013-06-14,27.2554,27.2554,27.2554,27.2554,0
2013-06-17,27.4472,27.4472,27.4472,27.4472,0
2013-06-18,27.5089,27.5089,27.5089,27.5089,0
2013-06-19,26.6321,26.6321,26.6321,26.6321,0
2013-06-20,25.4745,25.4745,25.4745,25.4745,0
2013-06-21,25.9266,25.9266,25.9266,25.9266,0
2013-06-24,25.3406,25.3406,25.3406,25.3406,0
2013-06-25,25.8266,25.8266,25.8266,25.8266,0
2013-06-26,26.3751,26.3751,26.3751,26.3751,0
2013-06-27,26.7777,26.7777,26.7777,26.7777,0
2013-06-28,26.9305,26.9305,26.9305,26.9305,0
2013-07-01,26.9791,26.9791,26.9791,26.9791,0
2013-07-02,26.5208,26.5208,26.5208,26.5208,0
2013-07-03,26.3126,26.3126,26.3126,26.3126,0
2013-07-05,26.1876,26.1876,26.1876,26.1876,0
2013-07-08,26.2292,26.2292,26.2292,26.2292,0
2013-07-09,26.5417,26.5417,26.5417,26.5417,0
2013-07-10,26.2848,26.2848,26.2848,26.2848,0
2013-07-11,27.5067,27.5067,27.5067,27.5067,0
2013-07-12,27.2151,27.2151,27.2151,27.2151,0
2013-07-15,27.5692,27.5692,27.5692,27.5692,0
2013-07-16,27.6178,27.6178,27.6178,27.6178,0
2013-07-17,27.8469,27.8469,27.8469,27.8469,0
2013-07-18,27.5761,27.5761,27.5761,27.5761,0
2013-07-19,27.4581,27.4581,27.4581,27.4581,0
2013-07-22,27.7497,27.7497,27.7497,27.7497,0
2013-07-23,28.0552,28.0552,28.0552,28.0552,0
2013-07-24,27.715,27.715,27.715,27.715,0
2013-07-25,27.9024,27.9024,27.9024,27.9024,0
2013-07-26,27.8122,27.8122,27.8122,27.8122,0
2013-07-29,27.465,27.465,27.465,27.465,0
2013-07-30,27.2776,27.2776,27.2776,27.2776,0
2013-07-31,27.1179,27.1179,27.1179,27.1179,0
2013-08-01,27.6178,27.6178,27.6178,27.6178,0
2013-08-02,27.6317,27.6317,27.6317,27.6317,0
2013-08-05,27.4234,27.4234,27.4234,27.4234,0
2013-08-06,27.0832,27.0832,27.0832,27.0832,0
2013-08-07,26.7708,26.7708,26.7708,26.7708,0
2013-08-08,27.3678,27.3678,27.3678,27.3678,0
2013-08-09,27.4789,27.4789,27.4789,27.4789,0
2013-08-12,27.7011,27.7011,27.7011,27.7011,0
2013-08-13,27.8122,27.8122,27.8122,27.8122,0
2013-08-14,27.8955,27.8955,27.8955,27.8955,0
2013-08-15,27.5692,27.5692,27.5692,27.5692,0
2013-08-16,27.2706,27.2706,27.2706,27.2706,0
2013-08-19,26.7361,26.7361,26.7361,26.7361,0
2013-08-20,26.7013,26.7013,26.7013,26.7013,0
2013-08-21,26.1112,26.1112,26.1112,26.1112,0
2013-08-22,26.5347,26.5347,26.5347,26.5347,0
2013-08-23,26.8471,26.8471,26.8471,26.8471,0
2013-08-26,26.5278,26.5278,26.5278,26.5278,0
2013-08-27,25.8405,25.8405,25.8405,25.8405,0
2013-08-28,25.8196,25.8196,25.8196,25.8196,0
2013-08-29,25.9724,25.9724,25.9724,25.9724,0
2013-08-30,26.1876,26.1876,26.1876,26.1876,0
2013-09-03,26.3403,26.3403,26.3403,26.3403,0
2013-09-04,26.75,26.75,26.75,26.75,0
2013-09-05,27.111,27.111,27.111,27.111,0
2013-09-06,27.4789,27.4789,27.4789,27.4789,0
2013-09-09,28.2843,28.2843,28.2843,28.2843,0
2013-09-10,28.5064,28.5064,28.5064,28.5064,0
2013-09-11,28.5481,28.5481,28.5481,28.5481,0
2013-09-12,28.1732,28.1732,28.1732,28.1732,0
2013-09-13,28.3815,28.3815,28.3815,28.3815,0
2013-09-16,28.6939,28.6939,28.6939,28.6939,0
2013-09-17,28.6731,28.6731,28.6731,28.6731,0
2013-09-18,29.8325,29.8325,29.8325,29.8325,0
2013-09-19,29.7145,29.7145,29.7145,29.7145,0
2013-09-20,29.0063,29.0063,29.0063,29.0063,0
2013-09-23,29.1568,29.1568,29.1568,29.1568,0
2013-09-24,28.8628,28.8628,28.8628,28.8628,0
2013-09-25,28.6878,28.6878,28.6878,28.6878,0
2013-09-26,28.7718,28.7718,28.7718,28.7718,0
2013-09-27,28.3658,28.3658,28.3658,28.3658,0
2013-09-30,28.0927,28.0927,28.0927,28.0927,0
2013-10-01,28.6528,28.6528,28.6528,28.6528,0
2013-10-02,28.7438,28.7438,28.7438,28.7438,0
2013-10-03,28.6668,28.6668,28.6668,28.6668,0
2013-10-04,29.0518,29.0518,29.0518,29.0518,0
2013-10-07,28.7928,28.7928,28.7928,28.7928,0
2013-10-08,28.5198,28.5198,28.5198,28.5198,0
2013-10-09,28.7438,28.7438,28.7438,28.7438,0
2013-10-10,29.3878,29.3878,29.3878,29.3878,0
2013-10-11,29.5068,29.5068,29.5068,29.5068,0
2013-10-14,29.6958,29.6958,29.6958,29.6958,0
2013-10-15,29.3388,29.3388,29.3388,29.3388,0
2013-10-16,29.5488,29.5488,29.5488,29.5488,0
2013-10-17,29.7518,29.7518,29.7518,29.7518,0
2013-10-18,29.7518,29.7518,29.7518,29.7518,0
2013-10-21,29.7659,29.7659,29.7659,29.7659,0
2013-10-22,30.0389,30.0389,30.0389,30.0389,0
2013-10-23,29.3808,29.3808,29.3808,29.3808,0
2013-10-24,29.3178,29.3178,29.3178,29.3178,0
2013-10-25,29.4858,29.4858,29.4858,29.4858,0
2013-10-28,29.5699,29.5699,29.5699,29.5699,0
2013-10-29,29.6538,29.6538,29.6538,29.6538,0
2013-10-30,29.5068,29.5068,29.5068,29.5068,0
2013-10-31,29.3108,29.3108,29.3108,29.3108,0
2013-11-01,29.2968,29.2968,29.2968,29.2968,0
2013-11-04,29.4858,29.4858,29.4858,29.4858,0
2013-11-05,28.8978,28.8978,28.8978,28.8978,0
2013-11-06,29.0028,29.0028,29.0028,29.0028,0
2013-11-07,28.4988,28.4988,28.4988,28.4988,0
2013-11-08,28.4008,28.4008,28.4008,28.4008,0
2013-11-11,28.2678,28.2678,28.2678,28.2678,0
2013-11-12,28.0717,28.0717,28.0717,28.0717,0
2013-11-13,28.1838,28.1838,28.1838,28.1838,0
2013-11-14,28.6458,28.6458,28.6458,28.6458,0
2013-11-15,29.1288,29.1288,29.1288,29.1288,0
2013-11-18,29.4158,29.4158,29.4158,29.4158,0
2013-11-19,29.1358,29.1358,29.1358,29.1358,0
2013-11-20,28.7718,28.7718,28.7718,28.7718,0
2013-11-21,28.7648,28.7648,28.7648,28.7648,0
2013-11-22,28.9468,28.9468,28.9468,28.9468,0
2013-11-25,28.5968,28.5968,28.5968,28.5968,0
2013-11-26,28.6178,28.6178,28.6178,28.6178,0
2013-11-27,28.7998,28.7998,28.7998,28.7998,0
2013-11-29,29.0378,29.0378,29.0378,29.0378,0
2013-12-02,28.4918,28.4918,28.4918,28.4918,0
2013-12-03,28.3868,28.3868,28.3868,28.3868,0
2013-12-04,28.3938,28.3938,28.3938,28.3938,0
2013-12-05,28.3028,28.3028,28.3028,28.3028,0
2013-12-06,28.9328,28.9328,28.9328,28.9328,0
2013-12-09,28.9398,28.9398,28.9398,28.9398,0
2013-12-10,28.9958,28.9958,28.9958,28.9958,0
2013-12-11,28.4078,28.4078,28.4078,28.4078,0
2013-12-12,28.1558,28.1558,28.1558,28.1558,0
2013-12-13,28.2398,28.2398,28.2398,28.2398,0
2013-12-16,28.3798,28.3798,28.3798,28.3798,0
2013-12-17,28.1908,28.1908,28.1908,28.1908,0
2013-12-18,28.6528,28.6528,28.6528,28.6528,0
2013-12-19,28.1767,28.1767,28.1767,28.1767,0
2013-12-20,28.1176,28.1176,28.1176,28.1176,0
2013-12-23,28.3217,28.3217,28.3217,28.3217,0
2013-12-24,28.4695,28.4695,28.4695,28.4695,0
2013-12-26,28.2865,28.2865,28.2865,28.2865,0
2013-12-27,28.6244,28.6244,28.6244,28.6244,0
2013-12-30,28.73,28.73,28.73,28.73,0
2013-12-31,28.9552,28.9552,28.9552,28.9552,0
2014-01-02,27.9417,27.9417,27.9417,27.9417,0
2014-01-03,27.9065,27.9065,27.9065,27.9065,0
2014-01-06,27.639,27.639,27.639,27.639,0
2014-01-07,27.7516,27.7516,27.7516,27.7516,0
2014-01-08,27.7024,27.7024,27.7024,27.7024,0
2014-01-09,27.5264,27.5264,27.5264,27.5264,0
2014-01-10,28.0613,28.0613,28.0613,28.0613,0
2014-01-13,27.7094,27.7094,27.7094,27.7094,0
2014-01-14,28.0191,28.0191,28.0191,28.0191,0
2014-01-15,28.0121,28.0121,28.0121,28.0121,0
2014-01-16,27.8572,27.8572,27.8572,27.8572,0
2014-01-17,27.7587,27.7587,27.7587,27.7587,0
2014-01-21,27.6742,27.6742,27.6742,27.6742,0
2014-01-22,28.0261,28.0261,28.0261,28.0261,0
2014-01-23,27.3857,27.3857,27.3857,27.3857,0
2014-01-24,26.717,26.717,26.717,26.717,0
2014-01-27,26.5411,26.5411,26.5411,26.5411,0
2014-01-28,26.717,26.717,26.717,26.717,0
2014-01-29,26.2455,26.2455,26.2455,26.2455,0
2014-01-30,26.52,26.52,26.52,26.52,0
2014-01-31,26.5129,26.5129,26.5129,26.5129,0
2014-02-03,25.8091,25.8091,25.8091,25.8091,0
2014-02-04,26.4073,26.4073,26.4073,26.4073,0
2014-02-05,26.3159,26.3159,26.3159,26.3159,0
2014-02-06,26.8367,26.8367,26.8367,26.8367,0
2014-02-07,26.9423,26.9423,26.9423,26.9423,0
2014-02-10,26.6396,26.6396,26.6396,26.6396,0
2014-02-11,27.2027,27.2027,27.2027,27.2027,0
2014-02-12,27.1604,27.1604,27.1604,27.1604,0
2014-02-13,27.1886,27.1886,27.1886,27.1886,0
2014-02-14,27.5194,27.5194,27.5194,27.5194,0
2014-02-18,27.2871,27.2871,27.2871,27.2871,0
2014-02-19,27.1675,27.1675,27.1675,27.1675,0
2014-02-20,27.3082,27.3082,27.3082,27.3082,0
2014-02-21,27.4983,27.4983,27.4983,27.4983,0
2014-02-24,27.4701,27.4701,27.4701,27.4701,0
2014-02-25,27.1252,27.1252,27.1252,27.1252,0
2014-02-26,27.0549,27.0549,27.0549,27.0549,0
2014-02-27,27.5898,27.5898,27.5898,27.5898,0
2014-02-28,27.3716,27.3716,27.3716,27.3716,0
2014-03-03,26.893,26.893,26.893,26.893,0
2014-03-04,27.3364,27.3364,27.3364,27.3364,0
2014-03-05,27.4208,27.4208,27.4208,27.4208,0
2014-03-06,27.8009,27.8009,27.8009,27.8009,0
2014-03-07,27.4138,27.4138,27.4138,27.4138,0
2014-03-10,27.2519,27.2519,27.2519,27.2519,0
2014-03-11,26.9352,26.9352,26.9352,26.9352,0
2014-03-12,27.0408,27.0408,27.0408,27.0408,0
2014-03-13,26.5763,26.5763,26.5763,26.5763,0
2014-03-14,26.7522,26.7522,26.7522,26.7522,0
2014-03-17,27.0408,27.0408,27.0408,27.0408,0
2014-03-18,27.456,27.456,27.456,27.456,0
2014-03-19,26.9141,26.9141,26.9141,26.9141,0
2014-03-20,27.0408,27.0408,27.0408,27.0408,0
2014-03-21,27.2027,27.2027,27.2027,27.2027,0
2014-03-24,27.442,27.442,27.442,27.442,0
2014-03-25,27.8689,27.8689,27.8689,27.8689,0
2014-03-26,27.876,27.876,27.876,27.876,0
2014-03-27,28.2006,28.2006,28.2006,28.2006,0
2014-03-28,28.4264,28.4264,28.4264,28.4264,0
2014-03-31,28.6382,28.6382,28.6382,28.6382,0
2014-04-01,28.9134,28.9134,28.9134,28.9134,0
2014-04-02,29.0192,29.0192,29.0192,29.0192,0
2014-04-03,28.8499,28.8499,28.8499,28.8499,0
2014-04-04,28.8005,28.8005,28.8005,28.8005,0
2014-04-07,28.9557,28.9557,28.9557,28.9557,0
2014-04-08,29.2239,29.2239,29.2239,29.2239,0
2014-04-09,29.4568,29.4568,29.4568,29.4568,0
2014-04-10,29.1745,29.1745,29.1745,29.1745,0
2014-04-11,29.1604,29.1604,29.1604,29.1604,0
2014-04-14,29.1181,29.1181,29.1181,29.1181,0
2014-04-15,28.6876,28.6876,28.6876,28.6876,0
2014-04-16,28.984,28.984,28.984,28.984,0
2014-04-17,29.3298,29.3298,29.3298,29.3298,0
2014-04-21,29.1392,29.1392,29.1392,29.1392,0
2014-04-22,29.0404,29.0404,29.0404,29.0404,0
2014-04-23,28.8852,28.8852,28.8852,28.8852,0
2014-04-24,28.8852,28.8852,28.8852,28.8852,0
2014-04-25,28.5535,28.5535,28.5535,28.5535,0
2014-04-28,28.6382,28.6382,28.6382,28.6382,0
2014-04-29,28.9134,28.9134,28.9134,28.9134,0
2014-04-30,28.8922,28.8922,28.8922,28.8922,0
2014-05-01,28.9134,28.9134,28.9134,28.9134,0
2014-05-02,29.1039,29.1039,29.1039,29.1039,0
2014-05-05,28.9769,28.9769,28.9769,28.9769,0
2014-05-06,29.0898,29.0898,29.0898,29.0898,0
2014-05-07,29.2733,29.2733,29.2733,29.2733,0
2014-05-08,29.1957,29.1957,29.1957,29.1957,0
2014-05-09,29.1745,29.1745,29.1745,29.1745,0
2014-05-12,29.6473,29.6473,29.6473,29.6473,0
2014-05-13,29.7744,29.7744,29.7744,29.7744,0
2014-05-14,29.972,29.972,29.972,29.972,0
2014-05-15,29.7038,29.7038,29.7038,29.7038,0
2014-05-16,30.0708,30.0708,30.0708,30.0708,0
2014-05-19,30.0849,30.0849,30.0849,30.0849,0
2014-05-20,29.8308,29.8308,29.8308,29.8308,0
2014-05-21,30.0425,30.0425,30.0425,30.0425,0
2014-05-22,30.2754,30.2754,30.2754,30.2754,0
2014-05-23,30.2754,30.2754,30.2754,30.2754,0
2014-05-27,30.0284,30.0284,30.0284,30.0284,0
2014-05-28,30.1413,30.1413,30.1413,30.1413,0
2014-05-29,30.1766,30.1766,30.1766,30.1766,0
2014-05-30,29.7885,29.7885,29.7885,29.7885,0
2014-06-02,29.9367,29.9367,29.9367,29.9367,0
2014-06-03,30.1061,30.1061,30.1061,30.1061,0
2014-06-04,29.9367,29.9367,29.9367,29.9367,0
2014-06-05,30.2754,30.2754,30.2754,30.2754,0
2014-06-06,30.6001,30.6001,30.6001,30.6001,0
2014-06-09,30.7906,30.7906,30.7906,30.7906,0
2014-06-10,30.9106,30.9106,30.9106,30.9106,0
2014-06-11,30.8047,30.8047,30.8047,30.8047,0
2014-06-12,30.6636,30.6636,30.6636,30.6636,0
2014-06-13,30.7765,30.7765,30.7765,30.7765,0
2014-06-16,30.5789,30.5789,30.5789,30.5789,0
2014-06-17,30.6001,30.6001,30.6001,30.6001,0
2014-06-18,30.9529,30.9529,30.9529,30.9529,0
2014-06-19,30.7624,30.7624,30.7624,30.7624,0
2014-06-20,30.7765,30.7765,30.7765,30.7765,0
2014-06-23,30.6353,30.6353,30.6353,30.6353,0
2014-06-24,30.5912,30.5912,30.5912,30.5912,0
2014-06-25,30.7194,30.7194,30.7194,30.7194,0
2014-06-26,30.7052,30.7052,30.7052,30.7052,0
2014-06-27,30.7836,30.7836,30.7836,30.7836,0
2014-06-30,30.7337,30.7337,30.7337,30.7337,0
2014-07-01,31.0116,31.0116,31.0116,31.0116,0
2014-07-02,31.1969,31.1969,31.1969,31.1969,0
2014-07-03,31.3608,31.3608,31.3608,31.3608,0
2014-07-07,31.4249,31.4249,31.4249,31.4249,0
2014-07-08,31.2895,31.2895,31.2895,31.2895,0
2014-07-09,31.4748,31.4748,31.4748,31.4748,0
2014-07-10,31.2824,31.2824,31.2824,31.2824,0
2014-07-11,31.3394,31.3394,31.3394,31.3394,0
2014-07-14,31.5817,31.5817,31.5817,31.5817,0
2014-07-15,31.5389,31.5389,31.5389,31.5389,0
2014-07-16,31.6387,31.6387,31.6387,31.6387,0
2014-07-17,31.033,31.033,31.033,31.033,0
2014-07-18,31.5175,31.5175,31.5175,31.5175,0
2014-07-21,31.6316,31.6316,31.6316,31.6316,0
2014-07-22,31.9593,31.9593,31.9593,31.9593,0
2014-07-23,31.9665,31.9665,31.9665,31.9665,0
2014-07-24,32.1232,32.1232,32.1232,32.1232,0
2014-07-25,31.995,31.995,31.995,31.995,0
2014-07-28,32.166,32.166,32.166,32.166,0
2014-07-29,31.8738,31.8738,31.8738,31.8738,0
2014-07-30,31.7099,31.7099,31.7099,31.7099,0
2014-07-31,31.1541,31.1541,31.1541,31.1541,0
2014-08-01,31.3394,31.3394,31.3394,31.3394,0
2014-08-04,31.6957,31.6957,31.6957,31.6957,0
2014-08-05,31.2183,31.2183,31.2183,31.2183,0
2014-08-06,30.9973,30.9973,30.9973,30.9973,0
2014-08-07,30.8548,30.8548,30.8548,30.8548,0
2014-08-08,31.1969,31.1969,31.1969,31.1969,0
2014-08-11,31.6458,31.6458,31.6458,31.6458,0
2014-08-12,31.6529,31.6529,31.6529,31.6529,0
2014-08-13,31.7883,31.7883,31.7883,31.7883,0
2014-08-14,31.8097,31.8097,31.8097,31.8097,0
2014-08-15,31.7669,31.7669,31.7669,31.7669,0
2014-08-18,32.0947,32.0947,32.0947,32.0947,0
2014-08-19,32.28,32.28,32.28,32.28,0
2014-08-20,32.2301,32.2301,32.2301,32.2301,0
2014-08-21,32.2016,32.2016,32.2016,32.2016,0
2014-08-22,32.0591,32.0591,32.0591,32.0591,0
2014-08-25,32.3299,32.3299,32.3299,32.3299,0
2014-08-26,32.508,32.508,32.508,32.508,0
2014-08-27,32.6719,32.6719,32.6719,32.6719,0
2014-08-28,32.3726,32.3726,32.3726,32.3726,0
2014-08-29,32.3512,32.3512,32.3512,32.3512,0
2014-09-02,32.4154,32.4154,32.4154,32.4154,0
2014-09-03,32.9569,32.9569,32.9569,32.9569,0
2014-09-04,32.8144,32.8144,32.8144,32.8144,0
2014-09-05,33.128,33.128,33.128,33.128,0
2014-09-08,32.7432,32.7432,32.7432,32.7432,0
2014-09-09,32.3441,32.3441,32.3441,32.3441,0
2014-09-10,32.2016,32.2016,32.2016,32.2016,0
2014-09-11,31.9736,31.9736,31.9736,31.9736,0
2014-09-12,31.5389,31.5389,31.5389,31.5389,0
2014-09-15,31.4035,31.4035,31.4035,31.4035,0
2014-09-16,31.8026,31.8026,31.8026,31.8026,0
2014-09-17,31.4961,31.4961,31.4961,31.4961,0
2014-09-18,31.5674,31.5674,31.5674,31.5674,0
2014-09-19,31.3322,31.3322,31.3322,31.3322,0
2014-09-22,30.8691,30.8691,30.8691,30.8691,0
2014-09-23,30.6696,30.6696,30.6696,30.6696,0
2014-09-24,31.1491,31.1491,31.1491,31.1491,0
2014-09-25,30.4291,30.4291,30.4291,30.4291,0
2014-09-26,30.6235,30.6235,30.6235,30.6235,0
2014-09-29,29.9682,29.9682,29.9682,29.9682,0
2014-09-30,30.033,30.033,30.033,30.033,0
2014-10-01,29.457,29.457,29.457,29.457,0
2014-10-02,29.637,29.637,29.637,29.637,0
2014-10-03,29.8818,29.8818,29.8818,29.8818,0
2014-10-06,30.4147,30.4147,30.4147,30.4147,0
2014-10-07,30.1194,30.1194,30.1194,30.1194,0
2014-10-08,30.5803,30.5803,30.5803,30.5803,0
2014-10-09,30.1555,30.1555,30.1555,30.1555,0
2014-10-10,29.4714,29.4714,29.4714,29.4714,0
2014-10-13,29.8314,29.8314,29.8314,29.8314,0
2014-10-14,29.9682,29.9682,29.9682,29.9682,0
2014-10-15,29.5506,29.5506,29.5506,29.5506,0
2014-10-16,29.2554,29.2554,29.2554,29.2554,0
2014-10-17,29.6298,29.6298,29.6298,29.6298,0
2014-10-20,29.6514,29.6514,29.6514,29.6514,0
2014-10-21,29.7882,29.7882,29.7882,29.7882,0
2014-10-22,29.5506,29.5506,29.5506,29.5506,0
2014-10-23,29.5794,29.5794,29.5794,29.5794,0
2014-10-24,29.8602,29.8602,29.8602,29.8602,0
2014-10-27,29.5506,29.5506,29.5506,29.5506,0
2014-10-28,30.1698,30.1698,30.1698,30.1698,0
2014-10-29,30.1123,30.1123,30.1123,30.1123,0
2014-10-30,30.4579,30.4579,30.4579,30.4579,0
2014-10-31,30.7027,30.7027,30.7027,30.7027,0
2014-11-03,30.4939,30.4939,30.4939,30.4939,0
2014-11-04,30.5227,30.5227,30.5227,30.5227,0
2014-11-05,30.3426,30.3426,30.3426,30.3426,0
2014-11-06,29.9106,29.9106,29.9106,29.9106,0
2014-11-07,30.1051,30.1051,30.1051,30.1051,0
2014-11-10,30.1267,30.1267,30.1267,30.1267,0
2014-11-11,30.177,30.177,30.177,30.177,0
2014-11-12,30.0906,30.0906,30.0906,30.0906,0
2014-11-13,30.0186,30.0186,30.0186,30.0186,0
2014-11-14,30.3355,30.3355,30.3355,30.3355,0
2014-11-17,29.9538,29.9538,29.9538,29.9538,0
2014-11-18,30.1051,30.1051,30.1051,30.1051,0
2014-11-19,30.1626,30.1626,30.1626,30.1626,0
2014-11-20,30.1123,30.1123,30.1123,30.1123,0
2014-11-21,31.0411,31.0411,31.0411,31.0411,0
2014-11-24,30.8035,30.8035,30.8035,30.8035,0
2014-11-25,30.6019,30.6019,30.6019,30.6019,0
2014-11-26,30.9187,30.9187,30.9187,30.9187,0
2014-11-28,30.3643,30.3643,30.3643,30.3643,0
2014-12-01,29.8098,29.8098,29.8098,29.8098,0
2014-12-02,29.7954,29.7954,29.7954,29.7954,0
2014-12-03,29.9466,29.9466,29.9466,29.9466,0
2014-12-04,29.9106,29.9106,29.9106,29.9106,0
2014-12-05,29.889,29.889,29.889,29.889,0
2014-12-08,29.4066,29.4066,29.4066,29.4066,0
2014-12-09,29.0754,29.0754,29.0754,29.0754,0
2014-12-10,28.6578,28.6578,28.6578,28.6578,0
2014-12-11,28.3913,28.3913,28.3913,28.3913,0
2014-12-12,27.9665,27.9665,27.9665,27.9665,0
2014-12-15,27.4049,27.4049,27.4049,27.4049,0
2014-12-16,27.1529,27.1529,27.1529,27.1529,0
2014-12-17,27.9953,27.9953,27.9953,27.9953,0
2014-12-18,28.4273,28.4273,28.4273,28.4273,0
2014-12-19,28.5642,28.5642,28.5642,28.5642,0
2014-12-22,28.9359,28.9359,28.9359,28.9359,0
2014-12-23,28.7045,28.7045,28.7045,28.7045,0
2014-12-24,28.7623,28.7623,28.7623,28.7623,0
2014-12-26,28.9576,28.9576,28.9576,28.9576,0
2014-12-29,28.8636,28.8636,28.8636,28.8636,0
2014-12-30,28.9431,28.9431,28.9431,28.9431,0
2014-12-31,28.9431,28.9431,28.9431,28.9431,0
2015-01-02,28.6104,28.6104,28.6104,28.6104,0
2015-01-05,28.1548,28.1548,28.1548,28.1548,0
2015-01-06,28.0174,28.0174,28.0174,28.0174,0
2015-01-07,28.6611,28.6611,28.6611,28.6611,0
2015-01-08,29.1456,29.1456,29.1456,29.1456,0
2015-01-09,29.001,29.001,29.001,29.001,0
2015-01-12,28.7406,28.7406,28.7406,28.7406,0
2015-01-13,28.9431,28.9431,28.9431,28.9431,0
2015-01-14,28.8346,28.8346,28.8346,28.8346,0
2015-01-15,28.9214,28.9214,28.9214,28.9214,0
2015-01-16,29.2107,29.2107,29.2107,29.2107,0
2015-01-20,29.1094,29.1094,29.1094,29.1094,0
2015-01-21,29.7604,29.7604,29.7604,29.7604,0
2015-01-22,30.3895,30.3895,30.3895,30.3895,0
2015-01-23,30.1292,30.1292,30.1292,30.1292,0
2015-01-26,30.1654,30.1654,30.1654,30.1654,0
2015-01-27,30.0062,30.0062,30.0062,30.0062,0
2015-01-28,29.6519,29.6519,29.6519,29.6519,0
2015-01-29,29.6808,29.6808,29.6808,29.6808,0
2015-01-30,28.8853,28.8853,28.8853,28.8853,0
2015-02-02,29.3987,29.3987,29.3987,29.3987,0
2015-02-03,29.9195,29.9195,29.9195,29.9195,0
2015-02-04,29.717,29.717,29.717,29.717,0
2015-02-05,29.9412,29.9412,29.9412,29.9412,0
2015-02-06,29.4494,29.4494,29.4494,29.4494,0
2015-02-09,29.4132,29.4132,29.4132,29.4132,0
2015-02-10,29.3626,29.3626,29.3626,29.3626,0
2015-02-11,29.2324,29.2324,29.2324,29.2324,0
2015-02-12,29.9122,29.9122,29.9122,29.9122,0
2015-02-13,30.216,30.216,30.216,30.216,0
2015-02-17,30.122,30.122,30.122,30.122,0
2015-02-18,30.1509,30.1509,30.1509,30.1509,0
2015-02-19,30.0569,30.0569,30.0569,30.0569,0
2015-02-20,30.2087,30.2087,30.2087,30.2087,0
2015-02-23,29.9195,29.9195,29.9195,29.9195,0
2015-02-24,30.3317,30.3317,30.3317,30.3317,0
2015-02-25,30.2304,30.2304,30.2304,30.2304,0
2015-02-26,30.2087,30.2087,30.2087,30.2087,0
2015-02-27,30.2304,30.2304,30.2304,30.2304,0
2015-03-02,30.1871,30.1871,30.1871,30.1871,0
2015-03-03,29.9122,29.9122,29.9122,29.9122,0
2015-03-04,29.5651,29.5651,29.5651,29.5651,0
2015-03-05,29.5072,29.5072,29.5072,29.5072,0
2015-03-06,29.0299,29.0299,29.0299,29.0299,0
2015-03-09,28.9142,28.9142,28.9142,28.9142,0
2015-03-10,28.3139,28.3139,28.3139,28.3139,0
2015-03-11,28.5381,28.5381,28.5381,28.5381,0
2015-03-12,28.6972,28.6972,28.6972,28.6972,0
2015-03-13,28.3501,28.3501,28.3501,28.3501,0
2015-03-16,28.6828,28.6828,28.6828,28.6828,0
2015-03-17,28.8636,28.8636,28.8636,28.8636,0
2015-03-18,29.6085,29.6085,29.6085,29.6085,0
2015-03-19,29.0878,29.0878,29.0878,29.0878,0
2015-03-20,29.4494,29.4494,29.4494,29.4494,0
2015-03-23,29.5362,29.5362,29.5362,29.5362,0
2015-03-24,29.6519,29.6519,29.6519,29.6519,0
2015-03-25,29.1382,29.1382,29.1382,29.1382,0
2015-03-26,28.9716,28.9716,28.9716,28.9716,0
2015-03-27,29.0368,29.0368,29.0368,29.0368,0
2015-03-30,29.6309,29.6309,29.6309,29.6309,0
2015-03-31,29.6091,29.6091,29.6091,29.6091,0
2015-04-01,30.0076,30.0076,30.0076,30.0076,0
2015-04-02,30.4712,30.4712,30.4712,30.4712,0
2015-04-06,30.8407,30.8407,30.8407,30.8407,0
2015-04-07,30.7683,30.7683,30.7683,30.7683,0
2015-04-08,31.3913,31.3913,31.3913,31.3913,0
2015-04-09,31.797,31.797,31.797,31.797,0
2015-04-10,31.7318,31.7318,31.7318,31.7318,0
2015-04-13,31.6231,31.6231,31.6231,31.6231,0
2015-04-14,31.7101,31.7101,31.7101,31.7101,0
2015-04-15,31.8984,31.8984,31.8984,31.8984,0
2015-04-16,32.1882,32.1882,32.1882,32.1882,0
2015-04-17,31.529,31.529,31.529,31.529,0
2015-04-20,31.4275,31.4275,31.4275,31.4275,0
2015-04-21,31.6739,31.6739,31.6739,31.6739,0
2015-04-22,32.0433,32.0433,32.0433,32.0433,0
2015-04-23,32.2027,32.2027,32.2027,32.2027,0
2015-04-24,32.3621,32.3621,32.3621,32.3621,0
2015-04-27,32.4998,32.4998,32.4998,32.4998,0
2015-04-28,32.5795,32.5795,32.5795,32.5795,0
2015-04-29,32.2317,32.2317,32.2317,32.2317,0
2015-04-30,31.8043,31.8043,31.8043,31.8043,0
2015-05-01,31.9926,31.9926,31.9926,31.9926,0
2015-05-04,32.152,32.152,32.152,32.152,0
2015-05-05,31.8188,31.8188,31.8188,31.8188,0
2015-05-06,31.3986,31.3986,31.3986,31.3986,0
2015-05-07,31.3551,31.3551,31.3551,31.3551,0
2015-05-08,31.8333,31.8333,31.8333,31.8333,0
2015-05-11,31.529,31.529,31.529,31.529,0
2015-05-12,31.442,31.442,31.442,31.442,0
2015-05-13,31.5217,31.5217,31.5217,31.5217,0
2015-05-14,31.8188,31.8188,31.8188,31.8188,0
2015-05-15,32.1448,32.1448,32.1448,32.1448,0
2015-05-18,31.8333,31.8333,31.8333,31.8333,0
2015-05-19,31.9057,31.9057,31.9057,31.9057,0
2015-05-20,31.8622,31.8622,31.8622,31.8622,0
2015-05-21,31.768,31.768,31.768,31.768,0
2015-05-22,31.8477,31.8477,31.8477,31.8477,0
2015-05-26,31.3768,31.3768,31.3768,31.3768,0
2015-05-27,31.4565,31.4565,31.4565,31.4565,0
2015-05-28,31.0146,31.0146,31.0146,31.0146,0
2015-05-29,30.6741,30.6741,30.6741,30.6741,0
2015-06-01,30.6524,30.6524,30.6524,30.6524,0
2015-06-02,30.761,30.761,30.761,30.761,0
2015-06-03,30.6089,30.6089,30.6089,30.6089,0
2015-06-04,30.1597,30.1597,30.1597,30.1597,0
2015-06-05,30.0148,30.0148,30.0148,30.0148,0
2015-06-08,30.0003,30.0003,30.0003,30.0003,0
2015-06-09,29.783,29.783,29.783,29.783,0
2015-06-10,30.2177,30.2177,30.2177,30.2177,0
2015-06-11,30.0945,30.0945,30.0945,30.0945,0
2015-06-12,30.1017,30.1017,30.1017,30.1017,0
2015-06-15,29.7975,29.7975,29.7975,29.7975,0
2015-06-16,29.8627,29.8627,29.8627,29.8627,0
2015-06-17,30.051,30.051,30.051,30.051,0
2015-06-18,30.3191,30.3191,30.3191,30.3191,0
2015-06-19,30.0438,30.0438,30.0438,30.0438,0
2015-06-22,30.435,30.435,30.435,30.435,0
2015-06-23,30.7103,30.7103,30.7103,30.7103,0
2015-06-24,30.5509,30.5509,30.5509,30.5509,0
2015-06-25,30.4423,30.4423,30.4423,30.4423,0
2015-06-26,30.1615,30.1615,30.1615,30.1615,0
2015-06-29,29.4961,29.4961,29.4961,29.4961,0
2015-06-30,29.891,29.891,29.891,29.891,0
2015-07-01,29.891,29.891,29.891,29.891,0
2015-07-02,30.0299,30.0299,30.0299,30.0299,0
2015-07-06,29.1963,29.1963,29.1963,29.1963,0
2015-07-07,28.7503,28.7503,28.7503,28.7503,0
2015-07-08,27.6901,27.6901,27.6901,27.6901,0
2015-07-09,28.2531,28.2531,28.2531,28.2531,0
2015-07-10,29.0501,29.0501,29.0501,29.0501,0
2015-07-13,29.2329,29.2329,29.2329,29.2329,0
2015-07-14,29.306,29.306,29.306,29.306,0
2015-07-15,28.9477,28.9477,28.9477,28.9477,0
2015-07-16,29.2914,29.2914,29.2914,29.2914,0
2015-07-17,29.2841,29.2841,29.2841,29.2841,0
2015-07-20,29.1013,29.1013,29.1013,29.1013,0
2015-07-21,29.1086,29.1086,29.1086,29.1086,0
2015-07-22,28.721,28.721,28.721,28.721,0
2015-07-23,28.4797,28.4797,28.4797,28.4797,0
2015-07-24,28.0703,28.0703,28.0703,28.0703,0
2015-07-27,27.4415,27.4415,27.4415,27.4415,0
2015-07-28,27.7047,27.7047,27.7047,27.7047,0
2015-07-29,27.9606,27.9606,27.9606,27.9606,0
2015-07-30,27.7851,27.7851,27.7851,27.7851,0
2015-07-31,28.0191,28.0191,28.0191,28.0191,0
2015-08-03,27.5585,27.5585,27.5585,27.5585,0
2015-08-04,27.6462,27.6462,27.6462,27.6462,0
2015-08-05,27.6755,27.6755,27.6755,27.6755,0
2015-08-06,27.478,27.478,27.478,27.478,0
2015-08-07,27.4488,27.4488,27.4488,27.4488,0
2015-08-10,27.9167,27.9167,27.9167,27.9167,0
2015-08-11,27.3172,27.3172,27.3172,27.3172,0
2015-08-12,26.8931,26.8931,26.8931,26.8931,0
2015-08-13,26.8419,26.8419,26.8419,26.8419,0
2015-08-14,26.9223,26.9223,26.9223,26.9223,0
2015-08-17,26.6372,26.6372,26.6372,26.6372,0
2015-08-18,26.3301,26.3301,26.3301,26.3301,0
2015-08-19,25.9718,25.9718,25.9718,25.9718,0
2015-08-20,25.5769,25.5769,25.5769,25.5769,0
2015-08-21,24.758,24.758,24.758,24.758,0
2015-08-24,23.5369,23.5369,23.5369,23.5369,0
2015-08-25,23.8587,23.8587,23.8587,23.8587,0
2015-08-26,24.6849,24.6849,24.6849,24.6849,0
2015-08-27,25.6793,25.6793,25.6793,25.6793,0
2015-08-28,25.3064,25.3064,25.3064,25.3064,0
2015-08-31,25.2552,25.2552,25.2552,25.2552,0
2015-09-01,24.2681,24.2681,24.2681,24.2681,0
2015-09-02,24.6337,24.6337,24.6337,24.6337,0
2015-09-03,24.7434,24.7434,24.7434,24.7434,0
2015-09-04,23.9683,23.9683,23.9683,23.9683,0
2015-09-08,24.7726,24.7726,24.7726,24.7726,0
2015-09-09,24.6337,24.6337,24.6337,24.6337,0
2015-09-10,24.8165,24.8165,24.8165,24.8165,0
2015-09-11,24.9116,24.9116,24.9116,24.9116,0
2015-09-14,24.9116,24.9116,24.9116,24.9116,0
2015-09-15,25.1675,25.1675,25.1675,25.1675,0
2015-09-16,25.7524,25.7524,25.7524,25.7524,0
2015-09-17,25.7524,25.7524,25.7524,25.7524,0
2015-09-18,25.1236,25.1236,25.1236,25.1236,0
2015-09-21,25.1821,25.1821,25.1821,25.1821,0
2015-09-22,24.6922,24.6922,24.6922,24.6922,0
2015-09-23,24.3193,24.3193,24.3193,24.3193,0
2015-09-24,24.2754,24.2754,24.2754,24.2754,0
2015-09-25,24.231,24.231,24.231,24.231,0
2015-09-28,23.6899,23.6899,23.6899,23.6899,0
2015-09-29,23.8826,23.8826,23.8826,23.8826,0
2015-09-30,24.5274,24.5274,24.5274,24.5274,0
2015-10-01,24.609,24.609,24.609,24.609,0
2015-10-02,25.2538,25.2538,25.2538,25.2538,0
2015-10-05,25.7579,25.7579,25.7579,25.7579,0
2015-10-06,25.6912,25.6912,25.6912,25.6912,0
2015-10-07,26.3286,26.3286,26.3286,26.3286,0
2015-10-08,26.6696,26.6696,26.6696,26.6696,0
2015-10-09,26.6993,26.6993,26.6993,26.6993,0
2015-10-12,26.551,26.551,26.551,26.551,0
2015-10-13,26.0766,26.0766,26.0766,26.0766,0
2015-10-14,26.2768,26.2768,26.2768,26.2768,0
2015-10-15,26.8772,26.8772,26.8772,26.8772,0
2015-10-16,26.9587,26.9587,26.9587,26.9587,0
2015-10-19,26.6844,26.6844,26.6844,26.6844,0
2015-10-20,26.6251,26.6251,26.6251,26.6251,0
2015-10-21,26.2397,26.2397,26.2397,26.2397,0
2015-10-22,26.8104,26.8104,26.8104,26.8104,0
2015-10-23,26.9883,26.9883,26.9883,26.9883,0
2015-10-26,26.6844,26.6844,26.6844,26.6844,0
2015-10-27,26.4398,26.4398,26.4398,26.4398,0
2015-10-28,26.1507,26.1507,26.1507,26.1507,0
2015-10-29,25.8617,25.8617,25.8617,25.8617,0
2015-10-30,25.8246,25.8246,25.8246,25.8246,0
2015-11-02,26.3138,26.3138,26.3138,26.3138,0
2015-11-03,26.64,26.64,26.64,26.64,0
2015-11-04,26.4917,26.4917,26.4917,26.4917,0
2015-11-05,26.5288,26.5288,26.5288,26.5288,0
2015-11-06,26.2323,26.2323,26.2323,26.2323,0
2015-11-09,25.6171,25.6171,25.6171,25.6171,0
2015-11-10,25.5504,25.5504,25.5504,25.5504,0
2015-11-11,25.58,25.58,25.58,25.58,0
2015-11-12,25.3132,25.3132,25.3132,25.3132,0
2015-11-13,24.9796,24.9796,24.9796,24.9796,0
2015-11-16,25.5207,25.5207,25.5207,25.5207,0
2015-11-17,25.491,25.491,25.491,25.491,0
2015-11-18,25.6912,25.6912,25.6912,25.6912,0
2015-11-19,25.8839,25.8839,25.8839,25.8839,0
2015-11-20,26.1063,26.1063,26.1063,26.1063,0
2015-11-23,25.8913,25.8913,25.8913,25.8913,0
2015-11-24,25.958,25.958,25.958,25.958,0
2015-11-25,25.7579,25.7579,25.7579,25.7579,0
2015-11-27,25.1946,25.1946,25.1946,25.1946,0
2015-11-30,25.2316,25.2316,25.2316,25.2316,0
2015-12-01,25.3799,25.3799,25.3799,25.3799,0
2015-12-02,25.1278,25.1278,25.1278,25.1278,0
2015-12-03,25.0537,25.0537,25.0537,25.0537,0
2015-12-04,25.1501,25.1501,25.1501,25.1501,0
2015-12-07,24.7943,24.7943,24.7943,24.7943,0
2015-12-08,24.4978,24.4978,24.4978,24.4978,0
2015-12-09,24.3199,24.3199,24.3199,24.3199,0
2015-12-10,24.0753,24.0753,24.0753,24.0753,0
2015-12-11,23.3934,23.3934,23.3934,23.3934,0
2015-12-14,23.7788,23.7788,23.7788,23.7788,0
2015-12-15,24.1272,24.1272,24.1272,24.1272,0
2015-12-16,24.5349,24.5349,24.5349,24.5349,0
2015-12-17,24.3199,24.3199,24.3199,24.3199,0
2015-12-18,24.1939,24.1939,24.1939,24.1939,0
2015-12-21,24.3645,24.3645,24.3645,24.3645,0
2015-12-22,24.5507,24.5507,24.5507,24.5507,0
2015-12-23,24.9157,24.9157,24.9157,24.9157,0
2015-12-24,24.8412,24.8412,24.8412,24.8412,0
2015-12-28,24.7146,24.7146,24.7146,24.7146,0
2015-12-29,24.6996,24.6996,24.6996,24.6996,0
2015-12-30,24.357,24.357,24.357,24.357,0
2015-12-31,24.3645,24.3645,24.3645,24.3645,0
2016-01-04,23.6717,23.6717,23.6717,23.6717,0
2016-01-05,23.7239,23.7239,23.7239,23.7239,0
2016-01-06,23.2993,23.2993,23.2993,23.2993,0
2016-01-07,22.547,22.547,22.547,22.547,0
2016-01-08,22.3459,22.3459,22.3459,22.3459,0
2016-01-11,22.2491,22.2491,22.2491,22.2491,0
2016-01-12,22.331,22.331,22.331,22.331,0
2016-01-13,22.0777,22.0777,22.0777,22.0777,0
2016-01-14,22.3608,22.3608,22.3608,22.3608,0
2016-01-15,21.4222,21.4222,21.4222,21.4222,0
2016-01-19,21.7202,21.7202,21.7202,21.7202,0
2016-01-20,21.2658,21.2658,21.2658,21.2658,0
2016-01-21,21.3031,21.3031,21.3031,21.3031,0
2016-01-22,22.0256,22.0256,22.0256,22.0256,0
2016-01-25,21.6606,21.6606,21.6606,21.6606,0
2016-01-26,21.9735,21.9735,21.9735,21.9735,0
2016-01-27,21.8319,21.8319,21.8319,21.8319,0
2016-01-28,22.182,22.182,22.182,22.182,0
2016-01-29,22.9641,22.9641,22.9641,22.9641,0
2016-02-01,22.7332,22.7332,22.7332,22.7332,0
2016-02-02,22.0554,22.0554,22.0554,22.0554,0
2016-02-03,22.6438,22.6438,22.6438,22.6438,0
2016-02-04,22.8002,22.8002,22.8002,22.8002,0
2016-02-05,22.5619,22.5619,22.5619,22.5619,0
2016-02-08,22.2491,22.2491,22.2491,22.2491,0
2016-02-09,21.966,21.966,21.966,21.966,0
2016-02-10,22.033,22.033,22.033,22.033,0
2016-02-11,21.7128,21.7128,21.7128,21.7128,0
2016-02-12,22.0703,22.0703,22.0703,22.0703,0
2016-02-16,22.5917,22.5917,22.5917,22.5917,0
2016-02-17,23.061,23.061,23.061,23.061,0
2016-02-18,22.9492,22.9492,22.9492,22.9492,0
2016-02-19,22.8524,22.8524,22.8524,22.8524,0
2016-02-22,23.4185,23.4185,23.4185,23.4185,0
2016-02-23,22.912,22.912,22.912,22.912,0
2016-02-24,22.912,22.912,22.912,22.912,0
2016-02-25,22.9492,22.9492,22.9492,22.9492,0
2016-02-26,22.7481,22.7481,22.7481,22.7481,0
2016-02-29,22.8896,22.8896,22.8896,22.8896,0
2016-03-01,23.7239,23.7239,23.7239,23.7239,0
2016-03-02,24.0889,24.0889,24.0889,24.0889,0
2016-03-03,24.3496,24.3496,24.3496,24.3496,0
2016-03-04,24.8859,24.8859,24.8859,24.8859,0
2016-03-07,24.8337,24.8337,24.8337,24.8337,0
2016-03-08,24.4017,24.4017,24.4017,24.4017,0
2016-03-09,24.5581,24.5581,24.5581,24.5581,0
2016-03-10,24.4985,24.4985,24.4985,24.4985,0
2016-03-11,25.0348,25.0348,25.0348,25.0348,0
2016-03-14,24.8933,24.8933,24.8933,24.8933,0
2016-03-15,24.4732,24.4732,24.4732,24.4732,0
2016-03-16,24.9881,24.9881,24.9881,24.9881,0
2016-03-17,25.4954,25.4954,25.4954,25.4954,0
2016-03-18,25.6671,25.6671,25.6671,25.6671,0
2016-03-21,25.7715,25.7715,25.7715,25.7715,0
2016-03-22,25.6596,25.6596,25.6596,25.6596,0
2016-03-23,25.2641,25.2641,25.2641,25.2641,0
2016-03-24,25.2268,25.2268,25.2268,25.2268,0
2016-03-28,25.294,25.294,25.294,25.294,0
2016-03-29,25.5402,25.5402,25.5402,25.5402,0
2016-03-30,25.8312,25.8312,25.8312,25.8312,0
2016-03-31,25.8014,25.8014,25.8014,25.8014,0
2016-04-01,25.876,25.876,25.876,25.876,0
2016-04-04,25.5253,25.5253,25.5253,25.5253,0
2016-04-05,25.0478,25.0478,25.0478,25.0478,0
2016-04-06,25.3686,25.3686,25.3686,25.3686,0
2016-04-07,24.8388,24.8388,24.8388,24.8388,0
2016-04-08,25.2716,25.2716,25.2716,25.2716,0
2016-04-11,25.6074,25.6074,25.6074,25.6074,0
2016-04-12,26.0028,26.0028,26.0028,26.0028,0
2016-04-13,26.4878,26.4878,26.4878,26.4878,0
2016-04-14,26.3535,26.3535,26.3535,26.3535,0
2016-04-15,26.1968,26.1968,26.1968,26.1968,0
2016-04-18,26.2863,26.2863,26.2863,26.2863,0
2016-04-19,26.6893,26.6893,26.6893,26.6893,0
2016-04-20,26.5177,26.5177,26.5177,26.5177,0
2016-04-21,26.2267,26.2267,26.2267,26.2267,0
2016-04-22,26.1297,26.1297,26.1297,26.1297,0
2016-04-25,25.9207,25.9207,25.9207,25.9207,0
2016-04-26,26.2267,26.2267,26.2267,26.2267,0
2016-04-27,26.3833,26.3833,26.3833,26.3833,0
2016-04-28,26.1147,26.1147,26.1147,26.1147,0
2016-04-29,26.0625,26.0625,26.0625,26.0625,0
2016-05-02,25.9954,25.9954,25.9954,25.9954,0
2016-05-03,25.2716,25.2716,25.2716,25.2716,0
2016-05-04,24.9135,24.9135,24.9135,24.9135,0
2016-05-05,24.9135,24.9135,24.9135,24.9135,0
2016-05-06,24.9732,24.9732,24.9732,24.9732,0
2016-05-09,24.5926,24.5926,24.5926,24.5926,0
2016-05-10,25.0851,25.0851,25.0851,25.0851,0
2016-05-11,25.0105,25.0105,25.0105,25.0105,0
2016-05-12,24.9657,24.9657,24.9657,24.9657,0
2016-05-13,24.518,24.518,24.518,24.518,0
2016-05-16,24.8015,24.8015,24.8015,24.8015,0
2016-05-17,24.6971,24.6971,24.6971,24.6971,0
2016-05-18,24.5031,24.5031,24.5031,24.5031,0
2016-05-19,24.2046,24.2046,24.2046,24.2046,0
2016-05-20,24.4732,24.4732,24.4732,24.4732,0
2016-05-23,24.421,24.421,24.421,24.421,0
2016-05-24,24.712,24.712,24.712,24.712,0
2016-05-25,24.9955,24.9955,24.9955,24.9955,0
2016-05-26,25.1597,25.1597,25.1597,25.1597,0
2016-05-27,25.1522,25.1522,25.1522,25.1522,0
2016-05-31,25.2194,25.2194,25.2194,25.2194,0
2016-06-01,25.197,25.197,25.197,25.197,0
2016-06-02,25.3984,25.3984,25.3984,25.3984,0
2016-06-03,25.7939,25.7939,25.7939,25.7939,0
2016-06-06,26.0103,26.0103,26.0103,26.0103,0
2016-06-07,26.264,26.264,26.264,26.264,0
2016-06-08,26.4803,26.4803,26.4803,26.4803,0
2016-06-09,26.1819,26.1819,26.1819,26.1819,0
2016-06-10,25.5178,25.5178,25.5178,25.5178,0
2016-06-13,25.197,25.197,25.197,25.197,0
2016-06-14,25.1241,25.1241,25.1241,25.1241,0
2016-06-15,25.357,25.357,25.357,25.357,0
2016-06-16,25.2969,25.2969,25.2969,25.2969,0
2016-06-17,25.4095,25.4095,25.4095,25.4095,0
2016-06-20,25.7776,25.7776,25.7776,25.7776,0
2016-06-21,25.9729,25.9729,25.9729,25.9729,0
2016-06-22,26.0104,26.0104,26.0104,26.0104,0
2016-06-23,26.6564,26.6564,26.6564,26.6564,0
2016-06-24,25.1467,25.1467,25.1467,25.1467,0
2016-06-27,24.8838,24.8838,24.8838,24.8838,0
2016-06-28,25.5973,25.5973,25.5973,25.5973,0
2016-06-29,26.1982,26.1982,26.1982,26.1982,0
2016-06-30,26.4611,26.4611,26.4611,26.4611,0
2016-07-01,26.6564,26.6564,26.6564,26.6564,0
2016-07-05,26.1306,26.1306,26.1306,26.1306,0
2016-07-06,26.1306,26.1306,26.1306,26.1306,0
2016-07-07,26.0179,26.0179,26.0179,26.0179,0
2016-07-08,26.5963,26.5963,26.5963,26.5963,0
2016-07-11,26.8141,26.8141,26.8141,26.8141,0
2016-07-12,27.2272,27.2272,27.2272,27.2272,0
2016-07-13,27.1821,27.1821,27.1821,27.1821,0
2016-07-14,27.5577,27.5577,27.5577,27.5577,0
2016-07-15,27.46,27.46,27.46,27.46,0
2016-07-18,27.7004,27.7004,27.7004,27.7004,0
2016-07-19,27.46,27.46,27.46,27.46,0
2016-07-20,27.6028,27.6028,27.6028,27.6028,0
2016-07-21,27.5276,27.5276,27.5276,27.5276,0
2016-07-22,27.7079,27.7079,27.7079,27.7079,0
2016-07-25,27.4826,27.4826,27.4826,27.4826,0
2016-07-26,27.6478,27.6478,27.6478,27.6478,0
2016-07-27,27.6854,27.6854,27.6854,27.6854,0
2016-07-28,27.6704,27.6704,27.6704,27.6704,0
2016-07-29,27.8206,27.8206,27.8206,27.8206,0
2016-08-01,27.7154,27.7154,27.7154,27.7154,0
2016-08-02,27.5652,27.5652,27.5652,27.5652,0
2016-08-03,27.7154,27.7154,27.7154,27.7154,0
2016-08-04,27.8506,27.8506,27.8506,27.8506,0
2016-08-05,28.1586,28.1586,28.1586,28.1586,0
2016-08-08,28.3388,28.3388,28.3388,28.3388,0
2016-08-09,28.5266,28.5266,28.5266,28.5266,0
2016-08-10,28.459,28.459,28.459,28.459,0
2016-08-11,28.7895,28.7895,28.7895,28.7895,0
2016-08-12,28.6768,28.6768,28.6768,28.6768,0
2016-08-15,28.9923,28.9923,28.9923,28.9923,0
2016-08-16,28.8421,28.8421,28.8421,28.8421,0
2016-08-17,28.7369,28.7369,28.7369,28.7369,0
2016-08-18,28.9697,28.9697,28.9697,28.9697,0
2016-08-19,28.797,28.797,28.797,28.797,0
2016-08-22,28.4365,28.4365,28.4365,28.4365,0
2016-08-23,28.2938,28.2938,28.2938,28.2938,0
2016-08-24,28.3764,28.3764,28.3764,28.3764,0
2016-08-25,28.3689,28.3689,28.3689,28.3689,0
2016-08-26,28.1435,28.1435,28.1435,28.1435,0
2016-08-29,28.3538,28.3538,28.3538,28.3538,0
2016-08-30,28.3088,28.3088,28.3088,28.3088,0
2016-08-31,28.0384,28.0384,28.0384,28.0384,0
2016-09-01,28.1886,28.1886,28.1886,28.1886,0
2016-09-02,28.6167,28.6167,28.6167,28.6167,0
2016-09-06,29.1124,29.1124,29.1124,29.1124,0
2016-09-07,29.0749,29.0749,29.0749,29.0749,0
2016-09-08,29.0148,29.0148,29.0148,29.0148,0
2016-09-09,28.0985,28.0985,28.0985,28.0985,0
2016-09-12,28.3313,28.3313,28.3313,28.3313,0
2016-09-13,27.6244,27.6244,27.6244,27.6244,0
2016-09-14,27.7232,27.7232,27.7232,27.7232,0
2016-09-15,28.1641,28.1641,28.1641,28.1641,0
2016-09-16,27.974,27.974,27.974,27.974,0
2016-09-19,28.2097,28.2097,28.2097,28.2097,0
2016-09-20,28.2173,28.2173,28.2173,28.2173,0
2016-09-21,28.9014,28.9014,28.9014,28.9014,0
2016-09-22,29.0307,29.0307,29.0307,29.0307,0
2016-09-23,28.6506,28.6506,28.6506,28.6506,0
2016-09-26,28.3009,28.3009,28.3009,28.3009,0
2016-09-27,28.5974,28.5974,28.5974,28.5974,0
2016-09-28,28.8786,28.8786,28.8786,28.8786,0
2016-09-29,28.3997,28.3997,28.3997,28.3997,0
2016-09-30,28.605,28.605,28.605,28.605,0
2016-10-03,28.795,28.795,28.795,28.795,0
2016-10-04,28.5062,28.5062,28.5062,28.5062,0
2016-10-05,28.9394,28.9394,28.9394,28.9394,0
2016-10-06,28.9394,28.9394,28.9394,28.9394,0
2016-10-07,28.8406,28.8406,28.8406,28.8406,0
2016-10-10,29.0383,29.0383,29.0383,29.0383,0
2016-10-11,28.4985,28.4985,28.4985,28.4985,0
2016-10-12,28.4681,28.4681,28.4681,28.4681,0
2016-10-13,28.2933,28.2933,28.2933,28.2933,0
2016-10-14,28.3693,28.3693,28.3693,28.3693,0
2016-10-17,28.3161,28.3161,28.3161,28.3161,0
2016-10-18,28.8178,28.8178,28.8178,28.8178,0
2016-10-19,28.9699,28.9699,28.9699,28.9699,0
2016-10-20,28.9318,28.9318,28.9318,28.9318,0
2016-10-21,28.9394,28.9394,28.9394,28.9394,0
2016-10-24,29.0839,29.0839,29.0839,29.0839,0
2016-10-25,29.0611,29.0611,29.0611,29.0611,0
2016-10-26,28.8482,28.8482,28.8482,28.8482,0
2016-10-27,28.6278,28.6278,28.6278,28.6278,0
2016-10-28,28.4681,28.4681,28.4681,28.4681,0
2016-10-31,28.6962,28.6962,28.6962,28.6962,0
2016-11-01,28.4834,28.4834,28.4834,28.4834,0
2016-11-02,28.1565,28.1565,28.1565,28.1565,0
2016-11-03,28.0881,28.0881,28.0881,28.0881,0
2016-11-04,27.7916,27.7916,27.7916,27.7916,0
2016-11-07,28.7342,28.7342,28.7342,28.7342,0
2016-11-08,28.871,28.871,28.871,28.871,0
2016-11-09,28.1109,28.1109,28.1109,28.1109,0
2016-11-10,27.2975,27.2975,27.2975,27.2975,0
2016-11-11,26.7958,26.7958,26.7958,26.7958,0
2016-11-14,26.6666,26.6666,26.6666,26.6666,0
2016-11-15,27.1683,27.1683,27.1683,27.1683,0
2016-11-16,26.9478,26.9478,26.9478,26.9478,0
2016-11-17,26.9554,26.9554,26.9554,26.9554,0
2016-11-18,26.8946,26.8946,26.8946,26.8946,0
2016-11-21,27.1607,27.1607,27.1607,27.1607,0
2016-11-22,27.4571,27.4571,27.4571,27.4571,0
2016-11-23,27.1911,27.1911,27.1911,27.1911,0
2016-11-25,27.3355,27.3355,27.3355,27.3355,0
2016-11-28,27.4723,27.4723,27.4723,27.4723,0
2016-11-29,27.4875,27.4875,27.4875,27.4875,0
2016-11-30,27.5331,27.5331,27.5331,27.5331,0
2016-12-01,27.2215,27.2215,27.2215,27.2215,0
2016-12-02,27.1911,27.1911,27.1911,27.1911,0
2016-12-05,27.3735,27.3735,27.3735,27.3735,0
2016-12-06,27.4875,27.4875,27.4875,27.4875,0
2016-12-07,27.898,27.898,27.898,27.898,0
2016-12-08,28.0272,28.0272,28.0272,28.0272,0
2016-12-09,27.898,27.898,27.898,27.898,0
2016-12-12,27.67,27.67,27.67,27.67,0
2016-12-13,27.9512,27.9512,27.9512,27.9512,0
2016-12-14,27.1455,27.1455,27.1455,27.1455,0
2016-12-15,27.2671,27.2671,27.2671,27.2671,0
2016-12-16,27.0998,27.0998,27.0998,27.0998,0
2016-12-19,26.9174,26.9174,26.9174,26.9174,0
2016-12-20,26.9632,26.9632,26.9632,26.9632,0
2016-12-21,26.8792,26.8792,26.8792,26.8792,0
2016-12-22,26.6271,26.6271,26.6271,26.6271,0
2016-12-23,26.757,26.757,26.757,26.757,0
2016-12-27,26.8869,26.8869,26.8869,26.8869,0
2016-12-28,27.0549,27.0549,27.0549,27.0549,0
2016-12-29,27.475,27.475,27.475,27.475,0
2016-12-30,27.3299,27.3299,27.3299,27.3299,0
2017-01-03,27.6278,27.6278,27.6278,27.6278,0
2017-01-04,27.8798,27.8798,27.8798,27.8798,0
2017-01-05,28.1701,28.1701,28.1701,28.1701,0
2017-01-06,28.0555,28.0555,28.0555,28.0555,0
2017-01-09,28.0097,28.0097,28.0097,28.0097,0
2017-01-10,28.1625,28.1625,28.1625,28.1625,0
2017-01-11,28.4069,28.4069,28.4069,28.4069,0
2017-01-12,28.4756,28.4756,28.4756,28.4756,0
2017-01-13,28.4451,28.4451,28.4451,28.4451,0
2017-01-17,28.4145,28.4145,28.4145,28.4145,0
2017-01-18,28.3076,28.3076,28.3076,28.3076,0
2017-01-19,28.2312,28.2312,28.2312,28.2312,0
2017-01-20,28.277,28.277,28.277,28.277,0
2017-01-23,28.6666,28.6666,28.6666,28.6666,0
2017-01-24,28.8728,28.8728,28.8728,28.8728,0
2017-01-25,29.1249,29.1249,29.1249,29.1249,0
2017-01-26,29.0027,29.0027,29.0027,29.0027,0
2017-01-27,29.0332,29.0332,29.0332,29.0332,0
2017-01-30,28.8881,28.8881,28.8881,28.8881,0
2017-01-31,28.9034,28.9034,28.9034,28.9034,0
2017-02-01,28.9645,28.9645,28.9645,28.9645,0
2017-02-02,29.0638,29.0638,29.0638,29.0638,0
2017-02-03,29.2471,29.2471,29.2471,29.2471,0
2017-02-06,29.1783,29.1783,29.1783,29.1783,0
2017-02-07,29.0714,29.0714,29.0714,29.0714,0
2017-02-08,29.3006,29.3006,29.3006,29.3006,0
2017-02-09,29.4533,29.4533,29.4533,29.4533,0
2017-02-10,29.7207,29.7207,29.7207,29.7207,0
2017-02-13,29.8352,29.8352,29.8352,29.8352,0
2017-02-14,29.8811,29.8811,29.8811,29.8811,0
2017-02-15,30.1026,30.1026,30.1026,30.1026,0
2017-02-16,30.0186,30.0186,30.0186,30.0186,0
2017-02-17,29.9193,29.9193,29.9193,29.9193,0
2017-02-21,30.1637,30.1637,30.1637,30.1637,0
2017-02-22,30.2401,30.2401,30.2401,30.2401,0
2017-02-23,30.2554,30.2554,30.2554,30.2554,0
2017-02-24,29.9345,29.9345,29.9345,29.9345,0
2017-02-27,29.8123,29.8123,29.8123,29.8123,0
2017-02-28,29.5526,29.5526,29.5526,29.5526,0
2017-03-01,30.0262,30.0262,30.0262,30.0262,0
2017-03-02,29.4915,29.4915,29.4915,29.4915,0
2017-03-03,29.7436,29.7436,29.7436,29.7436,0
2017-03-06,29.7894,29.7894,29.7894,29.7894,0
2017-03-07,29.8276,29.8276,29.8276,29.8276,0
2017-03-08,29.5297,29.5297,29.5297,29.5297,0
2017-03-09,29.2777,29.2777,29.2777,29.2777,0
2017-03-10,29.5221,29.5221,29.5221,29.5221,0
2017-03-13,29.8963,29.8963,29.8963,29.8963,0
2017-03-14,29.7283,29.7283,29.7283,29.7283,0
2017-03-15,30.4234,30.4234,30.4234,30.4234,0
2017-03-16,30.6296,30.6296,30.6296,30.6296,0
2017-03-17,30.5991,30.5991,30.5991,30.5991,0
2017-03-20,30.897,30.897,30.897,30.897,0
2017-03-21,30.5227,30.5227,30.5227,30.5227,0
2017-03-22,30.6688,30.6688,30.6688,30.6688,0
2017-03-23,30.6841,30.6841,30.6841,30.6841,0
2017-03-24,30.7683,30.7683,30.7683,30.7683,0
2017-03-27,30.6765,30.6765,30.6765,30.6765,0
2017-03-28,30.753,30.753,30.753,30.753,0
2017-03-29,30.7989,30.7989,30.7989,30.7989,0
2017-03-30,30.6229,30.6229,30.6229,30.6229,0
2017-03-31,30.3934,30.3934,30.3934,30.3934,0
2017-04-03,30.6306,30.6306,30.6306,30.6306,0
2017-04-04,30.6994,30.6994,30.6994,30.6994,0
2017-04-05,30.6459,30.6459,30.6459,30.6459,0
2017-04-06,30.5923,30.5923,30.5923,30.5923,0
2017-04-07,30.5847,30.5847,30.5847,30.5847,0
2017-04-10,30.4393,30.4393,30.4393,30.4393,0
2017-04-11,30.4699,30.4699,30.4699,30.4699,0
2017-04-12,30.577,30.577,30.577,30.577,0
2017-04-13,30.4163,30.4163,30.4163,30.4163,0
2017-04-17,30.6765,30.6765,30.6765,30.6765,0
2017-04-18,30.3169,30.3169,30.3169,30.3169,0
2017-04-19,30.0949,30.0949,30.0949,30.0949,0
2017-04-20,30.4087,30.4087,30.4087,30.4087,0
2017-04-21,30.3781,30.3781,30.3781,30.3781,0
2017-04-24,30.7301,30.7301,30.7301,30.7301,0
2017-04-25,30.952,30.952,30.952,30.952,0
2017-04-26,30.8372,30.8372,30.8372,30.8372,0
2017-04-27,30.7377,30.7377,30.7377,30.7377,0
2017-04-28,30.8678,30.8678,30.8678,30.8678,0
2017-05-01,30.9902,30.9902,30.9902,30.9902,0
2017-05-02,31.1433,31.1433,31.1433,31.1433,0
2017-05-03,30.9214,30.9214,30.9214,30.9214,0
2017-05-04,30.5923,30.5923,30.5923,30.5923,0
2017-05-05,30.7683,30.7683,30.7683,30.7683,0
2017-05-08,30.577,30.577,30.577,30.577,0
2017-05-09,30.9214,30.9214,30.9214,30.9214,0
2017-05-10,31.1662,31.1662,31.1662,31.1662,0
2017-05-11,31.1509,31.1509,31.1509,31.1509,0
2017-05-12,31.3193,31.3193,31.3193,31.3193,0
2017-05-15,31.61,31.61,31.61,31.61,0
2017-05-16,31.6406,31.6406,31.6406,31.6406,0
2017-05-17,31.1662,31.1662,31.1662,31.1662,0
2017-05-18,30.5923,30.5923,30.5923,30.5923,0
2017-05-19,31.1356,31.1356,31.1356,31.1356,0
2017-05-22,31.128,31.128,31.128,31.128,0
2017-05-23,31.1126,31.1126,31.1126,31.1126,0
2017-05-24,31.2198,31.2198,31.2198,31.2198,0
2017-05-25,31.3805,31.3805,31.3805,31.3805,0
2017-05-26,31.457,31.457,31.457,31.457,0
2017-05-30,31.4034,31.4034,31.4034,31.4034,0
2017-05-31,31.1739,31.1739,31.1739,31.1739,0
2017-06-01,31.4034,31.4034,31.4034,31.4034,0
2017-06-02,31.5029,31.5029,31.5029,31.5029,0
2017-06-05,31.5029,31.5029,31.5029,31.5029,0
2017-06-06,31.5259,31.5259,31.5259,31.5259,0
2017-06-07,31.5029,31.5029,31.5029,31.5029,0
2017-06-08,31.5641,31.5641,31.5641,31.5641,0
2017-06-09,31.3499,31.3499,31.3499,31.3499,0
2017-06-12,31.2351,31.2351,31.2351,31.2351,0
2017-06-13,31.3805,31.3805,31.3805,31.3805,0
2017-06-14,31.3575,31.3575,31.3575,31.3575,0
2017-06-15,31.082,31.082,31.082,31.082,0
2017-06-16,31.1815,31.1815,31.1815,31.1815,0
2017-06-19,31.3881,31.3881,31.3881,31.3881,0
2017-06-20,31.0132,31.0132,31.0132,31.0132,0
2017-06-21,31.131,31.131,31.131,31.131,0
2017-06-22,31.2465,31.2465,31.2465,31.2465,0
2017-06-23,31.362,31.362,31.362,31.362,0
2017-06-26,31.6931,31.6931,31.6931,31.6931,0
2017-06-27,31.362,31.362,31.362,31.362,0
2017-06-28,31.5468,31.5468,31.5468,31.5468,0
2017-06-29,31.1926,31.1926,31.1926,31.1926,0
2017-06-30,31.439,31.439,31.439,31.439,0
2017-07-03,31.5853,31.5853,31.5853,31.5853,0
2017-07-05,31.5314,31.5314,31.5314,31.5314,0
2017-07-06,31.1849,31.1849,31.1849,31.1849,0
2017-07-07,31.2696,31.2696,31.2696,31.2696,0
2017-07-10,31.4929,31.4929,31.4929,31.4929,0
2017-07-11,31.7162,31.7162,31.7162,31.7162,0
2017-07-12,32.3168,32.3168,32.3168,32.3168,0
2017-07-13,32.4092,32.4092,32.4092,32.4092,0
2017-07-14,32.7403,32.7403,32.7403,32.7403,0
2017-07-17,32.5709,32.5709,32.5709,32.5709,0
2017-07-18,32.6248,32.6248,32.6248,32.6248,0
2017-07-19,32.9405,32.9405,32.9405,32.9405,0
2017-07-20,32.8712,32.8712,32.8712,32.8712,0
2017-07-21,32.8019,32.8019,32.8019,32.8019,0
2017-07-24,32.9251,32.9251,32.9251,32.9251,0
2017-07-25,32.8712,32.8712,32.8712,32.8712,0
2017-07-26,33.1099,33.1099,33.1099,33.1099,0
2017-07-27,32.9405,32.9405,32.9405,32.9405,0
2017-07-28,33.0637,33.0637,33.0637,33.0637,0
2017-07-31,33.1176,33.1176,33.1176,33.1176,0
2017-08-01,33.2562,33.2562,33.2562,33.2562,0
2017-08-02,33.3332,33.3332,33.3332,33.3332,0
2017-08-03,33.21,33.21,33.21,33.21,0
2017-08-04,33.2947,33.2947,33.2947,33.2947,0
2017-08-07,33.5565,33.5565,33.5565,33.5565,0
2017-08-08,33.5103,33.5103,33.5103,33.5103,0
2017-08-09,33.3255,33.3255,33.3255,33.3255,0
2017-08-10,32.5555,32.5555,32.5555,32.5555,0
2017-08-11,32.6556,32.6556,32.6556,32.6556,0
2017-08-14,32.9405,32.9405,32.9405,32.9405,0
2017-08-15,32.9174,32.9174,32.9174,32.9174,0
2017-08-16,33.3178,33.3178,33.3178,33.3178,0
2017-08-17,32.8943,32.8943,32.8943,32.8943,0
2017-08-18,33.133,33.133,33.133,33.133,0
2017-08-21,33.2177,33.2177,33.2177,33.2177,0
2017-08-22,33.5103,33.5103,33.5103,33.5103,0
2017-08-23,33.672,33.672,33.672,33.672,0
2017-08-24,33.749,33.749,33.749,33.749,0
2017-08-25,34.0339,34.0339,34.0339,34.0339,0
2017-08-28,34.0262,34.0262,34.0262,34.0262,0
2017-08-29,33.9569,33.9569,33.9569,33.9569,0
2017-08-30,33.9954,33.9954,33.9954,33.9954,0
2017-08-31,34.1109,34.1109,34.1109,34.1109,0
2017-09-01,34.3573,34.3573,34.3573,34.3573,0
2017-09-05,34.0955,34.0955,34.0955,34.0955,0
2017-09-06,34.3419,34.3419,34.3419,34.3419,0
2017-09-07,34.5113,34.5113,34.5113,34.5113,0
2017-09-08,34.288,34.288,34.288,34.288,0
2017-09-11,34.6884,34.6884,34.6884,34.6884,0
2017-09-12,34.6268,34.6268,34.6268,34.6268,0
2017-09-13,34.3958,34.3958,34.3958,34.3958,0
2017-09-14,34.4651,34.4651,34.4651,34.4651,0
2017-09-15,34.6961,34.6961,34.6961,34.6961,0
2017-09-18,34.6653,34.6653,34.6653,34.6653,0
2017-09-19,34.6961,34.6961,34.6961,34.6961,0
2017-09-20,34.5964,34.5964,34.5964,34.5964,0
2017-09-21,34.6275,34.6275,34.6275,34.6275,0
2017-09-22,34.4172,34.4172,34.4172,34.4172,0
2017-09-25,33.7784,33.7784,33.7784,33.7784,0
2017-09-26,33.7706,33.7706,33.7706,33.7706,0
2017-09-27,33.5836,33.5836,33.5836,33.5836,0
2017-09-28,33.5992,33.5992,33.5992,33.5992,0
2017-09-29,33.942,33.942,33.942,33.942,0
2017-10-02,33.9732,33.9732,33.9732,33.9732,0
2017-10-03,34.4406,34.4406,34.4406,34.4406,0
2017-10-04,34.4795,34.4795,34.4795,34.4795,0
2017-10-05,34.6976,34.6976,34.6976,34.6976,0
2017-10-06,34.5652,34.5652,34.5652,34.5652,0
2017-10-09,34.4483,34.4483,34.4483,34.4483,0
2017-10-10,34.7833,34.7833,34.7833,34.7833,0
2017-10-11,34.8846,34.8846,34.8846,34.8846,0
2017-10-12,34.8846,34.8846,34.8846,34.8846,0
2017-10-13,35.1962,35.1962,35.1962,35.1962,0
2017-10-16,35.1651,35.1651,35.1651,35.1651,0
2017-10-17,34.9937,34.9937,34.9937,34.9937,0
2017-10-18,35.0248,35.0248,35.0248,35.0248,0
2017-10-19,34.7677,34.7677,34.7677,34.7677,0
2017-10-20,34.908,34.908,34.908,34.908,0
2017-10-23,34.5964,34.5964,34.5964,34.5964,0
2017-10-24,34.6898,34.6898,34.6898,34.6898,0
2017-10-25,34.6119,34.6119,34.6119,34.6119,0
2017-10-26,34.4328,34.4328,34.4328,34.4328,0
2017-10-27,34.8534,34.8534,34.8534,34.8534,0
2017-10-30,34.573,34.573,34.573,34.573,0
2017-10-31,34.7677,34.7677,34.7677,34.7677,0
2017-11-01,34.8534,34.8534,34.8534,34.8534,0
2017-11-02,34.9625,34.9625,34.9625,34.9625,0
2017-11-03,34.7599,34.7599,34.7599,34.7599,0
2017-11-06,35.0949,35.0949,35.0949,35.0949,0
2017-11-07,34.8768,34.8768,34.8768,34.8768,0
2017-11-08,35.0015,35.0015,35.0015,35.0015,0
2017-11-09,34.869,34.869,34.869,34.869,0
2017-11-10,34.7366,34.7366,34.7366,34.7366,0
2017-11-13,34.6665,34.6665,34.6665,34.6665,0
2017-11-14,34.4328,34.4328,34.4328,34.4328,0
2017-11-15,34.1523,34.1523,34.1523,34.1523,0
2017-11-16,34.7599,34.7599,34.7599,34.7599,0
2017-11-17,34.9547,34.9547,34.9547,34.9547,0
2017-11-20,35.1027,35.1027,35.1027,35.1027,0
2017-11-21,35.539,35.539,35.539,35.539,0
2017-11-22,35.6558,35.6558,35.6558,35.6558,0
2017-11-24,35.5234,35.5234,35.5234,35.5234,0
2017-11-27,35.1573,35.1573,35.1573,35.1573,0
2017-11-28,35.3676,35.3676,35.3676,35.3676,0
2017-11-29,34.8768,34.8768,34.8768,34.8768,0
2017-11-30,34.6509,34.6509,34.6509,34.6509,0
2017-12-01,34.3159,34.3159,34.3159,34.3159,0
2017-12-04,34.4328,34.4328,34.4328,34.4328,0
2017-12-05,34.3782,34.3782,34.3782,34.3782,0
2017-12-06,33.9498,33.9498,33.9498,33.9498,0
2017-12-07,33.9965,33.9965,33.9965,33.9965,0
2017-12-08,34.386,34.386,34.386,34.386,0
2017-12-11,34.6119,34.6119,34.6119,34.6119,0
2017-12-12,34.3627,34.3627,34.3627,34.3627,0
2017-12-13,34.7366,34.7366,34.7366,34.7366,0
2017-12-14,34.5185,34.5185,34.5185,34.5185,0
2017-12-15,34.6119,34.6119,34.6119,34.6119,0
2017-12-18,34.9703,34.9703,34.9703,34.9703,0
2017-12-19,34.8768,34.8768,34.8768,34.8768,0
2017-12-20,34.9235,34.9235,34.9235,34.9235,0
2017-12-21,35.2695,35.2695,35.2695,35.2695,0
2017-12-22,35.5591,35.5591,35.5591,35.5591,0
2017-12-26,35.5982,35.5982,35.5982,35.5982,0
2017-12-27,35.5904,35.5904,35.5904,35.5904,0
2017-12-28,35.7626,35.7626,35.7626,35.7626,0
2017-12-29,35.9348,35.9348,35.9348,35.9348,0
2018-01-02,36.5532,36.5532,36.5532,36.5532,0
2018-01-03,36.9054,36.9054,36.9054,36.9054,0
2018-01-04,37.1324,37.1324,37.1324,37.1324,0
2018-01-05,37.4611,37.4611,37.4611,37.4611,0
2018-01-08,37.469,37.469,37.469,37.469,0
2018-01-09,37.4611,37.4611,37.4611,37.4611,0
2018-01-10,37.2968,37.2968,37.2968,37.2968,0
2018-01-11,37.5394,37.5394,37.5394,37.5394,0
2018-01-12,37.9386,37.9386,37.9386,37.9386,0
2018-01-16,37.7508,37.7508,37.7508,37.7508,0
2018-01-17,38.283,38.283,38.283,38.283,0
2018-01-18,38.3456,38.3456,38.3456,38.3456,0
2018-01-19,38.7057,38.7057,38.7057,38.7057,0
2018-01-22,39.0188,39.0188,39.0188,39.0188,0
2018-01-23,39.1596,39.1596,39.1596,39.1596,0
2018-01-24,39.5197,39.5197,39.5197,39.5197,0
2018-01-25,39.3788,39.3788,39.3788,39.3788,0
2018-01-26,39.9032,39.9032,39.9032,39.9032,0
2018-01-29,39.2771,39.2771,39.2771,39.2771,0
2018-01-30,38.7761,38.7761,38.7761,38.7761,0
2018-01-31,39.0109,39.0109,39.0109,39.0109,0
2018-02-01,38.643,38.643,38.643,38.643,0
2018-02-02,37.7742,37.7742,37.7742,37.7742,0
2018-02-05,36.561,36.561,36.561,36.561,0
2018-02-06,37.469,37.469,37.469,37.469,0
2018-02-07,36.4045,36.4045,36.4045,36.4045,0
2018-02-08,35.1912,35.1912,35.1912,35.1912,0
2018-02-09,35.7235,35.7235,35.7235,35.7235,0
2018-02-12,36.2166,36.2166,36.2166,36.2166,0
2018-02-13,36.4984,36.4984,36.4984,36.4984,0
2018-02-14,37.2498,37.2498,37.2498,37.2498,0
2018-02-15,37.9464,37.9464,37.9464,37.9464,0
2018-02-16,37.8055,37.8055,37.8055,37.8055,0
2018-02-20,37.469,37.469,37.469,37.469,0
2018-02-21,37.422,37.422,37.422,37.422,0
2018-02-22,37.469,37.469,37.469,37.469,0
2018-02-23,38.0795,38.0795,38.0795,38.0795,0
2018-02-26,38.4396,38.4396,38.4396,38.4396,0
2018-02-27,37.4064,37.4064,37.4064,37.4064,0
2018-02-28,36.9211,36.9211,36.9211,36.9211,0
2018-03-01,36.9132,36.9132,36.9132,36.9132,0
2018-03-02,37.0072,37.0072,37.0072,37.0072,0
2018-03-05,37.1167,37.1167,37.1167,37.1167,0
2018-03-06,37.2263,37.2263,37.2263,37.2263,0
2018-03-07,37.2185,37.2185,37.2185,37.2185,0
2018-03-08,37.242,37.242,37.242,37.242,0
2018-03-09,37.9073,37.9073,37.9073,37.9073,0
2018-03-12,38.0404,38.0404,38.0404,38.0404,0
2018-03-13,37.6725,37.6725,37.6725,37.6725,0
2018-03-14,37.7194,37.7194,37.7194,37.7194,0
2018-03-15,37.5707,37.5707,37.5707,37.5707,0
2018-03-16,37.4533,37.4533,37.4533,37.4533,0
2018-03-19,37.1011,37.1011,37.1011,37.1011,0
2018-03-20,37.422,37.422,37.422,37.422,0
2018-03-21,37.6255,37.6255,37.6255,37.6255,0
2018-03-22,36.4358,36.4358,36.4358,36.4358,0
2018-03-23,35.9035,35.9035,35.9035,35.9035,0
2018-03-26,36.985,36.985,36.985,36.985,0
2018-03-27,36.436,36.436,36.436,36.436,0
2018-03-28,36.1851,36.1851,36.1851,36.1851,0
2018-03-29,36.8438,36.8438,36.8438,36.8438,0
2018-04-02,36.3027,36.3027,36.3027,36.3027,0
2018-04-03,36.6556,36.6556,36.6556,36.6556,0
2018-04-04,36.7732,36.7732,36.7732,36.7732,0
2018-04-05,36.8517,36.8517,36.8517,36.8517,0
2018-04-06,36.2007,36.2007,36.2007,36.2007,0
2018-04-09,36.1694,36.1694,36.1694,36.1694,0
2018-04-10,36.8438,36.8438,36.8438,36.8438,0
2018-04-11,36.8909,36.8909,36.8909,36.8909,0
2018-04-12,36.883,36.883,36.883,36.883,0
2018-04-13,36.4988,36.4988,36.4988,36.4988,0
2018-04-16,36.5301,36.5301,36.5301,36.5301,0
2018-04-17,36.5615,36.5615,36.5615,36.5615,0
2018-04-18,36.8203,36.8203,36.8203,36.8203,0
2018-04-19,36.6164,36.6164,36.6164,36.6164,0
2018-04-20,36.1851,36.1851,36.1851,36.1851,0
2018-04-23,35.9419,35.9419,35.9419,35.9419,0
2018-04-24,35.7773,35.7773,35.7773,35.7773,0
2018-04-25,35.5106,35.5106,35.5106,35.5106,0
2018-04-26,35.8792,35.8792,35.8792,35.8792,0
2018-04-27,36.0674,36.0674,36.0674,36.0674,0
2018-04-30,35.8243,35.8243,35.8243,35.8243,0
2018-05-01,35.6204,35.6204,35.6204,35.6204,0
2018-05-02,35.3851,35.3851,35.3851,35.3851,0
2018-05-03,35.2753,35.2753,35.2753,35.2753,0
2018-05-04,35.4479,35.4479,35.4479,35.4479,0
2018-05-07,35.3538,35.3538,35.3538,35.3538,0
2018-05-08,35.5341,35.5341,35.5341,35.5341,0
2018-05-09,35.5812,35.5812,35.5812,35.5812,0
2018-05-10,36.287,36.287,36.287,36.287,0
2018-05-11,36.1615,36.1615,36.1615,36.1615,0
2018-05-14,36.2713,36.2713,36.2713,36.2713,0
2018-05-15,35.5812,35.5812,35.5812,35.5812,0
2018-05-16,36.0831,36.0831,36.0831,36.0831,0
2018-05-17,35.5812,35.5812,35.5812,35.5812,0
2018-05-18,35.2518,35.2518,35.2518,35.2518,0
2018-05-21,35.4792,35.4792,35.4792,35.4792,0
2018-05-22,35.6204,35.6204,35.6204,35.6204,0
2018-05-23,35.4636,35.4636,35.4636,35.4636,0
2018-05-24,35.3381,35.3381,35.3381,35.3381,0
2018-05-25,35.4243,35.4243,35.4243,35.4243,0
2018-05-29,34.6401,34.6401,34.6401,34.6401,0
2018-05-30,34.946,34.946,34.946,34.946,0
2018-05-31,34.9852,34.9852,34.9852,34.9852,0
2018-06-01,35.3773,35.3773,35.3773,35.3773,0
2018-06-04,35.7459,35.7459,35.7459,35.7459,0
2018-06-05,35.4322,35.4322,35.4322,35.4322,0
2018-06-06,35.9419,35.9419,35.9419,35.9419,0
2018-06-07,35.393,35.393,35.393,35.393,0
2018-06-08,35.3694,35.3694,35.3694,35.3694,0
2018-06-11,35.3224,35.3224,35.3224,35.3224,0
2018-06-12,35.2989,35.2989,35.2989,35.2989,0
2018-06-13,35.0401,35.0401,35.0401,35.0401,0
2018-06-14,34.8518,34.8518,34.8518,34.8518,0
2018-06-15,34.6636,34.6636,34.6636,34.6636,0
2018-06-18,34.2637,34.2637,34.2637,34.2637,0
2018-06-19,33.8715,33.8715,33.8715,33.8715,0
2018-06-20,33.9813,33.9813,33.9813,33.9813,0
2018-06-21,33.5029,33.5029,33.5029,33.5029,0
2018-06-22,33.7753,33.7753,33.7753,33.7753,0
2018-06-25,33.3332,33.3332,33.3332,33.3332,0
2018-06-26,33.199,33.199,33.199,33.199,0
2018-06-27,32.465,32.465,32.465,32.465,0
2018-06-28,32.7728,32.7728,32.7728,32.7728,0
2018-06-29,33.3096,33.3096,33.3096,33.3096,0
2018-07-02,32.9465,32.9465,32.9465,32.9465,0
2018-07-03,32.978,32.978,32.978,32.978,0
2018-07-05,32.9465,32.9465,32.9465,32.9465,0
2018-07-06,33.349,33.349,33.349,33.349,0
2018-07-09,33.9568,33.9568,33.9568,33.9568,0
2018-07-10,33.9252,33.9252,33.9252,33.9252,0
2018-07-11,33.2938,33.2938,33.2938,33.2938,0
2018-07-12,33.7595,33.7595,33.7595,33.7595,0
2018-07-13,33.7831,33.7831,33.7831,33.7831,0
2018-07-16,33.5937,33.5937,33.5937,33.5937,0
2018-07-17,33.8542,33.8542,33.8542,33.8542,0
2018-07-18,33.8226,33.8226,33.8226,33.8226,0
2018-07-19,33.4359,33.4359,33.4359,33.4359,0
2018-07-20,33.87,33.87,33.87,33.87,0
2018-07-23,33.7674,33.7674,33.7674,33.7674,0
2018-07-24,34.2725,34.2725,34.2725,34.2725,0
2018-07-25,34.8172,34.8172,34.8172,34.8172,0
2018-07-26,34.4777,34.4777,34.4777,34.4777,0
2018-07-27,34.5251,34.5251,34.5251,34.5251,0
2018-07-30,34.4777,34.4777,34.4777,34.4777,0
2018-07-31,34.6356,34.6356,34.6356,34.6356,0
2018-08-01,34.3751,34.3751,34.3751,34.3751,0
2018-08-02,33.9805,33.9805,33.9805,33.9805,0
2018-08-03,34.1936,34.1936,34.1936,34.1936,0
2018-08-06,33.9331,33.9331,33.9331,33.9331,0
2018-08-07,34.241,34.241,34.241,34.241,0
2018-08-08,34.162,34.162,34.162,34.162,0
2018-08-09,34.1147,34.1147,34.1147,34.1147,0
2018-08-10,33.4359,33.4359,33.4359,33.4359,0
2018-08-13,32.8991,32.8991,32.8991,32.8991,0
2018-08-14,33.0964,33.0964,33.0964,33.0964,0
2018-08-15,32.1256,32.1256,32.1256,32.1256,0
2018-08-16,32.3545,32.3545,32.3545,32.3545,0
2018-08-17,32.6307,32.6307,32.6307,32.6307,0
2018-08-20,32.7728,32.7728,32.7728,32.7728,0
2018-08-21,33.128,33.128,33.128,33.128,0
2018-08-22,33.3253,33.3253,33.3253,33.3253,0
2018-08-23,32.8044,32.8044,32.8044,32.8044,0
2018-08-24,33.2938,33.2938,33.2938,33.2938,0
2018-08-27,33.8384,33.8384,33.8384,33.8384,0
2018-08-28,33.6726,33.6726,33.6726,33.6726,0
2018-08-29,33.8621,33.8621,33.8621,33.8621,0
2018-08-30,32.9623,32.9623,32.9623,32.9623,0
2018-08-31,33.1833,33.1833,33.1833,33.1833,0
2018-09-04,32.4413,32.4413,32.4413,32.4413,0
2018-09-05,32.094,32.094,32.094,32.094,0
2018-09-06,32.0782,32.0782,32.0782,32.0782,0
2018-09-07,31.9361,31.9361,31.9361,31.9361,0
2018-09-10,31.5573,31.5573,31.5573,31.5573,0
2018-09-11,31.5967,31.5967,31.5967,31.5967,0
2018-09-12,31.7941,31.7941,31.7941,31.7941,0
2018-09-13,32.1966,32.1966,32.1966,32.1966,0
2018-09-14,32.1572,32.1572,32.1572,32.1572,0
2018-09-17,31.9046,31.9046,31.9046,31.9046,0
2018-09-18,32.1572,32.1572,32.1572,32.1572,0
2018-09-19,32.5913,32.5913,32.5913,32.5913,0
2018-09-20,32.8596,32.8596,32.8596,32.8596,0
2018-09-21,32.9938,32.9938,32.9938,32.9938,0
2018-09-24,32.5834,32.5834,32.5834,32.5834,0
2018-09-25,32.7886,32.7886,32.7886,32.7886,0
2018-09-26,32.8485,32.8485,32.8485,32.8485,0
2018-09-27,32.9443,32.9443,32.9443,32.9443,0
2018-09-28,32.7367,32.7367,32.7367,32.7367,0
2018-10-01,32.8165,32.8165,32.8165,32.8165,0
2018-10-02,32.4652,32.4652,32.4652,32.4652,0
2018-10-03,32.1938,32.1938,32.1938,32.1938,0
2018-10-04,31.4592,31.4592,31.4592,31.4592,0
2018-10-05,31.3155,31.3155,31.3155,31.3155,0
2018-10-08,31.3713,31.3713,31.3713,31.3713,0
2018-10-09,31.2915,31.2915,31.2915,31.2915,0
2018-10-10,30.4212,30.4212,30.4212,30.4212,0
2018-10-11,30.1497,30.1497,30.1497,30.1497,0
2018-10-12,30.9162,30.9162,30.9162,30.9162,0
2018-10-15,30.6128,30.6128,30.6128,30.6128,0
2018-10-16,31.3155,31.3155,31.3155,31.3155,0
2018-10-17,30.9402,30.9402,30.9402,30.9402,0
2018-10-18,30.1337,30.1337,30.1337,30.1337,0
2018-10-19,30.4132,30.4132,30.4132,30.4132,0
2018-10-22,30.7326,30.7326,30.7326,30.7326,0
2018-10-23,30.4292,30.4292,30.4292,30.4292,0
2018-10-24,29.5429,29.5429,29.5429,29.5429,0
2018-10-25,30.1018,30.1018,30.1018,30.1018,0
2018-10-26,29.8702,29.8702,29.8702,29.8702,0
2018-10-29,29.2874,29.2874,29.2874,29.2874,0
2018-10-30,29.8862,29.8862,29.8862,29.8862,0
2018-10-31,30.2295,30.2295,30.2295,30.2295,0
2018-11-01,31.3155,31.3155,31.3155,31.3155,0
2018-11-02,31.4272,31.4272,31.4272,31.4272,0
2018-11-05,31.571,31.571,31.571,31.571,0
2018-11-06,31.4512,31.4512,31.4512,31.4512,0
2018-11-07,32.0101,32.0101,32.0101,32.0101,0
2018-11-08,31.2356,31.2356,31.2356,31.2356,0
2018-11-09,30.7006,30.7006,30.7006,30.7006,0
2018-11-12,30.2934,30.2934,30.2934,30.2934,0
2018-11-13,30.6527,30.6527,30.6527,30.6527,0
2018-11-14,30.8923,30.8923,30.8923,30.8923,0
2018-11-15,31.4991,31.4991,31.4991,31.4991,0
2018-11-16,31.6109,31.6109,31.6109,31.6109,0
2018-11-19,31.2196,31.2196,31.2196,31.2196,0
2018-11-20,30.5649,30.5649,30.5649,30.5649,0
2018-11-21,31.1398,31.1398,31.1398,31.1398,0
2018-11-23,30.8124,30.8124,30.8124,30.8124,0
2018-11-26,31.028,31.028,31.028,31.028,0
2018-11-27,31.2516,31.2516,31.2516,31.2516,0
2018-11-28,31.9462,31.9462,31.9462,31.9462,0
2018-11-29,31.7307,31.7307,31.7307,31.7307,0
2018-11-30,31.6907,31.6907,31.6907,31.6907,0
2018-12-03,32.3215,32.3215,32.3215,32.3215,0
2018-12-04,31.7227,31.7227,31.7227,31.7227,0
2018-12-06,31.4672,31.4672,31.4672,31.4672,0
2018-12-07,30.8364,30.8364,30.8364,30.8364,0
2018-12-10,30.4771,30.4771,30.4771,30.4771,0
2018-12-11,30.7885,30.7885,30.7885,30.7885,0
2018-12-12,31.2516,31.2516,31.2516,31.2516,0
2018-12-13,31.2995,31.2995,31.2995,31.2995,0
2018-12-14,30.9082,30.9082,30.9082,30.9082,0
2018-12-17,30.5729,30.5729,30.5729,30.5729,0
2018-12-18,30.7645,30.7645,30.7645,30.7645,0
2018-12-19,30.2535,30.2535,30.2535,30.2535,0
2018-12-20,30.4851,30.4851,30.4851,30.4851,0
2018-12-21,30.2375,30.2375,30.2375,30.2375,0
2018-12-24,30.0036,30.0036,30.0036,30.0036,0
2018-12-26,30.5342,30.5342,30.5342,30.5342,0
2018-12-27,30.4699,30.4699,30.4699,30.4699,0
2018-12-28,30.6869,30.6869,30.6869,30.6869,0
2018-12-31,30.6307,30.6307,30.6307,30.6307,0
2019-01-02,30.7673,30.7673,30.7673,30.7673,0
2019-01-03,30.285,30.285,30.285,30.285,0
2019-01-04,31.2417,31.2417,31.2417,31.2417,0
2019-01-07,31.306,31.306,31.306,31.306,0
2019-01-08,31.4829,31.4829,31.4829,31.4829,0
2019-01-09,31.9411,31.9411,31.9411,31.9411,0
2019-01-10,32.1823,32.1823,32.1823,32.1823,0
2019-01-11,31.9813,31.9813,31.9813,31.9813,0
2019-01-14,31.7562,31.7562,31.7562,31.7562,0
2019-01-15,31.9652,31.9652,31.9652,31.9652,0
2019-01-16,32.2788,32.2788,32.2788,32.2788,0
2019-01-17,32.4315,32.4315,32.4315,32.4315,0
2019-01-18,32.6004,32.6004,32.6004,32.6004,0
2019-01-22,32.0537,32.0537,32.0537,32.0537,0
2019-01-23,32.3672,32.3672,32.3672,32.3672,0
2019-01-24,32.6406,32.6406,32.6406,32.6406,0
2019-01-25,32.9621,32.9621,32.9621,32.9621,0
2019-01-28,32.6164,32.6164,32.6164,32.6164,0
2019-01-29,32.6566,32.6566,32.6566,32.6566,0
2019-01-30,33.2355,33.2355,33.2355,33.2355,0
2019-01-31,33.5892,33.5892,33.5892,33.5892,0
2019-02-01,33.34,33.34,33.34,33.34,0
2019-02-04,33.4124,33.4124,33.4124,33.4124,0
2019-02-05,33.7902,33.7902,33.7902,33.7902,0
2019-02-06,33.3882,33.3882,33.3882,33.3882,0
2019-02-07,33.0747,33.0747,33.0747,33.0747,0
2019-02-08,32.9461,32.9461,32.9461,32.9461,0
2019-02-11,32.7531,32.7531,32.7531,32.7531,0
2019-02-12,33.0747,33.0747,33.0747,33.0747,0
2019-02-13,32.8415,32.8415,32.8415,32.8415,0
2019-02-14,32.9059,32.9059,32.9059,32.9059,0
2019-02-15,32.8496,32.8496,32.8496,32.8496,0
2019-02-19,33.1872,33.1872,33.1872,33.1872,0
2019-02-20,33.3319,33.3319,33.3319,33.3319,0
2019-02-21,33.2596,33.2596,33.2596,33.2596,0
2019-02-22,33.6375,33.6375,33.6375,33.6375,0
2019-02-25,34.0877,34.0877,34.0877,34.0877,0
2019-02-26,33.9832,33.9832,33.9832,33.9832,0
2019-02-27,33.7178,33.7178,33.7178,33.7178,0
2019-02-28,33.4606,33.4606,33.4606,33.4606,0
2019-03-01,33.5008,33.5008,33.5008,33.5008,0
2019-03-04,33.6214,33.6214,33.6214,33.6214,0
2019-03-05,34.0153,34.0153,34.0153,34.0153,0
2019-03-06,33.8465,33.8465,33.8465,33.8465,0
2019-03-07,33.2998,33.2998,33.2998,33.2998,0
2019-03-08,33.0586,33.0586,33.0586,33.0586,0
2019-03-11,33.7339,33.7339,33.7339,33.7339,0
2019-03-12,33.8706,33.8706,33.8706,33.8706,0
2019-03-13,33.943,33.943,33.943,33.943,0
2019-03-14,33.7661,33.7661,33.7661,33.7661,0
2019-03-15,34.2244,34.2244,34.2244,34.2244,0
2019-03-18,34.6102,34.6102,34.6102,34.6102,0
2019-03-19,34.6183,34.6183,34.6183,34.6183,0
2019-03-20,34.6102,34.6102,34.6102,34.6102,0
2019-03-21,34.6906,34.6906,34.6906,34.6906,0
2019-03-22,33.6455,33.6455,33.6455,33.6455,0
2019-03-25,33.8002,33.8002,33.8002,33.8002,0
2019-03-26,33.9129,33.9129,33.9129,33.9129,0
2019-03-27,33.5424,33.5424,33.5424,33.5424,0
2019-03-28,33.8324,33.8324,33.8324,33.8324,0
2019-03-29,34.2351,34.2351,34.2351,34.2351,0
2019-04-01,34.7507,34.7507,34.7507,34.7507,0
2019-04-02,34.646,34.646,34.646,34.646,0
2019-04-03,34.8151,34.8151,34.8151,34.8151,0
2019-04-04,35.0407,35.0407,35.0407,35.0407,0
2019-04-05,35.3226,35.3226,35.3226,35.3226,0
2019-04-08,35.2985,35.2985,35.2985,35.2985,0
2019-04-09,35.2501,35.2501,35.2501,35.2501,0
2019-04-10,35.4193,35.4193,35.4193,35.4193,0
2019-04-11,35.0085,35.0085,35.0085,35.0085,0
2019-04-12,35.226,35.226,35.226,35.226,0
2019-04-15,35.0407,35.0407,35.0407,35.0407,0
2019-04-16,35.3226,35.3226,35.3226,35.3226,0
2019-04-17,35.4112,35.4112,35.4112,35.4112,0
2019-04-18,35.4515,35.4515,35.4515,35.4515,0
2019-04-22,35.2421,35.2421,35.2421,35.2421,0
2019-04-23,35.3226,35.3226,35.3226,35.3226,0
2019-04-24,34.9118,34.9118,34.9118,34.9118,0
2019-04-25,34.8474,34.8474,34.8474,34.8474,0
2019-04-26,35.0085,35.0085,35.0085,35.0085,0
2019-04-29,34.944,34.944,34.944,34.944,0
2019-04-30,34.9682,34.9682,34.9682,34.9682,0
2019-05-01,34.7749,34.7749,34.7749,34.7749,0
2019-05-02,34.8232,34.8232,34.8232,34.8232,0
2019-05-03,35.2743,35.2743,35.2743,35.2743,0
2019-05-06,34.5251,34.5251,34.5251,34.5251,0
2019-05-07,33.8727,33.8727,33.8727,33.8727,0
2019-05-08,33.784,33.784,33.784,33.784,0
2019-05-09,33.3088,33.3088,33.3088,33.3088,0
2019-05-10,33.5827,33.5827,33.5827,33.5827,0
2019-05-13,32.4469,32.4469,32.4469,32.4469,0
2019-05-14,32.898,32.898,32.898,32.898,0
2019-05-15,32.9866,32.9866,32.9866,32.9866,0
2019-05-16,32.906,32.906,32.906,32.906,0
2019-05-17,32.2777,32.2777,32.2777,32.2777,0
2019-05-20,32.1649,32.1649,32.1649,32.1649,0
2019-05-21,32.5999,32.5999,32.5999,32.5999,0
2019-05-22,32.463,32.463,32.463,32.463,0
2019-05-23,32.0522,32.0522,32.0522,32.0522,0
2019-05-24,32.1005,32.1005,32.1005,32.1005,0
2019-05-28,32.1972,32.1972,32.1972,32.1972,0
2019-05-29,32.471,32.471,32.471,32.471,0
2019-05-30,32.616,32.616,32.616,32.616,0
2019-05-31,32.7369,32.7369,32.7369,32.7369,0
2019-06-03,32.9302,32.9302,32.9302,32.9302,0
2019-06-04,32.9382,32.9382,32.9382,32.9382,0
2019-06-05,32.6966,32.6966,32.6966,32.6966,0
2019-06-06,32.6885,32.6885,32.6885,32.6885,0
2019-06-07,32.9221,32.9221,32.9221,32.9221,0
2019-06-10,33.2282,33.2282,33.2282,33.2282,0
2019-06-11,33.5746,33.5746,33.5746,33.5746,0
2019-06-12,33.2121,33.2121,33.2121,33.2121,0
2019-06-13,33.2444,33.2444,33.2444,33.2444,0
2019-06-14,32.8335,32.8335,32.8335,32.8335,0
2019-06-17,32.9706,32.9706,32.9706,32.9706,0
2019-06-18,33.7168,33.7168,33.7168,33.7168,0
2019-06-19,33.952,33.952,33.952,33.952,0
2019-06-20,34.4792,34.4792,34.4792,34.4792,0
2019-06-21,34.3413,34.3413,34.3413,34.3413,0
2019-06-24,34.3657,34.3657,34.3657,34.3657,0
2019-06-25,33.9926,33.9926,33.9926,33.9926,0
2019-06-26,34.3251,34.3251,34.3251,34.3251,0
2019-06-27,34.5198,34.5198,34.5198,34.5198,0
2019-06-28,34.4954,34.4954,34.4954,34.4954,0
2019-07-01,34.9902,34.9902,34.9902,34.9902,0
2019-07-02,34.9415,34.9415,34.9415,34.9415,0
2019-07-03,34.9821,34.9821,34.9821,34.9821,0
2019-07-05,34.7388,34.7388,34.7388,34.7388,0
2019-07-08,34.6009,34.6009,34.6009,34.6009,0
2019-07-09,34.5117,34.5117,34.5117,34.5117,0
2019-07-10,34.7388,34.7388,34.7388,34.7388,0
2019-07-11,34.6658,34.6658,34.6658,34.6658,0
2019-07-12,34.6658,34.6658,34.6658,34.6658,0
2019-07-15,34.828,34.828,34.828,34.828,0
2019-07-16,34.7631,34.7631,34.7631,34.7631,0
2019-07-17,34.682,34.682,34.682,34.682,0
2019-07-18,34.901,34.901,34.901,34.901,0
2019-07-19,34.6739,34.6739,34.6739,34.6739,0
2019-07-22,34.6333,34.6333,34.6333,34.6333,0
2019-07-23,34.6333,34.6333,34.6333,34.6333,0
2019-07-24,34.7388,34.7388,34.7388,34.7388,0
2019-07-25,34.536,34.536,34.536,34.536,0
2019-07-26,34.5684,34.5684,34.5684,34.5684,0
2019-07-29,34.5603,34.5603,34.5603,34.5603,0
2019-07-30,34.2197,34.2197,34.2197,34.2197,0
2019-07-31,33.8709,33.8709,33.8709,33.8709,0
2019-08-01,33.2545,33.2545,33.2545,33.2545,0
2019-08-02,32.9382,32.9382,32.9382,32.9382,0
2019-08-05,31.7783,31.7783,31.7783,31.7783,0
2019-08-06,32.2812,32.2812,32.2812,32.2812,0
2019-08-07,32.4191,32.4191,32.4191,32.4191,0
2019-08-08,32.8408,32.8408,32.8408,32.8408,0
2019-08-09,32.5164,32.5164,32.5164,32.5164,0
2019-08-12,32.1514,32.1514,32.1514,32.1514,0
2019-08-13,32.5326,32.5326,32.5326,32.5326,0
2019-08-14,31.6323,31.6323,31.6323,31.6323,0
2019-08-15,31.8108,31.8108,31.8108,31.8108,0
2019-08-16,32.2325,32.2325,32.2325,32.2325,0
2019-08-19,32.338,32.338,32.338,32.338,0
2019-08-20,32.3947,32.3947,32.3947,32.3947,0
2019-08-21,32.6462,32.6462,32.6462,32.6462,0
2019-08-22,32.3136,32.3136,32.3136,32.3136,0
2019-08-23,31.8513,31.8513,31.8513,31.8513,0
2019-08-26,32.0541,32.0541,32.0541,32.0541,0
2019-08-27,32.0703,32.0703,32.0703,32.0703,0
2019-08-28,32.192,32.192,32.192,32.192,0
2019-08-29,32.565,32.565,32.565,32.565,0
2019-08-30,32.7678,32.7678,32.7678,32.7678,0
2019-09-03,32.5975,32.5975,32.5975,32.5975,0
2019-09-04,33.1328,33.1328,33.1328,33.1328,0
2019-09-05,33.3842,33.3842,33.3842,33.3842,0
2019-09-06,33.4897,33.4897,33.4897,33.4897,0
2019-09-09,33.5789,33.5789,33.5789,33.5789,0
2019-09-10,33.5789,33.5789,33.5789,33.5789,0
2019-09-11,33.8303,33.8303,33.8303,33.8303,0
2019-09-12,34.0412,34.0412,34.0412,34.0412,0
2019-09-13,34.2197,34.2197,34.2197,34.2197,0
2019-09-16,33.9439,33.9439,33.9439,33.9439,0
2019-09-17,33.9845,33.9845,33.9845,33.9845,0
2019-09-18,33.8141,33.8141,33.8141,33.8141,0
2019-09-19,33.6032,33.6032,33.6032,33.6032,0
2019-09-20,33.66,33.66,33.66,33.66,0
2019-09-23,33.7817,33.7817,33.7817,33.7817,0
2019-09-24,33.3702,33.3702,33.3702,33.3702,0
2019-09-25,33.403,33.403,33.403,33.403,0
2019-09-26,33.3866,33.3866,33.3866,33.3866,0
2019-09-27,32.9678,32.9678,32.9678,32.9678,0
2019-09-30,33.0663,33.0663,33.0663,33.0663,0
2019-10-01,32.8363,32.8363,32.8363,32.8363,0
2019-10-02,32.6803,32.6803,32.6803,32.6803,0
2019-10-03,33.0745,33.0745,33.0745,33.0745,0
2019-10-04,33.2306,33.2306,33.2306,33.2306,0
2019-10-07,32.976,32.976,32.976,32.976,0
2019-10-08,32.6967,32.6967,32.6967,32.6967,0
2019-10-09,32.9431,32.9431,32.9431,32.9431,0
2019-10-10,33.2963,33.2963,33.2963,33.2963,0
2019-10-11,33.7398,33.7398,33.7398,33.7398,0
2019-10-14,33.6659,33.6659,33.6659,33.6659,0
2019-10-15,33.8958,33.8958,33.8958,33.8958,0
2019-10-16,33.9862,33.9862,33.9862,33.9862,0
2019-10-17,34.093,34.093,34.093,34.093,0
2019-10-18,34.0026,34.0026,34.0026,34.0026,0
2019-10-21,34.249,34.249,34.249,34.249,0
2019-10-22,34.2244,34.2244,34.2244,34.2244,0
2019-10-23,34.2408,34.2408,34.2408,34.2408,0
2019-10-24,34.2819,34.2819,34.2819,34.2819,0
2019-10-25,34.4379,34.4379,34.4379,34.4379,0
2019-10-28,34.7089,34.7089,34.7089,34.7089,0
2019-10-29,34.5118,34.5118,34.5118,34.5118,0
2019-10-30,34.6432,34.6432,34.6432,34.6432,0
2019-10-31,34.3722,34.3722,34.3722,34.3722,0
2019-11-01,34.9061,34.9061,34.9061,34.9061,0
2019-11-04,35.1607,35.1607,35.1607,35.1607,0
2019-11-05,35.3332,35.3332,35.3332,35.3332,0
2019-11-06,35.2757,35.2757,35.2757,35.2757,0
2019-11-07,35.5138,35.5138,35.5138,35.5138,0
2019-11-08,35.1935,35.1935,35.1935,35.1935,0
2019-11-11,34.9964,34.9964,34.9964,34.9964,0
2019-11-12,34.7336,34.7336,34.7336,34.7336,0
2019-11-13,34.5118,34.5118,34.5118,34.5118,0
2019-11-14,34.4954,34.4954,34.4954,34.4954,0
2019-11-15,34.7254,34.7254,34.7254,34.7254,0
2019-11-18,34.7172,34.7172,34.7172,34.7172,0
2019-11-19,34.8404,34.8404,34.8404,34.8404,0
2019-11-20,34.7089,34.7089,34.7089,34.7089,0
2019-11-21,34.75,34.75,34.75,34.75,0
2019-11-22,34.6843,34.6843,34.6843,34.6843,0
2019-11-25,34.9964,34.9964,34.9964,34.9964,0
2019-11-26,34.8568,34.8568,34.8568,34.8568,0
2019-11-27,34.9636,34.9636,34.9636,34.9636,0
2019-11-29,34.5447,34.5447,34.5447,34.5447,0
2019-12-02,34.5529,34.5529,34.5529,34.5529,0
2019-12-03,34.4133,34.4133,34.4133,34.4133,0
2019-12-04,34.7172,34.7172,34.7172,34.7172,0
2019-12-05,34.8979,34.8979,34.8979,34.8979,0
2019-12-06,35.0293,35.0293,35.0293,35.0293,0
2019-12-09,34.8979,34.8979,34.8979,34.8979,0
2019-12-10,34.9718,34.9718,34.9718,34.9718,0
2019-12-11,35.4399,35.4399,35.4399,35.4399,0
2019-12-12,35.9245,35.9245,35.9245,35.9245,0
2019-12-13,35.8834,35.8834,35.8834,35.8834,0
2019-12-16,36.1873,36.1873,36.1873,36.1873,0
2019-12-17,36.4584,36.4584,36.4584,36.4584,0
2019-12-18,36.6555,36.6555,36.6555,36.6555,0
2019-12-19,36.6801,36.6801,36.6801,36.6801,0
2019-12-20,36.713,36.713,36.713,36.713,0
2019-12-23,36.7787,36.7787,36.7787,36.7787,0
2019-12-24,36.7454,36.7454,36.7454,36.7454,0
2019-12-26,37.0532,37.0532,37.0532,37.0532,0
2019-12-27,37.103,37.103,37.103,37.103,0
2019-12-30,36.8951,36.8951,36.8951,36.8951,0
2019-12-31,36.9866,36.9866,36.9866,36.9866,0
2020-01-02,37.8682,37.8682,37.8682,37.8682,0
2020-01-03,37.1945,37.1945,37.1945,37.1945,0
2020-01-06,37.128,37.128,37.128,37.128,0
2020-01-07,37.1114,37.1114,37.1114,37.1114,0
2020-01-08,37.2777,37.2777,37.2777,37.2777,0
2020-01-09,37.469,37.469,37.469,37.469,0
2020-01-10,37.652,37.652,37.652,37.652,0
2020-01-13,38.1676,38.1676,38.1676,38.1676,0
2020-01-14,37.993,37.993,37.993,37.993,0
2020-01-15,37.7518,37.7518,37.7518,37.7518,0
2020-01-16,37.9431,37.9431,37.9431,37.9431,0
2020-01-17,38.1843,38.1843,38.1843,38.1843,0
2020-01-21,37.2361,37.2361,37.2361,37.2361,0
2020-01-22,37.4607,37.4607,37.4607,37.4607,0
2020-01-23,37.1197,37.1197,37.1197,37.1197,0
2020-01-24,36.8369,36.8369,36.8369,36.8369,0
2020-01-27,35.5976,35.5976,35.5976,35.5976,0
2020-01-28,35.897,35.897,35.897,35.897,0
2020-01-29,36.0634,36.0634,36.0634,36.0634,0
2020-01-30,35.5727,35.5727,35.5727,35.5727,0
2020-01-31,34.9406,34.9406,34.9406,34.9406,0
2020-02-03,35.1901,35.1901,35.1901,35.1901,0
2020-02-04,36.0301,36.0301,36.0301,36.0301,0
2020-02-05,36.2297,36.2297,36.2297,36.2297,0
2020-02-06,36.2131,36.2131,36.2131,36.2131,0
2020-02-07,35.7224,35.7224,35.7224,35.7224,0
2020-02-10,35.947,35.947,35.947,35.947,0
2020-02-11,36.4044,36.4044,36.4044,36.4044,0
2020-02-12,36.8702,36.8702,36.8702,36.8702,0
2020-02-13,36.4793,36.4793,36.4793,36.4793,0
2020-02-14,36.4044,36.4044,36.4044,36.4044,0
2020-02-18,36.2796,36.2796,36.2796,36.2796,0
2020-02-19,36.5791,36.5791,36.5791,36.5791,0
2020-02-20,36.08,36.08,36.08,36.08,0
2020-02-21,35.947,35.947,35.947,35.947,0
2020-02-24,34.6827,34.6827,34.6827,34.6827,0
2020-02-25,34.4083,34.4083,34.4083,34.4083,0
2020-02-26,34.6245,34.6245,34.6245,34.6245,0
2020-02-27,33.7928,33.7928,33.7928,33.7928,0
2020-02-28,33.7013,33.7013,33.7013,33.7013,0
2020-03-02,34.3501,34.3501,34.3501,34.3501,0
2020-03-03,34.1837,34.1837,34.1837,34.1837,0
2020-03-04,34.6661,34.6661,34.6661,34.6661,0
2020-03-05,34.0007,34.0007,34.0007,34.0007,0
2020-03-06,33.3603,33.3603,33.3603,33.3603,0
2020-03-09,30.8735,30.8735,30.8735,30.8735,0
2020-03-10,32.4288,32.4288,32.4288,32.4288,0
2020-03-11,31.0232,31.0232,31.0232,31.0232,0
2020-03-12,27.9042,27.9042,27.9042,27.9042,0
2020-03-13,29.8588,29.8588,29.8588,29.8588,0
2020-03-16,26.2491,26.2491,26.2491,26.2491,0
2020-03-17,27.8959,27.8959,27.8959,27.8959,0
2020-03-18,25.6253,25.6253,25.6253,25.6253,0
2020-03-19,25.7667,25.7667,25.7667,25.7667,0
2020-03-20,25.8831,25.8831,25.8831,25.8831,0
2020-03-23,25.3815,25.3815,25.3815,25.3815,0
2020-03-24,26.9814,26.9814,26.9814,26.9814,0
2020-03-25,27.8647,27.8647,27.8647,27.8647,0
2020-03-26,28.9896,28.9896,28.9896,28.9896,0
2020-03-27,27.423,27.423,27.423,27.423,0
2020-03-30,27.823,27.823,27.823,27.823,0
2020-03-31,27.9563,27.9563,27.9563,27.9563,0
2020-04-01,26.9647,26.9647,26.9647,26.9647,0
2020-04-02,27.7563,27.7563,27.7563,27.7563,0
2020-04-03,27.223,27.223,27.223,27.223,0
2020-04-06,28.5646,28.5646,28.5646,28.5646,0
2020-04-07,28.7313,28.7313,28.7313,28.7313,0
2020-04-08,29.0646,29.0646,29.0646,29.0646,0
2020-04-09,29.0146,29.0146,29.0146,29.0146,0
2020-04-13,29.1229,29.1229,29.1229,29.1229,0
2020-04-14,29.7062,29.7062,29.7062,29.7062,0
2020-04-15,29.0479,29.0479,29.0479,29.0479,0
2020-04-16,29.2146,29.2146,29.2146,29.2146,0
2020-04-17,29.6895,29.6895,29.6895,29.6895,0
2020-04-20,29.4729,29.4729,29.4729,29.4729,0
2020-04-21,28.6563,28.6563,28.6563,28.6563,0
2020-04-22,29.3979,29.3979,29.3979,29.3979,0
2020-04-23,29.2812,29.2812,29.2812,29.2812,0
2020-04-24,29.2396,29.2396,29.2396,29.2396,0
2020-04-27,29.7895,29.7895,29.7895,29.7895,0
2020-04-28,29.8645,29.8645,29.8645,29.8645,0
2020-04-29,30.6728,30.6728,30.6728,30.6728,0
2020-04-30,30.1395,30.1395,30.1395,30.1395,0
2020-05-01,29.1312,29.1312,29.1312,29.1312,0
2020-05-04,29.4979,29.4979,29.4979,29.4979,0
2020-05-05,29.6312,29.6312,29.6312,29.6312,0
2020-05-06,29.5562,29.5562,29.5562,29.5562,0
2020-05-07,29.7479,29.7479,29.7479,29.7479,0
2020-05-08,30.4145,30.4145,30.4145,30.4145,0
2020-05-11,30.2645,30.2645,30.2645,30.2645,0
2020-05-12,30.1728,30.1728,30.1728,30.1728,0
2020-05-13,30.0812,30.0812,30.0812,30.0812,0
2020-05-14,30.1728,30.1728,30.1728,30.1728,0
2020-05-15,29.7979,29.7979,29.7979,29.7979,0
2020-05-18,30.9228,30.9228,30.9228,30.9228,0
2020-05-19,30.6145,30.6145,30.6145,30.6145,0
2020-05-20,30.9978,30.9978,30.9978,30.9978,0
2020-05-21,30.6811,30.6811,30.6811,30.6811,0
2020-05-22,30.0978,30.0978,30.0978,30.0978,0
2020-05-26,30.7645,30.7645,30.7645,30.7645,0
2020-05-27,30.7978,30.7978,30.7978,30.7978,0
2020-05-28,30.5978,30.5978,30.5978,30.5978,0
2020-05-29,31.1311,31.1311,31.1311,31.1311,0
2020-06-01,31.8394,31.8394,31.8394,31.8394,0
2020-06-02,32.581,32.581,32.581,32.581,0
2020-06-03,33.2143,33.2143,33.2143,33.2143,0
2020-06-04,32.7976,32.7976,32.7976,32.7976,0
2020-06-05,33.5559,33.5559,33.5559,33.5559,0
2020-06-08,33.8226,33.8226,33.8226,33.8226,0
2020-06-09,33.6392,33.6392,33.6392,33.6392,0
2020-06-10,33.8059,33.8059,33.8059,33.8059,0
2020-06-11,32.081,32.081,32.081,32.081,0
2020-06-12,32.8143,32.8143,32.8143,32.8143,0
2020-06-15,32.681,32.681,32.681,32.681,0
2020-06-16,32.806,32.806,32.806,32.806,0
2020-06-17,33.106,33.106,33.106,33.106,0
2020-06-18,33.1143,33.1143,33.1143,33.1143,0
2020-06-19,33.1726,33.1726,33.1726,33.1726,0
2020-06-22,33.5325,33.5325,33.5325,33.5325,0
2020-06-23,33.8672,33.8672,33.8672,33.8672,0
2020-06-24,33.3567,33.3567,33.3567,33.3567,0
2020-06-25,33.499,33.499,33.499,33.499,0
2020-06-26,33.0973,33.0973,33.0973,33.0973,0
2020-06-29,33.3149,33.3149,33.3149,33.3149,0
2020-06-30,33.1475,33.1475,33.1475,33.1475,0
2020-07-01,33.591,33.591,33.591,33.591,0
2020-07-02,34.386,34.386,34.386,34.386,0
2020-07-06,35.9007,35.9007,35.9007,35.9007,0
2020-07-07,35.3317,35.3317,35.3317,35.3317,0
2020-07-08,36.2773,36.2773,36.2773,36.2773,0
2020-07-09,36.3024,36.3024,36.3024,36.3024,0
2020-07-10,36.0514,36.0514,36.0514,36.0514,0
2020-07-13,35.8756,35.8756,35.8756,35.8756,0
2020-07-14,35.8924,35.8924,35.8924,35.8924,0
2020-07-15,35.9258,35.9258,35.9258,35.9258,0
2020-07-16,35.4154,35.4154,35.4154,35.4154,0
2020-07-17,35.5744,35.5744,35.5744,35.5744,0
2020-07-20,36.0765,36.0765,36.0765,36.0765,0
2020-07-21,36.3443,36.3443,36.3443,36.3443,0
2020-07-22,36.2187,36.2187,36.2187,36.2187,0
2020-07-23,35.9761,35.9761,35.9761,35.9761,0
2020-07-24,35.884,35.884,35.884,35.884,0
2020-07-27,36.3861,36.3861,36.3861,36.3861,0
2020-07-28,35.9928,35.9928,35.9928,35.9928,0
2020-07-29,36.6288,36.6288,36.6288,36.6288,0
2020-07-30,36.202,36.202,36.202,36.202,0
2020-07-31,35.9928,35.9928,35.9928,35.9928,0
2020-08-03,36.2689,36.2689,36.2689,36.2689,0
2020-08-04,36.679,36.679,36.679,36.679,0
2020-08-05,37.0556,37.0556,37.0556,37.0556,0
2020-08-06,37.1058,37.1058,37.1058,37.1058,0
2020-08-07,36.3526,36.3526,36.3526,36.3526,0
2020-08-10,36.3443,36.3443,36.3443,36.3443,0
2020-08-11,36.2104,36.2104,36.2104,36.2104,0
2020-08-12,36.6539,36.6539,36.6539,36.6539,0
2020-08-13,36.5116,36.5116,36.5116,36.5116,0
2020-08-14,36.5618,36.5618,36.5618,36.5618,0
2020-08-17,36.9552,36.9552,36.9552,36.9552,0
2020-08-18,37.0891,37.0891,37.0891,37.0891,0
2020-08-19,36.6623,36.6623,36.6623,36.6623,0
2020-08-20,36.5618,36.5618,36.5618,36.5618,0
2020-08-21,36.7962,36.7962,36.7962,36.7962,0
2020-08-24,37.1644,37.1644,37.1644,37.1644,0
2020-08-25,37.5075,37.5075,37.5075,37.5075,0
2020-08-26,37.541,37.541,37.541,37.541,0
2020-08-27,37.3234,37.3234,37.3234,37.3234,0
2020-08-28,37.7753,37.7753,37.7753,37.7753,0
2020-08-31,36.9803,36.9803,36.9803,36.9803,0
2020-09-01,37.7251,37.7251,37.7251,37.7251,0
2020-09-02,37.6246,37.6246,37.6246,37.6246,0
2020-09-03,36.9635,36.9635,36.9635,36.9635,0
2020-09-04,36.8966,36.8966,36.8966,36.8966,0
2020-09-08,36.2104,36.2104,36.2104,36.2104,0
2020-09-09,36.679,36.679,36.679,36.679,0
2020-09-10,36.1267,36.1267,36.1267,36.1267,0
2020-09-11,36.3945,36.3945,36.3945,36.3945,0
2020-09-14,36.997,36.997,36.997,36.997,0
2020-09-15,37.4154,37.4154,37.4154,37.4154,0
2020-09-16,37.2815,37.2815,37.2815,37.2815,0
2020-09-17,37.2146,37.2146,37.2146,37.2146,0
2020-09-18,36.9217,36.9217,36.9217,36.9217,0
2020-09-21,36.6141,36.6141,36.6141,36.6141,0
2020-09-22,36.293,36.293,36.293,36.293,0
2020-09-23,35.7269,35.7269,35.7269,35.7269,0
2020-09-24,35.6254,35.6254,35.6254,35.6254,0
2020-09-25,35.617,35.617,35.617,35.617,0
2020-09-28,35.9719,35.9719,35.9719,35.9719,0
2020-09-29,35.955,35.955,35.955,35.955,0
2020-09-30,36.5381,36.5381,36.5381,36.5381,0
2020-10-01,36.8592,36.8592,36.8592,36.8592,0
2020-10-02,36.4536,36.4536,36.4536,36.4536,0
2020-10-05,36.9268,36.9268,36.9268,36.9268,0
2020-10-06,37.0366,37.0366,37.0366,37.0366,0
2020-10-07,37.3831,37.3831,37.3831,37.3831,0
2020-10-08,37.6619,37.6619,37.6619,37.6619,0
2020-10-09,37.9239,37.9239,37.9239,37.9239,0
2020-10-12,38.2957,38.2957,38.2957,38.2957,0
2020-10-13,38.1267,38.1267,38.1267,38.1267,0
2020-10-14,37.9577,37.9577,37.9577,37.9577,0
2020-10-15,37.6535,37.6535,37.6535,37.6535,0
2020-10-16,37.8056,37.8056,37.8056,37.8056,0
2020-10-19,37.6873,37.6873,37.6873,37.6873,0
2020-10-20,38.0675,38.0675,38.0675,38.0675,0
2020-10-21,38.1436,38.1436,38.1436,38.1436,0
2020-10-22,38.152,38.152,38.152,38.152,0
2020-10-23,38.3295,38.3295,38.3295,38.3295,0
2020-10-26,37.8309,37.8309,37.8309,37.8309,0
2020-10-27,37.9661,37.9661,37.9661,37.9661,0
2020-10-28,37.0197,37.0197,37.0197,37.0197,0
2020-10-29,37.4084,37.4084,37.4084,37.4084,0
2020-10-30,37.0197,37.0197,37.0197,37.0197,0
2020-11-02,37.4929,37.4929,37.4929,37.4929,0
2020-11-03,37.5943,37.5943,37.5943,37.5943,0
2020-11-04,38.8027,38.8027,38.8027,38.8027,0
2020-11-05,39.4618,39.4618,39.4618,39.4618,0
2020-11-06,39.6054,39.6054,39.6054,39.6054,0
2020-11-09,39.9012,39.9012,39.9012,39.9012,0
2020-11-10,39.4533,39.4533,39.4533,39.4533,0
2020-11-11,39.6223,39.6223,39.6223,39.6223,0
2020-11-12,39.3266,39.3266,39.3266,39.3266,0
2020-11-13,39.8251,39.8251,39.8251,39.8251,0
2020-11-16,40.2899,40.2899,40.2899,40.2899,0
2020-11-17,40.2307,40.2307,40.2307,40.2307,0
2020-11-18,40.0955,40.0955,40.0955,40.0955,0
2020-11-19,40.1969,40.1969,40.1969,40.1969,0
2020-11-20,40.4758,40.4758,40.4758,40.4758,0
2020-11-23,40.4673,40.4673,40.4673,40.4673,0
2020-11-24,41.0081,41.0081,41.0081,41.0081,0
2020-11-25,40.8222,40.8222,40.8222,40.8222,0
2020-11-27,41.2025,41.2025,41.2025,41.2025,0
2020-11-30,40.1885,40.1885,40.1885,40.1885,0
2020-12-01,41.025,41.025,41.025,41.025,0
2020-12-02,41.0081,41.0081,41.0081,41.0081,0
2020-12-03,41.4137,41.4137,41.4137,41.4137,0
2020-12-04,41.6926,41.6926,41.6926,41.6926,0
2020-12-07,41.6926,41.6926,41.6926,41.6926,0
2020-12-08,41.8109,41.8109,41.8109,41.8109,0
2020-12-09,41.3208,41.3208,41.3208,41.3208,0
2020-12-10,41.8785,41.8785,41.8785,41.8785,0
2020-12-11,41.5996,41.5996,41.5996,41.5996,0
2020-12-14,41.4475,41.4475,41.4475,41.4475,0
2020-12-15,41.8362,41.8362,41.8362,41.8362,0
2020-12-16,42.0644,42.0644,42.0644,42.0644,0
2020-12-17,42.4024,42.4024,42.4024,42.4024,0
2020-12-18,42.2756,42.2756,42.2756,42.2756,0
2020-12-21,41.7069,41.7069,41.7069,41.7069,0
2020-12-22,41.4009,41.4009,41.4009,41.4009,0
2020-12-23,41.8259,41.8259,41.8259,41.8259,0
2020-12-24,41.5879,41.5879,41.5879,41.5879,0
2020-12-28,41.6729,41.6729,41.6729,41.6729,0
2020-12-29,42.1235,42.1235,42.1235,42.1235,0
2020-12-30,42.7101,42.7101,42.7101,42.7101,0
2020-12-31,42.5995,42.5995,42.5995,42.5995,0
2021-01-04,42.7951,42.7951,42.7951,42.7951,0
2021-01-05,43.7897,43.7897,43.7897,43.7897,0
2021-01-06,43.3731,43.3731,43.3731,43.3731,0
2021-01-07,43.7132,43.7132,43.7132,43.7132,0
2021-01-08,44.5973,44.5973,44.5973,44.5973,0
2021-01-11,44.0788,44.0788,44.0788,44.0788,0
2021-01-12,44.5633,44.5633,44.5633,44.5633,0
2021-01-13,44.7078,44.7078,44.7078,44.7078,0
2021-01-14,45.1499,45.1499,45.1499,45.1499,0
2021-01-15,44.6313,44.6313,44.6313,44.6313,0
2021-01-19,45.4389,45.4389,45.4389,45.4389,0
2021-01-20,46.2296,46.2296,46.2296,46.2296,0
2021-01-21,46.238,46.238,46.238,46.238,0
2021-01-22,45.9065,45.9065,45.9065,45.9065,0
2021-01-25,46.136,46.136,46.136,46.136,0
2021-01-26,45.847,45.847,45.847,45.847,0
2021-01-27,44.6823,44.6823,44.6823,44.6823,0
2021-01-28,44.8949,44.8949,44.8949,44.8949,0
2021-01-29,43.9342,43.9342,43.9342,43.9342,0
2021-02-01,45.0479,45.0479,45.0479,45.0479,0
2021-02-02,45.7535,45.7535,45.7535,45.7535,0
2021-02-03,45.9235,45.9235,45.9235,45.9235,0
2021-02-04,45.9915,45.9915,45.9915,45.9915,0
2021-02-05,46.3316,46.3316,46.3316,46.3316,0
2021-02-08,46.5696,46.5696,46.5696,46.5696,0
2021-02-09,47.0882,47.0882,47.0882,47.0882,0
2021-02-10,47.1902,47.1902,47.1902,47.1902,0
2021-02-11,47.6833,47.6833,47.6833,47.6833,0
2021-02-12,47.7683,47.7683,47.7683,47.7683,0
2021-02-16,47.9043,47.9043,47.9043,47.9043,0
2021-02-17,48.0233,48.0233,48.0233,48.0233,0
2021-02-18,47.4027,47.4027,47.4027,47.4027,0
2021-02-19,47.6578,47.6578,47.6578,47.6578,0
2021-02-22,46.3061,46.3061,46.3061,46.3061,0
2021-02-23,46.5696,46.5696,46.5696,46.5696,0
2021-02-24,46.2721,46.2721,46.2721,46.2721,0
2021-02-25,45.2689,45.2689,45.2689,45.2689,0
2021-02-26,44.6228,44.6228,44.6228,44.6228,0
2021-03-01,45.847,45.847,45.847,45.847,0
2021-03-02,45.4134,45.4134,45.4134,45.4134,0
2021-03-03,45.3794,45.3794,45.3794,45.3794,0
2021-03-04,44.4018,44.4018,44.4018,44.4018,0
2021-03-05,44.7163,44.7163,44.7163,44.7163,0
2021-03-08,43.5517,43.5517,43.5517,43.5517,0
2021-03-09,44.4953,44.4953,44.4953,44.4953,0
2021-03-10,44.4188,44.4188,44.4188,44.4188,0
2021-03-11,45.7535,45.7535,45.7535,45.7535,0
2021-03-12,44.9459,44.9459,44.9459,44.9459,0
2021-03-15,44.9204,44.9204,44.9204,44.9204,0
2021-03-16,45.1159,45.1159,45.1159,45.1159,0
2021-03-17,45.1499,45.1499,45.1499,45.1499,0
2021-03-18,44.4528,44.4528,44.4528,44.4528,0
2021-03-19,44.8949,44.8949,44.8949,44.8949,0
2021-03-22,44.7995,44.7995,44.7995,44.7995,0
2021-03-23,44.0675,44.0675,44.0675,44.0675,0
2021-03-24,43.0375,43.0375,43.0375,43.0375,0
2021-03-25,43.1056,43.1056,43.1056,43.1056,0
2021-03-26,44.1782,44.1782,44.1782,44.1782,0
2021-03-29,43.9313,43.9313,43.9313,43.9313,0
2021-03-30,44.11,44.11,44.11,44.11,0
2021-03-31,44.3058,44.3058,44.3058,44.3058,0
2021-04-01,44.7059,44.7059,44.7059,44.7059,0
2021-04-05,44.7995,44.7995,44.7995,44.7995,0
2021-04-06,45.0123,45.0123,45.0123,45.0123,0
2021-04-07,44.3569,44.3569,44.3569,44.3569,0
2021-04-08,44.8166,44.8166,44.8166,44.8166,0
2021-04-09,44.4335,44.4335,44.4335,44.4335,0
2021-04-12,44.1441,44.1441,44.1441,44.1441,0
2021-04-13,44.1526,44.1526,44.1526,44.1526,0
2021-04-14,44.3909,44.3909,44.3909,44.3909,0
2021-04-15,44.7825,44.7825,44.7825,44.7825,0
2021-04-16,44.9272,44.9272,44.9272,44.9272,0
2021-04-19,44.8336,44.8336,44.8336,44.8336,0
2021-04-20,44.4931,44.4931,44.4931,44.4931,0
2021-04-21,44.8421,44.8421,44.8421,44.8421,0
2021-04-22,44.7655,44.7655,44.7655,44.7655,0
2021-04-23,45.3784,45.3784,45.3784,45.3784,0
2021-04-26,45.4379,45.4379,45.4379,45.4379,0
2021-04-27,45.506,45.506,45.506,45.506,0
2021-04-28,45.8721,45.8721,45.8721,45.8721,0
2021-04-29,45.7699,45.7699,45.7699,45.7699,0
2021-04-30,45.0975,45.0975,45.0975,45.0975,0
2021-05-03,45.0804,45.0804,45.0804,45.0804,0
2021-05-04,44.5271,44.5271,44.5271,44.5271,0
2021-05-05,44.6974,44.6974,44.6974,44.6974,0
2021-05-06,45.14,45.14,45.14,45.14,0
2021-05-07,45.5401,45.5401,45.5401,45.5401,0
2021-05-10,44.6889,44.6889,44.6889,44.6889,0
2021-05-11,44.5697,44.5697,44.5697,44.5697,0
2021-05-12,43.4291,43.4291,43.4291,43.4291,0
2021-05-13,43.378,43.378,43.378,43.378,0
2021-05-14,44.093,44.093,44.093,44.093,0
2021-05-17,44.1186,44.1186,44.1186,44.1186,0
2021-05-18,44.757,44.757,44.757,44.757,0
2021-05-19,44.6378,44.6378,44.6378,44.6378,0
2021-05-20,44.7995,44.7995,44.7995,44.7995,0
2021-05-21,44.3228,44.3228,44.3228,44.3228,0
2021-05-24,44.7399,44.7399,44.7399,44.7399,0
2021-05-25,45.2081,45.2081,45.2081,45.2081,0
2021-05-26,45.5401,45.5401,45.5401,45.5401,0
2021-05-27,45.6252,45.6252,45.6252,45.6252,0
2021-05-28,45.8636,45.8636,45.8636,45.8636,0
2021-06-01,46.8254,46.8254,46.8254,46.8254,0
2021-06-02,46.9361,46.9361,46.9361,46.9361,0
2021-06-03,46.4083,46.4083,46.4083,46.4083,0
2021-06-04,46.8254,46.8254,46.8254,46.8254,0
2021-06-07,46.6382,46.6382,46.6382,46.6382,0
2021-06-08,46.4424,46.4424,46.4424,46.4424,0
2021-06-09,46.4083,46.4083,46.4083,46.4083,0
2021-06-10,46.7318,46.7318,46.7318,46.7318,0
2021-06-11,46.5275,46.5275,46.5275,46.5275,0
2021-06-14,46.7148,46.7148,46.7148,46.7148,0
2021-06-15,46.3998,46.3998,46.3998,46.3998,0
2021-06-16,45.7699,45.7699,45.7699,45.7699,0
2021-06-17,46.0338,46.0338,46.0338,46.0338,0
2021-06-18,45.6763,45.6763,45.6763,45.6763,0
2021-06-21,45.8988,45.8988,45.8988,45.8988,0
2021-06-22,45.702,45.702,45.702,45.702,0
2021-06-23,45.9672,45.9672,45.9672,45.9672,0
2021-06-24,46.3095,46.3095,46.3095,46.3095,0
2021-06-25,46.686,46.686,46.686,46.686,0
2021-06-28,46.7972,46.7972,46.7972,46.7972,0
2021-06-29,46.763,46.763,46.763,46.763,0
2021-06-30,46.4721,46.4721,46.4721,46.4721,0
2021-07-01,46.2239,46.2239,46.2239,46.2239,0
2021-07-02,46.1726,46.1726,46.1726,46.1726,0
2021-07-06,45.3426,45.3426,45.3426,45.3426,0
2021-07-07,45.3854,45.3854,45.3854,45.3854,0
2021-07-08,44.5211,44.5211,44.5211,44.5211,0
2021-07-09,45.334,45.334,45.334,45.334,0
2021-07-12,45.3597,45.3597,45.3597,45.3597,0
2021-07-13,45.3854,45.3854,45.3854,45.3854,0
2021-07-14,45.6078,45.6078,45.6078,45.6078,0
2021-07-15,45.6506,45.6506,45.6506,45.6506,0
2021-07-16,45.3426,45.3426,45.3426,45.3426,0
2021-07-19,44.6751,44.6751,44.6751,44.6751,0
2021-07-20,44.7094,44.7094,44.7094,44.7094,0
2021-07-21,45.0944,45.0944,45.0944,45.0944,0
2021-07-22,45.1629,45.1629,45.1629,45.1629,0
2021-07-23,44.4612,44.4612,44.4612,44.4612,0
2021-07-26,43.6141,43.6141,43.6141,43.6141,0
2021-07-27,42.6728,42.6728,42.6728,42.6728,0
2021-07-28,43.8793,43.8793,43.8793,43.8793,0
2021-07-29,44.0334,44.0334,44.0334,44.0334,0
2021-07-30,43.7339,43.7339,43.7339,43.7339,0
2021-08-02,44.0847,44.0847,44.0847,44.0847,0
2021-08-03,44.196,44.196,44.196,44.196,0
2021-08-04,44.3072,44.3072,44.3072,44.3072,0
2021-08-05,44.1703,44.1703,44.1703,44.1703,0
2021-08-06,43.8708,43.8708,43.8708,43.8708,0
2021-08-09,44.0248,44.0248,44.0248,44.0248,0
2021-08-10,44.1874,44.1874,44.1874,44.1874,0
2021-08-11,44.35,44.35,44.35,44.35,0
2021-08-12,44.059,44.059,44.059,44.059,0
2021-08-13,43.9735,43.9735,43.9735,43.9735,0
2021-08-16,43.6226,43.6226,43.6226,43.6226,0
2021-08-17,42.8354,42.8354,42.8354,42.8354,0
2021-08-18,42.8868,42.8868,42.8868,42.8868,0
2021-08-19,42.2279,42.2279,42.2279,42.2279,0
2021-08-20,42.2279,42.2279,42.2279,42.2279,0
2021-08-23,42.8354,42.8354,42.8354,42.8354,0
2021-08-24,43.7938,43.7938,43.7938,43.7938,0
2021-08-25,43.8366,43.8366,43.8366,43.8366,0
2021-08-26,43.4772,43.4772,43.4772,43.4772,0
2021-08-27,44.0248,44.0248,44.0248,44.0248,0
2021-08-30,44.1532,44.1532,44.1532,44.1532,0
2021-08-31,44.6922,44.6922,44.6922,44.6922,0
2021-09-01,45.2313,45.2313,45.2313,45.2313,0
2021-09-02,45.0516,45.0516,45.0516,45.0516,0
2021-09-03,45.257,45.257,45.257,45.257,0
2021-09-07,45.6335,45.6335,45.6335,45.6335,0
2021-09-08,44.9575,44.9575,44.9575,44.9575,0
2021-09-09,45.0174,45.0174,45.0174,45.0174,0
2021-09-10,44.949,44.949,44.949,44.949,0
2021-09-13,45.0944,45.0944,45.0944,45.0944,0
2021-09-14,44.6751,44.6751,44.6751,44.6751,0
2021-09-15,44.658,44.658,44.658,44.658,0
2021-09-16,44.196,44.196,44.196,44.196,0
2021-09-17,44.0248,44.0248,44.0248,44.0248,0
2021-09-20,42.827,42.827,42.827,42.827,0
2021-09-21,43.1724,43.1724,43.1724,43.1724,0
2021-09-22,43.7942,43.7942,43.7942,43.7942,0
2021-09-23,44.0015,44.0015,44.0015,44.0015,0
2021-09-24,43.5179,43.5179,43.5179,43.5179,0
2021-09-27,43.751,43.751,43.751,43.751,0
2021-09-28,43.2415,43.2415,43.2415,43.2415,0
2021-09-29,42.8961,42.8961,42.8961,42.8961,0
2021-09-30,43.1897,43.1897,43.1897,43.1897,0
2021-10-01,43.2156,43.2156,43.2156,43.2156,0
2021-10-04,42.6197,42.6197,42.6197,42.6197,0
2021-10-05,43.0256,43.0256,43.0256,43.0256,0
2021-10-06,42.8615,42.8615,42.8615,42.8615,0
2021-10-07,43.6992,43.6992,43.6992,43.6992,0
2021-10-08,43.8633,43.8633,43.8633,43.8633,0
2021-10-11,43.7424,43.7424,43.7424,43.7424,0
2021-10-12,43.6215,43.6215,43.6215,43.6215,0
2021-10-13,44.1915,44.1915,44.1915,44.1915,0
2021-10-14,44.2606,44.2606,44.2606,44.2606,0
2021-10-15,44.7356,44.7356,44.7356,44.7356,0
2021-10-18,44.6751,44.6751,44.6751,44.6751,0
2021-10-19,45.1847,45.1847,45.1847,45.1847,0
2021-10-20,45.1933,45.1933,45.1933,45.1933,0
2021-10-21,44.8306,44.8306,44.8306,44.8306,0
2021-10-22,44.7183,44.7183,44.7183,44.7183,0
2021-10-25,44.8824,44.8824,44.8824,44.8824,0
2021-10-26,44.5801,44.5801,44.5801,44.5801,0
2021-10-27,44.347,44.347,44.347,44.347,0
2021-10-28,44.3038,44.3038,44.3038,44.3038,0
2021-10-29,43.751,43.751,43.751,43.751,0
2021-11-01,44.1742,44.1742,44.1742,44.1742,0
2021-11-02,43.7079,43.7079,43.7079,43.7079,0
2021-11-03,44.0274,44.0274,44.0274,44.0274,0
2021-11-04,43.9324,43.9324,43.9324,43.9324,0
2021-11-05,43.9497,43.9497,43.9497,43.9497,0
2021-11-08,44.4074,44.4074,44.4074,44.4074,0
2021-11-09,44.3038,44.3038,44.3038,44.3038,0
2021-11-10,44.1829,44.1829,44.1829,44.1829,0
2021-11-11,44.9429,44.9429,44.9429,44.9429,0
2021-11-12,44.9774,44.9774,44.9774,44.9774,0
2021-11-15,44.891,44.891,44.891,44.891,0
2021-11-16,44.8738,44.8738,44.8738,44.8738,0
2021-11-17,44.7097,44.7097,44.7097,44.7097,0
2021-11-18,44.1742,44.1742,44.1742,44.1742,0
2021-11-19,44.0965,44.0965,44.0965,44.0965,0
2021-11-22,43.6388,43.6388,43.6388,43.6388,0
2021-11-23,43.682,43.682,43.682,43.682,0
2021-11-24,43.6301,43.6301,43.6301,43.6301,0
2021-11-26,42.352,42.352,42.352,42.352,0
2021-11-29,42.4124,42.4124,42.4124,42.4124,0
2021-11-30,42.4815,42.4815,42.4815,42.4815,0
2021-12-01,42.4556,42.4556,42.4556,42.4556,0
2021-12-02,42.9565,42.9565,42.9565,42.9565,0
2021-12-03,42.3606,42.3606,42.3606,42.3606,0
2021-12-06,42.637,42.637,42.637,42.637,0
2021-12-07,43.2588,43.2588,43.2588,43.2588,0
2021-12-08,43.5179,43.5179,43.5179,43.5179,0
2021-12-09,43.302,43.302,43.302,43.302,0
2021-12-10,43.3797,43.3797,43.3797,43.3797,0
2021-12-13,42.7147,42.7147,42.7147,42.7147,0
2021-12-14,42.6197,42.6197,42.6197,42.6197,0
2021-12-15,42.4643,42.4643,42.4643,42.4643,0
2021-12-16,42.5765,42.5765,42.5765,42.5765,0
2021-12-17,42.2829,42.2829,42.2829,42.2829,0
2021-12-20,41.6968,41.6968,41.6968,41.6968,0
2021-12-21,42.4032,42.4032,42.4032,42.4032,0
2021-12-22,42.6387,42.6387,42.6387,42.6387,0
2021-12-23,42.8916,42.8916,42.8916,42.8916,0
2021-12-27,43.0312,43.0312,43.0312,43.0312,0
2021-12-28,42.8829,42.8829,42.8829,42.8829,0
2021-12-29,42.6998,42.6998,42.6998,42.6998,0
2021-12-30,43.2492,43.2492,43.2492,43.2492,0
2021-12-31,43.1358,43.1358,43.1358,43.1358,0
2022-01-03,43.4411,43.4411,43.4411,43.4411,0
2022-01-04,43.2667,43.2667,43.2667,43.2667,0
2022-01-05,42.6213,42.6213,42.6213,42.6213,0
2022-01-06,42.8655,42.8655,42.8655,42.8655,0
2022-01-07,43.0835,43.0835,43.0835,43.0835,0
2022-01-10,43.1707,43.1707,43.1707,43.1707,0
2022-01-11,44.008,44.008,44.008,44.008,0
2022-01-12,44.6795,44.6795,44.6795,44.6795,0
2022-01-13,44.1214,44.1214,44.1214,44.1214,0
2022-01-14,44.2086,44.2086,44.2086,44.2086,0
2022-01-18,43.5545,43.5545,43.5545,43.5545,0
2022-01-19,43.7289,43.7289,43.7289,43.7289,0
2022-01-20,43.9993,43.9993,43.9993,43.9993,0
2022-01-21,43.3103,43.3103,43.3103,43.3103,0
2022-01-24,42.7347,42.7347,42.7347,42.7347,0
2022-01-25,42.7259,42.7259,42.7259,42.7259,0
2022-01-26,42.2811,42.2811,42.2811,42.2811,0
2022-01-27,41.9061,41.9061,41.9061,41.9061,0
2022-01-28,41.9759,41.9759,41.9759,41.9759,0
2022-01-31,43.319,43.319,43.319,43.319,0
2022-02-01,43.5719,43.5719,43.5719,43.5719,0
2022-02-02,43.4934,43.4934,43.4934,43.4934,0
2022-02-03,43.1271,43.1271,43.1271,43.1271,0
2022-02-04,43.1533,43.1533,43.1533,43.1533,0
2022-02-07,43.1533,43.1533,43.1533,43.1533,0
2022-02-08,43.5457,43.5457,43.5457,43.5457,0
2022-02-09,44.1911,44.1911,44.1911,44.1911,0
2022-02-10,43.9469,43.9469,43.9469,43.9469,0
2022-02-11,43.2667,43.2667,43.2667,43.2667,0
2022-02-14,42.944,42.944,42.944,42.944,0
2022-02-15,43.9208,43.9208,43.9208,43.9208,0
2022-02-16,44.2522,44.2522,44.2522,44.2522,0
2022-02-17,43.6766,43.6766,43.6766,43.6766,0
2022-02-18,43.3364,43.3364,43.3364,43.3364,0
2022-02-22,42.6649,42.6649,42.6649,42.6649,0
2022-02-23,42.2724,42.2724,42.2724,42.2724,0
2022-02-24,41.4177,41.4177,41.4177,41.4177,0
2022-02-25,42.1852,42.1852,42.1852,42.1852,0
2022-02-28,41.7055,41.7055,41.7055,41.7055,0
2022-03-01,41.1386,41.1386,41.1386,41.1386,0
2022-03-02,41.2695,41.2695,41.2695,41.2695,0
2022-03-03,40.6939,40.6939,40.6939,40.6939,0
2022-03-04,39.9264,39.9264,39.9264,39.9264,0
2022-03-07,38.5135,38.5135,38.5135,38.5135,0
2022-03-08,38.6792,38.6792,38.6792,38.6792,0
2022-03-09,39.656,39.656,39.656,39.656,0
2022-03-10,39.0455,39.0455,39.0455,39.0455,0
2022-03-11,38.2519,38.2519,38.2519,38.2519,0
2022-03-14,37.3361,37.3361,37.3361,37.3361,0
2022-03-15,37.3187,37.3187,37.3187,37.3187,0
2022-03-16,40.2229,40.2229,40.2229,40.2229,0
2022-03-17,39.9264,39.9264,39.9264,39.9264,0
2022-03-18,40.5543,40.5543,40.5543,40.5543,0
2022-03-21,40.0418,40.0418,40.0418,40.0418,0
2022-03-22,40.6628,40.6628,40.6628,40.6628,0
2022-03-23,40.3829,40.3829,40.3829,40.3829,0
2022-03-24,40.6278,40.6278,40.6278,40.6278,0
2022-03-25,40.3129,40.3129,40.3129,40.3129,0
2022-03-28,40.4441,40.4441,40.4441,40.4441,0
2022-03-29,41.0651,41.0651,41.0651,41.0651,0
2022-03-30,41.0126,41.0126,41.0126,41.0126,0
2022-03-31,40.3479,40.3479,40.3479,40.3479,0
2022-04-01,41.1176,41.1176,41.1176,41.1176,0
2022-04-04,41.8348,41.8348,41.8348,41.8348,0
2022-04-05,41.1001,41.1001,41.1001,41.1001,0
2022-04-06,40.6453,40.6453,40.6453,40.6453,0
2022-04-07,40.3479,40.3479,40.3479,40.3479,0
2022-04-08,40.4266,40.4266,40.4266,40.4266,0
2022-04-11,39.9193,39.9193,39.9193,39.9193,0
2022-04-12,39.7619,39.7619,39.7619,39.7619,0
2022-04-13,40.1905,40.1905,40.1905,40.1905,0
2022-04-14,39.7531,39.7531,39.7531,39.7531,0
2022-04-18,39.587,39.587,39.587,39.587,0
2022-04-19,39.3858,39.3858,39.3858,39.3858,0
2022-04-20,39.1321,39.1321,39.1321,39.1321,0
2022-04-21,38.4237,38.4237,38.4237,38.4237,0
2022-04-22,38.1175,38.1175,38.1175,38.1175,0
2022-04-25,37.7239,37.7239,37.7239,37.7239,0
2022-04-26,36.963,36.963,36.963,36.963,0
2022-04-27,37.479,37.479,37.479,37.479,0
2022-04-28,37.9688,37.9688,37.9688,37.9688,0
2022-04-29,37.9951,37.9951,37.9951,37.9951,0
2022-05-02,37.9164,37.9164,37.9164,37.9164,0
2022-05-03,38.205,38.205,38.205,38.205,0
2022-05-04,38.5811,38.5811,38.5811,38.5811,0
2022-05-05,37.1816,37.1816,37.1816,37.1816,0
2022-05-06,36.6743,36.6743,36.6743,36.6743,0
2022-05-09,35.686,35.686,35.686,35.686,0
2022-05-10,35.8347,35.8347,35.8347,35.8347,0
2022-05-11,35.581,35.581,35.581,35.581,0
2022-05-12,35.4061,35.4061,35.4061,35.4061,0
2022-05-13,36.2807,36.2807,36.2807,36.2807,0
2022-05-16,36.202,36.202,36.202,36.202,0
2022-05-17,37.0329,37.0329,37.0329,37.0329,0
2022-05-18,36.2283,36.2283,36.2283,36.2283,0
2022-05-19,36.7531,36.7531,36.7531,36.7531,0
2022-05-20,36.893,36.893,36.893,36.893,0
2022-05-23,37.1554,37.1554,37.1554,37.1554,0
2022-05-24,36.4907,36.4907,36.4907,36.4907,0
2022-05-25,36.6918,36.6918,36.6918,36.6918,0
2022-05-26,37.2429,37.2429,37.2429,37.2429,0
2022-05-27,37.6452,37.6452,37.6452,37.6452,0
2022-05-31,38.17,38.17,38.17,38.17,0
2022-06-01,37.9164,37.9164,37.9164,37.9164,0
2022-06-02,38.5986,38.5986,38.5986,38.5986,0
2022-06-03,37.9951,37.9951,37.9951,37.9951,0
2022-06-06,38.205,38.205,38.205,38.205,0
2022-06-07,38.3974,38.3974,38.3974,38.3974,0
2022-06-08,38.5374,38.5374,38.5374,38.5374,0
2022-06-09,37.7064,37.7064,37.7064,37.7064,0
2022-06-10,37.4091,37.4091,37.4091,37.4091,0
2022-06-13,36.1933,36.1933,36.1933,36.1933,0
2022-06-14,36.7181,36.7181,36.7181,36.7181,0
2022-06-15,37.2604,37.2604,37.2604,37.2604,0
2022-06-16,36.0971,36.0971,36.0971,36.0971,0
2022-06-17,36.2545,36.2545,36.2545,36.2545,0
2022-06-21,36.8326,36.8326,36.8326,36.8326,0
2022-06-22,36.2246,36.2246,36.2246,36.2246,0
2022-06-23,36.4008,36.4008,36.4008,36.4008,0
2022-06-24,37.1762,37.1762,37.1762,37.1762,0
2022-06-27,37.2026,37.2026,37.2026,37.2026,0
2022-06-28,36.9559,36.9559,36.9559,36.9559,0
2022-06-29,36.859,36.859,36.859,36.859,0
2022-06-30,36.7004,36.7004,36.7004,36.7004,0
2022-07-01,36.4801,36.4801,36.4801,36.4801,0
2022-07-05,36.1893,36.1893,36.1893,36.1893,0
2022-07-06,35.9426,35.9426,35.9426,35.9426,0
2022-07-07,36.6916,36.6916,36.6916,36.6916,0
2022-07-08,36.6035,36.6035,36.6035,36.6035,0
2022-07-11,35.6959,35.6959,35.6959,35.6959,0
2022-07-12,35.5637,35.5637,35.5637,35.5637,0
2022-07-13,35.4579,35.4579,35.4579,35.4579,0
2022-07-14,35.22,35.22,35.22,35.22,0
2022-07-15,35.3434,35.3434,35.3434,35.3434,0
2022-07-18,35.5108,35.5108,35.5108,35.5108,0
2022-07-19,36.0131,36.0131,36.0131,36.0131,0
2022-07-20,35.8633,35.8633,35.8633,35.8633,0
2022-07-21,36.3039,36.3039,36.3039,36.3039,0
2022-07-22,35.9338,35.9338,35.9338,35.9338,0
2022-07-25,36.1012,36.1012,36.1012,36.1012,0
2022-07-26,35.7575,35.7575,35.7575,35.7575,0
2022-07-27,36.4625,36.4625,36.4625,36.4625,0
2022-07-28,36.577,36.577,36.577,36.577,0
2022-07-29,36.4096,36.4096,36.4096,36.4096,0
2022-08-01,36.1893,36.1893,36.1893,36.1893,0
2022-08-02,35.9778,35.9778,35.9778,35.9778,0
2022-08-03,36.1717,36.1717,36.1717,36.1717,0
2022-08-04,36.4713,36.4713,36.4713,36.4713,0
2022-08-05,36.4625,36.4625,36.4625,36.4625,0
2022-08-08,36.5418,36.5418,36.5418,36.5418,0
2022-08-09,36.4625,36.4625,36.4625,36.4625,0
2022-08-10,36.9207,36.9207,36.9207,36.9207,0
2022-08-11,37.0969,37.0969,37.0969,37.0969,0
2022-08-12,37.4846,37.4846,37.4846,37.4846,0
2022-08-15,37.3436,37.3436,37.3436,37.3436,0
2022-08-16,37.3613,37.3613,37.3613,37.3613,0
2022-08-17,37.2731,37.2731,37.2731,37.2731,0
2022-08-18,37.0352,37.0352,37.0352,37.0352,0
2022-08-19,36.6211,36.6211,36.6211,36.6211,0
2022-08-22,36.3655,36.3655,36.3655,36.3655,0
2022-08-23,36.5946,36.5946,36.5946,36.5946,0
2022-08-24,36.6211,36.6211,36.6211,36.6211,0
2022-08-25,37.2996,37.2996,37.2996,37.2996,0
2022-08-26,36.8061,36.8061,36.8061,36.8061,0
2022-08-29,36.6299,36.6299,36.6299,36.6299,0
2022-08-30,36.1893,36.1893,36.1893,36.1893,0
2022-08-31,36.2422,36.2422,36.2422,36.2422,0
2022-09-01,36.0747,36.0747,36.0747,36.0747,0
2022-09-02,35.784,35.784,35.784,35.784,0
2022-09-06,35.4756,35.4756,35.4756,35.4756,0
2022-09-07,35.7752,35.7752,35.7752,35.7752,0
2022-09-08,35.6694,35.6694,35.6694,35.6694,0
2022-09-09,36.1452,36.1452,36.1452,36.1452,0
2022-09-12,36.7004,36.7004,36.7004,36.7004,0
2022-09-13,35.5372,35.5372,35.5372,35.5372,0
2022-09-14,35.7135,35.7135,35.7135,35.7135,0
2022-09-15,35.4051,35.4051,35.4051,35.4051,0
2022-09-16,34.9557,34.9557,34.9557,34.9557,0
2022-09-19,35.0977,35.0977,35.0977,35.0977,0
2022-09-20,34.9727,34.9727,34.9727,34.9727,0
2022-09-21,34.3921,34.3921,34.3921,34.3921,0
2022-09-22,34.2939,34.2939,34.2939,34.2939,0
2022-09-23,33.508,33.508,33.508,33.508,0
2022-09-26,33.0436,33.0436,33.0436,33.0436,0
2022-09-27,33.0257,33.0257,33.0257,33.0257,0
2022-09-28,33.2847,33.2847,33.2847,33.2847,0
2022-09-29,32.6328,32.6328,32.6328,32.6328,0
2022-09-30,32.5882,32.5882,32.5882,32.5882,0
2022-10-03,33.0883,33.0883,33.0883,33.0883,0
2022-10-04,34.0171,34.0171,34.0171,34.0171,0
2022-10-05,34.0796,34.0796,34.0796,34.0796,0
2022-10-06,33.8384,33.8384,33.8384,33.8384,0
2022-10-07,33.1686,33.1686,33.1686,33.1686,0
2022-10-10,32.7132,32.7132,32.7132,32.7132,0
2022-10-11,32.2041,32.2041,32.2041,32.2041,0
2022-10-12,32.1952,32.1952,32.1952,32.1952,0
2022-10-13,32.3202,32.3202,32.3202,32.3202,0
2022-10-14,31.8469,31.8469,31.8469,31.8469,0
2022-10-17,32.6596,32.6596,32.6596,32.6596,0
2022-10-18,32.6685,32.6685,32.6685,32.6685,0
2022-10-19,32.097,32.097,32.097,32.097,0
2022-10-20,32.347,32.347,32.347,32.347,0
2022-10-21,32.8203,32.8203,32.8203,32.8203,0
2022-10-24,31.5433,31.5433,31.5433,31.5433,0
2022-10-25,31.8022,31.8022,31.8022,31.8022,0
2022-10-26,32.2309,32.2309,32.2309,32.2309,0
2022-10-27,31.9987,31.9987,31.9987,31.9987,0
2022-10-28,31.7754,31.7754,31.7754,31.7754,0
2022-10-31,31.6594,31.6594,31.6594,31.6594,0
2022-11-01,32.1863,32.1863,32.1863,32.1863,0
2022-11-02,31.9451,31.9451,31.9451,31.9451,0
2022-11-03,32.2041,32.2041,32.2041,32.2041,0
2022-11-04,33.5169,33.5169,33.5169,33.5169,0
2022-11-07,33.4544,33.4544,33.4544,33.4544,0
2022-11-08,33.5973,33.5973,33.5973,33.5973,0
2022-11-09,32.9811,32.9811,32.9811,32.9811,0
2022-11-10,34.0885,34.0885,34.0885,34.0885,0
2022-11-11,34.7762,34.7762,34.7762,34.7762,0
2022-11-14,34.6601,34.6601,34.6601,34.6601,0
2022-11-15,35.4281,35.4281,35.4281,35.4281,0
2022-11-16,34.8655,34.8655,34.8655,34.8655,0
2022-11-17,35.053,35.053,35.053,35.053,0
2022-11-18,34.803,34.803,34.803,34.803,0
2022-11-21,34.4814,34.4814,34.4814,34.4814,0
2022-11-22,34.5708,34.5708,34.5708,34.5708,0
2022-11-23,34.7583,34.7583,34.7583,34.7583,0
2022-11-25,34.6333,34.6333,34.6333,34.6333,0
2022-11-28,34.5529,34.5529,34.5529,34.5529,0
2022-11-29,35.2316,35.2316,35.2316,35.2316,0
2022-11-30,36.1872,36.1872,36.1872,36.1872,0
2022-12-01,36.0979,36.0979,36.0979,36.0979,0
2022-12-02,36.3212,36.3212,36.3212,36.3212,0
2022-12-05,35.955,35.955,35.955,35.955,0
2022-12-06,35.9818,35.9818,35.9818,35.9818,0
2022-12-07,35.7675,35.7675,35.7675,35.7675,0
2022-12-08,36.1783,36.1783,36.1783,36.1783,0
2022-12-09,35.8746,35.8746,35.8746,35.8746,0
2022-12-12,35.7764,35.7764,35.7764,35.7764,0
2022-12-13,35.964,35.964,35.964,35.964,0
2022-12-14,36.0265,36.0265,36.0265,36.0265,0
2022-12-15,35.3299,35.3299,35.3299,35.3299,0
2022-12-16,35.2852,35.2852,35.2852,35.2852,0
2022-12-19,35.3533,35.3533,35.3533,35.3533,0
2022-12-20,35.2353,35.2353,35.2353,35.2353,0
2022-12-21,35.562,35.562,35.562,35.562,0
2022-12-22,35.2444,35.2444,35.2444,35.2444,0
2022-12-23,35.1718,35.1718,35.1718,35.1718,0
2022-12-27,35.7254,35.7254,35.7254,35.7254,0
2022-12-28,35.2081,35.2081,35.2081,35.2081,0
2022-12-29,35.8162,35.8162,35.8162,35.8162,0
2022-12-30,35.3805,35.3805,35.3805,35.3805,0
2023-01-03,35.7617,35.7617,35.7617,35.7617,0
2023-01-04,36.6875,36.6875,36.6875,36.6875,0
2023-01-05,36.5786,36.5786,36.5786,36.5786,0
2023-01-06,37.2049,37.2049,37.2049,37.2049,0
2023-01-09,37.4046,37.4046,37.4046,37.4046,0
2023-01-10,37.6678,37.6678,37.6678,37.6678,0
2023-01-11,37.8221,37.8221,37.8221,37.8221,0
2023-01-12,37.9946,37.9946,37.9946,37.9946,0
2023-01-13,38.2487,38.2487,38.2487,38.2487,0
2023-01-17,38.049,38.049,38.049,38.049,0
2023-01-18,37.8221,37.8221,37.8221,37.8221,0
2023-01-19,38.1217,38.1217,38.1217,38.1217,0
2023-01-20,38.5664,38.5664,38.5664,38.5664,0
2023-01-23,38.8478,38.8478,38.8478,38.8478,0
2023-01-24,38.8841,38.8841,38.8841,38.8841,0
2023-01-25,38.8932,38.8932,38.8932,38.8932,0
2023-01-26,39.1927,39.1927,39.1927,39.1927,0
2023-01-27,38.9295,38.9295,38.9295,38.9295,0
2023-01-30,38.2306,38.2306,38.2306,38.2306,0
2023-01-31,38.3304,38.3304,38.3304,38.3304,0
2023-02-01,38.7207,38.7207,38.7207,38.7207,0
2023-02-02,38.4484,38.4484,38.4484,38.4484,0
2023-02-03,37.8403,37.8403,37.8403,37.8403,0
2023-02-06,37.45,37.45,37.45,37.45,0
2023-02-07,37.5226,37.5226,37.5226,37.5226,0
2023-02-08,37.45,37.45,37.45,37.45,0
2023-02-09,37.5952,37.5952,37.5952,37.5952,0
2023-02-10,37.2775,37.2775,37.2775,37.2775,0
2023-02-13,37.6134,37.6134,37.6134,37.6134,0
2023-02-14,37.5044,37.5044,37.5044,37.5044,0
2023-02-15,37.3229,37.3229,37.3229,37.3229,0
2023-02-16,37.2503,37.2503,37.2503,37.2503,0
2023-02-17,36.9508,36.9508,36.9508,36.9508,0
2023-02-21,36.5423,36.5423,36.5423,36.5423,0
2023-02-22,36.388,36.388,36.388,36.388,0
2023-02-23,36.5151,36.5151,36.5151,36.5151,0
2023-02-24,35.8162,35.8162,35.8162,35.8162,0
2023-02-27,35.9977,35.9977,35.9977,35.9977,0
2023-02-28,35.7799,35.7799,35.7799,35.7799,0
2023-03-01,36.4969,36.4969,36.4969,36.4969,0
2023-03-02,36.6603,36.6603,36.6603,36.6603,0
2023-03-03,36.9326,36.9326,36.9326,36.9326,0
2023-03-06,36.8055,36.8055,36.8055,36.8055,0
2023-03-07,36.261,36.261,36.261,36.261,0
2023-03-08,36.4516,36.4516,36.4516,36.4516,0
2023-03-09,35.7073,35.7073,35.7073,35.7073,0
2023-03-10,35.5076,35.5076,35.5076,35.5076,0
2023-03-13,35.4713,35.4713,35.4713,35.4713,0
2023-03-14,35.4894,35.4894,35.4894,35.4894,0
2023-03-15,34.8995,34.8995,34.8995,34.8995,0
2023-03-16,35.3442,35.3442,35.3442,35.3442,0
2023-03-17,35.1627,35.1627,35.1627,35.1627,0
2023-03-20,35.2244,35.2244,35.2244,35.2244,0
2023-03-21,35.5969,35.5969,35.5969,35.5969,0
2023-03-22,35.7059,35.7059,35.7059,35.7059,0
2023-03-23,36.1418,36.1418,36.1418,36.1418,0
2023-03-24,36.0692,36.0692,36.0692,36.0692,0
2023-03-27,35.8966,35.8966,35.8966,35.8966,0
2023-03-28,36.3235,36.3235,36.3235,36.3235,0
2023-03-29,36.4507,36.4507,36.4507,36.4507,0
2023-03-30,36.8049,36.8049,36.8049,36.8049,0
2023-03-31,36.6959,36.6959,36.6959,36.6959,0
2023-04-03,36.8503,36.8503,36.8503,36.8503,0
2023-04-04,36.8867,36.8867,36.8867,36.8867,0
2023-04-05,36.5597,36.5597,36.5597,36.5597,0
2023-04-06,36.7777,36.7777,36.7777,36.7777,0
2023-04-10,36.6959,36.6959,36.6959,36.6959,0
2023-04-11,36.9684,36.9684,36.9684,36.9684,0
2023-04-12,36.6868,36.6868,36.6868,36.6868,0
2023-04-13,37.1319,37.1319,37.1319,37.1319,0
2023-04-14,36.9321,36.9321,36.9321,36.9321,0
2023-04-17,37.1319,37.1319,37.1319,37.1319,0
2023-04-18,37.0592,37.0592,37.0592,37.0592,0
2023-04-19,36.6777,36.6777,36.6777,36.6777,0
2023-04-20,36.6323,36.6323,36.6323,36.6323,0
2023-04-21,36.2872,36.2872,36.2872,36.2872,0
2023-04-24,36.2418,36.2418,36.2418,36.2418,0
2023-04-25,35.6241,35.6241,35.6241,35.6241,0
2023-04-26,35.8694,35.8694,35.8694,35.8694,0
2023-04-27,36.3326,36.3326,36.3326,36.3326,0
2023-04-28,36.5506,36.5506,36.5506,36.5506,0
2023-05-01,36.4325,36.4325,36.4325,36.4325,0
2023-05-02,36.051,36.051,36.051,36.051,0
2023-05-03,36.0419,36.0419,36.0419,36.0419,0
2023-05-04,36.3508,36.3508,36.3508,36.3508,0
2023-05-05,36.7413,36.7413,36.7413,36.7413,0
2023-05-08,36.7504,36.7504,36.7504,36.7504,0
2023-05-09,36.5233,36.5233,36.5233,36.5233,0
2023-05-10,36.5324,36.5324,36.5324,36.5324,0
2023-05-11,36.3871,36.3871,36.3871,36.3871,0
2023-05-12,35.9783,35.9783,35.9783,35.9783,0
2023-05-15,36.6051,36.6051,36.6051,36.6051,0
2023-05-16,36.3508,36.3508,36.3508,36.3508,0
2023-05-17,36.4779,36.4779,36.4779,36.4779,0
2023-05-18,36.2508,36.2508,36.2508,36.2508,0
2023-05-19,36.2327,36.2327,36.2327,36.2327,0
2023-05-22,36.4688,36.4688,36.4688,36.4688,0
2023-05-23,35.9239,35.9239,35.9239,35.9239,0
2023-05-24,35.6695,35.6695,35.6695,35.6695,0
2023-05-25,35.6059,35.6059,35.6059,35.6059,0
2023-05-26,36.1963,36.1963,36.1963,36.1963,0
2023-05-30,35.724,35.724,35.724,35.724,0
2023-05-31,35.4697,35.4697,35.4697,35.4697,0
2023-06-01,36.0783,36.0783,36.0783,36.0783,0
2023-06-02,36.6505,36.6505,36.6505,36.6505,0
2023-06-05,36.6142,36.6142,36.6142,36.6142,0
2023-06-06,36.8957,36.8957,36.8957,36.8957,0
2023-06-07,36.814,36.814,36.814,36.814,0
2023-06-08,37.0138,37.0138,37.0138,37.0138,0
2023-06-09,37.1137,37.1137,37.1137,37.1137,0
2023-06-12,37.2046,37.2046,37.2046,37.2046,0
2023-06-13,37.5134,37.5134,37.5134,37.5134,0
2023-06-14,37.8676,37.8676,37.8676,37.8676,0
2023-06-15,38.231,38.231,38.231,38.231,0
2023-06-16,38.0947,38.0947,38.0947,38.0947,0
2023-06-20,37.4162,37.4162,37.4162,37.4162,0
2023-06-21,37.3522,37.3522,37.3522,37.3522,0
2023-06-22,37.1879,37.1879,37.1879,37.1879,0
2023-06-23,36.6673,36.6673,36.6673,36.6673,0
2023-06-26,36.786,36.786,36.786,36.786,0
2023-06-27,37.1331,37.1331,37.1331,37.1331,0
2023-06-28,36.9869,36.9869,36.9869,36.9869,0
2023-06-29,36.8317,36.8317,36.8317,36.8317,0
2023-06-30,37.1513,37.1513,37.1513,37.1513,0
2023-07-03,37.5166,37.5166,37.5166,37.5166,0
2023-07-05,37.334,37.334,37.334,37.334,0
2023-07-06,36.6216,36.6216,36.6216,36.6216,0
2023-07-07,37.06,37.06,37.06,37.06,0
2023-07-10,37.0691,37.0691,37.0691,37.0691,0
2023-07-11,37.3979,37.3979,37.3979,37.3979,0
2023-07-12,38.1102,38.1102,38.1102,38.1102,0
2023-07-13,38.5303,38.5303,38.5303,38.5303,0
2023-07-14,38.2929,38.2929,38.2929,38.2929,0
2023-07-17,38.3386,38.3386,38.3386,38.3386,0
2023-07-18,38.0646,38.0646,38.0646,38.0646,0
2023-07-19,38.0098,38.0098,38.0098,38.0098,0
2023-07-20,37.7723,37.7723,37.7723,37.7723,0
2023-07-21,37.7541,37.7541,37.7541,37.7541,0
2023-07-24,38.2564,38.2564,38.2564,38.2564,0
2023-07-25,38.5486,38.5486,38.5486,38.5486,0
2023-07-26,38.7861,38.7861,38.7861,38.7861,0
2023-07-27,38.3568,38.3568,38.3568,38.3568,0
2023-07-28,39.2884,39.2884,39.2884,39.2884,0
2023-07-31,39.334,39.334,39.334,39.334,0
2023-08-01,38.7861,38.7861,38.7861,38.7861,0
2023-08-02,37.9459,37.9459,37.9459,37.9459,0
2023-08-03,38.1102,38.1102,38.1102,38.1102,0
2023-08-04,38.1559,38.1559,38.1559,38.1559,0
2023-08-07,38.092,38.092,38.092,38.092,0
2023-08-08,37.6993,37.6993,37.6993,37.6993,0
2023-08-09,37.7632,37.7632,37.7632,37.7632,0
2023-08-10,37.8363,37.8363,37.8363,37.8363,0
2023-08-11,37.2883,37.2883,37.2883,37.2883,0
2023-08-14,37.1148,37.1148,37.1148,37.1148,0
2023-08-15,36.7221,36.7221,36.7221,36.7221,0
2023-08-16,36.4755,36.4755,36.4755,36.4755,0
2023-08-17,36.5942,36.5942,36.5942,36.5942,0
2023-08-18,36.3659,36.3659,36.3659,36.3659,0
2023-08-21,36.4481,36.4481,36.4481,36.4481,0
2023-08-22,36.3842,36.3842,36.3842,36.3842,0
2023-08-23,36.923,36.923,36.923,36.923,0
2023-08-24,36.7678,36.7678,36.7678,36.7678,0
2023-08-25,36.7404,36.7404,36.7404,36.7404,0
2023-08-28,37.1057,37.1057,37.1057,37.1057,0
2023-08-29,37.5988,37.5988,37.5988,37.5988,0
2023-08-30,37.4618,37.4618,37.4618,37.4618,0
2023-08-31,37.0143,37.0143,37.0143,37.0143,0
2023-09-01,37.4162,37.4162,37.4162,37.4162,0
2023-09-05,37.197,37.197,37.197,37.197,0
2023-09-06,37.0235,37.0235,37.0235,37.0235,0
2023-09-07,36.6399,36.6399,36.6399,36.6399,0
2023-09-08,36.713,36.713,36.713,36.713,0
2023-09-11,37.1331,37.1331,37.1331,37.1331,0
2023-09-12,37.0326,37.0326,37.0326,37.0326,0
2023-09-13,36.9961,36.9961,36.9961,36.9961,0
2023-09-14,37.2153,37.2153,37.2153,37.2153,0
2023-09-15,37.0235,37.0235,37.0235,37.0235,0
2023-09-18,36.9664,36.9664,36.9664,36.9664,0
2023-09-19,36.7823,36.7823,36.7823,36.7823,0
2023-09-20,36.6718,36.6718,36.6718,36.6718,0
2023-09-21,36.0825,36.0825,36.0825,36.0825,0
2023-09-22,36.506,36.506,36.506,36.506,0
2023-09-25,36.3679,36.3679,36.3679,36.3679,0
2023-09-26,35.9444,35.9444,35.9444,35.9444,0
2023-09-27,35.9904,35.9904,35.9904,35.9904,0
2023-09-28,36.0641,36.0641,36.0641,36.0641,0
2023-09-29,36.1009,36.1009,36.1009,36.1009,0
2023-10-02,35.972,35.972,35.972,35.972,0
2023-10-03,35.5117,35.5117,35.5117,35.5117,0
2023-10-04,35.3644,35.3644,35.3644,35.3644,0
2023-10-05,35.5117,35.5117,35.5117,35.5117,0
2023-10-06,35.9996,35.9996,35.9996,35.9996,0
2023-10-09,35.7787,35.7787,35.7787,35.7787,0
2023-10-10,36.3495,36.3495,36.3495,36.3495,0
2023-10-11,36.46,36.46,36.46,36.46,0
2023-10-12,36.0733,36.0733,36.0733,36.0733,0
2023-10-13,35.9352,35.9352,35.9352,35.9352,0
2023-10-16,36.193,36.193,36.193,36.193,0
2023-10-17,36.0365,36.0365,36.0365,36.0365,0
2023-10-18,35.4472,35.4472,35.4472,35.4472,0
2023-10-19,35.3183,35.3183,35.3183,35.3183,0
2023-10-20,34.8948,34.8948,34.8948,34.8948,0
2023-10-23,34.8211,34.8211,34.8211,34.8211,0
2023-10-24,35.2539,35.2539,35.2539,35.2539,0
2023-10-25,34.8764,34.8764,34.8764,34.8764,0
2023-10-26,34.7475,34.7475,34.7475,34.7475,0
2023-10-27,34.7843,34.7843,34.7843,34.7843,0
2023-10-30,35.0974,35.0974,35.0974,35.0974,0
2023-10-31,34.9316,34.9316,34.9316,34.9316,0
2023-11-01,35.1802,35.1802,35.1802,35.1802,0
2023-11-02,35.7234,35.7234,35.7234,35.7234,0
2023-11-03,36.3771,36.3771,36.3771,36.3771,0
2023-11-06,36.4876,36.4876,36.4876,36.4876,0
2023-11-07,36.4968,36.4968,36.4968,36.4968,0
2023-11-08,36.3311,36.3311,36.3311,36.3311,0
2023-11-09,36.0089,36.0089,36.0089,36.0089,0
2023-11-10,36.2575,36.2575,36.2575,36.2575,0
2023-11-13,36.3219,36.3219,36.3219,36.3219,0
2023-11-14,37.1689,37.1689,37.1689,37.1689,0
2023-11-15,37.4268,37.4268,37.4268,37.4268,0
2023-11-16,37.04,37.04,37.04,37.04,0
2023-11-17,37.1874,37.1874,37.1874,37.1874,0
2023-11-20,37.5833,37.5833,37.5833,37.5833,0
2023-11-21,37.3623,37.3623,37.3623,37.3623,0
2023-11-22,37.261,37.261,37.261,37.261,0
2023-11-24,37.3807,37.3807,37.3807,37.3807,0
2023-11-27,37.2058,37.2058,37.2058,37.2058,0
2023-11-28,37.5096,37.5096,37.5096,37.5096,0
2023-11-29,37.2979,37.2979,37.2979,37.2979,0
2023-11-30,37.4083,37.4083,37.4083,37.4083,0
2023-12-01,37.5648,37.5648,37.5648,37.5648,0
2023-12-04,37.2334,37.2334,37.2334,37.2334,0
2023-12-05,37.1045,37.1045,37.1045,37.1045,0
2023-12-06,37.0585,37.0585,37.0585,37.0585,0
2023-12-07,37.2058,37.2058,37.2058,37.2058,0
2023-12-08,37.0216,37.0216,37.0216,37.0216,0
2023-12-11,37.1874,37.1874,37.1874,37.1874,0
2023-12-12,37.1874,37.1874,37.1874,37.1874,0
2023-12-13,37.5372,37.5372,37.5372,37.5372,0
2023-12-14,38.0344,38.0344,38.0344,38.0344,0
2023-12-15,37.8134,37.8134,37.8134,37.8134,0
2023-12-18,37.8087,37.8087,37.8087,37.8087,0
2023-12-19,38.0721,38.0721,38.0721,38.0721,0
2023-12-20,37.2726,37.2726,37.2726,37.2726,0
2023-12-21,37.9968,37.9968,37.9968,37.9968,0
2023-12-22,37.8652,37.8652,37.8652,37.8652,0
2023-12-26,38.1097,38.1097,38.1097,38.1097,0
2023-12-27,38.3166,38.3166,38.3166,38.3166,0
2023-12-28,38.5518,38.5518,38.5518,38.5518,0
2023-12-29,38.6552,38.6552,38.6552,38.6552,0
2024-01-02,38.2038,38.2038,38.2038,38.2038,0
2024-01-03,38.0909,38.0909,38.0909,38.0909,0
2024-01-04,38.0251,38.0251,38.0251,38.0251,0
2024-01-05,38.0815,38.0815,38.0815,38.0815,0
2024-01-08,38.1473,38.1473,38.1473,38.1473,0
2024-01-09,37.7053,37.7053,37.7053,37.7053,0
2024-01-10,37.6677,37.6677,37.6677,37.6677,0
2024-01-11,37.8276,37.8276,37.8276,37.8276,0
2024-01-12,38.0062,38.0062,38.0062,38.0062,0
2024-01-16,37.2162,37.2162,37.2162,37.2162,0
2024-01-17,36.7177,36.7177,36.7177,36.7177,0
2024-01-18,36.9341,36.9341,36.9341,36.9341,0
2024-01-19,37.2726,37.2726,37.2726,37.2726,0
2024-01-22,36.9811,36.9811,36.9811,36.9811,0
2024-01-23,37.188,37.188,37.188,37.188,0
2024-01-24,37.6677,37.6677,37.6677,37.6677,0
2024-01-25,37.7617,37.7617,37.7617,37.7617,0
2024-01-26,37.7711,37.7711,37.7711,37.7711,0
2024-01-29,37.7805,37.7805,37.7805,37.7805,0
2024-01-30,37.4231,37.4231,37.4231,37.4231,0
2024-01-31,37.2821,37.2821,37.2821,37.2821,0
2024-02-01,37.536,37.536,37.536,37.536,0
2024-02-02,37.2726,37.2726,37.2726,37.2726,0
2024-02-05,37.3667,37.3667,37.3667,37.3667,0
2024-02-06,38.2884,38.2884,38.2884,38.2884,0
2024-02-07,38.2602,38.2602,38.2602,38.2602,0
2024-02-08,38.0627,38.0627,38.0627,38.0627,0
2024-02-09,38.2132,38.2132,38.2132,38.2132,0
2024-02-12,38.3825,38.3825,38.3825,38.3825,0
2024-02-13,37.6771,37.6771,37.6771,37.6771,0
2024-02-14,38.2226,38.2226,38.2226,38.2226,0
2024-02-15,38.4577,38.4577,38.4577,38.4577,0
2024-02-16,38.6458,38.6458,38.6458,38.6458,0
2024-02-20,38.721,38.721,38.721,38.721,0
2024-02-21,38.7587,38.7587,38.7587,38.7587,0
2024-02-22,39.0973,39.0973,39.0973,39.0973,0
2024-02-23,39.1067,39.1067,39.1067,39.1067,0
2024-02-26,38.975,38.975,38.975,38.975,0
2024-02-27,39.0973,39.0973,39.0973,39.0973,0
2024-02-28,38.4953,38.4953,38.4953,38.4953,0
2024-02-29,38.58,38.58,38.58,38.58,0
2024-03-01,39.0973,39.0973,39.0973,39.0973,0
2024-03-04,38.9374,38.9374,38.9374,38.9374,0
2024-03-05,38.674,38.674,38.674,38.674,0
2024-03-06,39.1537,39.1537,39.1537,39.1537,0
2024-03-07,39.3418,39.3418,39.3418,39.3418,0
2024-03-08,39.2759,39.2759,39.2759,39.2759,0
2024-03-11,39.3794,39.3794,39.3794,39.3794,0
2024-03-12,39.718,39.718,39.718,39.718,0
2024-03-13,39.4923,39.4923,39.4923,39.4923,0
2024-03-14,39.2759,39.2759,39.2759,39.2759,0
2024-03-15,39.162,39.162,39.162,39.162,0
2024-03-18,39.2468,39.2468,39.2468,39.2468,0
2024-03-19,39.0867,39.0867,39.0867,39.0867,0
2024-03-20,39.3974,39.3974,39.3974,39.3974,0
2024-03-21,39.4256,39.4256,39.4256,39.4256,0
2024-03-22,39.1714,39.1714,39.1714,39.1714,0
2024-03-25,39.1714,39.1714,39.1714,39.1714,0
2024-03-26,39.0867,39.0867,39.0867,39.0867,0
2024-03-27,39.1903,39.1903,39.1903,39.1903,0
2024-03-28,39.3221,39.3221,39.3221,39.3221,0
2024-04-01,39.4821,39.4821,39.4821,39.4821,0
2024-04-02,39.6139,39.6139,39.6139,39.6139,0
2024-04-03,39.6704,39.6704,39.6704,39.6704,0
2024-04-04,39.5292,39.5292,39.5292,39.5292,0
2024-04-05,39.6516,39.6516,39.6516,39.6516,0
2024-04-08,39.8963,39.8963,39.8963,39.8963,0
2024-04-09,40.2446,40.2446,40.2446,40.2446,0
2024-04-10,39.8022,39.8022,39.8022,39.8022,0
2024-04-11,39.934,39.934,39.934,39.934,0
2024-04-12,39.162,39.162,39.162,39.162,0
2024-04-15,38.9173,38.9173,38.9173,38.9173,0
2024-04-16,38.4372,38.4372,38.4372,38.4372,0
2024-04-17,38.5031,38.5031,38.5031,38.5031,0
2024-04-18,38.6066,38.6066,38.6066,38.6066,0
2024-04-19,38.4936,38.4936,38.4936,38.4936,0
2024-04-22,38.8231,38.8231,38.8231,38.8231,0
2024-04-23,39.1432,39.1432,39.1432,39.1432,0
2024-04-24,39.2656,39.2656,39.2656,39.2656,0
2024-04-25,39.388,39.388,39.388,39.388,0
2024-04-26,39.8398,39.8398,39.8398,39.8398,0
2024-04-29,40.2352,40.2352,40.2352,40.2352,0
2024-04-30,39.6986,39.6986,39.6986,39.6986,0
2024-05-01,39.7457,39.7457,39.7457,39.7457,0
2024-05-02,40.7153,40.7153,40.7153,40.7153,0
2024-05-03,41.0731,41.0731,41.0731,41.0731,0
2024-05-06,40.9978,40.9978,40.9978,40.9978,0
2024-05-07,40.7059,40.7059,40.7059,40.7059,0
2024-05-08,40.6683,40.6683,40.6683,40.6683,0
2024-05-09,40.8283,40.8283,40.8283,40.8283,0
2024-05-10,40.913,40.913,40.913,40.913,0
2024-05-13,41.2331,41.2331,41.2331,41.2331,0
2024-05-14,41.4402,41.4402,41.4402,41.4402,0
2024-05-15,41.7979,41.7979,41.7979,41.7979,0
2024-05-16,41.958,41.958,41.958,41.958,0
2024-05-17,42.2592,42.2592,42.2592,42.2592,0
2024-05-20,42.1651,42.1651,42.1651,42.1651,0
2024-05-21,41.9203,41.9203,41.9203,41.9203,0
2024-05-22,41.7979,41.7979,41.7979,41.7979,0
2024-05-23,41.4779,41.4779,41.4779,41.4779,0
2024-05-24,41.6097,41.6097,41.6097,41.6097,0
2024-05-28,41.4967,41.4967,41.4967,41.4967,0
2024-05-29,40.9789,40.9789,40.9789,40.9789,0
2024-05-30,40.9036,40.9036,40.9036,40.9036,0
2024-05-31,40.5553,40.5553,40.5553,40.5553,0
2024-06-03,40.9601,40.9601,40.9601,40.9601,0
2024-06-04,40.32,40.32,40.32,40.32,0
2024-06-05,40.8377,40.8377,40.8377,40.8377,0
2024-06-06,41.026,41.026,41.026,41.026,0
2024-06-07,40.6871,40.6871,40.6871,40.6871,0
2024-06-10,40.9036,40.9036,40.9036,40.9036,0
2024-06-11,40.8095,40.8095,40.8095,40.8095,0
2024-06-12,41.1296,41.1296,41.1296,41.1296,0
2024-06-13,41.0825,41.0825,41.0825,41.0825,0
2024-06-14,41.1954,41.1954,41.1954,41.1954,0
2024-06-17,41.4214,41.4214,41.4214,41.4214,0
2024-06-18,41.7509,41.7509,41.7509,41.7509,0
2024-06-20,41.6756,41.6756,41.6756,41.6756,0
2024-06-21,41.5338,41.5338,41.5338,41.5338,0
2024-06-24,41.5055,41.5055,41.5055,41.5055,0
2024-06-25,41.3826,41.3826,41.3826,41.3826,0
2024-06-26,41.2692,41.2692,41.2692,41.2692,0
2024-06-27,41.2503,41.2503,41.2503,41.2503,0
2024-06-28,41.3543,41.3543,41.3543,41.3543,0
2024-07-01,41.4488,41.4488,41.4488,41.4488,0
2024-07-02,41.6,41.6,41.6,41.6,0
2024-07-03,42.2142,42.2142,42.2142,42.2142,0
2024-07-05,42.2048,42.2048,42.2048,42.2048,0
2024-07-08,42.2048,42.2048,42.2048,42.2048,0
2024-07-09,42.3843,42.3843,42.3843,42.3843,0
2024-07-10,42.5544,42.5544,42.5544,42.5544,0
2024-07-11,42.8852,42.8852,42.8852,42.8852,0
2024-07-12,43.0836,43.0836,43.0836,43.0836,0
2024-07-15,42.6395,42.6395,42.6395,42.6395,0
2024-07-16,42.9135,42.9135,42.9135,42.9135,0
2024-07-17,42.2898,42.2898,42.2898,42.2898,0
2024-07-18,41.9213,41.9213,41.9213,41.9213,0
2024-07-19,41.5149,41.5149,41.5149,41.5149,0
2024-07-22,41.8362,41.8362,41.8362,41.8362,0
2024-07-23,41.4015,41.4015,41.4015,41.4015,0
2024-07-24,40.9668,40.9668,40.9668,40.9668,0
2024-07-25,40.8628,40.8628,40.8628,40.8628,0
2024-07-26,41.3165,41.3165,41.3165,41.3165,0
2024-07-29,41.1747,41.1747,41.1747,41.1747,0
2024-07-30,41.0613,41.0613,41.0613,41.0613,0
2024-07-31,41.8551,41.8551,41.8551,41.8551,0
2024-08-01,41.1652,41.1652,41.1652,41.1652,0
2024-08-02,40.7211,40.7211,40.7211,40.7211,0
2024-08-05,39.5965,39.5965,39.5965,39.5965,0
2024-08-06,39.8706,39.8706,39.8706,39.8706,0
2024-08-07,40.1824,40.1824,40.1824,40.1824,0
2024-08-08,41.0518,41.0518,41.0518,41.0518,0
2024-08-09,41.1558,41.1558,41.1558,41.1558,0
2024-08-12,41.3354,41.3354,41.3354,41.3354,0
2024-08-13,41.6472,41.6472,41.6472,41.6472,0
2024-08-14,41.3826,41.3826,41.3826,41.3826,0
2024-08-15,41.8362,41.8362,41.8362,41.8362,0
2024-08-16,42.2709,42.2709,42.2709,42.2709,0
2024-08-19,42.7056,42.7056,42.7056,42.7056,0
2024-08-20,42.2898,42.2898,42.2898,42.2898,0
2024-08-21,42.4883,42.4883,42.4883,42.4883,0
2024-08-22,41.9874,41.9874,41.9874,41.9874,0
2024-08-23,42.5922,42.5922,42.5922,42.5922,0
2024-08-26,42.3182,42.3182,42.3182,42.3182,0
2024-08-27,42.3654,42.3654,42.3654,42.3654,0
2024-08-28,42.0914,42.0914,42.0914,42.0914,0
2024-08-29,42.1481,42.1481,42.1481,42.1481,0
2024-08-30,42.2615,42.2615,42.2615,42.2615,0
2024-09-03,41.6189,41.6189,41.6189,41.6189,0
2024-09-04,41.6,41.6,41.6,41.6,0
2024-09-05,41.7134,41.7134,41.7134,41.7134,0
2024-09-06,41.1085,41.1085,41.1085,41.1085,0
2024-09-09,41.3921,41.3921,41.3921,41.3921,0
2024-09-10,41.2976,41.2976,41.2976,41.2976,0
2024-09-11,41.5527,41.5527,41.5527,41.5527,0
2024-09-12,41.8268,41.8268,41.8268,41.8268,0
2024-09-13,42.0158,42.0158,42.0158,42.0158,0
2024-09-16,42.1764,42.1764,42.1764,42.1764,0
2024-09-17,42.2237,42.2237,42.2237,42.2237,0
2024-09-18,42.0725,42.0725,42.0725,42.0725,0
2024-09-19,42.9513,42.9513,42.9513,42.9513,0
2024-09-20,42.9267,42.9267,42.9267,42.9267,0
2024-09-23,43.2774,43.2774,43.2774,43.2774,0
2024-09-24,44.7844,44.7844,44.7844,44.7844,0
2024-09-25,44.3295,44.3295,44.3295,44.3295,0
2024-09-26,45.7417,45.7417,45.7417,45.7417,0
2024-09-27,45.7322,45.7322,45.7322,45.7322,0
2024-09-30,45.3531,45.3531,45.3531,45.3531,0
2024-10-01,45.6943,45.6943,45.6943,45.6943,0
2024-10-02,46.6421,46.6421,46.6421,46.6421,0
2024-10-03,45.9408,45.9408,45.9408,45.9408,0
2024-10-04,46.5,46.5,46.5,46.5,0
2024-10-07,46.9075,46.9075,46.9075,46.9075,0
2024-10-08,45.5332,45.5332,45.5332,45.5332,0
2024-10-09,45.2204,45.2204,45.2204,45.2204,0
2024-10-10,45.3152,45.3152,45.3152,45.3152,0
2024-10-11,45.6375,45.6375,45.6375,45.6375,0
2024-10-14,45.4195,45.4195,45.4195,45.4195,0
2024-10-15,44.5096,44.5096,44.5096,44.5096,0
2024-10-16,44.9266,44.9266,44.9266,44.9266,0
2024-10-17,44.7844,44.7844,44.7844,44.7844,0
2024-10-18,45.3342,45.3342,45.3342,45.3342,0
2024-10-21,45.0119,45.0119,45.0119,45.0119,0
2024-10-22,44.955,44.955,44.955,44.955,0
2024-10-23,44.6707,44.6707,44.6707,44.6707,0
2024-10-24,44.6233,44.6233,44.6233,44.6233,0
2024-10-25,44.5854,44.5854,44.5854,44.5854,0
2024-10-28,44.7276,44.7276,44.7276,44.7276,0
2024-10-29,44.5569,44.5569,44.5569,44.5569,0
2024-10-30,44.2347,44.2347,44.2347,44.2347,0
2024-10-31,44.1399,44.1399,44.1399,44.1399,0
2024-11-01,44.1494,44.1494,44.1494,44.1494,0
2024-11-04,44.2916,44.2916,44.2916,44.2916,0
2024-11-05,44.9361,44.9361,44.9361,44.9361,0
2024-11-06,44.5096,44.5096,44.5096,44.5096,0
2024-11-07,45.4763,45.4763,45.4763,45.4763,0
2024-11-08,44.3484,44.3484,44.3484,44.3484,0
2024-11-11,44.0925,44.0925,44.0925,44.0925,0
2024-11-12,43.3437,43.3437,43.3437,43.3437,0
2024-11-13,43.1163,43.1163,43.1163,43.1163,0
2024-11-14,42.8509,42.8509,42.8509,42.8509,0
2024-11-15,42.7656,42.7656,42.7656,42.7656,0
2024-11-18,43.1257,43.1257,43.1257,43.1257,0
2024-11-19,43.1921,43.1921,43.1921,43.1921,0
2024-11-20,43.1826,43.1826,43.1826,43.1826,0
2024-11-21,43.031,43.031,43.031,43.031,0
2024-11-22,43.0404,43.0404,43.0404,43.0404,0
2024-11-25,43.0594,43.0594,43.0594,43.0594,0
2024-11-26,42.8319,42.8319,42.8319,42.8319,0
2024-11-27,42.993,42.993,42.993,42.993,0
2024-11-29,43.1921,43.1921,43.1921,43.1921,0
2024-12-02,43.4101,43.4101,43.4101,43.4101,0
2024-12-03,43.5902,43.5902,43.5902,43.5902,0
2024-12-04,43.6565,43.6565,43.6565,43.6565,0
2024-12-05,43.9409,43.9409,43.9409,43.9409,0
2024-12-06,43.9598,43.9598,43.9598,43.9598,0
2024-12-09,45.0309,45.0309,45.0309,45.0309,0
2024-12-10,44.1968,44.1968,44.1968,44.1968,0
2024-12-11,44.2726,44.2726,44.2726,44.2726,0
2024-12-12,44.0072,44.0072,44.0072,44.0072,0
2024-12-13,44.0262,44.0262,44.0262,44.0262,0
2024-12-16,43.7987,43.7987,43.7987,43.7987,0
2024-12-17,43.6944,43.6944,43.6944,43.6944,0
2024-12-18,42.6803,42.6803,42.6803,42.6803,0
2024-12-19,42.8604,42.8604,42.8604,42.8604,0
2024-12-20,43.0991,43.0991,43.0991,43.0991,0
2024-12-23,43.2836,43.2836,43.2836,43.2836,0
2024-12-24,43.4583,43.4583,43.4583,43.4583,0
2024-12-26,43.3515,43.3515,43.3515,43.3515,0
2024-12-27,43.1962,43.1962,43.1962,43.1962,0
2024-12-30,42.8176,42.8176,42.8176,42.8176,0
2024-12-31,42.7497,42.7497,42.7497,42.7497,0
2025-01-02,42.6332,42.6332,42.6332,42.6332,0
2025-01-03,42.8468,42.8468,42.8468,42.8468,0
2025-01-06,42.8371,42.8371,42.8371,42.8371,0
2025-01-07,42.5653,42.5653,42.5653,42.5653,0
2025-01-08,42.2935,42.2935,42.2935,42.2935,0
2025-01-10,41.5557,41.5557,41.5557,41.5557,0
2025-01-13,41.2548,41.2548,41.2548,41.2548,0
2025-01-14,41.7499,41.7499,41.7499,41.7499,0
2025-01-15,42.1867,42.1867,42.1867,42.1867,0
2025-01-16,42.1673,42.1673,42.1673,42.1673,0
2025-01-17,42.5167,42.5167,42.5167,42.5167,0
2025-01-21,42.9147,42.9147,42.9147,42.9147,0
2025-01-22,42.8759,42.8759,42.8759,42.8759,0
2025-01-23,43.0409,43.0409,43.0409,43.0409,0
2025-01-24,43.2739,43.2739,43.2739,43.2739,0
2025-01-27,42.575,42.575,42.575,42.575,0
2025-01-28,42.8176,42.8176,42.8176,42.8176,0
2025-01-29,42.8468,42.8468,42.8468,42.8468,0
2025-01-30,43.5068,43.5068,43.5068,43.5068,0
2025-01-31,43.0991,43.0991,43.0991,43.0991,0
2025-02-03,42.8468,42.8468,42.8468,42.8468,0
2025-02-04,43.5359,43.5359,43.5359,43.5359,0
2025-02-05,43.3418,43.3418,43.3418,43.3418,0
2025-02-06,43.5457,43.5457,43.5457,43.5457,0
2025-02-07,43.5651,43.5651,43.5651,43.5651,0
2025-02-10,44.0019,44.0019,44.0019,44.0019,0
2025-02-11,43.8175,43.8175,43.8175,43.8175,0
2025-02-12,44.031,44.031,44.031,44.031,0
2025-02-13,44.264,44.264,44.264,44.264,0
2025-02-14,44.5358,44.5358,44.5358,44.5358,0
2025-02-18,44.7493,44.7493,44.7493,44.7493,0
2025-02-19,44.6231,44.6231,44.6231,44.6231,0
2025-02-20,45.0988,45.0988,45.0988,45.0988,0
2025-02-21,45.0405,45.0405,45.0405,45.0405,0
2025-02-24,44.3513,44.3513,44.3513,44.3513,0
2025-02-25,44.3319,44.3319,44.3319,44.3319,0
2025-02-26,44.759,44.759,44.759,44.759,0
2025-02-27,43.9728,43.9728,43.9728,43.9728,0
2025-02-28,43.4195,43.4195,43.4195,43.4195,0
2025-03-03,43.0021,43.0021,43.0021,43.0021,0
2025-03-04,43.3709,43.3709,43.3709,43.3709,0
2025-03-05,44.662,44.662,44.662,44.662,0
2025-03-06,44.429,44.429,44.429,44.429,0
2025-03-07,44.6134,44.6134,44.6134,44.6134,0
2025-03-10,43.6136,43.6136,43.6136,43.6136,0
2025-03-11,43.9242,43.9242,43.9242,43.9242,0
2025-03-12,44.0796,44.0796,44.0796,44.0796,0
2025-03-13,43.9437,43.9437,43.9437,43.9437,0
2025-03-14,44.7299,44.7299,44.7299,44.7299,0
2025-03-17,45.3415,45.3415,45.3415,45.3415,0
2025-03-18,45.225,45.225,45.225,45.225,0
2025-03-19,45.2929,45.2929,45.2929,45.2929,0
2025-03-20,44.8852,44.8852,44.8852,44.8852,0
2025-03-21,44.6783,44.6783,44.6783,44.6783,0
2025-03-24,44.8143,44.8143,44.8143,44.8143,0
2025-03-25,44.7657,44.7657,44.7657,44.7657,0
2025-03-26,44.4936,44.4936,44.4936,44.4936,0
2025-03-27,44.7852,44.7852,44.7852,44.7852,0
2025-03-28,44.0272,44.0272,44.0272,44.0272,0
2025-03-31,43.9786,43.9786,43.9786,43.9786,0
2025-04-01,44.1244,44.1244,44.1244,44.1244,0
2025-04-02,44.1633,44.1633,44.1633,44.1633,0
2025-04-03,43.3665,43.3665,43.3665,43.3665,0
2025-04-04,40.9373,40.9373,40.9373,40.9373,0
2025-04-07,39.2854,39.2854,39.2854,39.2854,0
2025-04-08,38.7607,38.7607,38.7607,38.7607,0
2025-04-09,41.2871,41.2871,41.2871,41.2871,0
2025-04-10,40.7526,40.7526,40.7526,40.7526,0
2025-04-11,41.8798,41.8798,41.8798,41.8798,0
2025-04-14,42.2685,42.2685,42.2685,42.2685,0
2025-04-15,42.2782,42.2782,42.2782,42.2782,0
2025-04-16,41.7438,41.7438,41.7438,41.7438,0
2025-04-17,42.0741,42.0741,42.0741,42.0741,0
2025-04-21,42.1227,42.1227,42.1227,42.1227,0
2025-04-22,42.7835,42.7835,42.7835,42.7835,0
2025-04-23,43.2013,43.2013,43.2013,43.2013,0
2025-04-24,43.7454,43.7454,43.7454,43.7454,0
2025-04-25,43.5997,43.5997,43.5997,43.5997,0
2025-04-28,43.7163,43.7163,43.7163,43.7163,0
2025-04-29,43.8718,43.8718,43.8718,43.8718,0
2025-04-30,43.9689,43.9689,43.9689,43.9689,0
2025-05-01,43.9495,43.9495,43.9495,43.9495,0
2025-05-02,45.1252,45.1252,45.1252,45.1252,0
2025-05-05,45.4848,45.4848,45.4848,45.4848,0
2025-05-06,45.2613,45.2613,45.2613,45.2613,0
2025-05-07,44.6977,44.6977,44.6977,44.6977,0
2025-05-08,44.62,44.62,44.62,44.62,0
2025-05-09,44.9406,44.9406,44.9406,44.9406,0
2025-05-12,45.9512,45.9512,45.9512,45.9512,0
2025-05-13,46.0289,46.0289,46.0289,46.0289,0
2025-05-14,46.4079,46.4079,46.4079,46.4079,0
2025-05-15,46.3301,46.3301,46.3301,46.3301,0
2025-05-16,46.3787,46.3787,46.3787,46.3787,0
2025-05-19,46.5731,46.5731,46.5731,46.5731,0
2025-05-20,46.4759,46.4759,46.4759,46.4759,0
2025-05-21,46.3593,46.3593,46.3593,46.3593,0
2025-05-22,46.2524,46.2524,46.2524,46.2524,0
2025-05-23,46.4467,46.4467,46.4467,46.4467,0
2025-05-27,46.2815,46.2815,46.2815,46.2815,0
2025-05-28,45.9998,45.9998,45.9998,45.9998,0
2025-05-29,46.2038,46.2038,46.2038,46.2038,0
2025-05-30,45.6694,45.6694,45.6694,45.6694,0
2025-06-02,45.99,45.99,45.99,45.99,0
2025-06-03,46.0969,46.0969,46.0969,46.0969,0
2025-06-04,46.5536,46.5536,46.5536,46.5536,0
2025-06-05,46.6702,46.6702,46.6702,46.6702,0
2025-06-06,46.8743,46.8743,46.8743,46.8743,0
2025-06-09,47.2144,47.2144,47.2144,47.2144,0
2025-06-10,47.5642,47.5642,47.5642,47.5642,0
2025-06-11,47.7197,47.7197,47.7197,47.7197,0
2025-06-12,47.7294,47.7294,47.7294,47.7294,0
2025-06-13,47.0103,47.0103,47.0103,47.0103,0
2025-06-16,47.4476,47.4476,47.4476,47.4476,0
2025-06-17,46.9131,46.9131,46.9131,46.9131,0
2025-06-18,46.7868,46.7868,46.7868,46.7868,0
2025-06-20,46.3473,46.3473,46.3473,46.3473,0
2025-06-23,46.7274,46.7274,46.7274,46.7274,0
2025-06-24,47.7409,47.7409,47.7409,47.7409,0
2025-06-25,47.8578,47.8578,47.8578,47.8578,0
2025-06-26,48.1794,48.1794,48.1794,48.1794,0
2025-06-27,48.1307,48.1307,48.1307,48.1307,0
2025-06-30,48.1989,48.1989,48.1989,48.1989,0
2025-07-01,48.3938,48.3938,48.3938,48.3938,0
2025-07-02,48.5302,48.5302,48.5302,48.5302,0
2025-07-03,48.7446,48.7446,48.7446,48.7446,0
2025-07-07,48.1696,48.1696,48.1696,48.1696,0
2025-07-08,48.3548,48.3548,48.3548,48.3548,0
2025-07-09,48.3451,48.3451,48.3451,48.3451,0
2025-07-10,48.3938,48.3938,48.3938,48.3938,0
2025-07-11,48.3256,48.3256,48.3256,48.3256,0
2025-07-14,48.384,48.384,48.384,48.384,0
2025-07-15,48.7349,48.7349,48.7349,48.7349,0
2025-07-16,48.959,48.959,48.959,48.959,0
2025-07-17,49.2611,49.2611,49.2611,49.2611,0
2025-07-18,49.2026,49.2026,49.2026,49.2026,0
2025-07-21,49.456,49.456,49.456,49.456,0
2025-07-22,49.4657,49.4657,49.4657,49.4657,0
2025-07-23,49.9238,49.9238,49.9238,49.9238,0
2025-07-24,49.6801,49.6801,49.6801,49.6801,0
2025-07-25,49.5437,49.5437,49.5437,49.5437,0
2025-07-28,49.1539,49.1539,49.1539,49.1539,0
2025-07-29,49.1831,49.1831,49.1831,49.1831,0
2025-07-30,48.7836,48.7836,48.7836,48.7836,0
2025-07-31,48.5302,48.5302,48.5302,48.5302,0
2025-08-01,48.2768,48.2768,48.2768,48.2768,0
2025-08-04,48.7251,48.7251,48.7251,48.7251,0
2025-08-05,48.881,48.881,48.881,48.881,0
2025-08-06,49.0954,49.0954,49.0954,49.0954,0
2025-08-07,49.456,49.456,49.456,49.456,0
2025-08-08,49.3975,49.3975,49.3975,49.3975,0
2025-08-11,49.3391,49.3391,49.3391,49.3391,0
2025-08-12,49.9043,49.9043,49.9043,49.9043,0
2025-08-13,50.4695,50.4695,50.4695,50.4695,0
2025-08-14,49.9043,49.9043,49.9043,49.9043,0
2025-08-15,50.0504,50.0504,50.0504,50.0504,0
2025-08-18,50.4305,50.4305,50.4305,50.4305,0
2025-08-19,50.0699,50.0699,50.0699,50.0699,0
2025-08-20,50.0504,50.0504,50.0504,50.0504,0
2025-08-21,49.9627,49.9627,49.9627,49.9627,0
2025-08-22,50.8398,50.8398,50.8398,50.8398,0
2025-08-25,50.6254,50.6254,50.6254,50.6254,0
2025-08-26,50.5182,50.5182,50.5182,50.5182,0
2025-08-27,50.1771,50.1771,50.1771,50.1771,0
2025-08-28,50.3623,50.3623,50.3623,50.3623,0
2025-08-29,50.2161,50.2161,50.2161,50.2161,0
2025-09-02,50.1479,50.1479,50.1479,50.1479,0
2025-09-03,50.2843,50.2843,50.2843,50.2843,0
2025-09-04,50.0699,50.0699,50.0699,50.0699,0
2025-09-05,50.6449,50.6449,50.6449,50.6449,0
2025-09-08,51.1419,51.1419,51.1419,51.1419,0
2025-09-09,51.3368,51.3368,51.3368,51.3368,0
2025-09-10,51.5707,51.5707,51.5707,51.5707,0
2025-09-11,52.2138,52.2138,52.2138,52.2138,0
2025-09-12,52.1164,52.1164,52.1164,52.1164,0
2025-09-15,52.4672,52.4672,52.4672,52.4672,0
2025-09-16,52.7985,52.7985,52.7985,52.7985,0
2025-09-17,53.1299,53.1299,53.1299,53.1299,0
2025-09-18,52.8862,52.8862,52.8862,52.8862,0
2025-09-19,52.8177,52.8177,52.8177,52.8177,0
2025-09-22,52.9646,52.9646,52.9646,52.9646,0
2025-09-23,52.9548,52.9548,52.9548,52.9548,0
2025-09-24,52.8568,52.8568,52.8568,52.8568,0
2025-09-25,52.5532,52.5532,52.5532,52.5532,0
2025-09-26,52.4552,52.4552,52.4552,52.4552,0
2025-09-29,52.8373,52.8373,52.8373,52.8373,0
2025-09-30,53.0724,53.0724,53.0724,53.0724,0
2025-10-01,53.4054,53.4054,53.4054,53.4054,0
2025-10-02,53.5523,53.5523,53.5523,53.5523,0
2025-10-03,53.6699,53.6699,53.6699,53.6699,0
2025-10-06,53.856,53.856,53.856,53.856,0
2025-10-07,53.5621,53.5621,53.5621,53.5621,0
2025-10-08,53.8658,53.8658,53.8658,53.8658,0
2025-10-09,53.3956,53.3956,53.3956,53.3956,0
2025-10-10,51.4659,51.4659,51.4659,51.4659,0
2025-10-13,52.896,52.896,52.896,52.896,0
2025-10-14,52.4258,52.4258,52.4258,52.4258,0
2025-10-15,53.2193,53.2193,53.2193,53.2193,0
2025-10-16,53.3956,53.3956,53.3956,53.3956,0
2025-10-17,53.2683,53.2683,53.2683,53.2683,0
2025-10-20,53.905,53.905,53.905,53.905,0
2025-10-21,53.425,53.425,53.425,53.425,0
2025-10-22,53.3956,53.3956,53.3956,53.3956,0
2025-10-23,53.7972,53.7972,53.7972,53.7972,0
2025-10-24,54.0519,54.0519,54.0519,54.0519,0
2025-10-27,54.5025,54.5025,54.5025,54.5025,0
2025-10-28,54.4731,54.4731,54.4731,54.4731,0
2025-10-29,54.6298,54.6298,54.6298,54.6298,0
2025-10-30,54.0617,54.0617,54.0617,54.0617,0
2025-10-31,53.8462,53.8462,53.8462,53.8462,0
2025-11-03,53.9638,53.9638,53.9638,53.9638,0
2025-11-04,53.2095,53.2095,53.2095,53.2095,0
2025-11-05,53.6797,53.6797,53.6797,53.6797,0
2025-11-06,53.474,53.474,53.474,53.474,0
2025-11-07,53.425,53.425,53.425,53.425,0
2025-11-10,54.1401,54.1401,54.1401,54.1401,0
2025-11-11,54.1988,54.1988,54.1988,54.1988,0
2025-11-12,54.189,54.189,54.189,54.189,0
2025-11-13,53.7091,53.7091,53.7091,53.7091,0
2025-11-14,53.7287,53.7287,53.7287,53.7287,0
2025-11-17,53.1115,53.1115,53.1115,53.1115,0
2025-11-18,52.9352,52.9352,52.9352,52.9352,0
2025-11-19,52.8177,52.8177,52.8177,52.8177,0
2025-11-20,52.1908,52.1908,52.1908,52.1908,0
2025-11-21,51.985,51.985,51.985,51.985,0
2025-11-24,52.514,52.514,52.514,52.514,0
2025-11-25,52.7491,52.7491,52.7491,52.7491,0
2025-11-26,53.0038,53.0038,53.0038,53.0038,0
2025-11-28,53.1899,53.1899,53.1899,53.1899,0
2025-12-01,53.1409,53.1409,53.1409,53.1409,0
2025-12-02,53.0234,53.0234,53.0234,53.0234,0
2025-12-03,52.9548,52.9548,52.9548,52.9548,0
2025-12-04,53.0724,53.0724,53.0724,53.0724,0
2025-12-05,53.2879,53.2879,53.2879,53.2879,0
2025-12-08,53.0919,53.0919,53.0919,53.0919,0
2025-12-09,53.0038,53.0038,53.0038,53.0038,0
2025-12-10,53.4446,53.4446,53.4446,53.4446,0
2025-12-11,53.327,53.327,53.327,53.327,0
2025-12-12,52.8373,52.8373,52.8373,52.8373,0
2025-12-15,52.6805,52.6805,52.6805,52.6805,0
2025-12-16,52.3867,52.3867,52.3867,52.3867,0
2025-12-17,52.0438,52.0438,52.0438,52.0438,0
2025-12-18,52.4846,52.4846,52.4846,52.4846,0
2025-12-19,53.047,53.047,53.047,53.047,0
2025-12-22,53.3866,53.3866,53.3866,53.3866,0
2025-12-23,53.6363,53.6363,53.6363,53.6363,0
2025-12-24,53.6163,53.6163,53.6163,53.6163,0
2025-12-26,53.9559,53.9559,53.9559,53.9559,0
2025-12-29,53.5464,53.5464,53.5464,53.5464,0
2025-12-30,53.7461,53.7461,53.7461,53.7461,0
2025-12-31,53.6962,53.6962,53.6962,53.6962,0
2026-01-02,54.8648,54.8648,54.8648,54.8648,0
2026-01-05,55.2244,55.2244,55.2244,55.2244,0
2026-01-06,55.524,55.524,55.524,55.524,0
2026-01-07,55.1844,55.1844,55.1844,55.1844,0
2026-01-08,55.2443,55.2443,55.2443,55.2443,0
2026-01-09,55.3642,55.3642,55.3642,55.3642,0
2026-01-12,56.2232,56.2232,56.2232,56.2232,0
2026-01-13,55.8936,55.8936,55.8936,55.8936,0
2026-01-14,56.0134,56.0134,56.0134,56.0134,0
2026-01-15,56.2731,56.2731,56.2731,56.2731,0
2026-01-16,55.9335,55.9335,55.9335,55.9335,0
2026-01-20,55.4741,55.4741,55.4741,55.4741,0
2026-01-21,56.0434,56.0434,56.0434,56.0434,0
2026-01-22,56.4829,56.4829,56.4829,56.4829,0
2026-01-23,56.7026,56.7026,56.7026,56.7026,0
2026-01-26,56.8624,56.8624,56.8624,56.8624,0
2026-01-27,57.5716,57.5716,57.5716,57.5716,0
2026-01-28,57.7913,57.7913,57.7913,57.7913,0
2026-01-29,57.5716,57.5716,57.5716,57.5716,0
2026-01-30,56.403,56.403,56.403,56.403,0
2026-02-02,56.7126,56.7126,56.7126,56.7126,0
2026-02-03,56.6826,56.6826,56.6826,56.6826,0
2026-02-04,56.343,56.343,56.343,56.343,0
2026-02-05,55.9735,55.9735,55.9735,55.9735,0
2026-02-06,57.192,57.192,57.192,57.192,0
2026-02-09,57.6814,57.6814,57.6814,57.6814,0
2026-02-10,57.9411,57.9411,57.9411,57.9411,0
2026-02-11,58.4405,58.4405,58.4405,58.4405,0
2026-02-12,57.6914,57.6914,57.6914,57.6914,0
2026-02-13,57.6814,57.6814,57.6814,57.6814,0
2026-02-17,57.7214,57.7214,57.7214,57.7214,0
2026-02-18,57.8812,57.8812,57.8812,57.8812,0
2026-02-19,57.5216,57.5216,57.5216,57.5216,0
2026-02-20,58.4605,58.4605,58.4605,58.4605,0
2026-02-23,57.9911,57.9911,57.9911,57.9911,0
2026-02-24,58.6103,58.6103,58.6103,58.6103,0
2026-02-25,58.9399,58.9399,58.9399,58.9399,0
2026-02-26,58.2008,58.2008,58.2008,58.2008,0
2026-02-27,58.031,58.031,58.031,58.031,0
2026-03-02,57.1721,57.1721,57.1721,57.1721,0
2026-03-03,55.1644,55.1644,55.1644,55.1644,0
2026-03-04,55.514,55.514,55.514,55.514,0
2026-03-05,54.7849,54.7849,54.7849,54.7849,0
2026-03-06,54.4053,54.4053,54.4053,54.4053,0
2026-03-09,55.0646,55.0646,55.0646,55.0646,0
2026-03-10,55.4441,55.4441,55.4441,55.4441,0
2026-03-11,55.494,55.494,55.494,55.494,0
2026-03-12,54.2455,54.2455,54.2455,54.2455,0
2026-03-13,53.9559,53.9559,53.9559,53.9559,0
2026-03-16,54.9547,54.9547,54.9547,54.9547,0
2026-03-17,55.1944,55.1944,55.1944,55.1944,0
2026-03-18,54.1456,54.1456,54.1456,54.1456,0
2026-03-19,53.9459,53.9459,53.9459,53.9459,0
2026-03-20,52.4976,52.4976,52.4976,52.4976,0
2026-03-23,53.7361,53.7361,53.7361,53.7361,0
2026-03-24,53.2467,53.2467,53.2467,53.2467,0
2026-03-25,54.2755,54.2755,54.2755,54.2755,0
2026-03-26,52.7873,52.7873,52.7873,52.7873,0
2026-03-27,52.4277,52.4277,52.4277,52.4277,0
2026-03-30,52.3578,52.3578,52.3578,52.3578,0
2026-03-31,53.9858,53.9858,53.9858,53.9858,0
2026-04-01,54.1456,54.1456,54.1456,54.1456,0
2026-04-02,53.7561,53.7561,53.7561,53.7561,0
2026-04-06,53.9459,53.9459,53.9459,53.9459,0
2026-04-07,54.0258,54.0258,54.0258,54.0258,0
2026-04-08,56.4329,56.4329,56.4329,56.4329,0
2026-04-09,56.373,56.373,56.373,56.373,0
2026-04-10,56.6826,56.6826,56.6826,56.6826,0
2026-04-13,57.1121,57.1121,57.1121,57.1121,0
2026-04-14,57.9112,57.9112,57.9112,57.9112,0
2026-04-15,58.021,58.021,58.021,58.021,0
2026-04-16,58.1409,58.1409,58.1409,58.1409,0
2026-04-17,59.1097,59.1097,59.1097,59.1097,0
2026-04-20,58.8401,58.8401,58.8401,58.8401,0
2026-04-21,58.1309,58.1309,58.1309,58.1309,0
2026-04-22,58.6902,58.6902,58.6902,58.6902,0
2026-04-23,57.8512,57.8512,57.8512,57.8512,0
2026-04-24,58.9499,58.9499,58.9499,58.9499,0
2026-04-27,58.6603,58.6603,58.6603,58.6603,0
2026-04-28,58.2508,58.2508,58.2508,58.2508,0
2026-04-29,58.0111,58.0111,58.0111,58.0111,0
2026-04-30,58.86,58.86,58.86,58.86,0
2026-05-01,58.92,58.92,58.92,58.92,0
2026-05-04,58.6603,58.6603,58.6603,58.6603,0
2026-05-05,59.2895,59.2895,59.2895,59.2895,0
2026-05-06,60.6779,60.6779,60.6779,60.6779,0
2026-05-07,60.1385,60.1385,60.1385,60.1385,0
2026-05-08,60.4681,60.4681,60.4681,60.4681,0
2026-05-11,60.3183,60.3183,60.3183,60.3183,0
2026-05-12,59.3195,59.3195,59.3195,59.3195,0
2026-05-13,59.8688,59.8688,59.8688,59.8688,0
2026-05-14,59.8888,59.8888,59.8888,59.8888,0
2026-05-15,58.3706,58.3706,58.3706,58.3706,0
2026-05-18,58.4106,58.4106,58.4106,58.4106,0
2026-05-19,57.8013,57.8013,57.8013,57.8013,0
2026-05-20,58.6004,58.6004,58.6004,58.6004,0
2026-05-21,58.6303,58.6303,58.6303,58.6303,0
2026-05-22,58.91,58.91,58.91,58.91,0
2026-05-26,60.1585,60.1585,60.1585,60.1585,0
2026-05-27,60.2184,60.2184,60.2184,60.2184,0
2026-05-28,59.8289,59.8289,59.8289,59.8289,0
2026-05-29,59.8089,59.8089,59.8089,59.8089,0
2026-06-01,60.3483,60.3483,60.3483,60.3483,0
2026-06-02,61.1174,61.1174,61.1174,61.1174,0
2026-06-03,60.2584,60.2584,60.2584,60.2584,0
2026-06-04,60.2384,60.2384,60.2384,60.2384,0
2026-06-05,57.9611,57.9611,57.9611,57.9611,0
2026-06-08,58.2608,58.2608,58.2608,58.2608,0
2026-06-09,58.3806,58.3806,58.3806,58.3806,0
2026-06-10,57.6515,57.6515,57.6515,57.6515,0
2026-06-11,59.0298,59.0298,59.0298,59.0298,0
2026-06-12,59.4793,59.4793,59.4793,59.4793,0
2026-06-15,60.7678,60.7678,60.7678,60.7678,0
2026-06-16,60.0886,60.0886,60.0886,60.0886,0
2026-06-17,59.739,59.739,59.739,59.739,0
2026-06-18,60.77,60.77,60.77,60.77,0
2026-06-22,61.24,61.24,61.24,61.24,0
2026-06-23,59.36,59.36,59.36,59.36,0
2026-06-24,58.97,58.97,58.97,58.97,0
2026-06-25,58.8,58.8,58.8,58.8,0
2026-06-26,58.58,58.58,58.58,58.58,0
2026-06-29,59.18,59.18,59.18,59.18,0
2026-06-30,59.69,59.69,59.69,59.69,0
2026-07-01,59.22,59.22,59.22,59.22,0
2026-07-02,59.04,59.04,59.04,59.04,0
2026-07-06,60.07,60.07,60.07,60.07,0
2026-07-07,58.88,58.88,58.88,58.88,0
2026-07-08,59.17,59.17,59.17,59.17,0
2026-07-09,59.49,59.49,59.49,59.49,0
2026-07-10,59.89,59.89,59.89,59.89,0
2026-07-13,58.79,58.79,58.79,58.79,0
2026-07-14,59.08,59.08,59.08,59.08,0
2026-07-15,59.48,59.48,59.48,59.48,0
2026-07-16,58.84,58.84,58.84,58.84,0
2026-07-17,57.84,57.84,57.84,57.84,0
2026-07-20,57.93,57.93,57.93,57.93,0
2026-07-21,58.86,58.86,58.86,58.86,0
2026-07-22,58.81,58.81,58.81,58.81,0
2026-07-23,58.1,58.1,58.1,58.1,0
2026-07-24,57.8,57.8,57.8,57.8,0
2026-07-27,58.23,58.23,58.23,58.23,0
2026-07-28,57.74,57.74,57.74,57.74,0
2026-07-29,56.92,56.92,56.92,56.92,0
2026-07-30,58.19,58.19,58.19,58.19,0
2026-07-31,58.75,58.75,58.75,58.75,0
2026-08-03,59.06,59.06,59.06,59.06,0
2026-08-04,60.05,60.05,60.05,60.05,0
2026-08-05,60.01,60.01,60.01,60.01,0
2026-08-06,59.96,59.96,59.96,59.96,0
2026-08-07,60.47,60.47,60.47,60.47,0
2026-08-10,60.33,60.33,60.33,60.33,0
2026-08-11,60.12,60.12,60.12,60.12,0
2026-08-12,60.41,60.41,60.41,60.41,0
2026-08-13,60.34,60.34,60.34,60.34,0
2026-08-14,60.11,60.11,60.11,60.11,0
2026-08-17,60.39,60.39,60.39,60.39,0
2026-08-18,59.64,59.64,59.64,59.64,0
2026-08-19,60.04,60.04,60.04,60.04,0
2026-08-20,60.02,60.02,60.02,60.02,0
2026-08-21,60.45,60.45,60.45,60.45,0
2026-08-24,59.97,59.97,59.97,59.97,0
2026-08-25,60.64,60.64,60.64,60.64,0
2026-08-26,60.66,60.66,60.66,60.66,0
2026-08-27,61.01,61.01,61.01,61.01,0
